The names of some imported commands from the module 'VerifierIsolation' include unapproved verbs that might make them less discoverable. To find the commands with unapproved verbs, run the Import-Module command again with the Verbose parameter. For a list of approved verbs, type Get-Verb.
JDK: javac 1.8.0_502
NATIVE BRIDGE: scratch-only exact CirSim.console -> System.err.println; CircuitJS solver/models unchanged.

warning: [options] bootstrap class path not set in conjunction with -source 1.7
Note: Some input files use unchecked or unsafe operations.
Note: Recompile with -Xlint:unchecked for details.
1 warning

Q30_RESIDUAL_GUARD seed=7 simulatedSeconds=0.2 upstreamVolts=1.0104890696791797
Q30_RESIDUAL_GUARD seed=7 simulatedSeconds=0.2 upstreamVolts=1.0104890696790916
PASS: Q30 service flow seed=7 fault=RELAY_B_COIL_OPEN target=KB fingerprintHash=eb660264
Q30_CASE_TIME operation=route-replay-and-service elapsedMillis=19103
PASS: Q30 service flow contracts 257 assertions seed=7 fault=RELAY_B_COIL_OPEN

node 11 unconnected
converged after 25 iterations, timeStep = 5.0E-6
converged after 6 iterations, timeStep = 5.0E-6
node 11 unconnected
node 11 unconnected
converged after 16 iterations, timeStep = 5.0E-6
node 11 unconnected
converged after 19 iterations, timeStep = 5.0E-6
node 11 unconnected
converged after 19 iterations, timeStep = 5.0E-6
node 11 unconnected
converged after 10 iterations, timeStep = 5.0E-6
node 11 unconnected
converged after 16 iterations, timeStep = 5.0E-6
node 11 unconnected
converged after 13 iterations, timeStep = 5.0E-6
node 11 unconnected
converged after 16 iterations, timeStep = 5.0E-6
node 11 unconnected
converged after 13 iterations, timeStep = 5.0E-6
node 11 unconnected
converged after 16 iterations, timeStep = 5.0E-6
node 11 unconnected
converged after 13 iterations, timeStep = 5.0E-6
node 11 unconnected
converged after 16 iterations, timeStep = 5.0E-6
node 11 unconnected
converged after 13 iterations, timeStep = 5.0E-6
node 11 unconnected
converged after 16 iterations, timeStep = 5.0E-6
node 11 unconnected
converged after 13 iterations, timeStep = 5.0E-6
node 11 unconnected
node 11 unconnected
node 11 unconnected
node 52 unconnected
node 55 unconnected
node 58 unconnected
node 11 unconnected
node 11 unconnected
converged after 22 iterations, timeStep = 5.0E-6
node 11 unconnected
node 11 unconnected
converged after 16 iterations, timeStep = 5.0E-6
node 11 unconnected
converged after 13 iterations, timeStep = 5.0E-6
node 11 unconnected
converged after 16 iterations, timeStep = 5.0E-6
node 11 unconnected
converged after 13 iterations, timeStep = 5.0E-6
node 11 unconnected
node 11 unconnected
node 11 unconnected
node 52 unconnected
node 55 unconnected
node 58 unconnected
node 11 unconnected
node 52 unconnected
node 55 unconnected
node 11 unconnected
node 52 unconnected
node 55 unconnected
converged after 22 iterations, timeStep = 5.0E-6
node 11 unconnected
node 52 unconnected
node 55 unconnected
node 11 unconnected
node 52 unconnected
node 55 unconnected
converged after 16 iterations, timeStep = 5.0E-6
node 11 unconnected
node 52 unconnected
node 55 unconnected
converged after 19 iterations, timeStep = 5.0E-6
node 11 unconnected
node 52 unconnected
node 55 unconnected
converged after 19 iterations, timeStep = 5.0E-6
node 11 unconnected
node 52 unconnected
node 55 unconnected
converged after 10 iterations, timeStep = 5.0E-6
node 11 unconnected
node 52 unconnected
node 55 unconnected
converged after 16 iterations, timeStep = 5.0E-6
node 11 unconnected
node 52 unconnected
node 55 unconnected
converged after 19 iterations, timeStep = 5.0E-6
node 11 unconnected
node 52 unconnected
node 55 unconnected
converged after 19 iterations, timeStep = 5.0E-6

PASS: Q30 service flow seed=7 fault=DREV_OPEN target=DREV fingerprintHash=eb660264
Q30_CASE_TIME operation=route-replay-and-service elapsedMillis=16111
PASS: Q30 service flow contracts 239 assertions seed=7 fault=DREV_OPEN

node 11 unconnected
converged after 25 iterations, timeStep = 5.0E-6
converged after 6 iterations, timeStep = 5.0E-6
node 11 unconnected
node 11 unconnected
converged after 16 iterations, timeStep = 5.0E-6
node 11 unconnected
converged after 19 iterations, timeStep = 5.0E-6
node 11 unconnected
converged after 19 iterations, timeStep = 5.0E-6
node 11 unconnected
converged after 10 iterations, timeStep = 5.0E-6
node 11 unconnected
converged after 16 iterations, timeStep = 5.0E-6
converged after 9 iterations, timeStep = 5.0E-6
node 11 unconnected
node 11 unconnected
node 11 unconnected
node 11 unconnected
node 11 unconnected
node 11 unconnected
node 11 unconnected
node 11 unconnected
node 11 unconnected
node 11 unconnected
node 11 unconnected
node 16 unconnected
node 20 unconnected
node 11 unconnected
node 11 unconnected
node 11 unconnected
node 11 unconnected
node 11 unconnected
node 11 unconnected
node 11 unconnected
node 11 unconnected
node 11 unconnected
node 16 unconnected
node 20 unconnected
node 11 unconnected
node 16 unconnected
node 20 unconnected
converged after 6 iterations, timeStep = 5.0E-6
converged after 6 iterations, timeStep = 5.0E-6
node 11 unconnected
node 16 unconnected
node 20 unconnected
converged after 40 iterations, timeStep = 5.0E-6
node 11 unconnected
node 16 unconnected
node 20 unconnected
converged after 10 iterations, timeStep = 5.0E-6
node 11 unconnected
node 16 unconnected
node 20 unconnected
converged after 16 iterations, timeStep = 5.0E-6
node 11 unconnected
node 16 unconnected
node 20 unconnected
converged after 17 iterations, timeStep = 5.0E-6
node 11 unconnected
node 16 unconnected
node 20 unconnected
converged after 18 iterations, timeStep = 5.0E-6
node 11 unconnected
node 16 unconnected
node 20 unconnected
converged after 10 iterations, timeStep = 5.0E-6
node 11 unconnected
node 16 unconnected
node 20 unconnected
converged after 16 iterations, timeStep = 5.0E-6
node 11 unconnected
node 16 unconnected
node 20 unconnected
converged after 17 iterations, timeStep = 5.0E-6
node 11 unconnected
node 16 unconnected
node 20 unconnected
converged after 18 iterations, timeStep = 5.0E-6

PASS: Q30 service flow seed=7 fault=REN_OPEN target=REN fingerprintHash=eb660264
Q30_CASE_TIME operation=route-replay-and-service elapsedMillis=14943
PASS: Q30 service flow contracts 239 assertions seed=7 fault=REN_OPEN

node 11 unconnected
converged after 25 iterations, timeStep = 5.0E-6
converged after 6 iterations, timeStep = 5.0E-6
node 11 unconnected
node 11 unconnected
converged after 16 iterations, timeStep = 5.0E-6
node 11 unconnected
converged after 19 iterations, timeStep = 5.0E-6
node 11 unconnected
converged after 19 iterations, timeStep = 5.0E-6
node 11 unconnected
converged after 10 iterations, timeStep = 5.0E-6
node 11 unconnected
node 20 unconnected
converged after 17 iterations, timeStep = 5.0E-6
converged after 10 iterations, timeStep = 5.0E-6
node 11 unconnected
node 20 unconnected
node 11 unconnected
node 20 unconnected
node 11 unconnected
node 20 unconnected
node 11 unconnected
node 20 unconnected
node 11 unconnected
node 20 unconnected
node 11 unconnected
node 20 unconnected
node 11 unconnected
node 20 unconnected
node 11 unconnected
node 20 unconnected
node 11 unconnected
node 20 unconnected
node 11 unconnected
node 20 unconnected
node 11 unconnected
node 20 unconnected
node 21 unconnected
node 23 unconnected
node 11 unconnected
node 20 unconnected
node 11 unconnected
node 20 unconnected
node 11 unconnected
node 20 unconnected
node 11 unconnected
node 20 unconnected
node 11 unconnected
node 20 unconnected
node 11 unconnected
node 20 unconnected
node 11 unconnected
node 20 unconnected
node 11 unconnected
node 20 unconnected
node 11 unconnected
node 20 unconnected
node 21 unconnected
node 23 unconnected
node 11 unconnected
node 21 unconnected
node 23 unconnected
converged after 13 iterations, timeStep = 5.0E-6
node 11 unconnected
node 21 unconnected
node 23 unconnected
converged after 16 iterations, timeStep = 5.0E-6
converged after 6 iterations, timeStep = 5.0E-6
node 11 unconnected
node 21 unconnected
node 23 unconnected
converged after 9 iterations, timeStep = 5.0E-6
node 11 unconnected
node 21 unconnected
node 23 unconnected
converged after 16 iterations, timeStep = 5.0E-6
node 11 unconnected
node 21 unconnected
node 23 unconnected
converged after 19 iterations, timeStep = 5.0E-6
node 11 unconnected
node 21 unconnected
node 23 unconnected
converged after 19 iterations, timeStep = 5.0E-6
node 11 unconnected
node 21 unconnected
node 23 unconnected
converged after 10 iterations, timeStep = 5.0E-6
node 11 unconnected
node 21 unconnected
node 23 unconnected
converged after 16 iterations, timeStep = 5.0E-6
node 11 unconnected
node 21 unconnected
node 23 unconnected
converged after 19 iterations, timeStep = 5.0E-6
node 11 unconnected
node 21 unconnected
node 23 unconnected
converged after 19 iterations, timeStep = 5.0E-6

PASS: Q30 service flow seed=7 fault=SENSOR_A_OPEN target=RSA fingerprintHash=eb660264
Q30_CASE_TIME operation=route-replay-and-service elapsedMillis=15192
PASS: Q30 service flow contracts 239 assertions seed=7 fault=SENSOR_A_OPEN

node 11 unconnected
converged after 25 iterations, timeStep = 5.0E-6
converged after 6 iterations, timeStep = 5.0E-6
node 11 unconnected
node 11 unconnected
converged after 16 iterations, timeStep = 5.0E-6
node 11 unconnected
converged after 19 iterations, timeStep = 5.0E-6
node 11 unconnected
converged after 19 iterations, timeStep = 5.0E-6
node 11 unconnected
converged after 10 iterations, timeStep = 5.0E-6
node 11 unconnected
converged after 16 iterations, timeStep = 5.0E-6
node 11 unconnected
converged after 10 iterations, timeStep = 5.0E-6
node 11 unconnected
node 11 unconnected
converged after 16 iterations, timeStep = 5.0E-6
node 11 unconnected
node 11 unconnected
converged after 10 iterations, timeStep = 5.0E-6
node 11 unconnected
node 11 unconnected
converged after 16 iterations, timeStep = 5.0E-6
node 11 unconnected
node 11 unconnected
converged after 10 iterations, timeStep = 5.0E-6
node 11 unconnected
node 11 unconnected
node 29 unconnected
node 31 unconnected
node 11 unconnected
node 11 unconnected
converged after 17 iterations, timeStep = 5.0E-6
node 11 unconnected
converged after 9 iterations, timeStep = 5.0E-6
node 11 unconnected
node 11 unconnected
converged after 16 iterations, timeStep = 5.0E-6
node 11 unconnected
node 11 unconnected
converged after 10 iterations, timeStep = 5.0E-6
node 11 unconnected
node 11 unconnected
node 29 unconnected
node 31 unconnected
node 11 unconnected
node 29 unconnected
node 31 unconnected
node 11 unconnected
node 29 unconnected
node 31 unconnected
converged after 19 iterations, timeStep = 5.0E-6
node 11 unconnected
node 29 unconnected
node 31 unconnected
converged after 9 iterations, timeStep = 5.0E-6
node 11 unconnected
node 29 unconnected
node 31 unconnected
converged after 16 iterations, timeStep = 5.0E-6
node 11 unconnected
node 29 unconnected
node 31 unconnected
converged after 19 iterations, timeStep = 5.0E-6
node 11 unconnected
node 29 unconnected
node 31 unconnected
converged after 19 iterations, timeStep = 5.0E-6
node 11 unconnected
node 29 unconnected
node 31 unconnected
converged after 10 iterations, timeStep = 5.0E-6
node 11 unconnected
node 29 unconnected
node 31 unconnected
converged after 16 iterations, timeStep = 5.0E-6
node 11 unconnected
node 29 unconnected
node 31 unconnected
converged after 19 iterations, timeStep = 5.0E-6
node 11 unconnected
node 29 unconnected
node 31 unconnected
converged after 19 iterations, timeStep = 5.0E-6

PASS: Q30 service flow seed=7 fault=DRIVE_A_OPEN target=RDA fingerprintHash=eb660264
Q30_CASE_TIME operation=route-replay-and-service elapsedMillis=15605
PASS: Q30 service flow contracts 239 assertions seed=7 fault=DRIVE_A_OPEN

node 11 unconnected
converged after 25 iterations, timeStep = 5.0E-6
converged after 6 iterations, timeStep = 5.0E-6
node 11 unconnected
node 11 unconnected
converged after 16 iterations, timeStep = 5.0E-6
node 11 unconnected
converged after 19 iterations, timeStep = 5.0E-6
node 11 unconnected
converged after 19 iterations, timeStep = 5.0E-6
node 11 unconnected
converged after 10 iterations, timeStep = 5.0E-6
node 11 unconnected
converged after 16 iterations, timeStep = 5.0E-6
node 11 unconnected
converged after 10 iterations, timeStep = 5.0E-6
node 11 unconnected
node 11 unconnected
converged after 16 iterations, timeStep = 5.0E-6
node 11 unconnected
node 11 unconnected
converged after 10 iterations, timeStep = 5.0E-6
node 11 unconnected
node 11 unconnected
converged after 16 iterations, timeStep = 5.0E-6
node 11 unconnected
node 11 unconnected
converged after 10 iterations, timeStep = 5.0E-6
node 11 unconnected
node 11 unconnected
node 38 unconnected
node 41 unconnected
node 11 unconnected
node 11 unconnected
converged after 17 iterations, timeStep = 5.0E-6
node 11 unconnected
converged after 9 iterations, timeStep = 5.0E-6
node 11 unconnected
node 11 unconnected
converged after 16 iterations, timeStep = 5.0E-6
node 11 unconnected
node 11 unconnected
converged after 10 iterations, timeStep = 5.0E-6
node 11 unconnected
node 11 unconnected
node 38 unconnected
node 41 unconnected
node 11 unconnected
node 38 unconnected
node 41 unconnected
node 11 unconnected
node 38 unconnected
node 41 unconnected
converged after 19 iterations, timeStep = 5.0E-6
node 11 unconnected
node 38 unconnected
node 41 unconnected
converged after 9 iterations, timeStep = 5.0E-6
node 11 unconnected
node 38 unconnected
node 41 unconnected
converged after 16 iterations, timeStep = 5.0E-6
node 11 unconnected
node 38 unconnected
node 41 unconnected
converged after 19 iterations, timeStep = 5.0E-6
node 11 unconnected
node 38 unconnected
node 41 unconnected
converged after 19 iterations, timeStep = 5.0E-6
node 11 unconnected
node 38 unconnected
node 41 unconnected
converged after 10 iterations, timeStep = 5.0E-6
node 11 unconnected
node 38 unconnected
node 41 unconnected
converged after 16 iterations, timeStep = 5.0E-6
node 11 unconnected
node 38 unconnected
node 41 unconnected
converged after 19 iterations, timeStep = 5.0E-6
node 11 unconnected
node 38 unconnected
node 41 unconnected
converged after 19 iterations, timeStep = 5.0E-6

Q30_RESIDUAL_GUARD seed=13 simulatedSeconds=0.2 upstreamVolts=0.8293429403537405
Q30_RESIDUAL_GUARD seed=13 simulatedSeconds=0.2 upstreamVolts=0.8293429403537358
PASS: Q30 service flow seed=13 fault=RELAY_B_COIL_OPEN target=KB fingerprintHash=c62982a5
Q30_CASE_TIME operation=route-replay-and-service elapsedMillis=19372
PASS: Q30 service flow contracts 265 assertions seed=13 fault=RELAY_B_COIL_OPEN

node 11 unconnected
converged after 25 iterations, timeStep = 5.0E-6
converged after 6 iterations, timeStep = 5.0E-6
node 11 unconnected
node 11 unconnected
converged after 14 iterations, timeStep = 5.0E-6
node 11 unconnected
converged after 19 iterations, timeStep = 5.0E-6
converged after 15 iterations, timeStep = 5.0E-6
node 11 unconnected
converged after 14 iterations, timeStep = 5.0E-6
node 11 unconnected
converged after 15 iterations, timeStep = 5.0E-6
node 11 unconnected
converged after 14 iterations, timeStep = 5.0E-6
node 11 unconnected
converged after 15 iterations, timeStep = 5.0E-6
node 11 unconnected
converged after 14 iterations, timeStep = 5.0E-6
node 11 unconnected
converged after 14 iterations, timeStep = 5.0E-6
converged after 15 iterations, timeStep = 5.0E-6
node 11 unconnected
converged after 14 iterations, timeStep = 5.0E-6
node 11 unconnected
converged after 15 iterations, timeStep = 5.0E-6
node 11 unconnected
converged after 14 iterations, timeStep = 5.0E-6
node 11 unconnected
converged after 14 iterations, timeStep = 5.0E-6
converged after 15 iterations, timeStep = 5.0E-6
node 11 unconnected
converged after 14 iterations, timeStep = 5.0E-6
node 11 unconnected
node 11 unconnected
converged after 15 iterations, timeStep = 5.0E-6
node 11 unconnected
node 11 unconnected
node 52 unconnected
node 55 unconnected
node 58 unconnected
node 11 unconnected
node 11 unconnected
converged after 23 iterations, timeStep = 5.0E-6
node 11 unconnected
node 11 unconnected
converged after 14 iterations, timeStep = 5.0E-6
node 11 unconnected
converged after 14 iterations, timeStep = 5.0E-6
converged after 15 iterations, timeStep = 5.0E-6
node 11 unconnected
converged after 14 iterations, timeStep = 5.0E-6
node 11 unconnected
node 11 unconnected
converged after 15 iterations, timeStep = 5.0E-6
node 11 unconnected
node 11 unconnected
node 52 unconnected
node 55 unconnected
node 58 unconnected
node 11 unconnected
node 52 unconnected
node 55 unconnected
node 11 unconnected
node 52 unconnected
node 55 unconnected
converged after 23 iterations, timeStep = 5.0E-6
node 11 unconnected
node 52 unconnected
node 55 unconnected
node 11 unconnected
node 52 unconnected
node 55 unconnected
converged after 14 iterations, timeStep = 5.0E-6
node 11 unconnected
node 52 unconnected
node 55 unconnected
converged after 19 iterations, timeStep = 5.0E-6
converged after 15 iterations, timeStep = 5.0E-6
node 11 unconnected
node 52 unconnected
node 55 unconnected
converged after 14 iterations, timeStep = 5.0E-6
node 11 unconnected
node 52 unconnected
node 55 unconnected
converged after 15 iterations, timeStep = 5.0E-6
node 11 unconnected
node 52 unconnected
node 55 unconnected
converged after 14 iterations, timeStep = 5.0E-6
node 11 unconnected
node 52 unconnected
node 55 unconnected
converged after 19 iterations, timeStep = 5.0E-6
converged after 15 iterations, timeStep = 5.0E-6
node 11 unconnected
node 52 unconnected
node 55 unconnected
converged after 14 iterations, timeStep = 5.0E-6

PASS: Q30 service flow seed=13 fault=DREV_OPEN target=DREV fingerprintHash=c62982a5
Q30_CASE_TIME operation=route-replay-and-service elapsedMillis=16995
PASS: Q30 service flow contracts 247 assertions seed=13 fault=DREV_OPEN

node 11 unconnected
converged after 25 iterations, timeStep = 5.0E-6
converged after 6 iterations, timeStep = 5.0E-6
node 11 unconnected
node 11 unconnected
converged after 14 iterations, timeStep = 5.0E-6
node 11 unconnected
converged after 19 iterations, timeStep = 5.0E-6
converged after 15 iterations, timeStep = 5.0E-6
node 11 unconnected
converged after 14 iterations, timeStep = 5.0E-6
node 11 unconnected
converged after 15 iterations, timeStep = 5.0E-6
node 11 unconnected
converged after 15 iterations, timeStep = 5.0E-6
converged after 20 iterations, timeStep = 5.0E-6
converged after 13 iterations, timeStep = 5.0E-6
node 11 unconnected
node 11 unconnected
node 11 unconnected
node 11 unconnected
node 11 unconnected
node 11 unconnected
node 11 unconnected
node 11 unconnected
node 11 unconnected
node 11 unconnected
node 11 unconnected
node 16 unconnected
node 20 unconnected
node 11 unconnected
node 11 unconnected
node 11 unconnected
node 11 unconnected
node 11 unconnected
node 11 unconnected
node 11 unconnected
node 11 unconnected
node 11 unconnected
node 16 unconnected
node 20 unconnected
node 11 unconnected
node 16 unconnected
node 20 unconnected
converged after 7 iterations, timeStep = 5.0E-6
converged after 6 iterations, timeStep = 5.0E-6
node 11 unconnected
node 16 unconnected
node 20 unconnected
converged after 40 iterations, timeStep = 5.0E-6
node 11 unconnected
node 16 unconnected
node 20 unconnected
converged after 10 iterations, timeStep = 5.0E-6
node 11 unconnected
node 16 unconnected
node 20 unconnected
converged after 14 iterations, timeStep = 5.0E-6
node 11 unconnected
node 16 unconnected
node 20 unconnected
converged after 18 iterations, timeStep = 5.0E-6
converged after 15 iterations, timeStep = 5.0E-6
node 11 unconnected
node 16 unconnected
node 20 unconnected
converged after 14 iterations, timeStep = 5.0E-6
node 11 unconnected
node 16 unconnected
node 20 unconnected
converged after 15 iterations, timeStep = 5.0E-6
node 11 unconnected
node 16 unconnected
node 20 unconnected
converged after 14 iterations, timeStep = 5.0E-6
node 11 unconnected
node 16 unconnected
node 20 unconnected
converged after 18 iterations, timeStep = 5.0E-6
converged after 15 iterations, timeStep = 5.0E-6
node 11 unconnected
node 16 unconnected
node 20 unconnected
converged after 14 iterations, timeStep = 5.0E-6

PASS: Q30 service flow seed=13 fault=REN_OPEN target=REN fingerprintHash=c62982a5
Q30_CASE_TIME operation=route-replay-and-service elapsedMillis=16119
PASS: Q30 service flow contracts 247 assertions seed=13 fault=REN_OPEN

node 11 unconnected
converged after 25 iterations, timeStep = 5.0E-6
converged after 6 iterations, timeStep = 5.0E-6
node 11 unconnected
node 11 unconnected
converged after 14 iterations, timeStep = 5.0E-6
node 11 unconnected
converged after 19 iterations, timeStep = 5.0E-6
converged after 15 iterations, timeStep = 5.0E-6
node 11 unconnected
converged after 14 iterations, timeStep = 5.0E-6
node 11 unconnected
converged after 15 iterations, timeStep = 5.0E-6
node 11 unconnected
node 20 unconnected
converged after 12 iterations, timeStep = 5.0E-6
converged after 20 iterations, timeStep = 5.0E-6
converged after 12 iterations, timeStep = 5.0E-6
node 11 unconnected
node 20 unconnected
node 11 unconnected
node 20 unconnected
node 11 unconnected
node 20 unconnected
node 11 unconnected
node 20 unconnected
node 11 unconnected
node 20 unconnected
node 11 unconnected
node 20 unconnected
node 11 unconnected
node 20 unconnected
node 11 unconnected
node 20 unconnected
node 11 unconnected
node 20 unconnected
node 11 unconnected
node 20 unconnected
node 11 unconnected
node 20 unconnected
node 21 unconnected
node 23 unconnected
node 11 unconnected
node 20 unconnected
node 11 unconnected
node 20 unconnected
node 11 unconnected
node 20 unconnected
node 11 unconnected
node 20 unconnected
node 11 unconnected
node 20 unconnected
node 11 unconnected
node 20 unconnected
node 11 unconnected
node 20 unconnected
node 11 unconnected
node 20 unconnected
node 11 unconnected
node 20 unconnected
node 21 unconnected
node 23 unconnected
node 11 unconnected
node 21 unconnected
node 23 unconnected
converged after 13 iterations, timeStep = 5.0E-6
node 11 unconnected
node 21 unconnected
node 23 unconnected
converged after 6 iterations, timeStep = 5.0E-6
node 11 unconnected
node 21 unconnected
node 23 unconnected
node 11 unconnected
node 21 unconnected
node 23 unconnected
converged after 14 iterations, timeStep = 5.0E-6
node 11 unconnected
node 21 unconnected
node 23 unconnected
converged after 19 iterations, timeStep = 5.0E-6
converged after 15 iterations, timeStep = 5.0E-6
node 11 unconnected
node 21 unconnected
node 23 unconnected
converged after 14 iterations, timeStep = 5.0E-6
node 11 unconnected
node 21 unconnected
node 23 unconnected
converged after 15 iterations, timeStep = 5.0E-6
node 11 unconnected
node 21 unconnected
node 23 unconnected
converged after 14 iterations, timeStep = 5.0E-6
node 11 unconnected
node 21 unconnected
node 23 unconnected
converged after 19 iterations, timeStep = 5.0E-6
converged after 15 iterations, timeStep = 5.0E-6
node 11 unconnected
node 21 unconnected
node 23 unconnected
converged after 14 iterations, timeStep = 5.0E-6

PASS: Q30 service flow seed=13 fault=SENSOR_A_OPEN target=RSA fingerprintHash=c62982a5
Q30_CASE_TIME operation=route-replay-and-service elapsedMillis=17142
PASS: Q30 service flow contracts 247 assertions seed=13 fault=SENSOR_A_OPEN

node 11 unconnected
converged after 25 iterations, timeStep = 5.0E-6
converged after 6 iterations, timeStep = 5.0E-6
node 11 unconnected
node 11 unconnected
converged after 14 iterations, timeStep = 5.0E-6
node 11 unconnected
converged after 19 iterations, timeStep = 5.0E-6
converged after 15 iterations, timeStep = 5.0E-6
node 11 unconnected
converged after 14 iterations, timeStep = 5.0E-6
node 11 unconnected
converged after 15 iterations, timeStep = 5.0E-6
node 11 unconnected
converged after 16 iterations, timeStep = 5.0E-6
node 11 unconnected
converged after 9 iterations, timeStep = 5.0E-6
node 11 unconnected
node 11 unconnected
converged after 16 iterations, timeStep = 5.0E-6
node 11 unconnected
node 11 unconnected
converged after 9 iterations, timeStep = 5.0E-6
node 11 unconnected
node 11 unconnected
converged after 16 iterations, timeStep = 5.0E-6
node 11 unconnected
node 11 unconnected
node 11 unconnected
converged after 9 iterations, timeStep = 5.0E-6
node 11 unconnected
node 29 unconnected
node 31 unconnected
node 11 unconnected
node 11 unconnected
converged after 21 iterations, timeStep = 5.0E-6
node 11 unconnected
node 11 unconnected
node 11 unconnected
converged after 16 iterations, timeStep = 5.0E-6
node 11 unconnected
node 11 unconnected
node 11 unconnected
converged after 9 iterations, timeStep = 5.0E-6
node 11 unconnected
node 29 unconnected
node 31 unconnected
node 11 unconnected
node 29 unconnected
node 31 unconnected
node 11 unconnected
node 29 unconnected
node 31 unconnected
converged after 21 iterations, timeStep = 5.0E-6
node 11 unconnected
node 29 unconnected
node 31 unconnected
node 11 unconnected
node 29 unconnected
node 31 unconnected
converged after 14 iterations, timeStep = 5.0E-6
node 11 unconnected
node 29 unconnected
node 31 unconnected
converged after 19 iterations, timeStep = 5.0E-6
converged after 15 iterations, timeStep = 5.0E-6
node 11 unconnected
node 29 unconnected
node 31 unconnected
converged after 14 iterations, timeStep = 5.0E-6
node 11 unconnected
node 29 unconnected
node 31 unconnected
converged after 15 iterations, timeStep = 5.0E-6
node 11 unconnected
node 29 unconnected
node 31 unconnected
converged after 14 iterations, timeStep = 5.0E-6
node 11 unconnected
node 29 unconnected
node 31 unconnected
converged after 19 iterations, timeStep = 5.0E-6
converged after 15 iterations, timeStep = 5.0E-6
node 11 unconnected
node 29 unconnected
node 31 unconnected
converged after 14 iterations, timeStep = 5.0E-6

PASS: Q30 service flow seed=13 fault=DRIVE_A_OPEN target=RDA fingerprintHash=c62982a5
Q30_CASE_TIME operation=route-replay-and-service elapsedMillis=17370
PASS: Q30 service flow contracts 247 assertions seed=13 fault=DRIVE_A_OPEN

node 11 unconnected
converged after 25 iterations, timeStep = 5.0E-6
converged after 6 iterations, timeStep = 5.0E-6
node 11 unconnected
node 11 unconnected
converged after 14 iterations, timeStep = 5.0E-6
node 11 unconnected
converged after 19 iterations, timeStep = 5.0E-6
converged after 15 iterations, timeStep = 5.0E-6
node 11 unconnected
converged after 14 iterations, timeStep = 5.0E-6
node 11 unconnected
converged after 15 iterations, timeStep = 5.0E-6
node 11 unconnected
converged after 16 iterations, timeStep = 5.0E-6
node 11 unconnected
converged after 9 iterations, timeStep = 5.0E-6
node 11 unconnected
node 11 unconnected
converged after 16 iterations, timeStep = 5.0E-6
node 11 unconnected
node 11 unconnected
converged after 9 iterations, timeStep = 5.0E-6
node 11 unconnected
node 11 unconnected
converged after 16 iterations, timeStep = 5.0E-6
node 11 unconnected
node 11 unconnected
node 11 unconnected
converged after 9 iterations, timeStep = 5.0E-6
node 11 unconnected
node 38 unconnected
node 41 unconnected
node 11 unconnected
node 11 unconnected
converged after 21 iterations, timeStep = 5.0E-6
node 11 unconnected
node 11 unconnected
node 11 unconnected
converged after 16 iterations, timeStep = 5.0E-6
node 11 unconnected
node 11 unconnected
node 11 unconnected
converged after 9 iterations, timeStep = 5.0E-6
node 11 unconnected
node 38 unconnected
node 41 unconnected
node 11 unconnected
node 38 unconnected
node 41 unconnected
node 11 unconnected
node 38 unconnected
node 41 unconnected
converged after 21 iterations, timeStep = 5.0E-6
node 11 unconnected
node 38 unconnected
node 41 unconnected
node 11 unconnected
node 38 unconnected
node 41 unconnected
converged after 14 iterations, timeStep = 5.0E-6
node 11 unconnected
node 38 unconnected
node 41 unconnected
converged after 19 iterations, timeStep = 5.0E-6
converged after 15 iterations, timeStep = 5.0E-6
node 11 unconnected
node 38 unconnected
node 41 unconnected
converged after 14 iterations, timeStep = 5.0E-6
node 11 unconnected
node 38 unconnected
node 41 unconnected
converged after 15 iterations, timeStep = 5.0E-6
node 11 unconnected
node 38 unconnected
node 41 unconnected
converged after 14 iterations, timeStep = 5.0E-6
node 11 unconnected
node 38 unconnected
node 41 unconnected
converged after 19 iterations, timeStep = 5.0E-6
converged after 15 iterations, timeStep = 5.0E-6
node 11 unconnected
node 38 unconnected
node 41 unconnected
converged after 14 iterations, timeStep = 5.0E-6

Q30_RESIDUAL_GUARD seed=4 simulatedSeconds=0.2 upstreamVolts=0.8295040004652752
Q30_RESIDUAL_GUARD seed=4 simulatedSeconds=0.2 upstreamVolts=0.8295040004652731
PASS: Q30 service flow seed=4 fault=RELAY_B_COIL_OPEN target=KB fingerprintHash=d1bce7
Q30_CASE_TIME operation=route-replay-and-service elapsedMillis=24073
PASS: Q30 service flow contracts 265 assertions seed=4 fault=RELAY_B_COIL_OPEN

node 11 unconnected
converged after 25 iterations, timeStep = 5.0E-6
converged after 6 iterations, timeStep = 5.0E-6
node 11 unconnected
node 11 unconnected
converged after 16 iterations, timeStep = 5.0E-6
node 11 unconnected
converged after 14 iterations, timeStep = 5.0E-6
converged after 10 iterations, timeStep = 5.0E-6
node 11 unconnected
converged after 19 iterations, timeStep = 5.0E-6
node 11 unconnected
converged after 15 iterations, timeStep = 5.0E-6
node 11 unconnected
converged after 11 iterations, timeStep = 5.0E-6
converged after 16 iterations, timeStep = 5.0E-6
node 11 unconnected
converged after 9 iterations, timeStep = 5.0E-6
node 11 unconnected
converged after 16 iterations, timeStep = 5.0E-6
node 11 unconnected
converged after 10 iterations, timeStep = 5.0E-6
node 11 unconnected
converged after 16 iterations, timeStep = 5.0E-6
node 11 unconnected
converged after 9 iterations, timeStep = 5.0E-6
node 11 unconnected
converged after 16 iterations, timeStep = 5.0E-6
node 11 unconnected
converged after 10 iterations, timeStep = 5.0E-6
node 11 unconnected
converged after 16 iterations, timeStep = 5.0E-6
node 11 unconnected
node 11 unconnected
converged after 9 iterations, timeStep = 5.0E-6
node 11 unconnected
node 11 unconnected
node 52 unconnected
node 55 unconnected
node 58 unconnected
node 11 unconnected
node 11 unconnected
converged after 23 iterations, timeStep = 5.0E-6
node 11 unconnected
node 11 unconnected
converged after 16 iterations, timeStep = 5.0E-6
node 11 unconnected
converged after 10 iterations, timeStep = 5.0E-6
node 11 unconnected
converged after 16 iterations, timeStep = 5.0E-6
node 11 unconnected
node 11 unconnected
converged after 9 iterations, timeStep = 5.0E-6
node 11 unconnected
node 11 unconnected
node 52 unconnected
node 55 unconnected
node 58 unconnected
node 11 unconnected
node 52 unconnected
node 55 unconnected
node 11 unconnected
node 52 unconnected
node 55 unconnected
converged after 23 iterations, timeStep = 5.0E-6
node 11 unconnected
node 52 unconnected
node 55 unconnected
node 11 unconnected
node 52 unconnected
node 55 unconnected
converged after 16 iterations, timeStep = 5.0E-6
node 11 unconnected
node 52 unconnected
node 55 unconnected
converged after 14 iterations, timeStep = 5.0E-6
converged after 10 iterations, timeStep = 5.0E-6
node 11 unconnected
node 52 unconnected
node 55 unconnected
converged after 19 iterations, timeStep = 5.0E-6
node 11 unconnected
node 52 unconnected
node 55 unconnected
converged after 15 iterations, timeStep = 5.0E-6
node 11 unconnected
node 52 unconnected
node 55 unconnected
converged after 16 iterations, timeStep = 5.0E-6
node 11 unconnected
node 52 unconnected
node 55 unconnected
converged after 14 iterations, timeStep = 5.0E-6
converged after 10 iterations, timeStep = 5.0E-6
node 11 unconnected
node 52 unconnected
node 55 unconnected
converged after 19 iterations, timeStep = 5.0E-6

PASS: Q30 service flow seed=4 fault=DREV_OPEN target=DREV fingerprintHash=d1bce7
Q30_CASE_TIME operation=route-replay-and-service elapsedMillis=21595
PASS: Q30 service flow contracts 247 assertions seed=4 fault=DREV_OPEN

node 11 unconnected
converged after 25 iterations, timeStep = 5.0E-6
converged after 6 iterations, timeStep = 5.0E-6
node 11 unconnected
node 11 unconnected
converged after 16 iterations, timeStep = 5.0E-6
node 11 unconnected
converged after 14 iterations, timeStep = 5.0E-6
converged after 10 iterations, timeStep = 5.0E-6
node 11 unconnected
converged after 19 iterations, timeStep = 5.0E-6
node 11 unconnected
converged after 15 iterations, timeStep = 5.0E-6
node 11 unconnected
converged after 15 iterations, timeStep = 5.0E-6
converged after 20 iterations, timeStep = 5.0E-6
converged after 13 iterations, timeStep = 5.0E-6
node 11 unconnected
node 11 unconnected
node 11 unconnected
node 11 unconnected
node 11 unconnected
node 11 unconnected
node 11 unconnected
node 11 unconnected
node 11 unconnected
node 11 unconnected
node 11 unconnected
node 16 unconnected
node 20 unconnected
node 11 unconnected
node 11 unconnected
node 11 unconnected
node 11 unconnected
node 11 unconnected
node 11 unconnected
node 11 unconnected
node 11 unconnected
node 11 unconnected
node 16 unconnected
node 20 unconnected
node 11 unconnected
node 16 unconnected
node 20 unconnected
converged after 7 iterations, timeStep = 5.0E-6
converged after 6 iterations, timeStep = 5.0E-6
node 11 unconnected
node 16 unconnected
node 20 unconnected
converged after 40 iterations, timeStep = 5.0E-6
node 11 unconnected
node 16 unconnected
node 20 unconnected
converged after 10 iterations, timeStep = 5.0E-6
node 11 unconnected
node 16 unconnected
node 20 unconnected
converged after 16 iterations, timeStep = 5.0E-6
node 11 unconnected
node 16 unconnected
node 20 unconnected
converged after 14 iterations, timeStep = 5.0E-6
converged after 10 iterations, timeStep = 5.0E-6
node 11 unconnected
node 16 unconnected
node 20 unconnected
converged after 18 iterations, timeStep = 5.0E-6
node 11 unconnected
node 16 unconnected
node 20 unconnected
converged after 15 iterations, timeStep = 5.0E-6
node 11 unconnected
node 16 unconnected
node 20 unconnected
converged after 16 iterations, timeStep = 5.0E-6
node 11 unconnected
node 16 unconnected
node 20 unconnected
converged after 14 iterations, timeStep = 5.0E-6
converged after 10 iterations, timeStep = 5.0E-6
node 11 unconnected
node 16 unconnected
node 20 unconnected
converged after 18 iterations, timeStep = 5.0E-6

PASS: Q30 service flow seed=4 fault=REN_OPEN target=REN fingerprintHash=d1bce7
Q30_CASE_TIME operation=route-replay-and-service elapsedMillis=19678
PASS: Q30 service flow contracts 247 assertions seed=4 fault=REN_OPEN

node 11 unconnected
converged after 25 iterations, timeStep = 5.0E-6
converged after 6 iterations, timeStep = 5.0E-6
node 11 unconnected
node 11 unconnected
converged after 16 iterations, timeStep = 5.0E-6
node 11 unconnected
converged after 14 iterations, timeStep = 5.0E-6
converged after 10 iterations, timeStep = 5.0E-6
node 11 unconnected
converged after 19 iterations, timeStep = 5.0E-6
node 11 unconnected
converged after 15 iterations, timeStep = 5.0E-6
node 11 unconnected
node 20 unconnected
converged after 12 iterations, timeStep = 5.0E-6
converged after 20 iterations, timeStep = 5.0E-6
converged after 12 iterations, timeStep = 5.0E-6
node 11 unconnected
node 20 unconnected
node 11 unconnected
node 20 unconnected
node 11 unconnected
node 20 unconnected
node 11 unconnected
node 20 unconnected
node 11 unconnected
node 20 unconnected
node 11 unconnected
node 20 unconnected
node 11 unconnected
node 20 unconnected
node 11 unconnected
node 20 unconnected
node 11 unconnected
node 20 unconnected
node 11 unconnected
node 20 unconnected
node 11 unconnected
node 20 unconnected
node 21 unconnected
node 23 unconnected
node 11 unconnected
node 20 unconnected
node 11 unconnected
node 20 unconnected
node 11 unconnected
node 20 unconnected
node 11 unconnected
node 20 unconnected
node 11 unconnected
node 20 unconnected
node 11 unconnected
node 20 unconnected
node 11 unconnected
node 20 unconnected
node 11 unconnected
node 20 unconnected
node 11 unconnected
node 20 unconnected
node 21 unconnected
node 23 unconnected
node 11 unconnected
node 21 unconnected
node 23 unconnected
converged after 13 iterations, timeStep = 5.0E-6
node 11 unconnected
node 21 unconnected
node 23 unconnected
converged after 6 iterations, timeStep = 5.0E-6
node 11 unconnected
node 21 unconnected
node 23 unconnected
node 11 unconnected
node 21 unconnected
node 23 unconnected
converged after 16 iterations, timeStep = 5.0E-6
node 11 unconnected
node 21 unconnected
node 23 unconnected
converged after 14 iterations, timeStep = 5.0E-6
converged after 10 iterations, timeStep = 5.0E-6
node 11 unconnected
node 21 unconnected
node 23 unconnected
converged after 19 iterations, timeStep = 5.0E-6
node 11 unconnected
node 21 unconnected
node 23 unconnected
converged after 15 iterations, timeStep = 5.0E-6
node 11 unconnected
node 21 unconnected
node 23 unconnected
converged after 16 iterations, timeStep = 5.0E-6
node 11 unconnected
node 21 unconnected
node 23 unconnected
converged after 14 iterations, timeStep = 5.0E-6
converged after 10 iterations, timeStep = 5.0E-6
node 11 unconnected
node 21 unconnected
node 23 unconnected
converged after 19 iterations, timeStep = 5.0E-6

PASS: Q30 service flow seed=4 fault=SENSOR_A_OPEN target=RSA fingerprintHash=d1bce7
Q30_CASE_TIME operation=route-replay-and-service elapsedMillis=20800
PASS: Q30 service flow contracts 247 assertions seed=4 fault=SENSOR_A_OPEN

node 11 unconnected
converged after 25 iterations, timeStep = 5.0E-6
converged after 6 iterations, timeStep = 5.0E-6
node 11 unconnected
node 11 unconnected
converged after 16 iterations, timeStep = 5.0E-6
node 11 unconnected
converged after 14 iterations, timeStep = 5.0E-6
converged after 10 iterations, timeStep = 5.0E-6
node 11 unconnected
converged after 19 iterations, timeStep = 5.0E-6
node 11 unconnected
converged after 15 iterations, timeStep = 5.0E-6
node 11 unconnected
converged after 14 iterations, timeStep = 5.0E-6
node 11 unconnected
converged after 15 iterations, timeStep = 5.0E-6
node 11 unconnected
node 11 unconnected
converged after 14 iterations, timeStep = 5.0E-6
node 11 unconnected
node 11 unconnected
converged after 15 iterations, timeStep = 5.0E-6
node 11 unconnected
node 11 unconnected
converged after 14 iterations, timeStep = 5.0E-6
node 11 unconnected
node 11 unconnected
node 11 unconnected
converged after 15 iterations, timeStep = 5.0E-6
node 11 unconnected
node 29 unconnected
node 31 unconnected
node 11 unconnected
node 11 unconnected
converged after 21 iterations, timeStep = 5.0E-6
node 11 unconnected
node 11 unconnected
node 11 unconnected
converged after 14 iterations, timeStep = 5.0E-6
node 11 unconnected
node 11 unconnected
node 11 unconnected
converged after 15 iterations, timeStep = 5.0E-6
node 11 unconnected
node 29 unconnected
node 31 unconnected
node 11 unconnected
node 29 unconnected
node 31 unconnected
node 11 unconnected
node 29 unconnected
node 31 unconnected
converged after 21 iterations, timeStep = 5.0E-6
node 11 unconnected
node 29 unconnected
node 31 unconnected
node 11 unconnected
node 29 unconnected
node 31 unconnected
converged after 16 iterations, timeStep = 5.0E-6
node 11 unconnected
node 29 unconnected
node 31 unconnected
converged after 14 iterations, timeStep = 5.0E-6
converged after 10 iterations, timeStep = 5.0E-6
node 11 unconnected
node 29 unconnected
node 31 unconnected
converged after 19 iterations, timeStep = 5.0E-6
node 11 unconnected
node 29 unconnected
node 31 unconnected
converged after 15 iterations, timeStep = 5.0E-6
node 11 unconnected
node 29 unconnected
node 31 unconnected
converged after 16 iterations, timeStep = 5.0E-6
node 11 unconnected
node 29 unconnected
node 31 unconnected
converged after 14 iterations, timeStep = 5.0E-6
converged after 10 iterations, timeStep = 5.0E-6
node 11 unconnected
node 29 unconnected
node 31 unconnected
converged after 19 iterations, timeStep = 5.0E-6

PASS: Q30 service flow seed=4 fault=DRIVE_A_OPEN target=RDA fingerprintHash=d1bce7
Q30_CASE_TIME operation=route-replay-and-service elapsedMillis=20994
PASS: Q30 service flow contracts 247 assertions seed=4 fault=DRIVE_A_OPEN

node 11 unconnected
converged after 25 iterations, timeStep = 5.0E-6
converged after 6 iterations, timeStep = 5.0E-6
node 11 unconnected
node 11 unconnected
converged after 16 iterations, timeStep = 5.0E-6
node 11 unconnected
converged after 14 iterations, timeStep = 5.0E-6
converged after 10 iterations, timeStep = 5.0E-6
node 11 unconnected
converged after 19 iterations, timeStep = 5.0E-6
node 11 unconnected
converged after 15 iterations, timeStep = 5.0E-6
node 11 unconnected
converged after 14 iterations, timeStep = 5.0E-6
node 11 unconnected
converged after 15 iterations, timeStep = 5.0E-6
node 11 unconnected
node 11 unconnected
converged after 14 iterations, timeStep = 5.0E-6
node 11 unconnected
node 11 unconnected
converged after 15 iterations, timeStep = 5.0E-6
node 11 unconnected
node 11 unconnected
converged after 14 iterations, timeStep = 5.0E-6
node 11 unconnected
node 11 unconnected
node 11 unconnected
converged after 15 iterations, timeStep = 5.0E-6
node 11 unconnected
node 38 unconnected
node 41 unconnected
node 11 unconnected
node 11 unconnected
converged after 21 iterations, timeStep = 5.0E-6
node 11 unconnected
node 11 unconnected
node 11 unconnected
converged after 14 iterations, timeStep = 5.0E-6
node 11 unconnected
node 11 unconnected
node 11 unconnected
converged after 15 iterations, timeStep = 5.0E-6
node 11 unconnected
node 38 unconnected
node 41 unconnected
node 11 unconnected
node 38 unconnected
node 41 unconnected
node 11 unconnected
node 38 unconnected
node 41 unconnected
converged after 21 iterations, timeStep = 5.0E-6
node 11 unconnected
node 38 unconnected
node 41 unconnected
node 11 unconnected
node 38 unconnected
node 41 unconnected
converged after 16 iterations, timeStep = 5.0E-6
node 11 unconnected
node 38 unconnected
node 41 unconnected
converged after 14 iterations, timeStep = 5.0E-6
converged after 10 iterations, timeStep = 5.0E-6
node 11 unconnected
node 38 unconnected
node 41 unconnected
converged after 19 iterations, timeStep = 5.0E-6
node 11 unconnected
node 38 unconnected
node 41 unconnected
converged after 15 iterations, timeStep = 5.0E-6
node 11 unconnected
node 38 unconnected
node 41 unconnected
converged after 16 iterations, timeStep = 5.0E-6
node 11 unconnected
node 38 unconnected
node 41 unconnected
converged after 14 iterations, timeStep = 5.0E-6
converged after 10 iterations, timeStep = 5.0E-6
node 11 unconnected
node 38 unconnected
node 41 unconnected
converged after 19 iterations, timeStep = 5.0E-6

Q30_RESIDUAL_GUARD seed=14 simulatedSeconds=0.2 upstreamVolts=1.010070463865826
Q30_RESIDUAL_GUARD seed=14 simulatedSeconds=0.2 upstreamVolts=1.0100704638658184
PASS: Q30 service flow seed=14 fault=RELAY_B_COIL_OPEN target=KB fingerprintHash=c63b1d7c
Q30_CASE_TIME operation=route-replay-and-service elapsedMillis=19838
PASS: Q30 service flow contracts 257 assertions seed=14 fault=RELAY_B_COIL_OPEN

node 11 unconnected
converged after 25 iterations, timeStep = 5.0E-6
converged after 6 iterations, timeStep = 5.0E-6
node 11 unconnected
node 11 unconnected
converged after 14 iterations, timeStep = 5.0E-6
node 11 unconnected
converged after 15 iterations, timeStep = 5.0E-6
node 11 unconnected
converged after 14 iterations, timeStep = 5.0E-6
node 11 unconnected
converged after 15 iterations, timeStep = 5.0E-6
node 11 unconnected
converged after 14 iterations, timeStep = 5.0E-6
node 11 unconnected
converged after 15 iterations, timeStep = 5.0E-6
node 11 unconnected
converged after 14 iterations, timeStep = 5.0E-6
node 11 unconnected
converged after 15 iterations, timeStep = 5.0E-6
node 11 unconnected
converged after 14 iterations, timeStep = 5.0E-6
node 11 unconnected
converged after 15 iterations, timeStep = 5.0E-6
node 11 unconnected
converged after 14 iterations, timeStep = 5.0E-6
node 11 unconnected
converged after 15 iterations, timeStep = 5.0E-6
node 11 unconnected
converged after 14 iterations, timeStep = 5.0E-6
node 11 unconnected
converged after 15 iterations, timeStep = 5.0E-6
node 11 unconnected
node 11 unconnected
node 11 unconnected
node 52 unconnected
node 55 unconnected
node 58 unconnected
node 11 unconnected
node 11 unconnected
converged after 22 iterations, timeStep = 5.0E-6
node 11 unconnected
node 11 unconnected
converged after 14 iterations, timeStep = 5.0E-6
node 11 unconnected
converged after 15 iterations, timeStep = 5.0E-6
node 11 unconnected
converged after 14 iterations, timeStep = 5.0E-6
node 11 unconnected
converged after 15 iterations, timeStep = 5.0E-6
node 11 unconnected
node 11 unconnected
node 11 unconnected
node 52 unconnected
node 55 unconnected
node 58 unconnected
node 11 unconnected
node 52 unconnected
node 55 unconnected
node 11 unconnected
node 52 unconnected
node 55 unconnected
converged after 22 iterations, timeStep = 5.0E-6
node 11 unconnected
node 52 unconnected
node 55 unconnected
node 11 unconnected
node 52 unconnected
node 55 unconnected
converged after 14 iterations, timeStep = 5.0E-6
node 11 unconnected
node 52 unconnected
node 55 unconnected
converged after 15 iterations, timeStep = 5.0E-6
node 11 unconnected
node 52 unconnected
node 55 unconnected
converged after 14 iterations, timeStep = 5.0E-6
node 11 unconnected
node 52 unconnected
node 55 unconnected
converged after 15 iterations, timeStep = 5.0E-6
node 11 unconnected
node 52 unconnected
node 55 unconnected
converged after 14 iterations, timeStep = 5.0E-6
node 11 unconnected
node 52 unconnected
node 55 unconnected
converged after 15 iterations, timeStep = 5.0E-6
node 11 unconnected
node 52 unconnected
node 55 unconnected
converged after 14 iterations, timeStep = 5.0E-6

PASS: Q30 service flow seed=14 fault=DREV_OPEN target=DREV fingerprintHash=c63b1d7c
Q30_CASE_TIME operation=route-replay-and-service elapsedMillis=17878
PASS: Q30 service flow contracts 239 assertions seed=14 fault=DREV_OPEN

node 11 unconnected
converged after 25 iterations, timeStep = 5.0E-6
converged after 6 iterations, timeStep = 5.0E-6
node 11 unconnected
node 11 unconnected
converged after 14 iterations, timeStep = 5.0E-6
node 11 unconnected
converged after 15 iterations, timeStep = 5.0E-6
node 11 unconnected
converged after 14 iterations, timeStep = 5.0E-6
node 11 unconnected
converged after 15 iterations, timeStep = 5.0E-6
node 11 unconnected
converged after 15 iterations, timeStep = 5.0E-6
converged after 13 iterations, timeStep = 5.0E-6
node 11 unconnected
node 11 unconnected
node 11 unconnected
node 11 unconnected
node 11 unconnected
node 11 unconnected
node 11 unconnected
node 11 unconnected
node 11 unconnected
node 11 unconnected
node 11 unconnected
node 16 unconnected
node 20 unconnected
node 11 unconnected
node 11 unconnected
node 11 unconnected
node 11 unconnected
node 11 unconnected
node 11 unconnected
node 11 unconnected
node 11 unconnected
node 11 unconnected
node 16 unconnected
node 20 unconnected
node 11 unconnected
node 16 unconnected
node 20 unconnected
converged after 7 iterations, timeStep = 5.0E-6
converged after 6 iterations, timeStep = 5.0E-6
node 11 unconnected
node 16 unconnected
node 20 unconnected
converged after 40 iterations, timeStep = 5.0E-6
node 11 unconnected
node 16 unconnected
node 20 unconnected
converged after 10 iterations, timeStep = 5.0E-6
node 11 unconnected
node 16 unconnected
node 20 unconnected
converged after 14 iterations, timeStep = 5.0E-6
node 11 unconnected
node 16 unconnected
node 20 unconnected
converged after 15 iterations, timeStep = 5.0E-6
node 11 unconnected
node 16 unconnected
node 20 unconnected
converged after 14 iterations, timeStep = 5.0E-6
node 11 unconnected
node 16 unconnected
node 20 unconnected
converged after 15 iterations, timeStep = 5.0E-6
node 11 unconnected
node 16 unconnected
node 20 unconnected
converged after 14 iterations, timeStep = 5.0E-6
node 11 unconnected
node 16 unconnected
node 20 unconnected
converged after 15 iterations, timeStep = 5.0E-6
node 11 unconnected
node 16 unconnected
node 20 unconnected
converged after 14 iterations, timeStep = 5.0E-6

PASS: Q30 service flow seed=14 fault=REN_OPEN target=REN fingerprintHash=c63b1d7c
Q30_CASE_TIME operation=route-replay-and-service elapsedMillis=17194
PASS: Q30 service flow contracts 239 assertions seed=14 fault=REN_OPEN

node 11 unconnected
converged after 25 iterations, timeStep = 5.0E-6
converged after 6 iterations, timeStep = 5.0E-6
node 11 unconnected
node 11 unconnected
converged after 14 iterations, timeStep = 5.0E-6
node 11 unconnected
converged after 15 iterations, timeStep = 5.0E-6
node 11 unconnected
converged after 14 iterations, timeStep = 5.0E-6
node 11 unconnected
converged after 15 iterations, timeStep = 5.0E-6
node 11 unconnected
node 20 unconnected
converged after 18 iterations, timeStep = 5.0E-6
converged after 12 iterations, timeStep = 5.0E-6
node 11 unconnected
node 20 unconnected
node 11 unconnected
node 20 unconnected
node 11 unconnected
node 20 unconnected
node 11 unconnected
node 20 unconnected
node 11 unconnected
node 20 unconnected
node 11 unconnected
node 20 unconnected
node 11 unconnected
node 20 unconnected
node 11 unconnected
node 20 unconnected
node 11 unconnected
node 20 unconnected
node 11 unconnected
node 20 unconnected
node 11 unconnected
node 20 unconnected
node 21 unconnected
node 23 unconnected
node 11 unconnected
node 20 unconnected
node 11 unconnected
node 20 unconnected
node 11 unconnected
node 20 unconnected
node 11 unconnected
node 20 unconnected
node 11 unconnected
node 20 unconnected
node 11 unconnected
node 20 unconnected
node 11 unconnected
node 20 unconnected
node 11 unconnected
node 20 unconnected
node 11 unconnected
node 20 unconnected
node 21 unconnected
node 23 unconnected
node 11 unconnected
node 21 unconnected
node 23 unconnected
converged after 13 iterations, timeStep = 5.0E-6
node 11 unconnected
node 21 unconnected
node 23 unconnected
converged after 14 iterations, timeStep = 5.0E-6
converged after 6 iterations, timeStep = 5.0E-6
node 11 unconnected
node 21 unconnected
node 23 unconnected
converged after 15 iterations, timeStep = 5.0E-6
node 11 unconnected
node 21 unconnected
node 23 unconnected
converged after 14 iterations, timeStep = 5.0E-6
node 11 unconnected
node 21 unconnected
node 23 unconnected
converged after 15 iterations, timeStep = 5.0E-6
node 11 unconnected
node 21 unconnected
node 23 unconnected
converged after 14 iterations, timeStep = 5.0E-6
node 11 unconnected
node 21 unconnected
node 23 unconnected
converged after 15 iterations, timeStep = 5.0E-6
node 11 unconnected
node 21 unconnected
node 23 unconnected
converged after 14 iterations, timeStep = 5.0E-6
node 11 unconnected
node 21 unconnected
node 23 unconnected
converged after 15 iterations, timeStep = 5.0E-6
node 11 unconnected
node 21 unconnected
node 23 unconnected
converged after 14 iterations, timeStep = 5.0E-6

PASS: Q30 service flow seed=14 fault=SENSOR_A_OPEN target=RSA fingerprintHash=c63b1d7c
Q30_CASE_TIME operation=route-replay-and-service elapsedMillis=17151
PASS: Q30 service flow contracts 239 assertions seed=14 fault=SENSOR_A_OPEN

node 11 unconnected
converged after 25 iterations, timeStep = 5.0E-6
converged after 6 iterations, timeStep = 5.0E-6
node 11 unconnected
node 11 unconnected
converged after 14 iterations, timeStep = 5.0E-6
node 11 unconnected
converged after 15 iterations, timeStep = 5.0E-6
node 11 unconnected
converged after 14 iterations, timeStep = 5.0E-6
node 11 unconnected
converged after 15 iterations, timeStep = 5.0E-6
node 11 unconnected
converged after 14 iterations, timeStep = 5.0E-6
node 11 unconnected
converged after 15 iterations, timeStep = 5.0E-6
node 11 unconnected
node 11 unconnected
converged after 14 iterations, timeStep = 5.0E-6
node 11 unconnected
node 11 unconnected
converged after 15 iterations, timeStep = 5.0E-6
node 11 unconnected
node 11 unconnected
converged after 14 iterations, timeStep = 5.0E-6
node 11 unconnected
node 11 unconnected
converged after 15 iterations, timeStep = 5.0E-6
node 11 unconnected
node 11 unconnected
node 29 unconnected
node 31 unconnected
node 11 unconnected
node 11 unconnected
converged after 15 iterations, timeStep = 5.0E-6
node 11 unconnected
converged after 13 iterations, timeStep = 5.0E-6
node 11 unconnected
node 11 unconnected
converged after 14 iterations, timeStep = 5.0E-6
node 11 unconnected
node 11 unconnected
converged after 15 iterations, timeStep = 5.0E-6
node 11 unconnected
node 11 unconnected
node 29 unconnected
node 31 unconnected
node 11 unconnected
node 29 unconnected
node 31 unconnected
node 11 unconnected
node 29 unconnected
node 31 unconnected
converged after 17 iterations, timeStep = 5.0E-6
node 11 unconnected
node 29 unconnected
node 31 unconnected
converged after 13 iterations, timeStep = 5.0E-6
node 11 unconnected
node 29 unconnected
node 31 unconnected
converged after 14 iterations, timeStep = 5.0E-6
node 11 unconnected
node 29 unconnected
node 31 unconnected
converged after 15 iterations, timeStep = 5.0E-6
node 11 unconnected
node 29 unconnected
node 31 unconnected
converged after 14 iterations, timeStep = 5.0E-6
node 11 unconnected
node 29 unconnected
node 31 unconnected
converged after 15 iterations, timeStep = 5.0E-6
node 11 unconnected
node 29 unconnected
node 31 unconnected
converged after 14 iterations, timeStep = 5.0E-6
node 11 unconnected
node 29 unconnected
node 31 unconnected
converged after 15 iterations, timeStep = 5.0E-6
node 11 unconnected
node 29 unconnected
node 31 unconnected
converged after 14 iterations, timeStep = 5.0E-6

PASS: Q30 service flow seed=14 fault=DRIVE_A_OPEN target=RDA fingerprintHash=c63b1d7c
Q30_CASE_TIME operation=route-replay-and-service elapsedMillis=17124
PASS: Q30 service flow contracts 239 assertions seed=14 fault=DRIVE_A_OPEN

node 11 unconnected
converged after 25 iterations, timeStep = 5.0E-6
converged after 6 iterations, timeStep = 5.0E-6
node 11 unconnected
node 11 unconnected
converged after 14 iterations, timeStep = 5.0E-6
node 11 unconnected
converged after 15 iterations, timeStep = 5.0E-6
node 11 unconnected
converged after 14 iterations, timeStep = 5.0E-6
node 11 unconnected
converged after 15 iterations, timeStep = 5.0E-6
node 11 unconnected
converged after 14 iterations, timeStep = 5.0E-6
node 11 unconnected
converged after 15 iterations, timeStep = 5.0E-6
node 11 unconnected
node 11 unconnected
converged after 14 iterations, timeStep = 5.0E-6
node 11 unconnected
node 11 unconnected
converged after 15 iterations, timeStep = 5.0E-6
node 11 unconnected
node 11 unconnected
converged after 14 iterations, timeStep = 5.0E-6
node 11 unconnected
node 11 unconnected
converged after 15 iterations, timeStep = 5.0E-6
node 11 unconnected
node 11 unconnected
node 38 unconnected
node 41 unconnected
node 11 unconnected
node 11 unconnected
converged after 15 iterations, timeStep = 5.0E-6
node 11 unconnected
converged after 13 iterations, timeStep = 5.0E-6
node 11 unconnected
node 11 unconnected
converged after 14 iterations, timeStep = 5.0E-6
node 11 unconnected
node 11 unconnected
converged after 15 iterations, timeStep = 5.0E-6
node 11 unconnected
node 11 unconnected
node 38 unconnected
node 41 unconnected
node 11 unconnected
node 38 unconnected
node 41 unconnected
node 11 unconnected
node 38 unconnected
node 41 unconnected
converged after 17 iterations, timeStep = 5.0E-6
node 11 unconnected
node 38 unconnected
node 41 unconnected
converged after 13 iterations, timeStep = 5.0E-6
node 11 unconnected
node 38 unconnected
node 41 unconnected
converged after 14 iterations, timeStep = 5.0E-6
node 11 unconnected
node 38 unconnected
node 41 unconnected
converged after 15 iterations, timeStep = 5.0E-6
node 11 unconnected
node 38 unconnected
node 41 unconnected
converged after 14 iterations, timeStep = 5.0E-6
node 11 unconnected
node 38 unconnected
node 41 unconnected
converged after 15 iterations, timeStep = 5.0E-6
node 11 unconnected
node 38 unconnected
node 41 unconnected
converged after 14 iterations, timeStep = 5.0E-6
node 11 unconnected
node 38 unconnected
node 41 unconnected
converged after 15 iterations, timeStep = 5.0E-6
node 11 unconnected
node 38 unconnected
node 41 unconnected
converged after 14 iterations, timeStep = 5.0E-6

Q30_RESIDUAL_GUARD seed=43 simulatedSeconds=0.2 upstreamVolts=0.8572589714973758
Q30_RESIDUAL_GUARD seed=43 simulatedSeconds=0.2 upstreamVolts=0.8572589714973774
PASS: Q30 service flow seed=43 fault=RELAY_B_COIL_OPEN target=KB fingerprintHash=a1af4e22
Q30_CASE_TIME operation=route-replay-and-service elapsedMillis=19193
PASS: Q30 service flow contracts 261 assertions seed=43 fault=RELAY_B_COIL_OPEN

node 11 unconnected
converged after 25 iterations, timeStep = 5.0E-6
converged after 6 iterations, timeStep = 5.0E-6
node 11 unconnected
node 11 unconnected
converged after 16 iterations, timeStep = 5.0E-6
node 11 unconnected
converged after 19 iterations, timeStep = 5.0E-6
node 11 unconnected
converged after 19 iterations, timeStep = 5.0E-6
node 11 unconnected
converged after 9 iterations, timeStep = 5.0E-6
node 11 unconnected
converged after 16 iterations, timeStep = 5.0E-6
node 11 unconnected
converged after 13 iterations, timeStep = 5.0E-6
node 11 unconnected
converged after 16 iterations, timeStep = 5.0E-6
node 11 unconnected
converged after 13 iterations, timeStep = 5.0E-6
node 11 unconnected
converged after 16 iterations, timeStep = 5.0E-6
node 11 unconnected
converged after 13 iterations, timeStep = 5.0E-6
node 11 unconnected
converged after 16 iterations, timeStep = 5.0E-6
node 11 unconnected
converged after 13 iterations, timeStep = 5.0E-6
node 11 unconnected
converged after 16 iterations, timeStep = 5.0E-6
node 11 unconnected
converged after 13 iterations, timeStep = 5.0E-6
node 11 unconnected
node 11 unconnected
node 11 unconnected
node 51 unconnected
node 54 unconnected
node 57 unconnected
node 11 unconnected
node 11 unconnected
converged after 23 iterations, timeStep = 5.0E-6
node 11 unconnected
node 11 unconnected
converged after 16 iterations, timeStep = 5.0E-6
node 11 unconnected
converged after 13 iterations, timeStep = 5.0E-6
node 11 unconnected
converged after 16 iterations, timeStep = 5.0E-6
node 11 unconnected
converged after 13 iterations, timeStep = 5.0E-6
node 11 unconnected
node 11 unconnected
node 11 unconnected
node 51 unconnected
node 54 unconnected
node 57 unconnected
node 11 unconnected
node 51 unconnected
node 54 unconnected
node 11 unconnected
node 51 unconnected
node 54 unconnected
converged after 23 iterations, timeStep = 5.0E-6
node 11 unconnected
node 51 unconnected
node 54 unconnected
node 11 unconnected
node 51 unconnected
node 54 unconnected
converged after 16 iterations, timeStep = 5.0E-6
node 11 unconnected
node 51 unconnected
node 54 unconnected
converged after 19 iterations, timeStep = 5.0E-6
node 11 unconnected
node 51 unconnected
node 54 unconnected
converged after 19 iterations, timeStep = 5.0E-6
node 11 unconnected
node 51 unconnected
node 54 unconnected
converged after 9 iterations, timeStep = 5.0E-6
node 11 unconnected
node 51 unconnected
node 54 unconnected
converged after 16 iterations, timeStep = 5.0E-6
node 11 unconnected
node 51 unconnected
node 54 unconnected
converged after 19 iterations, timeStep = 5.0E-6
node 11 unconnected
node 51 unconnected
node 54 unconnected
converged after 19 iterations, timeStep = 5.0E-6

PASS: Q30 service flow seed=43 fault=DREV_OPEN target=DREV fingerprintHash=a1af4e22
Q30_CASE_TIME operation=route-replay-and-service elapsedMillis=16403
PASS: Q30 service flow contracts 243 assertions seed=43 fault=DREV_OPEN

node 11 unconnected
converged after 25 iterations, timeStep = 5.0E-6
converged after 6 iterations, timeStep = 5.0E-6
node 11 unconnected
node 11 unconnected
converged after 16 iterations, timeStep = 5.0E-6
node 11 unconnected
converged after 19 iterations, timeStep = 5.0E-6
node 11 unconnected
converged after 19 iterations, timeStep = 5.0E-6
node 11 unconnected
converged after 9 iterations, timeStep = 5.0E-6
node 11 unconnected
converged after 16 iterations, timeStep = 5.0E-6
converged after 17 iterations, timeStep = 5.0E-6
node 11 unconnected
node 11 unconnected
node 11 unconnected
node 11 unconnected
node 11 unconnected
node 11 unconnected
node 11 unconnected
node 11 unconnected
node 11 unconnected
node 11 unconnected
node 11 unconnected
node 16 unconnected
node 20 unconnected
node 11 unconnected
node 11 unconnected
node 11 unconnected
node 11 unconnected
node 11 unconnected
node 11 unconnected
node 11 unconnected
node 11 unconnected
node 11 unconnected
node 16 unconnected
node 20 unconnected
node 11 unconnected
node 16 unconnected
node 20 unconnected
converged after 6 iterations, timeStep = 5.0E-6
converged after 6 iterations, timeStep = 5.0E-6
node 11 unconnected
node 16 unconnected
node 20 unconnected
converged after 40 iterations, timeStep = 5.0E-6
node 11 unconnected
node 16 unconnected
node 20 unconnected
converged after 10 iterations, timeStep = 5.0E-6
node 11 unconnected
node 16 unconnected
node 20 unconnected
converged after 16 iterations, timeStep = 5.0E-6
node 11 unconnected
node 16 unconnected
node 20 unconnected
converged after 17 iterations, timeStep = 5.0E-6
node 11 unconnected
node 16 unconnected
node 20 unconnected
converged after 18 iterations, timeStep = 5.0E-6
node 11 unconnected
node 16 unconnected
node 20 unconnected
converged after 9 iterations, timeStep = 5.0E-6
node 11 unconnected
node 16 unconnected
node 20 unconnected
converged after 16 iterations, timeStep = 5.0E-6
node 11 unconnected
node 16 unconnected
node 20 unconnected
converged after 17 iterations, timeStep = 5.0E-6
node 11 unconnected
node 16 unconnected
node 20 unconnected
converged after 18 iterations, timeStep = 5.0E-6

PASS: Q30 service flow seed=43 fault=REN_OPEN target=REN fingerprintHash=a1af4e22
Q30_CASE_TIME operation=route-replay-and-service elapsedMillis=15831
PASS: Q30 service flow contracts 243 assertions seed=43 fault=REN_OPEN

node 11 unconnected
converged after 25 iterations, timeStep = 5.0E-6
converged after 6 iterations, timeStep = 5.0E-6
node 11 unconnected
node 11 unconnected
converged after 16 iterations, timeStep = 5.0E-6
node 11 unconnected
converged after 19 iterations, timeStep = 5.0E-6
node 11 unconnected
converged after 19 iterations, timeStep = 5.0E-6
node 11 unconnected
converged after 9 iterations, timeStep = 5.0E-6
node 11 unconnected
node 20 unconnected
converged after 17 iterations, timeStep = 5.0E-6
converged after 10 iterations, timeStep = 5.0E-6
node 11 unconnected
node 20 unconnected
node 11 unconnected
node 20 unconnected
node 11 unconnected
node 20 unconnected
node 11 unconnected
node 20 unconnected
node 11 unconnected
node 20 unconnected
node 11 unconnected
node 20 unconnected
node 11 unconnected
node 20 unconnected
node 11 unconnected
node 20 unconnected
node 11 unconnected
node 20 unconnected
node 11 unconnected
node 20 unconnected
node 11 unconnected
node 20 unconnected
node 21 unconnected
node 23 unconnected
node 11 unconnected
node 20 unconnected
node 11 unconnected
node 20 unconnected
node 11 unconnected
node 20 unconnected
node 11 unconnected
node 20 unconnected
node 11 unconnected
node 20 unconnected
node 11 unconnected
node 20 unconnected
node 11 unconnected
node 20 unconnected
node 11 unconnected
node 20 unconnected
node 11 unconnected
node 20 unconnected
node 21 unconnected
node 23 unconnected
node 11 unconnected
node 21 unconnected
node 23 unconnected
converged after 13 iterations, timeStep = 5.0E-6
node 11 unconnected
node 21 unconnected
node 23 unconnected
converged after 16 iterations, timeStep = 5.0E-6
converged after 6 iterations, timeStep = 5.0E-6
node 11 unconnected
node 21 unconnected
node 23 unconnected
converged after 9 iterations, timeStep = 5.0E-6
node 11 unconnected
node 21 unconnected
node 23 unconnected
converged after 16 iterations, timeStep = 5.0E-6
node 11 unconnected
node 21 unconnected
node 23 unconnected
converged after 19 iterations, timeStep = 5.0E-6
node 11 unconnected
node 21 unconnected
node 23 unconnected
converged after 19 iterations, timeStep = 5.0E-6
node 11 unconnected
node 21 unconnected
node 23 unconnected
converged after 9 iterations, timeStep = 5.0E-6
node 11 unconnected
node 21 unconnected
node 23 unconnected
converged after 16 iterations, timeStep = 5.0E-6
node 11 unconnected
node 21 unconnected
node 23 unconnected
converged after 19 iterations, timeStep = 5.0E-6
node 11 unconnected
node 21 unconnected
node 23 unconnected
converged after 19 iterations, timeStep = 5.0E-6

PASS: Q30 service flow seed=43 fault=SENSOR_A_OPEN target=RSA fingerprintHash=a1af4e22
Q30_CASE_TIME operation=route-replay-and-service elapsedMillis=16198
PASS: Q30 service flow contracts 243 assertions seed=43 fault=SENSOR_A_OPEN

node 11 unconnected
converged after 25 iterations, timeStep = 5.0E-6
converged after 6 iterations, timeStep = 5.0E-6
node 11 unconnected
node 11 unconnected
converged after 16 iterations, timeStep = 5.0E-6
node 11 unconnected
converged after 19 iterations, timeStep = 5.0E-6
node 11 unconnected
converged after 19 iterations, timeStep = 5.0E-6
node 11 unconnected
converged after 9 iterations, timeStep = 5.0E-6
node 11 unconnected
converged after 16 iterations, timeStep = 5.0E-6
node 11 unconnected
converged after 9 iterations, timeStep = 5.0E-6
node 11 unconnected
node 11 unconnected
converged after 16 iterations, timeStep = 5.0E-6
node 11 unconnected
node 11 unconnected
converged after 9 iterations, timeStep = 5.0E-6
node 11 unconnected
node 11 unconnected
converged after 16 iterations, timeStep = 5.0E-6
node 11 unconnected
node 11 unconnected
converged after 9 iterations, timeStep = 5.0E-6
node 11 unconnected
node 11 unconnected
node 28 unconnected
node 30 unconnected
node 11 unconnected
node 11 unconnected
converged after 19 iterations, timeStep = 5.0E-6
node 11 unconnected
node 11 unconnected
node 11 unconnected
converged after 16 iterations, timeStep = 5.0E-6
node 11 unconnected
node 11 unconnected
converged after 9 iterations, timeStep = 5.0E-6
node 11 unconnected
node 11 unconnected
node 28 unconnected
node 30 unconnected
node 11 unconnected
node 28 unconnected
node 30 unconnected
node 11 unconnected
node 28 unconnected
node 30 unconnected
converged after 19 iterations, timeStep = 5.0E-6
node 11 unconnected
node 28 unconnected
node 30 unconnected
node 11 unconnected
node 28 unconnected
node 30 unconnected
converged after 16 iterations, timeStep = 5.0E-6
node 11 unconnected
node 28 unconnected
node 30 unconnected
converged after 19 iterations, timeStep = 5.0E-6
node 11 unconnected
node 28 unconnected
node 30 unconnected
converged after 19 iterations, timeStep = 5.0E-6
node 11 unconnected
node 28 unconnected
node 30 unconnected
converged after 9 iterations, timeStep = 5.0E-6
node 11 unconnected
node 28 unconnected
node 30 unconnected
converged after 16 iterations, timeStep = 5.0E-6
node 11 unconnected
node 28 unconnected
node 30 unconnected
converged after 19 iterations, timeStep = 5.0E-6
node 11 unconnected
node 28 unconnected
node 30 unconnected
converged after 19 iterations, timeStep = 5.0E-6

PASS: Q30 service flow seed=43 fault=DRIVE_A_OPEN target=RDA fingerprintHash=a1af4e22
Q30_CASE_TIME operation=route-replay-and-service elapsedMillis=15785
PASS: Q30 service flow contracts 243 assertions seed=43 fault=DRIVE_A_OPEN

node 11 unconnected
converged after 25 iterations, timeStep = 5.0E-6
converged after 6 iterations, timeStep = 5.0E-6
node 11 unconnected
node 11 unconnected
converged after 16 iterations, timeStep = 5.0E-6
node 11 unconnected
converged after 19 iterations, timeStep = 5.0E-6
node 11 unconnected
converged after 19 iterations, timeStep = 5.0E-6
node 11 unconnected
converged after 9 iterations, timeStep = 5.0E-6
node 11 unconnected
converged after 16 iterations, timeStep = 5.0E-6
node 11 unconnected
converged after 9 iterations, timeStep = 5.0E-6
node 11 unconnected
node 11 unconnected
converged after 16 iterations, timeStep = 5.0E-6
node 11 unconnected
node 11 unconnected
converged after 9 iterations, timeStep = 5.0E-6
node 11 unconnected
node 11 unconnected
converged after 16 iterations, timeStep = 5.0E-6
node 11 unconnected
node 11 unconnected
converged after 9 iterations, timeStep = 5.0E-6
node 11 unconnected
node 11 unconnected
node 37 unconnected
node 40 unconnected
node 11 unconnected
node 11 unconnected
converged after 19 iterations, timeStep = 5.0E-6
node 11 unconnected
node 11 unconnected
node 11 unconnected
converged after 16 iterations, timeStep = 5.0E-6
node 11 unconnected
node 11 unconnected
converged after 9 iterations, timeStep = 5.0E-6
node 11 unconnected
node 11 unconnected
node 37 unconnected
node 40 unconnected
node 11 unconnected
node 37 unconnected
node 40 unconnected
node 11 unconnected
node 37 unconnected
node 40 unconnected
converged after 19 iterations, timeStep = 5.0E-6
node 11 unconnected
node 37 unconnected
node 40 unconnected
node 11 unconnected
node 37 unconnected
node 40 unconnected
converged after 16 iterations, timeStep = 5.0E-6
node 11 unconnected
node 37 unconnected
node 40 unconnected
converged after 19 iterations, timeStep = 5.0E-6
node 11 unconnected
node 37 unconnected
node 40 unconnected
converged after 19 iterations, timeStep = 5.0E-6
node 11 unconnected
node 37 unconnected
node 40 unconnected
converged after 9 iterations, timeStep = 5.0E-6
node 11 unconnected
node 37 unconnected
node 40 unconnected
converged after 16 iterations, timeStep = 5.0E-6
node 11 unconnected
node 37 unconnected
node 40 unconnected
converged after 19 iterations, timeStep = 5.0E-6
node 11 unconnected
node 37 unconnected
node 40 unconnected
converged after 19 iterations, timeStep = 5.0E-6

Q30_RESIDUAL_GUARD seed=3 simulatedSeconds=0.2 upstreamVolts=0.828973195425416
Q30_RESIDUAL_GUARD seed=3 simulatedSeconds=0.2 upstreamVolts=0.828973195425416
PASS: Q30 service flow seed=3 fault=RELAY_B_COIL_OPEN target=KB fingerprintHash=74f12966
Q30_CASE_TIME operation=route-replay-and-service elapsedMillis=22080
PASS: Q30 service flow contracts 265 assertions seed=3 fault=RELAY_B_COIL_OPEN

node 11 unconnected
converged after 25 iterations, timeStep = 5.0E-6
converged after 6 iterations, timeStep = 5.0E-6
node 11 unconnected
node 11 unconnected
converged after 14 iterations, timeStep = 5.0E-6
node 11 unconnected
converged after 22 iterations, timeStep = 5.0E-6
node 11 unconnected
converged after 14 iterations, timeStep = 5.0E-6
node 11 unconnected
converged after 15 iterations, timeStep = 5.0E-6
node 11 unconnected
converged after 14 iterations, timeStep = 5.0E-6
node 11 unconnected
converged after 15 iterations, timeStep = 5.0E-6
node 11 unconnected
converged after 14 iterations, timeStep = 5.0E-6
node 11 unconnected
converged after 13 iterations, timeStep = 5.0E-6
converged after 15 iterations, timeStep = 5.0E-6
node 11 unconnected
converged after 14 iterations, timeStep = 5.0E-6
node 11 unconnected
converged after 15 iterations, timeStep = 5.0E-6
node 11 unconnected
converged after 14 iterations, timeStep = 5.0E-6
node 11 unconnected
converged after 13 iterations, timeStep = 5.0E-6
converged after 15 iterations, timeStep = 5.0E-6
node 11 unconnected
converged after 14 iterations, timeStep = 5.0E-6
node 11 unconnected
node 11 unconnected
converged after 15 iterations, timeStep = 5.0E-6
node 11 unconnected
node 11 unconnected
node 51 unconnected
node 54 unconnected
node 57 unconnected
node 11 unconnected
node 11 unconnected
converged after 23 iterations, timeStep = 5.0E-6
node 11 unconnected
node 11 unconnected
converged after 14 iterations, timeStep = 5.0E-6
node 11 unconnected
converged after 13 iterations, timeStep = 5.0E-6
converged after 15 iterations, timeStep = 5.0E-6
node 11 unconnected
converged after 14 iterations, timeStep = 5.0E-6
node 11 unconnected
node 11 unconnected
converged after 15 iterations, timeStep = 5.0E-6
node 11 unconnected
node 11 unconnected
node 51 unconnected
node 54 unconnected
node 57 unconnected
node 11 unconnected
node 51 unconnected
node 54 unconnected
node 11 unconnected
node 51 unconnected
node 54 unconnected
converged after 23 iterations, timeStep = 5.0E-6
node 11 unconnected
node 51 unconnected
node 54 unconnected
node 11 unconnected
node 51 unconnected
node 54 unconnected
converged after 14 iterations, timeStep = 5.0E-6
node 11 unconnected
node 51 unconnected
node 54 unconnected
converged after 22 iterations, timeStep = 5.0E-6
node 11 unconnected
node 51 unconnected
node 54 unconnected
converged after 14 iterations, timeStep = 5.0E-6
node 11 unconnected
node 51 unconnected
node 54 unconnected
converged after 15 iterations, timeStep = 5.0E-6
node 11 unconnected
node 51 unconnected
node 54 unconnected
converged after 14 iterations, timeStep = 5.0E-6
node 11 unconnected
node 51 unconnected
node 54 unconnected
converged after 22 iterations, timeStep = 5.0E-6
node 11 unconnected
node 51 unconnected
node 54 unconnected
converged after 14 iterations, timeStep = 5.0E-6

PASS: Q30 service flow seed=3 fault=DREV_OPEN target=DREV fingerprintHash=74f12966
Q30_CASE_TIME operation=route-replay-and-service elapsedMillis=19184
PASS: Q30 service flow contracts 247 assertions seed=3 fault=DREV_OPEN

node 11 unconnected
converged after 25 iterations, timeStep = 5.0E-6
converged after 6 iterations, timeStep = 5.0E-6
node 11 unconnected
node 11 unconnected
converged after 14 iterations, timeStep = 5.0E-6
node 11 unconnected
converged after 22 iterations, timeStep = 5.0E-6
node 11 unconnected
converged after 14 iterations, timeStep = 5.0E-6
node 11 unconnected
converged after 15 iterations, timeStep = 5.0E-6
node 11 unconnected
converged after 15 iterations, timeStep = 5.0E-6
converged after 20 iterations, timeStep = 5.0E-6
converged after 15 iterations, timeStep = 5.0E-6
node 11 unconnected
node 11 unconnected
node 11 unconnected
node 11 unconnected
node 11 unconnected
node 11 unconnected
node 11 unconnected
node 11 unconnected
node 11 unconnected
node 11 unconnected
node 11 unconnected
node 16 unconnected
node 20 unconnected
node 11 unconnected
node 11 unconnected
node 11 unconnected
node 11 unconnected
node 11 unconnected
node 11 unconnected
node 11 unconnected
node 11 unconnected
node 11 unconnected
node 16 unconnected
node 20 unconnected
node 11 unconnected
node 16 unconnected
node 20 unconnected
converged after 7 iterations, timeStep = 5.0E-6
converged after 6 iterations, timeStep = 5.0E-6
node 11 unconnected
node 16 unconnected
node 20 unconnected
converged after 40 iterations, timeStep = 5.0E-6
node 11 unconnected
node 16 unconnected
node 20 unconnected
converged after 10 iterations, timeStep = 5.0E-6
node 11 unconnected
node 16 unconnected
node 20 unconnected
converged after 14 iterations, timeStep = 5.0E-6
node 11 unconnected
node 16 unconnected
node 20 unconnected
converged after 22 iterations, timeStep = 5.0E-6
node 11 unconnected
node 16 unconnected
node 20 unconnected
converged after 14 iterations, timeStep = 5.0E-6
node 11 unconnected
node 16 unconnected
node 20 unconnected
converged after 15 iterations, timeStep = 5.0E-6
node 11 unconnected
node 16 unconnected
node 20 unconnected
converged after 14 iterations, timeStep = 5.0E-6
node 11 unconnected
node 16 unconnected
node 20 unconnected
converged after 22 iterations, timeStep = 5.0E-6
node 11 unconnected
node 16 unconnected
node 20 unconnected
converged after 14 iterations, timeStep = 5.0E-6

PASS: Q30 service flow seed=3 fault=REN_OPEN target=REN fingerprintHash=74f12966
Q30_CASE_TIME operation=route-replay-and-service elapsedMillis=18191
PASS: Q30 service flow contracts 247 assertions seed=3 fault=REN_OPEN

node 11 unconnected
converged after 25 iterations, timeStep = 5.0E-6
converged after 6 iterations, timeStep = 5.0E-6
node 11 unconnected
node 11 unconnected
converged after 14 iterations, timeStep = 5.0E-6
node 11 unconnected
converged after 22 iterations, timeStep = 5.0E-6
node 11 unconnected
converged after 14 iterations, timeStep = 5.0E-6
node 11 unconnected
converged after 15 iterations, timeStep = 5.0E-6
node 11 unconnected
node 20 unconnected
converged after 12 iterations, timeStep = 5.0E-6
converged after 20 iterations, timeStep = 5.0E-6
converged after 12 iterations, timeStep = 5.0E-6
node 11 unconnected
node 20 unconnected
node 11 unconnected
node 20 unconnected
node 11 unconnected
node 20 unconnected
node 11 unconnected
node 20 unconnected
node 11 unconnected
node 20 unconnected
node 11 unconnected
node 20 unconnected
node 11 unconnected
node 20 unconnected
node 11 unconnected
node 20 unconnected
node 11 unconnected
node 20 unconnected
node 11 unconnected
node 20 unconnected
node 11 unconnected
node 20 unconnected
node 21 unconnected
node 23 unconnected
node 11 unconnected
node 20 unconnected
node 11 unconnected
node 20 unconnected
node 11 unconnected
node 20 unconnected
node 11 unconnected
node 20 unconnected
node 11 unconnected
node 20 unconnected
node 11 unconnected
node 20 unconnected
node 11 unconnected
node 20 unconnected
node 11 unconnected
node 20 unconnected
node 11 unconnected
node 20 unconnected
node 21 unconnected
node 23 unconnected
node 11 unconnected
node 21 unconnected
node 23 unconnected
converged after 13 iterations, timeStep = 5.0E-6
node 11 unconnected
node 21 unconnected
node 23 unconnected
converged after 6 iterations, timeStep = 5.0E-6
node 11 unconnected
node 21 unconnected
node 23 unconnected
node 11 unconnected
node 21 unconnected
node 23 unconnected
converged after 14 iterations, timeStep = 5.0E-6
node 11 unconnected
node 21 unconnected
node 23 unconnected
converged after 22 iterations, timeStep = 5.0E-6
node 11 unconnected
node 21 unconnected
node 23 unconnected
converged after 14 iterations, timeStep = 5.0E-6
node 11 unconnected
node 21 unconnected
node 23 unconnected
converged after 15 iterations, timeStep = 5.0E-6
node 11 unconnected
node 21 unconnected
node 23 unconnected
converged after 14 iterations, timeStep = 5.0E-6
node 11 unconnected
node 21 unconnected
node 23 unconnected
converged after 22 iterations, timeStep = 5.0E-6
node 11 unconnected
node 21 unconnected
node 23 unconnected
converged after 14 iterations, timeStep = 5.0E-6

PASS: Q30 service flow seed=3 fault=SENSOR_A_OPEN target=RSA fingerprintHash=74f12966
Q30_CASE_TIME operation=route-replay-and-service elapsedMillis=19569
PASS: Q30 service flow contracts 247 assertions seed=3 fault=SENSOR_A_OPEN

node 11 unconnected
converged after 25 iterations, timeStep = 5.0E-6
converged after 6 iterations, timeStep = 5.0E-6
node 11 unconnected
node 11 unconnected
converged after 14 iterations, timeStep = 5.0E-6
node 11 unconnected
converged after 22 iterations, timeStep = 5.0E-6
node 11 unconnected
converged after 14 iterations, timeStep = 5.0E-6
node 11 unconnected
converged after 15 iterations, timeStep = 5.0E-6
node 11 unconnected
converged after 16 iterations, timeStep = 5.0E-6
node 11 unconnected
converged after 9 iterations, timeStep = 5.0E-6
node 11 unconnected
node 11 unconnected
converged after 16 iterations, timeStep = 5.0E-6
node 11 unconnected
node 11 unconnected
converged after 9 iterations, timeStep = 5.0E-6
node 11 unconnected
node 11 unconnected
converged after 16 iterations, timeStep = 5.0E-6
node 11 unconnected
node 11 unconnected
node 11 unconnected
converged after 9 iterations, timeStep = 5.0E-6
node 11 unconnected
node 28 unconnected
node 30 unconnected
node 11 unconnected
node 11 unconnected
converged after 21 iterations, timeStep = 5.0E-6
node 11 unconnected
node 11 unconnected
node 11 unconnected
converged after 16 iterations, timeStep = 5.0E-6
node 11 unconnected
node 11 unconnected
node 11 unconnected
converged after 9 iterations, timeStep = 5.0E-6
node 11 unconnected
node 28 unconnected
node 30 unconnected
node 11 unconnected
node 28 unconnected
node 30 unconnected
node 11 unconnected
node 28 unconnected
node 30 unconnected
converged after 21 iterations, timeStep = 5.0E-6
node 11 unconnected
node 28 unconnected
node 30 unconnected
node 11 unconnected
node 28 unconnected
node 30 unconnected
converged after 14 iterations, timeStep = 5.0E-6
node 11 unconnected
node 28 unconnected
node 30 unconnected
converged after 22 iterations, timeStep = 5.0E-6
node 11 unconnected
node 28 unconnected
node 30 unconnected
converged after 14 iterations, timeStep = 5.0E-6
node 11 unconnected
node 28 unconnected
node 30 unconnected
converged after 15 iterations, timeStep = 5.0E-6
node 11 unconnected
node 28 unconnected
node 30 unconnected
converged after 14 iterations, timeStep = 5.0E-6
node 11 unconnected
node 28 unconnected
node 30 unconnected
converged after 22 iterations, timeStep = 5.0E-6
node 11 unconnected
node 28 unconnected
node 30 unconnected
converged after 14 iterations, timeStep = 5.0E-6

PASS: Q30 service flow seed=3 fault=DRIVE_A_OPEN target=RDA fingerprintHash=74f12966
Q30_CASE_TIME operation=route-replay-and-service elapsedMillis=19245
PASS: Q30 service flow contracts 247 assertions seed=3 fault=DRIVE_A_OPEN

node 11 unconnected
converged after 25 iterations, timeStep = 5.0E-6
converged after 6 iterations, timeStep = 5.0E-6
node 11 unconnected
node 11 unconnected
converged after 14 iterations, timeStep = 5.0E-6
node 11 unconnected
converged after 22 iterations, timeStep = 5.0E-6
node 11 unconnected
converged after 14 iterations, timeStep = 5.0E-6
node 11 unconnected
converged after 15 iterations, timeStep = 5.0E-6
node 11 unconnected
converged after 16 iterations, timeStep = 5.0E-6
node 11 unconnected
converged after 9 iterations, timeStep = 5.0E-6
node 11 unconnected
node 11 unconnected
converged after 16 iterations, timeStep = 5.0E-6
node 11 unconnected
node 11 unconnected
converged after 9 iterations, timeStep = 5.0E-6
node 11 unconnected
node 11 unconnected
converged after 16 iterations, timeStep = 5.0E-6
node 11 unconnected
node 11 unconnected
node 11 unconnected
converged after 9 iterations, timeStep = 5.0E-6
node 11 unconnected
node 37 unconnected
node 40 unconnected
node 11 unconnected
node 11 unconnected
converged after 21 iterations, timeStep = 5.0E-6
node 11 unconnected
node 11 unconnected
node 11 unconnected
converged after 16 iterations, timeStep = 5.0E-6
node 11 unconnected
node 11 unconnected
node 11 unconnected
converged after 9 iterations, timeStep = 5.0E-6
node 11 unconnected
node 37 unconnected
node 40 unconnected
node 11 unconnected
node 37 unconnected
node 40 unconnected
node 11 unconnected
node 37 unconnected
node 40 unconnected
converged after 21 iterations, timeStep = 5.0E-6
node 11 unconnected
node 37 unconnected
node 40 unconnected
node 11 unconnected
node 37 unconnected
node 40 unconnected
converged after 14 iterations, timeStep = 5.0E-6
node 11 unconnected
node 37 unconnected
node 40 unconnected
converged after 22 iterations, timeStep = 5.0E-6
node 11 unconnected
node 37 unconnected
node 40 unconnected
converged after 14 iterations, timeStep = 5.0E-6
node 11 unconnected
node 37 unconnected
node 40 unconnected
converged after 15 iterations, timeStep = 5.0E-6
node 11 unconnected
node 37 unconnected
node 40 unconnected
converged after 14 iterations, timeStep = 5.0E-6
node 11 unconnected
node 37 unconnected
node 40 unconnected
converged after 22 iterations, timeStep = 5.0E-6
node 11 unconnected
node 37 unconnected
node 40 unconnected
converged after 14 iterations, timeStep = 5.0E-6

Q30_RESIDUAL_GUARD seed=10 simulatedSeconds=0.30000000000000004 upstreamVolts=0.8214680018381668
Q30_RESIDUAL_GUARD seed=10 simulatedSeconds=0.30000000000000004 upstreamVolts=0.8214680018381668
PASS: Q30 service flow seed=10 fault=RELAY_B_COIL_OPEN target=KB fingerprintHash=d734dfac
Q30_CASE_TIME operation=route-replay-and-service elapsedMillis=17156
PASS: Q30 service flow contracts 257 assertions seed=10 fault=RELAY_B_COIL_OPEN

node 11 unconnected
converged after 25 iterations, timeStep = 5.0E-6
converged after 6 iterations, timeStep = 5.0E-6
node 11 unconnected
node 11 unconnected
converged after 16 iterations, timeStep = 5.0E-6
node 11 unconnected
converged after 14 iterations, timeStep = 5.0E-6
node 11 unconnected
converged after 19 iterations, timeStep = 5.0E-6
node 11 unconnected
converged after 15 iterations, timeStep = 5.0E-6
node 11 unconnected
converged after 17 iterations, timeStep = 5.0E-6
node 11 unconnected
converged after 10 iterations, timeStep = 5.0E-6
node 11 unconnected
converged after 16 iterations, timeStep = 5.0E-6
node 11 unconnected
converged after 11 iterations, timeStep = 5.0E-6
node 11 unconnected
converged after 16 iterations, timeStep = 5.0E-6
node 11 unconnected
converged after 10 iterations, timeStep = 5.0E-6
node 11 unconnected
converged after 16 iterations, timeStep = 5.0E-6
node 11 unconnected
converged after 11 iterations, timeStep = 5.0E-6
node 11 unconnected
converged after 16 iterations, timeStep = 5.0E-6
node 11 unconnected
converged after 10 iterations, timeStep = 5.0E-6
node 11 unconnected
node 11 unconnected
node 11 unconnected
node 11 unconnected
node 51 unconnected
node 54 unconnected
node 57 unconnected
node 11 unconnected
node 11 unconnected
converged after 23 iterations, timeStep = 5.0E-6
node 11 unconnected
node 11 unconnected
converged after 16 iterations, timeStep = 5.0E-6
node 11 unconnected
converged after 11 iterations, timeStep = 5.0E-6
node 11 unconnected
converged after 16 iterations, timeStep = 5.0E-6
node 11 unconnected
converged after 10 iterations, timeStep = 5.0E-6
node 11 unconnected
node 11 unconnected
node 11 unconnected
node 11 unconnected
node 51 unconnected
node 54 unconnected
node 57 unconnected
node 11 unconnected
node 51 unconnected
node 54 unconnected
node 11 unconnected
node 51 unconnected
node 54 unconnected
converged after 23 iterations, timeStep = 5.0E-6
node 11 unconnected
node 51 unconnected
node 54 unconnected
node 11 unconnected
node 51 unconnected
node 54 unconnected
converged after 16 iterations, timeStep = 5.0E-6
node 11 unconnected
node 51 unconnected
node 54 unconnected
converged after 14 iterations, timeStep = 5.0E-6
node 11 unconnected
node 51 unconnected
node 54 unconnected
converged after 19 iterations, timeStep = 5.0E-6
node 11 unconnected
node 51 unconnected
node 54 unconnected
converged after 15 iterations, timeStep = 5.0E-6
node 11 unconnected
node 51 unconnected
node 54 unconnected
converged after 16 iterations, timeStep = 5.0E-6
node 11 unconnected
node 51 unconnected
node 54 unconnected
converged after 14 iterations, timeStep = 5.0E-6
node 11 unconnected
node 51 unconnected
node 54 unconnected
converged after 19 iterations, timeStep = 5.0E-6

PASS: Q30 service flow seed=10 fault=DREV_OPEN target=DREV fingerprintHash=d734dfac
Q30_CASE_TIME operation=route-replay-and-service elapsedMillis=14393
PASS: Q30 service flow contracts 239 assertions seed=10 fault=DREV_OPEN

node 11 unconnected
converged after 25 iterations, timeStep = 5.0E-6
converged after 6 iterations, timeStep = 5.0E-6
node 11 unconnected
node 11 unconnected
converged after 16 iterations, timeStep = 5.0E-6
node 11 unconnected
converged after 14 iterations, timeStep = 5.0E-6
node 11 unconnected
converged after 19 iterations, timeStep = 5.0E-6
node 11 unconnected
converged after 15 iterations, timeStep = 5.0E-6
node 11 unconnected
converged after 20 iterations, timeStep = 5.0E-6
converged after 15 iterations, timeStep = 5.0E-6
node 11 unconnected
node 11 unconnected
node 11 unconnected
node 11 unconnected
node 11 unconnected
node 11 unconnected
node 11 unconnected
node 11 unconnected
node 11 unconnected
node 11 unconnected
node 11 unconnected
node 16 unconnected
node 20 unconnected
node 11 unconnected
node 11 unconnected
node 11 unconnected
node 11 unconnected
node 11 unconnected
node 11 unconnected
node 11 unconnected
node 11 unconnected
node 11 unconnected
node 16 unconnected
node 20 unconnected
node 11 unconnected
node 16 unconnected
node 20 unconnected
converged after 7 iterations, timeStep = 5.0E-6
converged after 6 iterations, timeStep = 5.0E-6
node 11 unconnected
node 16 unconnected
node 20 unconnected
converged after 40 iterations, timeStep = 5.0E-6
node 11 unconnected
node 16 unconnected
node 20 unconnected
converged after 10 iterations, timeStep = 5.0E-6
node 11 unconnected
node 16 unconnected
node 20 unconnected
converged after 16 iterations, timeStep = 5.0E-6
node 11 unconnected
node 16 unconnected
node 20 unconnected
converged after 14 iterations, timeStep = 5.0E-6
node 11 unconnected
node 16 unconnected
node 20 unconnected
converged after 18 iterations, timeStep = 5.0E-6
node 11 unconnected
node 16 unconnected
node 20 unconnected
converged after 15 iterations, timeStep = 5.0E-6
node 11 unconnected
node 16 unconnected
node 20 unconnected
converged after 16 iterations, timeStep = 5.0E-6
node 11 unconnected
node 16 unconnected
node 20 unconnected
converged after 14 iterations, timeStep = 5.0E-6
node 11 unconnected
node 16 unconnected
node 20 unconnected
converged after 18 iterations, timeStep = 5.0E-6

PASS: Q30 service flow seed=10 fault=REN_OPEN target=REN fingerprintHash=d734dfac
Q30_CASE_TIME operation=route-replay-and-service elapsedMillis=13282
PASS: Q30 service flow contracts 239 assertions seed=10 fault=REN_OPEN

node 11 unconnected
converged after 25 iterations, timeStep = 5.0E-6
converged after 6 iterations, timeStep = 5.0E-6
node 11 unconnected
node 11 unconnected
converged after 16 iterations, timeStep = 5.0E-6
node 11 unconnected
converged after 14 iterations, timeStep = 5.0E-6
node 11 unconnected
converged after 19 iterations, timeStep = 5.0E-6
node 11 unconnected
converged after 15 iterations, timeStep = 5.0E-6
node 11 unconnected
node 20 unconnected
converged after 20 iterations, timeStep = 5.0E-6
converged after 20 iterations, timeStep = 5.0E-6
node 11 unconnected
node 20 unconnected
node 11 unconnected
node 20 unconnected
node 11 unconnected
node 20 unconnected
node 11 unconnected
node 20 unconnected
node 11 unconnected
node 20 unconnected
node 11 unconnected
node 20 unconnected
node 11 unconnected
node 20 unconnected
node 11 unconnected
node 20 unconnected
node 11 unconnected
node 20 unconnected
node 11 unconnected
node 20 unconnected
node 11 unconnected
node 20 unconnected
node 21 unconnected
node 23 unconnected
node 11 unconnected
node 20 unconnected
node 11 unconnected
node 20 unconnected
node 11 unconnected
node 20 unconnected
node 11 unconnected
node 20 unconnected
node 11 unconnected
node 20 unconnected
node 11 unconnected
node 20 unconnected
node 11 unconnected
node 20 unconnected
node 11 unconnected
node 20 unconnected
node 11 unconnected
node 20 unconnected
node 21 unconnected
node 23 unconnected
node 11 unconnected
node 21 unconnected
node 23 unconnected
converged after 13 iterations, timeStep = 5.0E-6
node 11 unconnected
node 21 unconnected
node 23 unconnected
converged after 20 iterations, timeStep = 5.0E-6
converged after 6 iterations, timeStep = 5.0E-6
node 11 unconnected
node 21 unconnected
node 23 unconnected
converged after 15 iterations, timeStep = 5.0E-6
node 11 unconnected
node 21 unconnected
node 23 unconnected
converged after 16 iterations, timeStep = 5.0E-6
node 11 unconnected
node 21 unconnected
node 23 unconnected
converged after 14 iterations, timeStep = 5.0E-6
node 11 unconnected
node 21 unconnected
node 23 unconnected
converged after 19 iterations, timeStep = 5.0E-6
node 11 unconnected
node 21 unconnected
node 23 unconnected
converged after 15 iterations, timeStep = 5.0E-6
node 11 unconnected
node 21 unconnected
node 23 unconnected
converged after 16 iterations, timeStep = 5.0E-6
node 11 unconnected
node 21 unconnected
node 23 unconnected
converged after 14 iterations, timeStep = 5.0E-6
node 11 unconnected
node 21 unconnected
node 23 unconnected
converged after 19 iterations, timeStep = 5.0E-6

PASS: Q30 service flow seed=10 fault=SENSOR_A_OPEN target=RSA fingerprintHash=d734dfac
Q30_CASE_TIME operation=route-replay-and-service elapsedMillis=13354
PASS: Q30 service flow contracts 239 assertions seed=10 fault=SENSOR_A_OPEN

node 11 unconnected
converged after 25 iterations, timeStep = 5.0E-6
converged after 6 iterations, timeStep = 5.0E-6
node 11 unconnected
node 11 unconnected
converged after 16 iterations, timeStep = 5.0E-6
node 11 unconnected
converged after 14 iterations, timeStep = 5.0E-6
node 11 unconnected
converged after 19 iterations, timeStep = 5.0E-6
node 11 unconnected
converged after 15 iterations, timeStep = 5.0E-6
node 11 unconnected
converged after 14 iterations, timeStep = 5.0E-6
node 11 unconnected
converged after 15 iterations, timeStep = 5.0E-6
node 11 unconnected
node 11 unconnected
converged after 14 iterations, timeStep = 5.0E-6
node 11 unconnected
node 11 unconnected
converged after 15 iterations, timeStep = 5.0E-6
node 11 unconnected
node 11 unconnected
converged after 14 iterations, timeStep = 5.0E-6
node 11 unconnected
node 11 unconnected
converged after 15 iterations, timeStep = 5.0E-6
node 11 unconnected
node 11 unconnected
node 28 unconnected
node 30 unconnected
node 11 unconnected
node 11 unconnected
converged after 15 iterations, timeStep = 5.0E-6
node 11 unconnected
converged after 15 iterations, timeStep = 5.0E-6
node 11 unconnected
node 11 unconnected
converged after 14 iterations, timeStep = 5.0E-6
node 11 unconnected
node 11 unconnected
converged after 15 iterations, timeStep = 5.0E-6
node 11 unconnected
node 11 unconnected
node 28 unconnected
node 30 unconnected
node 11 unconnected
node 28 unconnected
node 30 unconnected
node 11 unconnected
node 28 unconnected
node 30 unconnected
converged after 23 iterations, timeStep = 5.0E-6
node 11 unconnected
node 28 unconnected
node 30 unconnected
converged after 15 iterations, timeStep = 5.0E-6
node 11 unconnected
node 28 unconnected
node 30 unconnected
converged after 16 iterations, timeStep = 5.0E-6
node 11 unconnected
node 28 unconnected
node 30 unconnected
converged after 14 iterations, timeStep = 5.0E-6
node 11 unconnected
node 28 unconnected
node 30 unconnected
converged after 19 iterations, timeStep = 5.0E-6
node 11 unconnected
node 28 unconnected
node 30 unconnected
converged after 15 iterations, timeStep = 5.0E-6
node 11 unconnected
node 28 unconnected
node 30 unconnected
converged after 16 iterations, timeStep = 5.0E-6
node 11 unconnected
node 28 unconnected
node 30 unconnected
converged after 14 iterations, timeStep = 5.0E-6
node 11 unconnected
node 28 unconnected
node 30 unconnected
converged after 19 iterations, timeStep = 5.0E-6

PASS: Q30 service flow seed=10 fault=DRIVE_A_OPEN target=RDA fingerprintHash=d734dfac
Q30_CASE_TIME operation=route-replay-and-service elapsedMillis=13303
PASS: Q30 service flow contracts 239 assertions seed=10 fault=DRIVE_A_OPEN

node 11 unconnected
converged after 25 iterations, timeStep = 5.0E-6
converged after 6 iterations, timeStep = 5.0E-6
node 11 unconnected
node 11 unconnected
converged after 16 iterations, timeStep = 5.0E-6
node 11 unconnected
converged after 14 iterations, timeStep = 5.0E-6
node 11 unconnected
converged after 19 iterations, timeStep = 5.0E-6
node 11 unconnected
converged after 15 iterations, timeStep = 5.0E-6
node 11 unconnected
converged after 14 iterations, timeStep = 5.0E-6
node 11 unconnected
converged after 15 iterations, timeStep = 5.0E-6
node 11 unconnected
node 11 unconnected
converged after 14 iterations, timeStep = 5.0E-6
node 11 unconnected
node 11 unconnected
converged after 15 iterations, timeStep = 5.0E-6
node 11 unconnected
node 11 unconnected
converged after 14 iterations, timeStep = 5.0E-6
node 11 unconnected
node 11 unconnected
converged after 15 iterations, timeStep = 5.0E-6
node 11 unconnected
node 11 unconnected
node 37 unconnected
node 40 unconnected
node 11 unconnected
node 11 unconnected
converged after 15 iterations, timeStep = 5.0E-6
node 11 unconnected
converged after 15 iterations, timeStep = 5.0E-6
node 11 unconnected
node 11 unconnected
converged after 14 iterations, timeStep = 5.0E-6
node 11 unconnected
node 11 unconnected
converged after 15 iterations, timeStep = 5.0E-6
node 11 unconnected
node 11 unconnected
node 37 unconnected
node 40 unconnected
node 11 unconnected
node 37 unconnected
node 40 unconnected
node 11 unconnected
node 37 unconnected
node 40 unconnected
converged after 23 iterations, timeStep = 5.0E-6
node 11 unconnected
node 37 unconnected
node 40 unconnected
converged after 15 iterations, timeStep = 5.0E-6
node 11 unconnected
node 37 unconnected
node 40 unconnected
converged after 16 iterations, timeStep = 5.0E-6
node 11 unconnected
node 37 unconnected
node 40 unconnected
converged after 14 iterations, timeStep = 5.0E-6
node 11 unconnected
node 37 unconnected
node 40 unconnected
converged after 19 iterations, timeStep = 5.0E-6
node 11 unconnected
node 37 unconnected
node 40 unconnected
converged after 15 iterations, timeStep = 5.0E-6
node 11 unconnected
node 37 unconnected
node 40 unconnected
converged after 16 iterations, timeStep = 5.0E-6
node 11 unconnected
node 37 unconnected
node 40 unconnected
converged after 14 iterations, timeStep = 5.0E-6
node 11 unconnected
node 37 unconnected
node 40 unconnected
converged after 19 iterations, timeStep = 5.0E-6

Q30_RESIDUAL_GUARD seed=64 simulatedSeconds=0.2 upstreamVolts=0.8572155447880575
Q30_RESIDUAL_GUARD seed=64 simulatedSeconds=0.2 upstreamVolts=0.857215544788061
PASS: Q30 service flow seed=64 fault=RELAY_B_COIL_OPEN target=KB fingerprintHash=3108bc26
Q30_CASE_TIME operation=route-replay-and-service elapsedMillis=16351
PASS: Q30 service flow contracts 261 assertions seed=64 fault=RELAY_B_COIL_OPEN

node 11 unconnected
converged after 25 iterations, timeStep = 5.0E-6
converged after 6 iterations, timeStep = 5.0E-6
node 11 unconnected
node 11 unconnected
converged after 14 iterations, timeStep = 5.0E-6
node 11 unconnected
converged after 15 iterations, timeStep = 5.0E-6
node 11 unconnected
converged after 14 iterations, timeStep = 5.0E-6
node 11 unconnected
converged after 15 iterations, timeStep = 5.0E-6
node 11 unconnected
converged after 14 iterations, timeStep = 5.0E-6
node 11 unconnected
converged after 15 iterations, timeStep = 5.0E-6
node 11 unconnected
converged after 14 iterations, timeStep = 5.0E-6
node 11 unconnected
converged after 15 iterations, timeStep = 5.0E-6
node 11 unconnected
converged after 14 iterations, timeStep = 5.0E-6
node 11 unconnected
converged after 15 iterations, timeStep = 5.0E-6
node 11 unconnected
converged after 14 iterations, timeStep = 5.0E-6
node 11 unconnected
converged after 15 iterations, timeStep = 5.0E-6
node 11 unconnected
converged after 14 iterations, timeStep = 5.0E-6
node 11 unconnected
converged after 15 iterations, timeStep = 5.0E-6
node 11 unconnected
node 11 unconnected
node 11 unconnected
node 51 unconnected
node 54 unconnected
node 57 unconnected
node 11 unconnected
node 11 unconnected
converged after 23 iterations, timeStep = 5.0E-6
node 11 unconnected
node 11 unconnected
converged after 14 iterations, timeStep = 5.0E-6
node 11 unconnected
converged after 15 iterations, timeStep = 5.0E-6
node 11 unconnected
converged after 14 iterations, timeStep = 5.0E-6
node 11 unconnected
converged after 15 iterations, timeStep = 5.0E-6
node 11 unconnected
node 11 unconnected
node 11 unconnected
node 51 unconnected
node 54 unconnected
node 57 unconnected
node 11 unconnected
node 51 unconnected
node 54 unconnected
node 11 unconnected
node 51 unconnected
node 54 unconnected
converged after 23 iterations, timeStep = 5.0E-6
node 11 unconnected
node 51 unconnected
node 54 unconnected
node 11 unconnected
node 51 unconnected
node 54 unconnected
converged after 14 iterations, timeStep = 5.0E-6
node 11 unconnected
node 51 unconnected
node 54 unconnected
converged after 15 iterations, timeStep = 5.0E-6
node 11 unconnected
node 51 unconnected
node 54 unconnected
converged after 14 iterations, timeStep = 5.0E-6
node 11 unconnected
node 51 unconnected
node 54 unconnected
converged after 15 iterations, timeStep = 5.0E-6
node 11 unconnected
node 51 unconnected
node 54 unconnected
converged after 14 iterations, timeStep = 5.0E-6
node 11 unconnected
node 51 unconnected
node 54 unconnected
converged after 15 iterations, timeStep = 5.0E-6
node 11 unconnected
node 51 unconnected
node 54 unconnected
converged after 14 iterations, timeStep = 5.0E-6

PASS: Q30 service flow seed=64 fault=DREV_OPEN target=DREV fingerprintHash=3108bc26
Q30_CASE_TIME operation=route-replay-and-service elapsedMillis=14197
PASS: Q30 service flow contracts 243 assertions seed=64 fault=DREV_OPEN

node 11 unconnected
converged after 25 iterations, timeStep = 5.0E-6
converged after 6 iterations, timeStep = 5.0E-6
node 11 unconnected
node 11 unconnected
converged after 14 iterations, timeStep = 5.0E-6
node 11 unconnected
converged after 15 iterations, timeStep = 5.0E-6
node 11 unconnected
converged after 14 iterations, timeStep = 5.0E-6
node 11 unconnected
converged after 15 iterations, timeStep = 5.0E-6
node 11 unconnected
converged after 15 iterations, timeStep = 5.0E-6
converged after 13 iterations, timeStep = 5.0E-6
node 11 unconnected
node 11 unconnected
node 11 unconnected
node 11 unconnected
node 11 unconnected
node 11 unconnected
node 11 unconnected
node 11 unconnected
node 11 unconnected
node 11 unconnected
node 11 unconnected
node 16 unconnected
node 20 unconnected
node 11 unconnected
node 11 unconnected
node 11 unconnected
node 11 unconnected
node 11 unconnected
node 11 unconnected
node 11 unconnected
node 11 unconnected
node 11 unconnected
node 16 unconnected
node 20 unconnected
node 11 unconnected
node 16 unconnected
node 20 unconnected
converged after 7 iterations, timeStep = 5.0E-6
converged after 6 iterations, timeStep = 5.0E-6
node 11 unconnected
node 16 unconnected
node 20 unconnected
converged after 40 iterations, timeStep = 5.0E-6
node 11 unconnected
node 16 unconnected
node 20 unconnected
converged after 10 iterations, timeStep = 5.0E-6
node 11 unconnected
node 16 unconnected
node 20 unconnected
converged after 14 iterations, timeStep = 5.0E-6
node 11 unconnected
node 16 unconnected
node 20 unconnected
converged after 15 iterations, timeStep = 5.0E-6
node 11 unconnected
node 16 unconnected
node 20 unconnected
converged after 14 iterations, timeStep = 5.0E-6
node 11 unconnected
node 16 unconnected
node 20 unconnected
converged after 15 iterations, timeStep = 5.0E-6
node 11 unconnected
node 16 unconnected
node 20 unconnected
converged after 14 iterations, timeStep = 5.0E-6
node 11 unconnected
node 16 unconnected
node 20 unconnected
converged after 15 iterations, timeStep = 5.0E-6
node 11 unconnected
node 16 unconnected
node 20 unconnected
converged after 14 iterations, timeStep = 5.0E-6

PASS: Q30 service flow seed=64 fault=REN_OPEN target=REN fingerprintHash=3108bc26
Q30_CASE_TIME operation=route-replay-and-service elapsedMillis=13596
PASS: Q30 service flow contracts 243 assertions seed=64 fault=REN_OPEN

node 11 unconnected
converged after 25 iterations, timeStep = 5.0E-6
converged after 6 iterations, timeStep = 5.0E-6
node 11 unconnected
node 11 unconnected
converged after 14 iterations, timeStep = 5.0E-6
node 11 unconnected
converged after 15 iterations, timeStep = 5.0E-6
node 11 unconnected
converged after 14 iterations, timeStep = 5.0E-6
node 11 unconnected
converged after 15 iterations, timeStep = 5.0E-6
node 11 unconnected
node 20 unconnected
converged after 18 iterations, timeStep = 5.0E-6
converged after 12 iterations, timeStep = 5.0E-6
node 11 unconnected
node 20 unconnected
node 11 unconnected
node 20 unconnected
node 11 unconnected
node 20 unconnected
node 11 unconnected
node 20 unconnected
node 11 unconnected
node 20 unconnected
node 11 unconnected
node 20 unconnected
node 11 unconnected
node 20 unconnected
node 11 unconnected
node 20 unconnected
node 11 unconnected
node 20 unconnected
node 11 unconnected
node 20 unconnected
node 11 unconnected
node 20 unconnected
node 21 unconnected
node 23 unconnected
node 11 unconnected
node 20 unconnected
node 11 unconnected
node 20 unconnected
node 11 unconnected
node 20 unconnected
node 11 unconnected
node 20 unconnected
node 11 unconnected
node 20 unconnected
node 11 unconnected
node 20 unconnected
node 11 unconnected
node 20 unconnected
node 11 unconnected
node 20 unconnected
node 11 unconnected
node 20 unconnected
node 21 unconnected
node 23 unconnected
node 11 unconnected
node 21 unconnected
node 23 unconnected
converged after 13 iterations, timeStep = 5.0E-6
node 11 unconnected
node 21 unconnected
node 23 unconnected
converged after 14 iterations, timeStep = 5.0E-6
converged after 6 iterations, timeStep = 5.0E-6
node 11 unconnected
node 21 unconnected
node 23 unconnected
converged after 15 iterations, timeStep = 5.0E-6
node 11 unconnected
node 21 unconnected
node 23 unconnected
converged after 14 iterations, timeStep = 5.0E-6
node 11 unconnected
node 21 unconnected
node 23 unconnected
converged after 15 iterations, timeStep = 5.0E-6
node 11 unconnected
node 21 unconnected
node 23 unconnected
converged after 14 iterations, timeStep = 5.0E-6
node 11 unconnected
node 21 unconnected
node 23 unconnected
converged after 15 iterations, timeStep = 5.0E-6
node 11 unconnected
node 21 unconnected
node 23 unconnected
converged after 14 iterations, timeStep = 5.0E-6
node 11 unconnected
node 21 unconnected
node 23 unconnected
converged after 15 iterations, timeStep = 5.0E-6
node 11 unconnected
node 21 unconnected
node 23 unconnected
converged after 14 iterations, timeStep = 5.0E-6

PASS: Q30 service flow seed=64 fault=SENSOR_A_OPEN target=RSA fingerprintHash=3108bc26
Q30_CASE_TIME operation=route-replay-and-service elapsedMillis=13828
PASS: Q30 service flow contracts 243 assertions seed=64 fault=SENSOR_A_OPEN

node 11 unconnected
converged after 25 iterations, timeStep = 5.0E-6
converged after 6 iterations, timeStep = 5.0E-6
node 11 unconnected
node 11 unconnected
converged after 14 iterations, timeStep = 5.0E-6
node 11 unconnected
converged after 15 iterations, timeStep = 5.0E-6
node 11 unconnected
converged after 14 iterations, timeStep = 5.0E-6
node 11 unconnected
converged after 15 iterations, timeStep = 5.0E-6
node 11 unconnected
converged after 14 iterations, timeStep = 5.0E-6
node 11 unconnected
converged after 15 iterations, timeStep = 5.0E-6
node 11 unconnected
node 11 unconnected
converged after 14 iterations, timeStep = 5.0E-6
node 11 unconnected
node 11 unconnected
converged after 15 iterations, timeStep = 5.0E-6
node 11 unconnected
node 11 unconnected
converged after 14 iterations, timeStep = 5.0E-6
node 11 unconnected
node 11 unconnected
converged after 15 iterations, timeStep = 5.0E-6
node 11 unconnected
node 11 unconnected
node 28 unconnected
node 30 unconnected
node 11 unconnected
node 11 unconnected
converged after 19 iterations, timeStep = 5.0E-6
node 11 unconnected
node 11 unconnected
node 11 unconnected
converged after 14 iterations, timeStep = 5.0E-6
node 11 unconnected
node 11 unconnected
converged after 15 iterations, timeStep = 5.0E-6
node 11 unconnected
node 11 unconnected
node 28 unconnected
node 30 unconnected
node 11 unconnected
node 28 unconnected
node 30 unconnected
node 11 unconnected
node 28 unconnected
node 30 unconnected
converged after 19 iterations, timeStep = 5.0E-6
node 11 unconnected
node 28 unconnected
node 30 unconnected
node 11 unconnected
node 28 unconnected
node 30 unconnected
converged after 14 iterations, timeStep = 5.0E-6
node 11 unconnected
node 28 unconnected
node 30 unconnected
converged after 15 iterations, timeStep = 5.0E-6
node 11 unconnected
node 28 unconnected
node 30 unconnected
converged after 14 iterations, timeStep = 5.0E-6
node 11 unconnected
node 28 unconnected
node 30 unconnected
converged after 15 iterations, timeStep = 5.0E-6
node 11 unconnected
node 28 unconnected
node 30 unconnected
converged after 14 iterations, timeStep = 5.0E-6
node 11 unconnected
node 28 unconnected
node 30 unconnected
converged after 15 iterations, timeStep = 5.0E-6
node 11 unconnected
node 28 unconnected
node 30 unconnected
converged after 14 iterations, timeStep = 5.0E-6

PASS: Q30 service flow seed=64 fault=DRIVE_A_OPEN target=RDA fingerprintHash=3108bc26
Q30_CASE_TIME operation=route-replay-and-service elapsedMillis=13623
PASS: Q30 service flow contracts 243 assertions seed=64 fault=DRIVE_A_OPEN

node 11 unconnected
converged after 25 iterations, timeStep = 5.0E-6
converged after 6 iterations, timeStep = 5.0E-6
node 11 unconnected
node 11 unconnected
converged after 14 iterations, timeStep = 5.0E-6
node 11 unconnected
converged after 15 iterations, timeStep = 5.0E-6
node 11 unconnected
converged after 14 iterations, timeStep = 5.0E-6
node 11 unconnected
converged after 15 iterations, timeStep = 5.0E-6
node 11 unconnected
converged after 14 iterations, timeStep = 5.0E-6
node 11 unconnected
converged after 15 iterations, timeStep = 5.0E-6
node 11 unconnected
node 11 unconnected
converged after 14 iterations, timeStep = 5.0E-6
node 11 unconnected
node 11 unconnected
converged after 15 iterations, timeStep = 5.0E-6
node 11 unconnected
node 11 unconnected
converged after 14 iterations, timeStep = 5.0E-6
node 11 unconnected
node 11 unconnected
converged after 15 iterations, timeStep = 5.0E-6
node 11 unconnected
node 11 unconnected
node 37 unconnected
node 40 unconnected
node 11 unconnected
node 11 unconnected
converged after 19 iterations, timeStep = 5.0E-6
node 11 unconnected
node 11 unconnected
node 11 unconnected
converged after 14 iterations, timeStep = 5.0E-6
node 11 unconnected
node 11 unconnected
converged after 15 iterations, timeStep = 5.0E-6
node 11 unconnected
node 11 unconnected
node 37 unconnected
node 40 unconnected
node 11 unconnected
node 37 unconnected
node 40 unconnected
node 11 unconnected
node 37 unconnected
node 40 unconnected
converged after 19 iterations, timeStep = 5.0E-6
node 11 unconnected
node 37 unconnected
node 40 unconnected
node 11 unconnected
node 37 unconnected
node 40 unconnected
converged after 14 iterations, timeStep = 5.0E-6
node 11 unconnected
node 37 unconnected
node 40 unconnected
converged after 15 iterations, timeStep = 5.0E-6
node 11 unconnected
node 37 unconnected
node 40 unconnected
converged after 14 iterations, timeStep = 5.0E-6
node 11 unconnected
node 37 unconnected
node 40 unconnected
converged after 15 iterations, timeStep = 5.0E-6
node 11 unconnected
node 37 unconnected
node 40 unconnected
converged after 14 iterations, timeStep = 5.0E-6
node 11 unconnected
node 37 unconnected
node 40 unconnected
converged after 15 iterations, timeStep = 5.0E-6
node 11 unconnected
node 37 unconnected
node 40 unconnected
converged after 14 iterations, timeStep = 5.0E-6

PASS: Q30 service flow census attempted=40 passed=40 failed=0 failedCases=none seeds=7,13,4,14,43,3,10,64 faults=5 order=RELAY_B_COIL_OPEN,DREV_OPEN,REN_OPEN,SENSOR_A_OPEN,DRIVE_A_OPEN childBudgetMs=60000
Q30_STEP_PROFILE seed=7 fault=DREV_OPEN profile=initial-electrical-settle boundary=BEGIN stepRole=FINER_2_5_US_REFERENCE declaredMaximumStepSeconds=2.50000000e-06 configuredMaximumStepSeconds=2.50000000e-06 actualCurrentStepSeconds=2.50000000e-06 observedMinimumStepSeconds=2.50000000e-06 observedMaximumStepSeconds=2.50000000e-06 minimumTimeStepSeconds=5.00000000e-11 adaptive=true
Q30_STEP_PROFILE seed=7 fault=DREV_OPEN profile=initial-electrical-settle boundary=END stepRole=FINER_2_5_US_REFERENCE declaredMaximumStepSeconds=2.50000000e-06 configuredMaximumStepSeconds=2.50000000e-06 actualCurrentStepSeconds=2.50000000e-06 observedMinimumStepSeconds=2.50000000e-06 observedMaximumStepSeconds=2.50000000e-06 minimumTimeStepSeconds=5.00000000e-11 adaptive=true
Q30_STEP_PROFILE seed=7 fault=DREV_OPEN profile=healthy-preparation boundary=BEGIN stepRole=FINER_2_5_US_REFERENCE declaredMaximumStepSeconds=2.50000000e-06 configuredMaximumStepSeconds=2.50000000e-06 actualCurrentStepSeconds=2.50000000e-06 observedMinimumStepSeconds=2.50000000e-06 observedMaximumStepSeconds=2.50000000e-06 minimumTimeStepSeconds=5.00000000e-11 adaptive=true
Q30_STEP_PROFILE seed=7 fault=DREV_OPEN profile=healthy-preparation boundary=END stepRole=FINER_2_5_US_REFERENCE declaredMaximumStepSeconds=2.50000000e-06 configuredMaximumStepSeconds=2.50000000e-06 actualCurrentStepSeconds=2.50000000e-06 observedMinimumStepSeconds=2.50000000e-06 observedMaximumStepSeconds=2.50000000e-06 minimumTimeStepSeconds=5.00000000e-11 adaptive=true
Q30_STEP_PROFILE seed=7 fault=DREV_OPEN profile=fault-profile-preparation boundary=BEGIN stepRole=FINER_2_5_US_REFERENCE declaredMaximumStepSeconds=2.50000000e-06 configuredMaximumStepSeconds=2.50000000e-06 actualCurrentStepSeconds=2.50000000e-06 observedMinimumStepSeconds=2.50000000e-06 observedMaximumStepSeconds=2.50000000e-06 minimumTimeStepSeconds=5.00000000e-11 adaptive=true
Q30_STEP_PROFILE seed=7 fault=DREV_OPEN profile=fault-profile-preparation boundary=END stepRole=FINER_2_5_US_REFERENCE declaredMaximumStepSeconds=2.50000000e-06 configuredMaximumStepSeconds=2.50000000e-06 actualCurrentStepSeconds=2.50000000e-06 observedMinimumStepSeconds=2.50000000e-06 observedMaximumStepSeconds=2.50000000e-06 minimumTimeStepSeconds=5.00000000e-11 adaptive=true
Q30_STEP_PROFILE seed=7 fault=DREV_OPEN profile=faulted-four-input-profile boundary=BEGIN stepRole=FINER_2_5_US_REFERENCE declaredMaximumStepSeconds=2.50000000e-06 configuredMaximumStepSeconds=2.50000000e-06 actualCurrentStepSeconds=2.50000000e-06 observedMinimumStepSeconds=2.50000000e-06 observedMaximumStepSeconds=2.50000000e-06 minimumTimeStepSeconds=5.00000000e-11 adaptive=true
Q30_STEP_PROFILE seed=7 fault=DREV_OPEN profile=faulted-four-input-profile boundary=END stepRole=FINER_2_5_US_REFERENCE declaredMaximumStepSeconds=2.50000000e-06 configuredMaximumStepSeconds=2.50000000e-06 actualCurrentStepSeconds=2.50000000e-06 observedMinimumStepSeconds=2.50000000e-06 observedMaximumStepSeconds=2.50000000e-06 minimumTimeStepSeconds=5.00000000e-11 adaptive=true
Q30_STEP_PROFILE seed=7 fault=DREV_OPEN profile=unrepaired-customer-retest boundary=BEGIN stepRole=FINER_2_5_US_REFERENCE declaredMaximumStepSeconds=2.50000000e-06 configuredMaximumStepSeconds=2.50000000e-06 actualCurrentStepSeconds=2.50000000e-06 observedMinimumStepSeconds=2.50000000e-06 observedMaximumStepSeconds=2.50000000e-06 minimumTimeStepSeconds=5.00000000e-11 adaptive=true
Q30_STEP_PROFILE seed=7 fault=DREV_OPEN profile=unrepaired-customer-retest boundary=END stepRole=FINER_2_5_US_REFERENCE declaredMaximumStepSeconds=2.50000000e-06 configuredMaximumStepSeconds=2.50000000e-06 actualCurrentStepSeconds=2.50000000e-06 observedMinimumStepSeconds=2.50000000e-06 observedMaximumStepSeconds=2.50000000e-06 minimumTimeStepSeconds=5.00000000e-11 adaptive=true
Q30_STEP_PROFILE seed=7 fault=DREV_OPEN profile=service-power-off-wait boundary=BEGIN stepRole=FINER_2_5_US_REFERENCE declaredMaximumStepSeconds=2.50000000e-06 configuredMaximumStepSeconds=2.50000000e-06 actualCurrentStepSeconds=2.50000000e-06 observedMinimumStepSeconds=2.50000000e-06 observedMaximumStepSeconds=2.50000000e-06 minimumTimeStepSeconds=5.00000000e-11 adaptive=true
Q30_STEP_PROFILE seed=7 fault=DREV_OPEN profile=service-power-off-wait boundary=END stepRole=FINER_2_5_US_REFERENCE declaredMaximumStepSeconds=2.50000000e-06 configuredMaximumStepSeconds=2.50000000e-06 actualCurrentStepSeconds=2.50000000e-06 observedMinimumStepSeconds=2.50000000e-06 observedMaximumStepSeconds=2.50000000e-06 minimumTimeStepSeconds=5.00000000e-11 adaptive=true
Q30_STEP_PROFILE seed=7 fault=DREV_OPEN profile=reinstalled-original-customer-retest boundary=BEGIN stepRole=FINER_2_5_US_REFERENCE declaredMaximumStepSeconds=2.50000000e-06 configuredMaximumStepSeconds=2.50000000e-06 actualCurrentStepSeconds=2.50000000e-06 observedMinimumStepSeconds=2.50000000e-06 observedMaximumStepSeconds=2.50000000e-06 minimumTimeStepSeconds=5.00000000e-11 adaptive=true
Q30_STEP_PROFILE seed=7 fault=DREV_OPEN profile=reinstalled-original-customer-retest boundary=END stepRole=FINER_2_5_US_REFERENCE declaredMaximumStepSeconds=2.50000000e-06 configuredMaximumStepSeconds=2.50000000e-06 actualCurrentStepSeconds=2.50000000e-06 observedMinimumStepSeconds=2.50000000e-06 observedMaximumStepSeconds=2.50000000e-06 minimumTimeStepSeconds=5.00000000e-11 adaptive=true
Q30_STEP_PROFILE seed=7 fault=DREV_OPEN profile=service-power-off-wait boundary=BEGIN stepRole=FINER_2_5_US_REFERENCE declaredMaximumStepSeconds=2.50000000e-06 configuredMaximumStepSeconds=2.50000000e-06 actualCurrentStepSeconds=2.50000000e-06 observedMinimumStepSeconds=2.50000000e-06 observedMaximumStepSeconds=2.50000000e-06 minimumTimeStepSeconds=5.00000000e-11 adaptive=true
Q30_STEP_PROFILE seed=7 fault=DREV_OPEN profile=service-power-off-wait boundary=END stepRole=FINER_2_5_US_REFERENCE declaredMaximumStepSeconds=2.50000000e-06 configuredMaximumStepSeconds=2.50000000e-06 actualCurrentStepSeconds=2.50000000e-06 observedMinimumStepSeconds=2.50000000e-06 observedMaximumStepSeconds=2.50000000e-06 minimumTimeStepSeconds=5.00000000e-11 adaptive=true
Q30_STEP_PROFILE seed=7 fault=DREV_OPEN profile=repaired-customer-retest boundary=BEGIN stepRole=FINER_2_5_US_REFERENCE declaredMaximumStepSeconds=2.50000000e-06 configuredMaximumStepSeconds=2.50000000e-06 actualCurrentStepSeconds=2.50000000e-06 observedMinimumStepSeconds=2.50000000e-06 observedMaximumStepSeconds=2.50000000e-06 minimumTimeStepSeconds=5.00000000e-11 adaptive=true
Q30_STEP_PROFILE seed=7 fault=DREV_OPEN profile=repaired-customer-retest boundary=END stepRole=FINER_2_5_US_REFERENCE declaredMaximumStepSeconds=2.50000000e-06 configuredMaximumStepSeconds=2.50000000e-06 actualCurrentStepSeconds=2.50000000e-06 observedMinimumStepSeconds=2.50000000e-06 observedMaximumStepSeconds=2.50000000e-06 minimumTimeStepSeconds=5.00000000e-11 adaptive=true
Q30_STEP_OWNER_CLEANUP seed=7 fault=DREV_OPEN declaredMaximumStepSeconds=2.50000000e-06 stepRole=FINER_2_5_US_REFERENCE cleanup=true elapsedMillis=0
Q30_STEP_PROFILE seed=7 fault=DREV_OPEN profile=initial-electrical-settle boundary=BEGIN stepRole=PRODUCTION_5_US declaredMaximumStepSeconds=5.00000000e-06 configuredMaximumStepSeconds=5.00000000e-06 actualCurrentStepSeconds=5.00000000e-06 observedMinimumStepSeconds=5.00000000e-06 observedMaximumStepSeconds=5.00000000e-06 minimumTimeStepSeconds=5.00000000e-11 adaptive=true
Q30_STEP_PROFILE seed=7 fault=DREV_OPEN profile=initial-electrical-settle boundary=END stepRole=PRODUCTION_5_US declaredMaximumStepSeconds=5.00000000e-06 configuredMaximumStepSeconds=5.00000000e-06 actualCurrentStepSeconds=5.00000000e-06 observedMinimumStepSeconds=5.00000000e-06 observedMaximumStepSeconds=5.00000000e-06 minimumTimeStepSeconds=5.00000000e-11 adaptive=true
Q30_STEP_PROFILE seed=7 fault=DREV_OPEN profile=healthy-preparation boundary=BEGIN stepRole=PRODUCTION_5_US declaredMaximumStepSeconds=5.00000000e-06 configuredMaximumStepSeconds=5.00000000e-06 actualCurrentStepSeconds=5.00000000e-06 observedMinimumStepSeconds=5.00000000e-06 observedMaximumStepSeconds=5.00000000e-06 minimumTimeStepSeconds=5.00000000e-11 adaptive=true
Q30_STEP_PROFILE seed=7 fault=DREV_OPEN profile=healthy-preparation boundary=END stepRole=PRODUCTION_5_US declaredMaximumStepSeconds=5.00000000e-06 configuredMaximumStepSeconds=5.00000000e-06 actualCurrentStepSeconds=5.00000000e-06 observedMinimumStepSeconds=5.00000000e-06 observedMaximumStepSeconds=5.00000000e-06 minimumTimeStepSeconds=5.00000000e-11 adaptive=true
Q30_STEP_PROFILE seed=7 fault=DREV_OPEN profile=fault-profile-preparation boundary=BEGIN stepRole=PRODUCTION_5_US declaredMaximumStepSeconds=5.00000000e-06 configuredMaximumStepSeconds=5.00000000e-06 actualCurrentStepSeconds=5.00000000e-06 observedMinimumStepSeconds=5.00000000e-06 observedMaximumStepSeconds=5.00000000e-06 minimumTimeStepSeconds=5.00000000e-11 adaptive=true
Q30_STEP_PROFILE seed=7 fault=DREV_OPEN profile=fault-profile-preparation boundary=END stepRole=PRODUCTION_5_US declaredMaximumStepSeconds=5.00000000e-06 configuredMaximumStepSeconds=5.00000000e-06 actualCurrentStepSeconds=5.00000000e-06 observedMinimumStepSeconds=5.00000000e-06 observedMaximumStepSeconds=5.00000000e-06 minimumTimeStepSeconds=5.00000000e-11 adaptive=true
Q30_STEP_PROFILE seed=7 fault=DREV_OPEN profile=faulted-four-input-profile boundary=BEGIN stepRole=PRODUCTION_5_US declaredMaximumStepSeconds=5.00000000e-06 configuredMaximumStepSeconds=5.00000000e-06 actualCurrentStepSeconds=5.00000000e-06 observedMinimumStepSeconds=5.00000000e-06 observedMaximumStepSeconds=5.00000000e-06 minimumTimeStepSeconds=5.00000000e-11 adaptive=true
Q30_STEP_PROFILE seed=7 fault=DREV_OPEN profile=faulted-four-input-profile boundary=END stepRole=PRODUCTION_5_US declaredMaximumStepSeconds=5.00000000e-06 configuredMaximumStepSeconds=5.00000000e-06 actualCurrentStepSeconds=5.00000000e-06 observedMinimumStepSeconds=5.00000000e-06 observedMaximumStepSeconds=5.00000000e-06 minimumTimeStepSeconds=5.00000000e-11 adaptive=true
Q30_STEP_PROFILE seed=7 fault=DREV_OPEN profile=unrepaired-customer-retest boundary=BEGIN stepRole=PRODUCTION_5_US declaredMaximumStepSeconds=5.00000000e-06 configuredMaximumStepSeconds=5.00000000e-06 actualCurrentStepSeconds=5.00000000e-06 observedMinimumStepSeconds=5.00000000e-06 observedMaximumStepSeconds=5.00000000e-06 minimumTimeStepSeconds=5.00000000e-11 adaptive=true
Q30_STEP_PROFILE seed=7 fault=DREV_OPEN profile=unrepaired-customer-retest boundary=END stepRole=PRODUCTION_5_US declaredMaximumStepSeconds=5.00000000e-06 configuredMaximumStepSeconds=5.00000000e-06 actualCurrentStepSeconds=5.00000000e-06 observedMinimumStepSeconds=5.00000000e-06 observedMaximumStepSeconds=5.00000000e-06 minimumTimeStepSeconds=5.00000000e-11 adaptive=true
Q30_STEP_PROFILE seed=7 fault=DREV_OPEN profile=service-power-off-wait boundary=BEGIN stepRole=PRODUCTION_5_US declaredMaximumStepSeconds=5.00000000e-06 configuredMaximumStepSeconds=5.00000000e-06 actualCurrentStepSeconds=5.00000000e-06 observedMinimumStepSeconds=5.00000000e-06 observedMaximumStepSeconds=5.00000000e-06 minimumTimeStepSeconds=5.00000000e-11 adaptive=true
Q30_STEP_PROFILE seed=7 fault=DREV_OPEN profile=service-power-off-wait boundary=END stepRole=PRODUCTION_5_US declaredMaximumStepSeconds=5.00000000e-06 configuredMaximumStepSeconds=5.00000000e-06 actualCurrentStepSeconds=5.00000000e-06 observedMinimumStepSeconds=5.00000000e-06 observedMaximumStepSeconds=5.00000000e-06 minimumTimeStepSeconds=5.00000000e-11 adaptive=true
Q30_STEP_PROFILE seed=7 fault=DREV_OPEN profile=reinstalled-original-customer-retest boundary=BEGIN stepRole=PRODUCTION_5_US declaredMaximumStepSeconds=5.00000000e-06 configuredMaximumStepSeconds=5.00000000e-06 actualCurrentStepSeconds=5.00000000e-06 observedMinimumStepSeconds=5.00000000e-06 observedMaximumStepSeconds=5.00000000e-06 minimumTimeStepSeconds=5.00000000e-11 adaptive=true
Q30_STEP_PROFILE seed=7 fault=DREV_OPEN profile=reinstalled-original-customer-retest boundary=END stepRole=PRODUCTION_5_US declaredMaximumStepSeconds=5.00000000e-06 configuredMaximumStepSeconds=5.00000000e-06 actualCurrentStepSeconds=5.00000000e-06 observedMinimumStepSeconds=5.00000000e-06 observedMaximumStepSeconds=5.00000000e-06 minimumTimeStepSeconds=5.00000000e-11 adaptive=true
Q30_STEP_PROFILE seed=7 fault=DREV_OPEN profile=service-power-off-wait boundary=BEGIN stepRole=PRODUCTION_5_US declaredMaximumStepSeconds=5.00000000e-06 configuredMaximumStepSeconds=5.00000000e-06 actualCurrentStepSeconds=5.00000000e-06 observedMinimumStepSeconds=5.00000000e-06 observedMaximumStepSeconds=5.00000000e-06 minimumTimeStepSeconds=5.00000000e-11 adaptive=true
Q30_STEP_PROFILE seed=7 fault=DREV_OPEN profile=service-power-off-wait boundary=END stepRole=PRODUCTION_5_US declaredMaximumStepSeconds=5.00000000e-06 configuredMaximumStepSeconds=5.00000000e-06 actualCurrentStepSeconds=5.00000000e-06 observedMinimumStepSeconds=5.00000000e-06 observedMaximumStepSeconds=5.00000000e-06 minimumTimeStepSeconds=5.00000000e-11 adaptive=true
Q30_STEP_PROFILE seed=7 fault=DREV_OPEN profile=repaired-customer-retest boundary=BEGIN stepRole=PRODUCTION_5_US declaredMaximumStepSeconds=5.00000000e-06 configuredMaximumStepSeconds=5.00000000e-06 actualCurrentStepSeconds=5.00000000e-06 observedMinimumStepSeconds=5.00000000e-06 observedMaximumStepSeconds=5.00000000e-06 minimumTimeStepSeconds=5.00000000e-11 adaptive=true
Q30_STEP_PROFILE seed=7 fault=DREV_OPEN profile=repaired-customer-retest boundary=END stepRole=PRODUCTION_5_US declaredMaximumStepSeconds=5.00000000e-06 configuredMaximumStepSeconds=5.00000000e-06 actualCurrentStepSeconds=5.00000000e-06 observedMinimumStepSeconds=5.00000000e-06 observedMaximumStepSeconds=5.00000000e-06 minimumTimeStepSeconds=5.00000000e-11 adaptive=true
Q30_STEP_OWNER_CLEANUP seed=7 fault=DREV_OPEN declaredMaximumStepSeconds=5.00000000e-06 stepRole=PRODUCTION_5_US cleanup=true elapsedMillis=0
Q30_STEP_PAIR seed=7 support=COMPACT_33 fault=DREV_OPEN referenceMaximumStepSeconds=2.50000000e-06 productionCandidateMaximumStepSeconds=5.00000000e-06 candidateKind=PRODUCTION_5_US maxDeltaVolts=0.00609987118 toleranceVolts=0.0159803513 phase=faulted sample=SENSORS_LOW/U1.OUTPUT-J1.2 referenceElapsedMillis=15968 productionCandidateElapsedMillis=8270 referenceSimSeconds=1.16019250 productionCandidateSimSeconds=1.16036000 referenceCleanupMillis=0 productionCandidateCleanupMillis=0 cleanup=true
Q30_STEP_SEED seed=7 support=COMPACT_33 referenceMaximumStepSeconds=2.50000000e-06 productionCandidateMaximumStepSeconds=5.00000000e-06 candidateKind=PRODUCTION_5_US routeTopology=RB30_SEPARATE_DIRECT_A_BJT_B_BJT_COMPACT_33 routeAndPairsElapsedMillis=28607
Q30_STEP_SEED_CLEANUP seed=7 cleanup=true elapsedMillis=0
PASS: Q30 production solver step sensitivity assertions=1459 seed=7 support=COMPACT_33 faults=1 referenceMaximumStepSeconds=2.50000000e-06 productionCandidateMaximumStepSeconds=5.00000000e-06 candidateKind=PRODUCTION_5_US elapsedMillis=28607

node 11 unconnected
converged after 25 iterations, timeStep = 2.5E-6
converged after 9 iterations, timeStep = 2.5E-6
node 11 unconnected
node 11 unconnected
converged after 10 iterations, timeStep = 2.5E-6
node 11 unconnected
converged after 10 iterations, timeStep = 2.5E-6
node 11 unconnected
converged after 9 iterations, timeStep = 2.5E-6
node 11 unconnected
converged after 10 iterations, timeStep = 2.5E-6
node 11 unconnected
converged after 15 iterations, timeStep = 2.5E-6
converged after 18 iterations, timeStep = 2.5E-6
node 11 unconnected
node 11 unconnected
node 11 unconnected
node 11 unconnected
node 11 unconnected
node 11 unconnected
node 11 unconnected
node 11 unconnected
node 11 unconnected
node 11 unconnected
node 11 unconnected
node 11 unconnected
node 11 unconnected
node 11 unconnected
node 11 unconnected
node 16 unconnected
node 20 unconnected
node 11 unconnected
node 11 unconnected
node 11 unconnected
node 11 unconnected
node 11 unconnected
node 11 unconnected
node 11 unconnected
node 11 unconnected
node 11 unconnected
node 11 unconnected
node 11 unconnected
node 11 unconnected
node 11 unconnected
node 16 unconnected
node 20 unconnected
node 11 unconnected
node 16 unconnected
node 20 unconnected
converged after 6 iterations, timeStep = 2.5E-6
converged after 7 iterations, timeStep = 2.5E-6
node 11 unconnected
node 16 unconnected
node 20 unconnected
converged after 40 iterations, timeStep = 2.5E-6
node 11 unconnected
node 16 unconnected
node 20 unconnected
converged after 9 iterations, timeStep = 2.5E-6
node 11 unconnected
node 16 unconnected
node 20 unconnected
converged after 10 iterations, timeStep = 2.5E-6
node 11 unconnected
node 16 unconnected
node 20 unconnected
converged after 10 iterations, timeStep = 2.5E-6
node 11 unconnected
node 16 unconnected
node 20 unconnected
converged after 9 iterations, timeStep = 2.5E-6
node 11 unconnected
converged after 25 iterations, timeStep = 5.0E-6
converged after 6 iterations, timeStep = 5.0E-6
node 11 unconnected
node 11 unconnected
converged after 16 iterations, timeStep = 5.0E-6
node 11 unconnected
converged after 19 iterations, timeStep = 5.0E-6
node 11 unconnected
converged after 19 iterations, timeStep = 5.0E-6
node 11 unconnected
converged after 10 iterations, timeStep = 5.0E-6
node 11 unconnected
converged after 16 iterations, timeStep = 5.0E-6
converged after 9 iterations, timeStep = 5.0E-6
node 11 unconnected
node 11 unconnected
node 11 unconnected
node 11 unconnected
node 11 unconnected
node 11 unconnected
node 11 unconnected
node 11 unconnected
node 11 unconnected
node 11 unconnected
node 11 unconnected
node 11 unconnected
node 11 unconnected
node 11 unconnected
node 11 unconnected
node 16 unconnected
node 20 unconnected
node 11 unconnected
node 11 unconnected
node 11 unconnected
node 11 unconnected
node 11 unconnected
node 11 unconnected
node 11 unconnected
node 11 unconnected
node 11 unconnected
node 11 unconnected
node 11 unconnected
node 11 unconnected
node 11 unconnected
node 16 unconnected
node 20 unconnected
node 11 unconnected
node 16 unconnected
node 20 unconnected
converged after 6 iterations, timeStep = 5.0E-6
converged after 6 iterations, timeStep = 5.0E-6
node 11 unconnected
node 16 unconnected
node 20 unconnected
converged after 40 iterations, timeStep = 5.0E-6
node 11 unconnected
node 16 unconnected
node 20 unconnected
converged after 10 iterations, timeStep = 5.0E-6
node 11 unconnected
node 16 unconnected
node 20 unconnected
converged after 16 iterations, timeStep = 5.0E-6
node 11 unconnected
node 16 unconnected
node 20 unconnected
converged after 17 iterations, timeStep = 5.0E-6
node 11 unconnected
node 16 unconnected
node 20 unconnected
converged after 18 iterations, timeStep = 5.0E-6

Q30_STEP_PROFILE seed=7 fault=REN_OPEN profile=initial-electrical-settle boundary=BEGIN stepRole=FINER_2_5_US_REFERENCE declaredMaximumStepSeconds=2.50000000e-06 configuredMaximumStepSeconds=2.50000000e-06 actualCurrentStepSeconds=2.50000000e-06 observedMinimumStepSeconds=2.50000000e-06 observedMaximumStepSeconds=2.50000000e-06 minimumTimeStepSeconds=5.00000000e-11 adaptive=true
Q30_STEP_PROFILE seed=7 fault=REN_OPEN profile=initial-electrical-settle boundary=END stepRole=FINER_2_5_US_REFERENCE declaredMaximumStepSeconds=2.50000000e-06 configuredMaximumStepSeconds=2.50000000e-06 actualCurrentStepSeconds=2.50000000e-06 observedMinimumStepSeconds=2.50000000e-06 observedMaximumStepSeconds=2.50000000e-06 minimumTimeStepSeconds=5.00000000e-11 adaptive=true
Q30_STEP_PROFILE seed=7 fault=REN_OPEN profile=healthy-preparation boundary=BEGIN stepRole=FINER_2_5_US_REFERENCE declaredMaximumStepSeconds=2.50000000e-06 configuredMaximumStepSeconds=2.50000000e-06 actualCurrentStepSeconds=2.50000000e-06 observedMinimumStepSeconds=2.50000000e-06 observedMaximumStepSeconds=2.50000000e-06 minimumTimeStepSeconds=5.00000000e-11 adaptive=true
Q30_STEP_PROFILE seed=7 fault=REN_OPEN profile=healthy-preparation boundary=END stepRole=FINER_2_5_US_REFERENCE declaredMaximumStepSeconds=2.50000000e-06 configuredMaximumStepSeconds=2.50000000e-06 actualCurrentStepSeconds=2.50000000e-06 observedMinimumStepSeconds=2.50000000e-06 observedMaximumStepSeconds=2.50000000e-06 minimumTimeStepSeconds=5.00000000e-11 adaptive=true
Q30_STEP_PROFILE seed=7 fault=REN_OPEN profile=fault-profile-preparation boundary=BEGIN stepRole=FINER_2_5_US_REFERENCE declaredMaximumStepSeconds=2.50000000e-06 configuredMaximumStepSeconds=2.50000000e-06 actualCurrentStepSeconds=2.50000000e-06 observedMinimumStepSeconds=2.50000000e-06 observedMaximumStepSeconds=2.50000000e-06 minimumTimeStepSeconds=5.00000000e-11 adaptive=true
Q30_STEP_PROFILE seed=7 fault=REN_OPEN profile=fault-profile-preparation boundary=END stepRole=FINER_2_5_US_REFERENCE declaredMaximumStepSeconds=2.50000000e-06 configuredMaximumStepSeconds=2.50000000e-06 actualCurrentStepSeconds=2.50000000e-06 observedMinimumStepSeconds=2.50000000e-06 observedMaximumStepSeconds=2.50000000e-06 minimumTimeStepSeconds=5.00000000e-11 adaptive=true
Q30_STEP_PROFILE seed=7 fault=REN_OPEN profile=faulted-four-input-profile boundary=BEGIN stepRole=FINER_2_5_US_REFERENCE declaredMaximumStepSeconds=2.50000000e-06 configuredMaximumStepSeconds=2.50000000e-06 actualCurrentStepSeconds=2.50000000e-06 observedMinimumStepSeconds=2.50000000e-06 observedMaximumStepSeconds=2.50000000e-06 minimumTimeStepSeconds=5.00000000e-11 adaptive=true
Q30_STEP_PROFILE seed=7 fault=REN_OPEN profile=faulted-four-input-profile boundary=END stepRole=FINER_2_5_US_REFERENCE declaredMaximumStepSeconds=2.50000000e-06 configuredMaximumStepSeconds=2.50000000e-06 actualCurrentStepSeconds=2.50000000e-06 observedMinimumStepSeconds=2.50000000e-06 observedMaximumStepSeconds=2.50000000e-06 minimumTimeStepSeconds=5.00000000e-11 adaptive=true
Q30_STEP_PROFILE seed=7 fault=REN_OPEN profile=unrepaired-customer-retest boundary=BEGIN stepRole=FINER_2_5_US_REFERENCE declaredMaximumStepSeconds=2.50000000e-06 configuredMaximumStepSeconds=2.50000000e-06 actualCurrentStepSeconds=2.50000000e-06 observedMinimumStepSeconds=2.50000000e-06 observedMaximumStepSeconds=2.50000000e-06 minimumTimeStepSeconds=5.00000000e-11 adaptive=true
Q30_STEP_PROFILE seed=7 fault=REN_OPEN profile=unrepaired-customer-retest boundary=END stepRole=FINER_2_5_US_REFERENCE declaredMaximumStepSeconds=2.50000000e-06 configuredMaximumStepSeconds=2.50000000e-06 actualCurrentStepSeconds=2.50000000e-06 observedMinimumStepSeconds=2.50000000e-06 observedMaximumStepSeconds=2.50000000e-06 minimumTimeStepSeconds=5.00000000e-11 adaptive=true
Q30_STEP_PROFILE seed=7 fault=REN_OPEN profile=service-power-off-wait boundary=BEGIN stepRole=FINER_2_5_US_REFERENCE declaredMaximumStepSeconds=2.50000000e-06 configuredMaximumStepSeconds=2.50000000e-06 actualCurrentStepSeconds=2.50000000e-06 observedMinimumStepSeconds=2.50000000e-06 observedMaximumStepSeconds=2.50000000e-06 minimumTimeStepSeconds=5.00000000e-11 adaptive=true
Q30_STEP_PROFILE seed=7 fault=REN_OPEN profile=service-power-off-wait boundary=END stepRole=FINER_2_5_US_REFERENCE declaredMaximumStepSeconds=2.50000000e-06 configuredMaximumStepSeconds=2.50000000e-06 actualCurrentStepSeconds=2.50000000e-06 observedMinimumStepSeconds=2.50000000e-06 observedMaximumStepSeconds=2.50000000e-06 minimumTimeStepSeconds=5.00000000e-11 adaptive=true
Q30_STEP_PROFILE seed=7 fault=REN_OPEN profile=reinstalled-original-customer-retest boundary=BEGIN stepRole=FINER_2_5_US_REFERENCE declaredMaximumStepSeconds=2.50000000e-06 configuredMaximumStepSeconds=2.50000000e-06 actualCurrentStepSeconds=2.50000000e-06 observedMinimumStepSeconds=2.50000000e-06 observedMaximumStepSeconds=2.50000000e-06 minimumTimeStepSeconds=5.00000000e-11 adaptive=true
Q30_STEP_PROFILE seed=7 fault=REN_OPEN profile=reinstalled-original-customer-retest boundary=END stepRole=FINER_2_5_US_REFERENCE declaredMaximumStepSeconds=2.50000000e-06 configuredMaximumStepSeconds=2.50000000e-06 actualCurrentStepSeconds=2.50000000e-06 observedMinimumStepSeconds=2.50000000e-06 observedMaximumStepSeconds=2.50000000e-06 minimumTimeStepSeconds=5.00000000e-11 adaptive=true
Q30_STEP_PROFILE seed=7 fault=REN_OPEN profile=service-power-off-wait boundary=BEGIN stepRole=FINER_2_5_US_REFERENCE declaredMaximumStepSeconds=2.50000000e-06 configuredMaximumStepSeconds=2.50000000e-06 actualCurrentStepSeconds=2.50000000e-06 observedMinimumStepSeconds=2.50000000e-06 observedMaximumStepSeconds=2.50000000e-06 minimumTimeStepSeconds=5.00000000e-11 adaptive=true
Q30_STEP_PROFILE seed=7 fault=REN_OPEN profile=service-power-off-wait boundary=END stepRole=FINER_2_5_US_REFERENCE declaredMaximumStepSeconds=2.50000000e-06 configuredMaximumStepSeconds=2.50000000e-06 actualCurrentStepSeconds=2.50000000e-06 observedMinimumStepSeconds=2.50000000e-06 observedMaximumStepSeconds=2.50000000e-06 minimumTimeStepSeconds=5.00000000e-11 adaptive=true
Q30_STEP_PROFILE seed=7 fault=REN_OPEN profile=repaired-customer-retest boundary=BEGIN stepRole=FINER_2_5_US_REFERENCE declaredMaximumStepSeconds=2.50000000e-06 configuredMaximumStepSeconds=2.50000000e-06 actualCurrentStepSeconds=2.50000000e-06 observedMinimumStepSeconds=2.50000000e-06 observedMaximumStepSeconds=2.50000000e-06 minimumTimeStepSeconds=5.00000000e-11 adaptive=true
Q30_STEP_PROFILE seed=7 fault=REN_OPEN profile=repaired-customer-retest boundary=END stepRole=FINER_2_5_US_REFERENCE declaredMaximumStepSeconds=2.50000000e-06 configuredMaximumStepSeconds=2.50000000e-06 actualCurrentStepSeconds=2.50000000e-06 observedMinimumStepSeconds=2.50000000e-06 observedMaximumStepSeconds=2.50000000e-06 minimumTimeStepSeconds=5.00000000e-11 adaptive=true
Q30_STEP_OWNER_CLEANUP seed=7 fault=REN_OPEN declaredMaximumStepSeconds=2.50000000e-06 stepRole=FINER_2_5_US_REFERENCE cleanup=true elapsedMillis=0
Q30_STEP_PROFILE seed=7 fault=REN_OPEN profile=initial-electrical-settle boundary=BEGIN stepRole=PRODUCTION_5_US declaredMaximumStepSeconds=5.00000000e-06 configuredMaximumStepSeconds=5.00000000e-06 actualCurrentStepSeconds=5.00000000e-06 observedMinimumStepSeconds=5.00000000e-06 observedMaximumStepSeconds=5.00000000e-06 minimumTimeStepSeconds=5.00000000e-11 adaptive=true
Q30_STEP_PROFILE seed=7 fault=REN_OPEN profile=initial-electrical-settle boundary=END stepRole=PRODUCTION_5_US declaredMaximumStepSeconds=5.00000000e-06 configuredMaximumStepSeconds=5.00000000e-06 actualCurrentStepSeconds=5.00000000e-06 observedMinimumStepSeconds=5.00000000e-06 observedMaximumStepSeconds=5.00000000e-06 minimumTimeStepSeconds=5.00000000e-11 adaptive=true
Q30_STEP_PROFILE seed=7 fault=REN_OPEN profile=healthy-preparation boundary=BEGIN stepRole=PRODUCTION_5_US declaredMaximumStepSeconds=5.00000000e-06 configuredMaximumStepSeconds=5.00000000e-06 actualCurrentStepSeconds=5.00000000e-06 observedMinimumStepSeconds=5.00000000e-06 observedMaximumStepSeconds=5.00000000e-06 minimumTimeStepSeconds=5.00000000e-11 adaptive=true
Q30_STEP_PROFILE seed=7 fault=REN_OPEN profile=healthy-preparation boundary=END stepRole=PRODUCTION_5_US declaredMaximumStepSeconds=5.00000000e-06 configuredMaximumStepSeconds=5.00000000e-06 actualCurrentStepSeconds=5.00000000e-06 observedMinimumStepSeconds=5.00000000e-06 observedMaximumStepSeconds=5.00000000e-06 minimumTimeStepSeconds=5.00000000e-11 adaptive=true
Q30_STEP_PROFILE seed=7 fault=REN_OPEN profile=fault-profile-preparation boundary=BEGIN stepRole=PRODUCTION_5_US declaredMaximumStepSeconds=5.00000000e-06 configuredMaximumStepSeconds=5.00000000e-06 actualCurrentStepSeconds=5.00000000e-06 observedMinimumStepSeconds=5.00000000e-06 observedMaximumStepSeconds=5.00000000e-06 minimumTimeStepSeconds=5.00000000e-11 adaptive=true
Q30_STEP_PROFILE seed=7 fault=REN_OPEN profile=fault-profile-preparation boundary=END stepRole=PRODUCTION_5_US declaredMaximumStepSeconds=5.00000000e-06 configuredMaximumStepSeconds=5.00000000e-06 actualCurrentStepSeconds=5.00000000e-06 observedMinimumStepSeconds=5.00000000e-06 observedMaximumStepSeconds=5.00000000e-06 minimumTimeStepSeconds=5.00000000e-11 adaptive=true
Q30_STEP_PROFILE seed=7 fault=REN_OPEN profile=faulted-four-input-profile boundary=BEGIN stepRole=PRODUCTION_5_US declaredMaximumStepSeconds=5.00000000e-06 configuredMaximumStepSeconds=5.00000000e-06 actualCurrentStepSeconds=5.00000000e-06 observedMinimumStepSeconds=5.00000000e-06 observedMaximumStepSeconds=5.00000000e-06 minimumTimeStepSeconds=5.00000000e-11 adaptive=true
Q30_STEP_PROFILE seed=7 fault=REN_OPEN profile=faulted-four-input-profile boundary=END stepRole=PRODUCTION_5_US declaredMaximumStepSeconds=5.00000000e-06 configuredMaximumStepSeconds=5.00000000e-06 actualCurrentStepSeconds=5.00000000e-06 observedMinimumStepSeconds=5.00000000e-06 observedMaximumStepSeconds=5.00000000e-06 minimumTimeStepSeconds=5.00000000e-11 adaptive=true
Q30_STEP_PROFILE seed=7 fault=REN_OPEN profile=unrepaired-customer-retest boundary=BEGIN stepRole=PRODUCTION_5_US declaredMaximumStepSeconds=5.00000000e-06 configuredMaximumStepSeconds=5.00000000e-06 actualCurrentStepSeconds=5.00000000e-06 observedMinimumStepSeconds=5.00000000e-06 observedMaximumStepSeconds=5.00000000e-06 minimumTimeStepSeconds=5.00000000e-11 adaptive=true
Q30_STEP_PROFILE seed=7 fault=REN_OPEN profile=unrepaired-customer-retest boundary=END stepRole=PRODUCTION_5_US declaredMaximumStepSeconds=5.00000000e-06 configuredMaximumStepSeconds=5.00000000e-06 actualCurrentStepSeconds=5.00000000e-06 observedMinimumStepSeconds=5.00000000e-06 observedMaximumStepSeconds=5.00000000e-06 minimumTimeStepSeconds=5.00000000e-11 adaptive=true
Q30_STEP_PROFILE seed=7 fault=REN_OPEN profile=service-power-off-wait boundary=BEGIN stepRole=PRODUCTION_5_US declaredMaximumStepSeconds=5.00000000e-06 configuredMaximumStepSeconds=5.00000000e-06 actualCurrentStepSeconds=5.00000000e-06 observedMinimumStepSeconds=5.00000000e-06 observedMaximumStepSeconds=5.00000000e-06 minimumTimeStepSeconds=5.00000000e-11 adaptive=true
Q30_STEP_PROFILE seed=7 fault=REN_OPEN profile=service-power-off-wait boundary=END stepRole=PRODUCTION_5_US declaredMaximumStepSeconds=5.00000000e-06 configuredMaximumStepSeconds=5.00000000e-06 actualCurrentStepSeconds=5.00000000e-06 observedMinimumStepSeconds=5.00000000e-06 observedMaximumStepSeconds=5.00000000e-06 minimumTimeStepSeconds=5.00000000e-11 adaptive=true
Q30_STEP_PROFILE seed=7 fault=REN_OPEN profile=reinstalled-original-customer-retest boundary=BEGIN stepRole=PRODUCTION_5_US declaredMaximumStepSeconds=5.00000000e-06 configuredMaximumStepSeconds=5.00000000e-06 actualCurrentStepSeconds=5.00000000e-06 observedMinimumStepSeconds=5.00000000e-06 observedMaximumStepSeconds=5.00000000e-06 minimumTimeStepSeconds=5.00000000e-11 adaptive=true
Q30_STEP_PROFILE seed=7 fault=REN_OPEN profile=reinstalled-original-customer-retest boundary=END stepRole=PRODUCTION_5_US declaredMaximumStepSeconds=5.00000000e-06 configuredMaximumStepSeconds=5.00000000e-06 actualCurrentStepSeconds=5.00000000e-06 observedMinimumStepSeconds=5.00000000e-06 observedMaximumStepSeconds=5.00000000e-06 minimumTimeStepSeconds=5.00000000e-11 adaptive=true
Q30_STEP_PROFILE seed=7 fault=REN_OPEN profile=service-power-off-wait boundary=BEGIN stepRole=PRODUCTION_5_US declaredMaximumStepSeconds=5.00000000e-06 configuredMaximumStepSeconds=5.00000000e-06 actualCurrentStepSeconds=5.00000000e-06 observedMinimumStepSeconds=5.00000000e-06 observedMaximumStepSeconds=5.00000000e-06 minimumTimeStepSeconds=5.00000000e-11 adaptive=true
Q30_STEP_PROFILE seed=7 fault=REN_OPEN profile=service-power-off-wait boundary=END stepRole=PRODUCTION_5_US declaredMaximumStepSeconds=5.00000000e-06 configuredMaximumStepSeconds=5.00000000e-06 actualCurrentStepSeconds=5.00000000e-06 observedMinimumStepSeconds=5.00000000e-06 observedMaximumStepSeconds=5.00000000e-06 minimumTimeStepSeconds=5.00000000e-11 adaptive=true
Q30_STEP_PROFILE seed=7 fault=REN_OPEN profile=repaired-customer-retest boundary=BEGIN stepRole=PRODUCTION_5_US declaredMaximumStepSeconds=5.00000000e-06 configuredMaximumStepSeconds=5.00000000e-06 actualCurrentStepSeconds=5.00000000e-06 observedMinimumStepSeconds=5.00000000e-06 observedMaximumStepSeconds=5.00000000e-06 minimumTimeStepSeconds=5.00000000e-11 adaptive=true
Q30_STEP_PROFILE seed=7 fault=REN_OPEN profile=repaired-customer-retest boundary=END stepRole=PRODUCTION_5_US declaredMaximumStepSeconds=5.00000000e-06 configuredMaximumStepSeconds=5.00000000e-06 actualCurrentStepSeconds=5.00000000e-06 observedMinimumStepSeconds=5.00000000e-06 observedMaximumStepSeconds=5.00000000e-06 minimumTimeStepSeconds=5.00000000e-11 adaptive=true
Q30_STEP_OWNER_CLEANUP seed=7 fault=REN_OPEN declaredMaximumStepSeconds=5.00000000e-06 stepRole=PRODUCTION_5_US cleanup=true elapsedMillis=0
Q30_STEP_PAIR seed=7 support=COMPACT_33 fault=REN_OPEN referenceMaximumStepSeconds=2.50000000e-06 productionCandidateMaximumStepSeconds=5.00000000e-06 candidateKind=PRODUCTION_5_US maxDeltaVolts=2.18742194e-05 toleranceVolts=0.0100904870 phase=faulted sample=SENSORS_LOW/U1.OUTPUT-J1.2 referenceElapsedMillis=14452 productionCandidateElapsedMillis=7364 referenceSimSeconds=1.16019250 productionCandidateSimSeconds=1.16036000 referenceCleanupMillis=0 productionCandidateCleanupMillis=0 cleanup=true
Q30_STEP_SEED seed=7 support=COMPACT_33 referenceMaximumStepSeconds=2.50000000e-06 productionCandidateMaximumStepSeconds=5.00000000e-06 candidateKind=PRODUCTION_5_US routeTopology=RB30_SEPARATE_DIRECT_A_BJT_B_BJT_COMPACT_33 routeAndPairsElapsedMillis=26100
Q30_STEP_OWNER_CLEANUP seed=7 fault=DREV_OPEN declaredMaximumStepSeconds=2.50000000e-06 stepRole=FINER_2_5_US_REFERENCE cleanup=true elapsedMillis=0
Q30_STEP_SEED_CLEANUP seed=7 cleanup=true elapsedMillis=0
PASS: Q30 production solver step sensitivity assertions=1704 seed=7 support=COMPACT_33 faults=1 referenceMaximumStepSeconds=2.50000000e-06 productionCandidateMaximumStepSeconds=5.00000000e-06 candidateKind=PRODUCTION_5_US elapsedMillis=26100

node 11 unconnected
converged after 25 iterations, timeStep = 2.5E-6
converged after 9 iterations, timeStep = 2.5E-6
node 11 unconnected
node 11 unconnected
converged after 10 iterations, timeStep = 2.5E-6
node 11 unconnected
converged after 10 iterations, timeStep = 2.5E-6
node 11 unconnected
converged after 9 iterations, timeStep = 2.5E-6
node 11 unconnected
converged after 10 iterations, timeStep = 2.5E-6
node 11 unconnected
node 20 unconnected
converged after 12 iterations, timeStep = 2.5E-6
converged after 10 iterations, timeStep = 2.5E-6
node 11 unconnected
node 20 unconnected
node 11 unconnected
node 20 unconnected
node 11 unconnected
node 20 unconnected
node 11 unconnected
node 20 unconnected
node 11 unconnected
node 20 unconnected
node 11 unconnected
node 20 unconnected
node 11 unconnected
node 20 unconnected
node 11 unconnected
node 20 unconnected
node 11 unconnected
node 20 unconnected
node 11 unconnected
node 20 unconnected
node 11 unconnected
node 20 unconnected
node 11 unconnected
node 20 unconnected
node 11 unconnected
node 20 unconnected
node 11 unconnected
node 20 unconnected
node 11 unconnected
node 20 unconnected
node 21 unconnected
node 23 unconnected
node 11 unconnected
node 20 unconnected
node 11 unconnected
node 20 unconnected
converged after 6 iterations, timeStep = 2.5E-6
node 11 unconnected
node 20 unconnected
node 11 unconnected
node 20 unconnected
node 11 unconnected
node 20 unconnected
node 11 unconnected
node 20 unconnected
node 11 unconnected
node 20 unconnected
node 11 unconnected
node 20 unconnected
node 11 unconnected
node 20 unconnected
node 11 unconnected
node 20 unconnected
node 11 unconnected
node 20 unconnected
node 11 unconnected
node 20 unconnected
node 11 unconnected
node 20 unconnected
node 21 unconnected
node 23 unconnected
node 11 unconnected
node 21 unconnected
node 23 unconnected
converged after 13 iterations, timeStep = 2.5E-6
node 11 unconnected
node 21 unconnected
node 23 unconnected
converged after 16 iterations, timeStep = 2.5E-6
converged after 7 iterations, timeStep = 2.5E-6
node 11 unconnected
node 21 unconnected
node 23 unconnected
converged after 9 iterations, timeStep = 2.5E-6
node 11 unconnected
node 21 unconnected
node 23 unconnected
converged after 10 iterations, timeStep = 2.5E-6
node 11 unconnected
node 21 unconnected
node 23 unconnected
converged after 10 iterations, timeStep = 2.5E-6
node 11 unconnected
node 21 unconnected
node 23 unconnected
converged after 9 iterations, timeStep = 2.5E-6
node 11 unconnected
converged after 25 iterations, timeStep = 5.0E-6
converged after 6 iterations, timeStep = 5.0E-6
node 11 unconnected
node 11 unconnected
converged after 16 iterations, timeStep = 5.0E-6
node 11 unconnected
converged after 19 iterations, timeStep = 5.0E-6
node 11 unconnected
converged after 19 iterations, timeStep = 5.0E-6
node 11 unconnected
converged after 10 iterations, timeStep = 5.0E-6
node 11 unconnected
node 20 unconnected
converged after 17 iterations, timeStep = 5.0E-6
converged after 10 iterations, timeStep = 5.0E-6
node 11 unconnected
node 20 unconnected
node 11 unconnected
node 20 unconnected
node 11 unconnected
node 20 unconnected
node 11 unconnected
node 20 unconnected
node 11 unconnected
node 20 unconnected
node 11 unconnected
node 20 unconnected
node 11 unconnected
node 20 unconnected
node 11 unconnected
node 20 unconnected
node 11 unconnected
node 20 unconnected
node 11 unconnected
node 20 unconnected
node 11 unconnected
node 20 unconnected
node 11 unconnected
node 20 unconnected
node 11 unconnected
node 20 unconnected
node 11 unconnected
node 20 unconnected
node 11 unconnected
node 20 unconnected
node 21 unconnected
node 23 unconnected
node 11 unconnected
node 20 unconnected
node 11 unconnected
node 20 unconnected
converged after 6 iterations, timeStep = 5.0E-6
node 11 unconnected
node 20 unconnected
node 11 unconnected
node 20 unconnected
node 11 unconnected
node 20 unconnected
node 11 unconnected
node 20 unconnected
node 11 unconnected
node 20 unconnected
node 11 unconnected
node 20 unconnected
node 11 unconnected
node 20 unconnected
node 11 unconnected
node 20 unconnected
node 11 unconnected
node 20 unconnected
node 11 unconnected
node 20 unconnected
node 11 unconnected
node 20 unconnected
node 21 unconnected
node 23 unconnected
node 11 unconnected
node 21 unconnected
node 23 unconnected
converged after 13 iterations, timeStep = 5.0E-6
node 11 unconnected
node 21 unconnected
node 23 unconnected
converged after 16 iterations, timeStep = 5.0E-6
converged after 7 iterations, timeStep = 5.0E-6
node 11 unconnected
node 21 unconnected
node 23 unconnected
converged after 9 iterations, timeStep = 5.0E-6
node 11 unconnected
node 21 unconnected
node 23 unconnected
converged after 16 iterations, timeStep = 5.0E-6
node 11 unconnected
node 21 unconnected
node 23 unconnected
converged after 19 iterations, timeStep = 5.0E-6
node 11 unconnected
node 21 unconnected
node 23 unconnected
converged after 19 iterations, timeStep = 5.0E-6

Q30_STEP_PROFILE seed=7 fault=SENSOR_A_OPEN profile=initial-electrical-settle boundary=BEGIN stepRole=FINER_2_5_US_REFERENCE declaredMaximumStepSeconds=2.50000000e-06 configuredMaximumStepSeconds=2.50000000e-06 actualCurrentStepSeconds=2.50000000e-06 observedMinimumStepSeconds=2.50000000e-06 observedMaximumStepSeconds=2.50000000e-06 minimumTimeStepSeconds=5.00000000e-11 adaptive=true
Q30_STEP_PROFILE seed=7 fault=SENSOR_A_OPEN profile=initial-electrical-settle boundary=END stepRole=FINER_2_5_US_REFERENCE declaredMaximumStepSeconds=2.50000000e-06 configuredMaximumStepSeconds=2.50000000e-06 actualCurrentStepSeconds=2.50000000e-06 observedMinimumStepSeconds=2.50000000e-06 observedMaximumStepSeconds=2.50000000e-06 minimumTimeStepSeconds=5.00000000e-11 adaptive=true
Q30_STEP_PROFILE seed=7 fault=SENSOR_A_OPEN profile=healthy-preparation boundary=BEGIN stepRole=FINER_2_5_US_REFERENCE declaredMaximumStepSeconds=2.50000000e-06 configuredMaximumStepSeconds=2.50000000e-06 actualCurrentStepSeconds=2.50000000e-06 observedMinimumStepSeconds=2.50000000e-06 observedMaximumStepSeconds=2.50000000e-06 minimumTimeStepSeconds=5.00000000e-11 adaptive=true
Q30_STEP_PROFILE seed=7 fault=SENSOR_A_OPEN profile=healthy-preparation boundary=END stepRole=FINER_2_5_US_REFERENCE declaredMaximumStepSeconds=2.50000000e-06 configuredMaximumStepSeconds=2.50000000e-06 actualCurrentStepSeconds=2.50000000e-06 observedMinimumStepSeconds=2.50000000e-06 observedMaximumStepSeconds=2.50000000e-06 minimumTimeStepSeconds=5.00000000e-11 adaptive=true
Q30_STEP_PROFILE seed=7 fault=SENSOR_A_OPEN profile=fault-profile-preparation boundary=BEGIN stepRole=FINER_2_5_US_REFERENCE declaredMaximumStepSeconds=2.50000000e-06 configuredMaximumStepSeconds=2.50000000e-06 actualCurrentStepSeconds=2.50000000e-06 observedMinimumStepSeconds=2.50000000e-06 observedMaximumStepSeconds=2.50000000e-06 minimumTimeStepSeconds=5.00000000e-11 adaptive=true
Q30_STEP_PROFILE seed=7 fault=SENSOR_A_OPEN profile=fault-profile-preparation boundary=END stepRole=FINER_2_5_US_REFERENCE declaredMaximumStepSeconds=2.50000000e-06 configuredMaximumStepSeconds=2.50000000e-06 actualCurrentStepSeconds=2.50000000e-06 observedMinimumStepSeconds=2.50000000e-06 observedMaximumStepSeconds=2.50000000e-06 minimumTimeStepSeconds=5.00000000e-11 adaptive=true
Q30_STEP_PROFILE seed=7 fault=SENSOR_A_OPEN profile=faulted-four-input-profile boundary=BEGIN stepRole=FINER_2_5_US_REFERENCE declaredMaximumStepSeconds=2.50000000e-06 configuredMaximumStepSeconds=2.50000000e-06 actualCurrentStepSeconds=2.50000000e-06 observedMinimumStepSeconds=2.50000000e-06 observedMaximumStepSeconds=2.50000000e-06 minimumTimeStepSeconds=5.00000000e-11 adaptive=true
Q30_STEP_PROFILE seed=7 fault=SENSOR_A_OPEN profile=faulted-four-input-profile boundary=END stepRole=FINER_2_5_US_REFERENCE declaredMaximumStepSeconds=2.50000000e-06 configuredMaximumStepSeconds=2.50000000e-06 actualCurrentStepSeconds=2.50000000e-06 observedMinimumStepSeconds=2.50000000e-06 observedMaximumStepSeconds=2.50000000e-06 minimumTimeStepSeconds=5.00000000e-11 adaptive=true
Q30_STEP_PROFILE seed=7 fault=SENSOR_A_OPEN profile=unrepaired-customer-retest boundary=BEGIN stepRole=FINER_2_5_US_REFERENCE declaredMaximumStepSeconds=2.50000000e-06 configuredMaximumStepSeconds=2.50000000e-06 actualCurrentStepSeconds=2.50000000e-06 observedMinimumStepSeconds=2.50000000e-06 observedMaximumStepSeconds=2.50000000e-06 minimumTimeStepSeconds=5.00000000e-11 adaptive=true
Q30_STEP_PROFILE seed=7 fault=SENSOR_A_OPEN profile=unrepaired-customer-retest boundary=END stepRole=FINER_2_5_US_REFERENCE declaredMaximumStepSeconds=2.50000000e-06 configuredMaximumStepSeconds=2.50000000e-06 actualCurrentStepSeconds=2.50000000e-06 observedMinimumStepSeconds=2.50000000e-06 observedMaximumStepSeconds=2.50000000e-06 minimumTimeStepSeconds=5.00000000e-11 adaptive=true
Q30_STEP_PROFILE seed=7 fault=SENSOR_A_OPEN profile=service-power-off-wait boundary=BEGIN stepRole=FINER_2_5_US_REFERENCE declaredMaximumStepSeconds=2.50000000e-06 configuredMaximumStepSeconds=2.50000000e-06 actualCurrentStepSeconds=2.50000000e-06 observedMinimumStepSeconds=2.50000000e-06 observedMaximumStepSeconds=2.50000000e-06 minimumTimeStepSeconds=5.00000000e-11 adaptive=true
Q30_STEP_PROFILE seed=7 fault=SENSOR_A_OPEN profile=service-power-off-wait boundary=END stepRole=FINER_2_5_US_REFERENCE declaredMaximumStepSeconds=2.50000000e-06 configuredMaximumStepSeconds=2.50000000e-06 actualCurrentStepSeconds=2.50000000e-06 observedMinimumStepSeconds=2.50000000e-06 observedMaximumStepSeconds=2.50000000e-06 minimumTimeStepSeconds=5.00000000e-11 adaptive=true
Q30_STEP_PROFILE seed=7 fault=SENSOR_A_OPEN profile=reinstalled-original-customer-retest boundary=BEGIN stepRole=FINER_2_5_US_REFERENCE declaredMaximumStepSeconds=2.50000000e-06 configuredMaximumStepSeconds=2.50000000e-06 actualCurrentStepSeconds=2.50000000e-06 observedMinimumStepSeconds=2.50000000e-06 observedMaximumStepSeconds=2.50000000e-06 minimumTimeStepSeconds=5.00000000e-11 adaptive=true
Q30_STEP_PROFILE seed=7 fault=SENSOR_A_OPEN profile=reinstalled-original-customer-retest boundary=END stepRole=FINER_2_5_US_REFERENCE declaredMaximumStepSeconds=2.50000000e-06 configuredMaximumStepSeconds=2.50000000e-06 actualCurrentStepSeconds=2.50000000e-06 observedMinimumStepSeconds=2.50000000e-06 observedMaximumStepSeconds=2.50000000e-06 minimumTimeStepSeconds=5.00000000e-11 adaptive=true
Q30_STEP_PROFILE seed=7 fault=SENSOR_A_OPEN profile=service-power-off-wait boundary=BEGIN stepRole=FINER_2_5_US_REFERENCE declaredMaximumStepSeconds=2.50000000e-06 configuredMaximumStepSeconds=2.50000000e-06 actualCurrentStepSeconds=2.50000000e-06 observedMinimumStepSeconds=2.50000000e-06 observedMaximumStepSeconds=2.50000000e-06 minimumTimeStepSeconds=5.00000000e-11 adaptive=true
Q30_STEP_PROFILE seed=7 fault=SENSOR_A_OPEN profile=service-power-off-wait boundary=END stepRole=FINER_2_5_US_REFERENCE declaredMaximumStepSeconds=2.50000000e-06 configuredMaximumStepSeconds=2.50000000e-06 actualCurrentStepSeconds=2.50000000e-06 observedMinimumStepSeconds=2.50000000e-06 observedMaximumStepSeconds=2.50000000e-06 minimumTimeStepSeconds=5.00000000e-11 adaptive=true
Q30_STEP_PROFILE seed=7 fault=SENSOR_A_OPEN profile=repaired-customer-retest boundary=BEGIN stepRole=FINER_2_5_US_REFERENCE declaredMaximumStepSeconds=2.50000000e-06 configuredMaximumStepSeconds=2.50000000e-06 actualCurrentStepSeconds=2.50000000e-06 observedMinimumStepSeconds=2.50000000e-06 observedMaximumStepSeconds=2.50000000e-06 minimumTimeStepSeconds=5.00000000e-11 adaptive=true
Q30_STEP_PROFILE seed=7 fault=SENSOR_A_OPEN profile=repaired-customer-retest boundary=END stepRole=FINER_2_5_US_REFERENCE declaredMaximumStepSeconds=2.50000000e-06 configuredMaximumStepSeconds=2.50000000e-06 actualCurrentStepSeconds=2.50000000e-06 observedMinimumStepSeconds=2.50000000e-06 observedMaximumStepSeconds=2.50000000e-06 minimumTimeStepSeconds=5.00000000e-11 adaptive=true
Q30_STEP_OWNER_CLEANUP seed=7 fault=SENSOR_A_OPEN declaredMaximumStepSeconds=2.50000000e-06 stepRole=FINER_2_5_US_REFERENCE cleanup=true elapsedMillis=0
Q30_STEP_PROFILE seed=7 fault=SENSOR_A_OPEN profile=initial-electrical-settle boundary=BEGIN stepRole=PRODUCTION_5_US declaredMaximumStepSeconds=5.00000000e-06 configuredMaximumStepSeconds=5.00000000e-06 actualCurrentStepSeconds=5.00000000e-06 observedMinimumStepSeconds=5.00000000e-06 observedMaximumStepSeconds=5.00000000e-06 minimumTimeStepSeconds=5.00000000e-11 adaptive=true
Q30_STEP_PROFILE seed=7 fault=SENSOR_A_OPEN profile=initial-electrical-settle boundary=END stepRole=PRODUCTION_5_US declaredMaximumStepSeconds=5.00000000e-06 configuredMaximumStepSeconds=5.00000000e-06 actualCurrentStepSeconds=5.00000000e-06 observedMinimumStepSeconds=5.00000000e-06 observedMaximumStepSeconds=5.00000000e-06 minimumTimeStepSeconds=5.00000000e-11 adaptive=true
Q30_STEP_PROFILE seed=7 fault=SENSOR_A_OPEN profile=healthy-preparation boundary=BEGIN stepRole=PRODUCTION_5_US declaredMaximumStepSeconds=5.00000000e-06 configuredMaximumStepSeconds=5.00000000e-06 actualCurrentStepSeconds=5.00000000e-06 observedMinimumStepSeconds=5.00000000e-06 observedMaximumStepSeconds=5.00000000e-06 minimumTimeStepSeconds=5.00000000e-11 adaptive=true
Q30_STEP_PROFILE seed=7 fault=SENSOR_A_OPEN profile=healthy-preparation boundary=END stepRole=PRODUCTION_5_US declaredMaximumStepSeconds=5.00000000e-06 configuredMaximumStepSeconds=5.00000000e-06 actualCurrentStepSeconds=5.00000000e-06 observedMinimumStepSeconds=5.00000000e-06 observedMaximumStepSeconds=5.00000000e-06 minimumTimeStepSeconds=5.00000000e-11 adaptive=true
Q30_STEP_PROFILE seed=7 fault=SENSOR_A_OPEN profile=fault-profile-preparation boundary=BEGIN stepRole=PRODUCTION_5_US declaredMaximumStepSeconds=5.00000000e-06 configuredMaximumStepSeconds=5.00000000e-06 actualCurrentStepSeconds=5.00000000e-06 observedMinimumStepSeconds=5.00000000e-06 observedMaximumStepSeconds=5.00000000e-06 minimumTimeStepSeconds=5.00000000e-11 adaptive=true
Q30_STEP_PROFILE seed=7 fault=SENSOR_A_OPEN profile=fault-profile-preparation boundary=END stepRole=PRODUCTION_5_US declaredMaximumStepSeconds=5.00000000e-06 configuredMaximumStepSeconds=5.00000000e-06 actualCurrentStepSeconds=5.00000000e-06 observedMinimumStepSeconds=5.00000000e-06 observedMaximumStepSeconds=5.00000000e-06 minimumTimeStepSeconds=5.00000000e-11 adaptive=true
Q30_STEP_PROFILE seed=7 fault=SENSOR_A_OPEN profile=faulted-four-input-profile boundary=BEGIN stepRole=PRODUCTION_5_US declaredMaximumStepSeconds=5.00000000e-06 configuredMaximumStepSeconds=5.00000000e-06 actualCurrentStepSeconds=5.00000000e-06 observedMinimumStepSeconds=5.00000000e-06 observedMaximumStepSeconds=5.00000000e-06 minimumTimeStepSeconds=5.00000000e-11 adaptive=true
Q30_STEP_PROFILE seed=7 fault=SENSOR_A_OPEN profile=faulted-four-input-profile boundary=END stepRole=PRODUCTION_5_US declaredMaximumStepSeconds=5.00000000e-06 configuredMaximumStepSeconds=5.00000000e-06 actualCurrentStepSeconds=5.00000000e-06 observedMinimumStepSeconds=5.00000000e-06 observedMaximumStepSeconds=5.00000000e-06 minimumTimeStepSeconds=5.00000000e-11 adaptive=true
Q30_STEP_PROFILE seed=7 fault=SENSOR_A_OPEN profile=unrepaired-customer-retest boundary=BEGIN stepRole=PRODUCTION_5_US declaredMaximumStepSeconds=5.00000000e-06 configuredMaximumStepSeconds=5.00000000e-06 actualCurrentStepSeconds=5.00000000e-06 observedMinimumStepSeconds=5.00000000e-06 observedMaximumStepSeconds=5.00000000e-06 minimumTimeStepSeconds=5.00000000e-11 adaptive=true
Q30_STEP_PROFILE seed=7 fault=SENSOR_A_OPEN profile=unrepaired-customer-retest boundary=END stepRole=PRODUCTION_5_US declaredMaximumStepSeconds=5.00000000e-06 configuredMaximumStepSeconds=5.00000000e-06 actualCurrentStepSeconds=5.00000000e-06 observedMinimumStepSeconds=5.00000000e-06 observedMaximumStepSeconds=5.00000000e-06 minimumTimeStepSeconds=5.00000000e-11 adaptive=true
Q30_STEP_PROFILE seed=7 fault=SENSOR_A_OPEN profile=service-power-off-wait boundary=BEGIN stepRole=PRODUCTION_5_US declaredMaximumStepSeconds=5.00000000e-06 configuredMaximumStepSeconds=5.00000000e-06 actualCurrentStepSeconds=5.00000000e-06 observedMinimumStepSeconds=5.00000000e-06 observedMaximumStepSeconds=5.00000000e-06 minimumTimeStepSeconds=5.00000000e-11 adaptive=true
Q30_STEP_PROFILE seed=7 fault=SENSOR_A_OPEN profile=service-power-off-wait boundary=END stepRole=PRODUCTION_5_US declaredMaximumStepSeconds=5.00000000e-06 configuredMaximumStepSeconds=5.00000000e-06 actualCurrentStepSeconds=5.00000000e-06 observedMinimumStepSeconds=5.00000000e-06 observedMaximumStepSeconds=5.00000000e-06 minimumTimeStepSeconds=5.00000000e-11 adaptive=true
Q30_STEP_PROFILE seed=7 fault=SENSOR_A_OPEN profile=reinstalled-original-customer-retest boundary=BEGIN stepRole=PRODUCTION_5_US declaredMaximumStepSeconds=5.00000000e-06 configuredMaximumStepSeconds=5.00000000e-06 actualCurrentStepSeconds=5.00000000e-06 observedMinimumStepSeconds=5.00000000e-06 observedMaximumStepSeconds=5.00000000e-06 minimumTimeStepSeconds=5.00000000e-11 adaptive=true
Q30_STEP_PROFILE seed=7 fault=SENSOR_A_OPEN profile=reinstalled-original-customer-retest boundary=END stepRole=PRODUCTION_5_US declaredMaximumStepSeconds=5.00000000e-06 configuredMaximumStepSeconds=5.00000000e-06 actualCurrentStepSeconds=5.00000000e-06 observedMinimumStepSeconds=5.00000000e-06 observedMaximumStepSeconds=5.00000000e-06 minimumTimeStepSeconds=5.00000000e-11 adaptive=true
Q30_STEP_PROFILE seed=7 fault=SENSOR_A_OPEN profile=service-power-off-wait boundary=BEGIN stepRole=PRODUCTION_5_US declaredMaximumStepSeconds=5.00000000e-06 configuredMaximumStepSeconds=5.00000000e-06 actualCurrentStepSeconds=5.00000000e-06 observedMinimumStepSeconds=5.00000000e-06 observedMaximumStepSeconds=5.00000000e-06 minimumTimeStepSeconds=5.00000000e-11 adaptive=true
Q30_STEP_PROFILE seed=7 fault=SENSOR_A_OPEN profile=service-power-off-wait boundary=END stepRole=PRODUCTION_5_US declaredMaximumStepSeconds=5.00000000e-06 configuredMaximumStepSeconds=5.00000000e-06 actualCurrentStepSeconds=5.00000000e-06 observedMinimumStepSeconds=5.00000000e-06 observedMaximumStepSeconds=5.00000000e-06 minimumTimeStepSeconds=5.00000000e-11 adaptive=true
Q30_STEP_PROFILE seed=7 fault=SENSOR_A_OPEN profile=repaired-customer-retest boundary=BEGIN stepRole=PRODUCTION_5_US declaredMaximumStepSeconds=5.00000000e-06 configuredMaximumStepSeconds=5.00000000e-06 actualCurrentStepSeconds=5.00000000e-06 observedMinimumStepSeconds=5.00000000e-06 observedMaximumStepSeconds=5.00000000e-06 minimumTimeStepSeconds=5.00000000e-11 adaptive=true
Q30_STEP_PROFILE seed=7 fault=SENSOR_A_OPEN profile=repaired-customer-retest boundary=END stepRole=PRODUCTION_5_US declaredMaximumStepSeconds=5.00000000e-06 configuredMaximumStepSeconds=5.00000000e-06 actualCurrentStepSeconds=5.00000000e-06 observedMinimumStepSeconds=5.00000000e-06 observedMaximumStepSeconds=5.00000000e-06 minimumTimeStepSeconds=5.00000000e-11 adaptive=true
Q30_STEP_OWNER_CLEANUP seed=7 fault=SENSOR_A_OPEN declaredMaximumStepSeconds=5.00000000e-06 stepRole=PRODUCTION_5_US cleanup=true elapsedMillis=0
Q30_STEP_PAIR seed=7 support=COMPACT_33 fault=SENSOR_A_OPEN referenceMaximumStepSeconds=2.50000000e-06 productionCandidateMaximumStepSeconds=5.00000000e-06 candidateKind=PRODUCTION_5_US maxDeltaVolts=4.94253527e-11 toleranceVolts=0.120012275 phase=customer-retest sample=SENSORS_HIGH/REN.2-J1.2 referenceElapsedMillis=15245 productionCandidateElapsedMillis=8017 referenceSimSeconds=1.16019250 productionCandidateSimSeconds=1.16036000 referenceCleanupMillis=0 productionCandidateCleanupMillis=0 cleanup=true
Q30_STEP_SEED seed=7 support=COMPACT_33 referenceMaximumStepSeconds=2.50000000e-06 productionCandidateMaximumStepSeconds=5.00000000e-06 candidateKind=PRODUCTION_5_US routeTopology=RB30_SEPARATE_DIRECT_A_BJT_B_BJT_COMPACT_33 routeAndPairsElapsedMillis=27738
Q30_STEP_OWNER_CLEANUP seed=7 fault=DREV_OPEN declaredMaximumStepSeconds=2.50000000e-06 stepRole=FINER_2_5_US_REFERENCE cleanup=true elapsedMillis=0
Q30_STEP_SEED_CLEANUP seed=7 cleanup=true elapsedMillis=0
PASS: Q30 production solver step sensitivity assertions=1704 seed=7 support=COMPACT_33 faults=1 referenceMaximumStepSeconds=2.50000000e-06 productionCandidateMaximumStepSeconds=5.00000000e-06 candidateKind=PRODUCTION_5_US elapsedMillis=27739

node 11 unconnected
converged after 25 iterations, timeStep = 2.5E-6
converged after 9 iterations, timeStep = 2.5E-6
node 11 unconnected
node 11 unconnected
converged after 10 iterations, timeStep = 2.5E-6
node 11 unconnected
converged after 10 iterations, timeStep = 2.5E-6
node 11 unconnected
converged after 9 iterations, timeStep = 2.5E-6
node 11 unconnected
converged after 10 iterations, timeStep = 2.5E-6
node 11 unconnected
converged after 10 iterations, timeStep = 2.5E-6
node 11 unconnected
converged after 10 iterations, timeStep = 2.5E-6
node 11 unconnected
node 11 unconnected
converged after 10 iterations, timeStep = 2.5E-6
node 11 unconnected
node 11 unconnected
converged after 10 iterations, timeStep = 2.5E-6
node 11 unconnected
node 11 unconnected
converged after 10 iterations, timeStep = 2.5E-6
node 11 unconnected
node 11 unconnected
converged after 10 iterations, timeStep = 2.5E-6
node 11 unconnected
node 11 unconnected
node 11 unconnected
node 11 unconnected
node 11 unconnected
node 11 unconnected
node 29 unconnected
node 31 unconnected
node 11 unconnected
node 11 unconnected
converged after 23 iterations, timeStep = 2.5E-6
converged after 7 iterations, timeStep = 2.5E-6
node 11 unconnected
node 11 unconnected
node 11 unconnected
converged after 10 iterations, timeStep = 2.5E-6
node 11 unconnected
node 11 unconnected
converged after 10 iterations, timeStep = 2.5E-6
node 11 unconnected
node 11 unconnected
node 11 unconnected
node 11 unconnected
node 11 unconnected
node 11 unconnected
node 29 unconnected
node 31 unconnected
node 11 unconnected
node 29 unconnected
node 31 unconnected
node 11 unconnected
node 29 unconnected
node 31 unconnected
converged after 23 iterations, timeStep = 2.5E-6
converged after 7 iterations, timeStep = 2.5E-6
node 11 unconnected
node 29 unconnected
node 31 unconnected
node 11 unconnected
node 29 unconnected
node 31 unconnected
converged after 10 iterations, timeStep = 2.5E-6
node 11 unconnected
node 29 unconnected
node 31 unconnected
converged after 10 iterations, timeStep = 2.5E-6
node 11 unconnected
node 29 unconnected
node 31 unconnected
converged after 9 iterations, timeStep = 2.5E-6
node 11 unconnected
converged after 25 iterations, timeStep = 5.0E-6
converged after 6 iterations, timeStep = 5.0E-6
node 11 unconnected
node 11 unconnected
converged after 16 iterations, timeStep = 5.0E-6
node 11 unconnected
converged after 19 iterations, timeStep = 5.0E-6
node 11 unconnected
converged after 19 iterations, timeStep = 5.0E-6
node 11 unconnected
converged after 10 iterations, timeStep = 5.0E-6
node 11 unconnected
converged after 16 iterations, timeStep = 5.0E-6
node 11 unconnected
converged after 10 iterations, timeStep = 5.0E-6
node 11 unconnected
node 11 unconnected
converged after 16 iterations, timeStep = 5.0E-6
node 11 unconnected
node 11 unconnected
converged after 10 iterations, timeStep = 5.0E-6
node 11 unconnected
node 11 unconnected
converged after 16 iterations, timeStep = 5.0E-6
node 11 unconnected
node 11 unconnected
converged after 10 iterations, timeStep = 5.0E-6
node 11 unconnected
node 11 unconnected
node 11 unconnected
node 11 unconnected
node 11 unconnected
node 11 unconnected
node 29 unconnected
node 31 unconnected
node 11 unconnected
node 11 unconnected
converged after 23 iterations, timeStep = 5.0E-6
node 11 unconnected
node 11 unconnected
node 11 unconnected
converged after 16 iterations, timeStep = 5.0E-6
node 11 unconnected
node 11 unconnected
converged after 10 iterations, timeStep = 5.0E-6
node 11 unconnected
node 11 unconnected
node 11 unconnected
node 11 unconnected
node 11 unconnected
node 11 unconnected
node 29 unconnected
node 31 unconnected
node 11 unconnected
node 29 unconnected
node 31 unconnected
node 11 unconnected
node 29 unconnected
node 31 unconnected
converged after 23 iterations, timeStep = 5.0E-6
node 11 unconnected
node 29 unconnected
node 31 unconnected
node 11 unconnected
node 29 unconnected
node 31 unconnected
converged after 16 iterations, timeStep = 5.0E-6
node 11 unconnected
node 29 unconnected
node 31 unconnected
converged after 19 iterations, timeStep = 5.0E-6
node 11 unconnected
node 29 unconnected
node 31 unconnected
converged after 19 iterations, timeStep = 5.0E-6

Q30_STEP_PROFILE seed=7 fault=DRIVE_A_OPEN profile=initial-electrical-settle boundary=BEGIN stepRole=FINER_2_5_US_REFERENCE declaredMaximumStepSeconds=2.50000000e-06 configuredMaximumStepSeconds=2.50000000e-06 actualCurrentStepSeconds=2.50000000e-06 observedMinimumStepSeconds=2.50000000e-06 observedMaximumStepSeconds=2.50000000e-06 minimumTimeStepSeconds=5.00000000e-11 adaptive=true
Q30_STEP_PROFILE seed=7 fault=DRIVE_A_OPEN profile=initial-electrical-settle boundary=END stepRole=FINER_2_5_US_REFERENCE declaredMaximumStepSeconds=2.50000000e-06 configuredMaximumStepSeconds=2.50000000e-06 actualCurrentStepSeconds=2.50000000e-06 observedMinimumStepSeconds=2.50000000e-06 observedMaximumStepSeconds=2.50000000e-06 minimumTimeStepSeconds=5.00000000e-11 adaptive=true
Q30_STEP_PROFILE seed=7 fault=DRIVE_A_OPEN profile=healthy-preparation boundary=BEGIN stepRole=FINER_2_5_US_REFERENCE declaredMaximumStepSeconds=2.50000000e-06 configuredMaximumStepSeconds=2.50000000e-06 actualCurrentStepSeconds=2.50000000e-06 observedMinimumStepSeconds=2.50000000e-06 observedMaximumStepSeconds=2.50000000e-06 minimumTimeStepSeconds=5.00000000e-11 adaptive=true
Q30_STEP_PROFILE seed=7 fault=DRIVE_A_OPEN profile=healthy-preparation boundary=END stepRole=FINER_2_5_US_REFERENCE declaredMaximumStepSeconds=2.50000000e-06 configuredMaximumStepSeconds=2.50000000e-06 actualCurrentStepSeconds=2.50000000e-06 observedMinimumStepSeconds=2.50000000e-06 observedMaximumStepSeconds=2.50000000e-06 minimumTimeStepSeconds=5.00000000e-11 adaptive=true
Q30_STEP_PROFILE seed=7 fault=DRIVE_A_OPEN profile=fault-profile-preparation boundary=BEGIN stepRole=FINER_2_5_US_REFERENCE declaredMaximumStepSeconds=2.50000000e-06 configuredMaximumStepSeconds=2.50000000e-06 actualCurrentStepSeconds=2.50000000e-06 observedMinimumStepSeconds=2.50000000e-06 observedMaximumStepSeconds=2.50000000e-06 minimumTimeStepSeconds=5.00000000e-11 adaptive=true
Q30_STEP_PROFILE seed=7 fault=DRIVE_A_OPEN profile=fault-profile-preparation boundary=END stepRole=FINER_2_5_US_REFERENCE declaredMaximumStepSeconds=2.50000000e-06 configuredMaximumStepSeconds=2.50000000e-06 actualCurrentStepSeconds=2.50000000e-06 observedMinimumStepSeconds=2.50000000e-06 observedMaximumStepSeconds=2.50000000e-06 minimumTimeStepSeconds=5.00000000e-11 adaptive=true
Q30_STEP_PROFILE seed=7 fault=DRIVE_A_OPEN profile=faulted-four-input-profile boundary=BEGIN stepRole=FINER_2_5_US_REFERENCE declaredMaximumStepSeconds=2.50000000e-06 configuredMaximumStepSeconds=2.50000000e-06 actualCurrentStepSeconds=2.50000000e-06 observedMinimumStepSeconds=2.50000000e-06 observedMaximumStepSeconds=2.50000000e-06 minimumTimeStepSeconds=5.00000000e-11 adaptive=true
Q30_STEP_PROFILE seed=7 fault=DRIVE_A_OPEN profile=faulted-four-input-profile boundary=END stepRole=FINER_2_5_US_REFERENCE declaredMaximumStepSeconds=2.50000000e-06 configuredMaximumStepSeconds=2.50000000e-06 actualCurrentStepSeconds=2.50000000e-06 observedMinimumStepSeconds=2.50000000e-06 observedMaximumStepSeconds=2.50000000e-06 minimumTimeStepSeconds=5.00000000e-11 adaptive=true
Q30_STEP_PROFILE seed=7 fault=DRIVE_A_OPEN profile=unrepaired-customer-retest boundary=BEGIN stepRole=FINER_2_5_US_REFERENCE declaredMaximumStepSeconds=2.50000000e-06 configuredMaximumStepSeconds=2.50000000e-06 actualCurrentStepSeconds=2.50000000e-06 observedMinimumStepSeconds=2.50000000e-06 observedMaximumStepSeconds=2.50000000e-06 minimumTimeStepSeconds=5.00000000e-11 adaptive=true
Q30_STEP_PROFILE seed=7 fault=DRIVE_A_OPEN profile=unrepaired-customer-retest boundary=END stepRole=FINER_2_5_US_REFERENCE declaredMaximumStepSeconds=2.50000000e-06 configuredMaximumStepSeconds=2.50000000e-06 actualCurrentStepSeconds=2.50000000e-06 observedMinimumStepSeconds=2.50000000e-06 observedMaximumStepSeconds=2.50000000e-06 minimumTimeStepSeconds=5.00000000e-11 adaptive=true
Q30_STEP_PROFILE seed=7 fault=DRIVE_A_OPEN profile=service-power-off-wait boundary=BEGIN stepRole=FINER_2_5_US_REFERENCE declaredMaximumStepSeconds=2.50000000e-06 configuredMaximumStepSeconds=2.50000000e-06 actualCurrentStepSeconds=2.50000000e-06 observedMinimumStepSeconds=2.50000000e-06 observedMaximumStepSeconds=2.50000000e-06 minimumTimeStepSeconds=5.00000000e-11 adaptive=true
Q30_STEP_PROFILE seed=7 fault=DRIVE_A_OPEN profile=service-power-off-wait boundary=END stepRole=FINER_2_5_US_REFERENCE declaredMaximumStepSeconds=2.50000000e-06 configuredMaximumStepSeconds=2.50000000e-06 actualCurrentStepSeconds=2.50000000e-06 observedMinimumStepSeconds=2.50000000e-06 observedMaximumStepSeconds=2.50000000e-06 minimumTimeStepSeconds=5.00000000e-11 adaptive=true
Q30_STEP_PROFILE seed=7 fault=DRIVE_A_OPEN profile=reinstalled-original-customer-retest boundary=BEGIN stepRole=FINER_2_5_US_REFERENCE declaredMaximumStepSeconds=2.50000000e-06 configuredMaximumStepSeconds=2.50000000e-06 actualCurrentStepSeconds=2.50000000e-06 observedMinimumStepSeconds=2.50000000e-06 observedMaximumStepSeconds=2.50000000e-06 minimumTimeStepSeconds=5.00000000e-11 adaptive=true
Q30_STEP_PROFILE seed=7 fault=DRIVE_A_OPEN profile=reinstalled-original-customer-retest boundary=END stepRole=FINER_2_5_US_REFERENCE declaredMaximumStepSeconds=2.50000000e-06 configuredMaximumStepSeconds=2.50000000e-06 actualCurrentStepSeconds=2.50000000e-06 observedMinimumStepSeconds=2.50000000e-06 observedMaximumStepSeconds=2.50000000e-06 minimumTimeStepSeconds=5.00000000e-11 adaptive=true
Q30_STEP_PROFILE seed=7 fault=DRIVE_A_OPEN profile=service-power-off-wait boundary=BEGIN stepRole=FINER_2_5_US_REFERENCE declaredMaximumStepSeconds=2.50000000e-06 configuredMaximumStepSeconds=2.50000000e-06 actualCurrentStepSeconds=2.50000000e-06 observedMinimumStepSeconds=2.50000000e-06 observedMaximumStepSeconds=2.50000000e-06 minimumTimeStepSeconds=5.00000000e-11 adaptive=true
Q30_STEP_PROFILE seed=7 fault=DRIVE_A_OPEN profile=service-power-off-wait boundary=END stepRole=FINER_2_5_US_REFERENCE declaredMaximumStepSeconds=2.50000000e-06 configuredMaximumStepSeconds=2.50000000e-06 actualCurrentStepSeconds=2.50000000e-06 observedMinimumStepSeconds=2.50000000e-06 observedMaximumStepSeconds=2.50000000e-06 minimumTimeStepSeconds=5.00000000e-11 adaptive=true
Q30_STEP_PROFILE seed=7 fault=DRIVE_A_OPEN profile=repaired-customer-retest boundary=BEGIN stepRole=FINER_2_5_US_REFERENCE declaredMaximumStepSeconds=2.50000000e-06 configuredMaximumStepSeconds=2.50000000e-06 actualCurrentStepSeconds=2.50000000e-06 observedMinimumStepSeconds=2.50000000e-06 observedMaximumStepSeconds=2.50000000e-06 minimumTimeStepSeconds=5.00000000e-11 adaptive=true
Q30_STEP_PROFILE seed=7 fault=DRIVE_A_OPEN profile=repaired-customer-retest boundary=END stepRole=FINER_2_5_US_REFERENCE declaredMaximumStepSeconds=2.50000000e-06 configuredMaximumStepSeconds=2.50000000e-06 actualCurrentStepSeconds=2.50000000e-06 observedMinimumStepSeconds=2.50000000e-06 observedMaximumStepSeconds=2.50000000e-06 minimumTimeStepSeconds=5.00000000e-11 adaptive=true
Q30_STEP_OWNER_CLEANUP seed=7 fault=DRIVE_A_OPEN declaredMaximumStepSeconds=2.50000000e-06 stepRole=FINER_2_5_US_REFERENCE cleanup=true elapsedMillis=0
Q30_STEP_PROFILE seed=7 fault=DRIVE_A_OPEN profile=initial-electrical-settle boundary=BEGIN stepRole=PRODUCTION_5_US declaredMaximumStepSeconds=5.00000000e-06 configuredMaximumStepSeconds=5.00000000e-06 actualCurrentStepSeconds=5.00000000e-06 observedMinimumStepSeconds=5.00000000e-06 observedMaximumStepSeconds=5.00000000e-06 minimumTimeStepSeconds=5.00000000e-11 adaptive=true
Q30_STEP_PROFILE seed=7 fault=DRIVE_A_OPEN profile=initial-electrical-settle boundary=END stepRole=PRODUCTION_5_US declaredMaximumStepSeconds=5.00000000e-06 configuredMaximumStepSeconds=5.00000000e-06 actualCurrentStepSeconds=5.00000000e-06 observedMinimumStepSeconds=5.00000000e-06 observedMaximumStepSeconds=5.00000000e-06 minimumTimeStepSeconds=5.00000000e-11 adaptive=true
Q30_STEP_PROFILE seed=7 fault=DRIVE_A_OPEN profile=healthy-preparation boundary=BEGIN stepRole=PRODUCTION_5_US declaredMaximumStepSeconds=5.00000000e-06 configuredMaximumStepSeconds=5.00000000e-06 actualCurrentStepSeconds=5.00000000e-06 observedMinimumStepSeconds=5.00000000e-06 observedMaximumStepSeconds=5.00000000e-06 minimumTimeStepSeconds=5.00000000e-11 adaptive=true
Q30_STEP_PROFILE seed=7 fault=DRIVE_A_OPEN profile=healthy-preparation boundary=END stepRole=PRODUCTION_5_US declaredMaximumStepSeconds=5.00000000e-06 configuredMaximumStepSeconds=5.00000000e-06 actualCurrentStepSeconds=5.00000000e-06 observedMinimumStepSeconds=5.00000000e-06 observedMaximumStepSeconds=5.00000000e-06 minimumTimeStepSeconds=5.00000000e-11 adaptive=true
Q30_STEP_PROFILE seed=7 fault=DRIVE_A_OPEN profile=fault-profile-preparation boundary=BEGIN stepRole=PRODUCTION_5_US declaredMaximumStepSeconds=5.00000000e-06 configuredMaximumStepSeconds=5.00000000e-06 actualCurrentStepSeconds=5.00000000e-06 observedMinimumStepSeconds=5.00000000e-06 observedMaximumStepSeconds=5.00000000e-06 minimumTimeStepSeconds=5.00000000e-11 adaptive=true
Q30_STEP_PROFILE seed=7 fault=DRIVE_A_OPEN profile=fault-profile-preparation boundary=END stepRole=PRODUCTION_5_US declaredMaximumStepSeconds=5.00000000e-06 configuredMaximumStepSeconds=5.00000000e-06 actualCurrentStepSeconds=5.00000000e-06 observedMinimumStepSeconds=5.00000000e-06 observedMaximumStepSeconds=5.00000000e-06 minimumTimeStepSeconds=5.00000000e-11 adaptive=true
Q30_STEP_PROFILE seed=7 fault=DRIVE_A_OPEN profile=faulted-four-input-profile boundary=BEGIN stepRole=PRODUCTION_5_US declaredMaximumStepSeconds=5.00000000e-06 configuredMaximumStepSeconds=5.00000000e-06 actualCurrentStepSeconds=5.00000000e-06 observedMinimumStepSeconds=5.00000000e-06 observedMaximumStepSeconds=5.00000000e-06 minimumTimeStepSeconds=5.00000000e-11 adaptive=true
Q30_STEP_PROFILE seed=7 fault=DRIVE_A_OPEN profile=faulted-four-input-profile boundary=END stepRole=PRODUCTION_5_US declaredMaximumStepSeconds=5.00000000e-06 configuredMaximumStepSeconds=5.00000000e-06 actualCurrentStepSeconds=5.00000000e-06 observedMinimumStepSeconds=5.00000000e-06 observedMaximumStepSeconds=5.00000000e-06 minimumTimeStepSeconds=5.00000000e-11 adaptive=true
Q30_STEP_PROFILE seed=7 fault=DRIVE_A_OPEN profile=unrepaired-customer-retest boundary=BEGIN stepRole=PRODUCTION_5_US declaredMaximumStepSeconds=5.00000000e-06 configuredMaximumStepSeconds=5.00000000e-06 actualCurrentStepSeconds=5.00000000e-06 observedMinimumStepSeconds=5.00000000e-06 observedMaximumStepSeconds=5.00000000e-06 minimumTimeStepSeconds=5.00000000e-11 adaptive=true
Q30_STEP_PROFILE seed=7 fault=DRIVE_A_OPEN profile=unrepaired-customer-retest boundary=END stepRole=PRODUCTION_5_US declaredMaximumStepSeconds=5.00000000e-06 configuredMaximumStepSeconds=5.00000000e-06 actualCurrentStepSeconds=5.00000000e-06 observedMinimumStepSeconds=5.00000000e-06 observedMaximumStepSeconds=5.00000000e-06 minimumTimeStepSeconds=5.00000000e-11 adaptive=true
Q30_STEP_PROFILE seed=7 fault=DRIVE_A_OPEN profile=service-power-off-wait boundary=BEGIN stepRole=PRODUCTION_5_US declaredMaximumStepSeconds=5.00000000e-06 configuredMaximumStepSeconds=5.00000000e-06 actualCurrentStepSeconds=5.00000000e-06 observedMinimumStepSeconds=5.00000000e-06 observedMaximumStepSeconds=5.00000000e-06 minimumTimeStepSeconds=5.00000000e-11 adaptive=true
Q30_STEP_PROFILE seed=7 fault=DRIVE_A_OPEN profile=service-power-off-wait boundary=END stepRole=PRODUCTION_5_US declaredMaximumStepSeconds=5.00000000e-06 configuredMaximumStepSeconds=5.00000000e-06 actualCurrentStepSeconds=5.00000000e-06 observedMinimumStepSeconds=5.00000000e-06 observedMaximumStepSeconds=5.00000000e-06 minimumTimeStepSeconds=5.00000000e-11 adaptive=true
Q30_STEP_PROFILE seed=7 fault=DRIVE_A_OPEN profile=reinstalled-original-customer-retest boundary=BEGIN stepRole=PRODUCTION_5_US declaredMaximumStepSeconds=5.00000000e-06 configuredMaximumStepSeconds=5.00000000e-06 actualCurrentStepSeconds=5.00000000e-06 observedMinimumStepSeconds=5.00000000e-06 observedMaximumStepSeconds=5.00000000e-06 minimumTimeStepSeconds=5.00000000e-11 adaptive=true
Q30_STEP_PROFILE seed=7 fault=DRIVE_A_OPEN profile=reinstalled-original-customer-retest boundary=END stepRole=PRODUCTION_5_US declaredMaximumStepSeconds=5.00000000e-06 configuredMaximumStepSeconds=5.00000000e-06 actualCurrentStepSeconds=5.00000000e-06 observedMinimumStepSeconds=5.00000000e-06 observedMaximumStepSeconds=5.00000000e-06 minimumTimeStepSeconds=5.00000000e-11 adaptive=true
Q30_STEP_PROFILE seed=7 fault=DRIVE_A_OPEN profile=service-power-off-wait boundary=BEGIN stepRole=PRODUCTION_5_US declaredMaximumStepSeconds=5.00000000e-06 configuredMaximumStepSeconds=5.00000000e-06 actualCurrentStepSeconds=5.00000000e-06 observedMinimumStepSeconds=5.00000000e-06 observedMaximumStepSeconds=5.00000000e-06 minimumTimeStepSeconds=5.00000000e-11 adaptive=true
Q30_STEP_PROFILE seed=7 fault=DRIVE_A_OPEN profile=service-power-off-wait boundary=END stepRole=PRODUCTION_5_US declaredMaximumStepSeconds=5.00000000e-06 configuredMaximumStepSeconds=5.00000000e-06 actualCurrentStepSeconds=5.00000000e-06 observedMinimumStepSeconds=5.00000000e-06 observedMaximumStepSeconds=5.00000000e-06 minimumTimeStepSeconds=5.00000000e-11 adaptive=true
Q30_STEP_PROFILE seed=7 fault=DRIVE_A_OPEN profile=repaired-customer-retest boundary=BEGIN stepRole=PRODUCTION_5_US declaredMaximumStepSeconds=5.00000000e-06 configuredMaximumStepSeconds=5.00000000e-06 actualCurrentStepSeconds=5.00000000e-06 observedMinimumStepSeconds=5.00000000e-06 observedMaximumStepSeconds=5.00000000e-06 minimumTimeStepSeconds=5.00000000e-11 adaptive=true
Q30_STEP_PROFILE seed=7 fault=DRIVE_A_OPEN profile=repaired-customer-retest boundary=END stepRole=PRODUCTION_5_US declaredMaximumStepSeconds=5.00000000e-06 configuredMaximumStepSeconds=5.00000000e-06 actualCurrentStepSeconds=5.00000000e-06 observedMinimumStepSeconds=5.00000000e-06 observedMaximumStepSeconds=5.00000000e-06 minimumTimeStepSeconds=5.00000000e-11 adaptive=true
Q30_STEP_OWNER_CLEANUP seed=7 fault=DRIVE_A_OPEN declaredMaximumStepSeconds=5.00000000e-06 stepRole=PRODUCTION_5_US cleanup=true elapsedMillis=0
Q30_STEP_PAIR seed=7 support=COMPACT_33 fault=DRIVE_A_OPEN referenceMaximumStepSeconds=2.50000000e-06 productionCandidateMaximumStepSeconds=5.00000000e-06 candidateKind=PRODUCTION_5_US maxDeltaVolts=2.71977996e-11 toleranceVolts=0.120012275 phase=customer-retest sample=SENSORS_HIGH/REN.2-J1.2 referenceElapsedMillis=15500 productionCandidateElapsedMillis=8135 referenceSimSeconds=1.16019250 productionCandidateSimSeconds=1.16036000 referenceCleanupMillis=0 productionCandidateCleanupMillis=0 cleanup=true
Q30_STEP_SEED seed=7 support=COMPACT_33 referenceMaximumStepSeconds=2.50000000e-06 productionCandidateMaximumStepSeconds=5.00000000e-06 candidateKind=PRODUCTION_5_US routeTopology=RB30_SEPARATE_DIRECT_A_BJT_B_BJT_COMPACT_33 routeAndPairsElapsedMillis=28159
Q30_STEP_OWNER_CLEANUP seed=7 fault=DREV_OPEN declaredMaximumStepSeconds=2.50000000e-06 stepRole=FINER_2_5_US_REFERENCE cleanup=true elapsedMillis=0
Q30_STEP_SEED_CLEANUP seed=7 cleanup=true elapsedMillis=0
PASS: Q30 production solver step sensitivity assertions=1704 seed=7 support=COMPACT_33 faults=1 referenceMaximumStepSeconds=2.50000000e-06 productionCandidateMaximumStepSeconds=5.00000000e-06 candidateKind=PRODUCTION_5_US elapsedMillis=28159

node 11 unconnected
converged after 25 iterations, timeStep = 2.5E-6
converged after 9 iterations, timeStep = 2.5E-6
node 11 unconnected
node 11 unconnected
converged after 10 iterations, timeStep = 2.5E-6
node 11 unconnected
converged after 10 iterations, timeStep = 2.5E-6
node 11 unconnected
converged after 9 iterations, timeStep = 2.5E-6
node 11 unconnected
converged after 10 iterations, timeStep = 2.5E-6
node 11 unconnected
converged after 10 iterations, timeStep = 2.5E-6
node 11 unconnected
converged after 10 iterations, timeStep = 2.5E-6
node 11 unconnected
node 11 unconnected
converged after 10 iterations, timeStep = 2.5E-6
node 11 unconnected
node 11 unconnected
converged after 10 iterations, timeStep = 2.5E-6
node 11 unconnected
node 11 unconnected
converged after 10 iterations, timeStep = 2.5E-6
node 11 unconnected
node 11 unconnected
converged after 10 iterations, timeStep = 2.5E-6
node 11 unconnected
node 11 unconnected
node 11 unconnected
node 11 unconnected
node 11 unconnected
node 11 unconnected
node 38 unconnected
node 41 unconnected
node 11 unconnected
node 11 unconnected
converged after 23 iterations, timeStep = 2.5E-6
converged after 7 iterations, timeStep = 2.5E-6
node 11 unconnected
node 11 unconnected
node 11 unconnected
converged after 10 iterations, timeStep = 2.5E-6
node 11 unconnected
node 11 unconnected
converged after 10 iterations, timeStep = 2.5E-6
node 11 unconnected
node 11 unconnected
node 11 unconnected
node 11 unconnected
node 11 unconnected
node 11 unconnected
node 38 unconnected
node 41 unconnected
node 11 unconnected
node 38 unconnected
node 41 unconnected
node 11 unconnected
node 38 unconnected
node 41 unconnected
converged after 23 iterations, timeStep = 2.5E-6
converged after 7 iterations, timeStep = 2.5E-6
node 11 unconnected
node 38 unconnected
node 41 unconnected
node 11 unconnected
node 38 unconnected
node 41 unconnected
converged after 10 iterations, timeStep = 2.5E-6
node 11 unconnected
node 38 unconnected
node 41 unconnected
converged after 10 iterations, timeStep = 2.5E-6
node 11 unconnected
node 38 unconnected
node 41 unconnected
converged after 9 iterations, timeStep = 2.5E-6
node 11 unconnected
converged after 25 iterations, timeStep = 5.0E-6
converged after 6 iterations, timeStep = 5.0E-6
node 11 unconnected
node 11 unconnected
converged after 16 iterations, timeStep = 5.0E-6
node 11 unconnected
converged after 19 iterations, timeStep = 5.0E-6
node 11 unconnected
converged after 19 iterations, timeStep = 5.0E-6
node 11 unconnected
converged after 10 iterations, timeStep = 5.0E-6
node 11 unconnected
converged after 16 iterations, timeStep = 5.0E-6
node 11 unconnected
converged after 10 iterations, timeStep = 5.0E-6
node 11 unconnected
node 11 unconnected
converged after 16 iterations, timeStep = 5.0E-6
node 11 unconnected
node 11 unconnected
converged after 10 iterations, timeStep = 5.0E-6
node 11 unconnected
node 11 unconnected
converged after 16 iterations, timeStep = 5.0E-6
node 11 unconnected
node 11 unconnected
converged after 10 iterations, timeStep = 5.0E-6
node 11 unconnected
node 11 unconnected
node 11 unconnected
node 11 unconnected
node 11 unconnected
node 11 unconnected
node 38 unconnected
node 41 unconnected
node 11 unconnected
node 11 unconnected
converged after 23 iterations, timeStep = 5.0E-6
node 11 unconnected
node 11 unconnected
node 11 unconnected
converged after 16 iterations, timeStep = 5.0E-6
node 11 unconnected
node 11 unconnected
converged after 10 iterations, timeStep = 5.0E-6
node 11 unconnected
node 11 unconnected
node 11 unconnected
node 11 unconnected
node 11 unconnected
node 11 unconnected
node 38 unconnected
node 41 unconnected
node 11 unconnected
node 38 unconnected
node 41 unconnected
node 11 unconnected
node 38 unconnected
node 41 unconnected
converged after 23 iterations, timeStep = 5.0E-6
node 11 unconnected
node 38 unconnected
node 41 unconnected
node 11 unconnected
node 38 unconnected
node 41 unconnected
converged after 16 iterations, timeStep = 5.0E-6
node 11 unconnected
node 38 unconnected
node 41 unconnected
converged after 19 iterations, timeStep = 5.0E-6
node 11 unconnected
node 38 unconnected
node 41 unconnected
converged after 19 iterations, timeStep = 5.0E-6

Q30_STEP_PROFILE seed=7 fault=RELAY_B_COIL_OPEN profile=initial-electrical-settle boundary=BEGIN stepRole=FINER_2_5_US_REFERENCE declaredMaximumStepSeconds=2.50000000e-06 configuredMaximumStepSeconds=2.50000000e-06 actualCurrentStepSeconds=2.50000000e-06 observedMinimumStepSeconds=2.50000000e-06 observedMaximumStepSeconds=2.50000000e-06 minimumTimeStepSeconds=5.00000000e-11 adaptive=true
Q30_STEP_PROFILE seed=7 fault=RELAY_B_COIL_OPEN profile=initial-electrical-settle boundary=END stepRole=FINER_2_5_US_REFERENCE declaredMaximumStepSeconds=2.50000000e-06 configuredMaximumStepSeconds=2.50000000e-06 actualCurrentStepSeconds=2.50000000e-06 observedMinimumStepSeconds=2.50000000e-06 observedMaximumStepSeconds=2.50000000e-06 minimumTimeStepSeconds=5.00000000e-11 adaptive=true
Q30_STEP_PROFILE seed=7 fault=RELAY_B_COIL_OPEN profile=healthy-preparation boundary=BEGIN stepRole=FINER_2_5_US_REFERENCE declaredMaximumStepSeconds=2.50000000e-06 configuredMaximumStepSeconds=2.50000000e-06 actualCurrentStepSeconds=2.50000000e-06 observedMinimumStepSeconds=2.50000000e-06 observedMaximumStepSeconds=2.50000000e-06 minimumTimeStepSeconds=5.00000000e-11 adaptive=true
Q30_STEP_PROFILE seed=7 fault=RELAY_B_COIL_OPEN profile=healthy-preparation boundary=END stepRole=FINER_2_5_US_REFERENCE declaredMaximumStepSeconds=2.50000000e-06 configuredMaximumStepSeconds=2.50000000e-06 actualCurrentStepSeconds=2.50000000e-06 observedMinimumStepSeconds=2.50000000e-06 observedMaximumStepSeconds=2.50000000e-06 minimumTimeStepSeconds=5.00000000e-11 adaptive=true
Q30_STEP_PROFILE seed=7 fault=RELAY_B_COIL_OPEN profile=fault-profile-preparation boundary=BEGIN stepRole=FINER_2_5_US_REFERENCE declaredMaximumStepSeconds=2.50000000e-06 configuredMaximumStepSeconds=2.50000000e-06 actualCurrentStepSeconds=2.50000000e-06 observedMinimumStepSeconds=2.50000000e-06 observedMaximumStepSeconds=2.50000000e-06 minimumTimeStepSeconds=5.00000000e-11 adaptive=true
Q30_STEP_PROFILE seed=7 fault=RELAY_B_COIL_OPEN profile=fault-profile-preparation boundary=END stepRole=FINER_2_5_US_REFERENCE declaredMaximumStepSeconds=2.50000000e-06 configuredMaximumStepSeconds=2.50000000e-06 actualCurrentStepSeconds=2.50000000e-06 observedMinimumStepSeconds=2.50000000e-06 observedMaximumStepSeconds=2.50000000e-06 minimumTimeStepSeconds=5.00000000e-11 adaptive=true
Q30_STEP_PROFILE seed=7 fault=RELAY_B_COIL_OPEN profile=faulted-four-input-profile boundary=BEGIN stepRole=FINER_2_5_US_REFERENCE declaredMaximumStepSeconds=2.50000000e-06 configuredMaximumStepSeconds=2.50000000e-06 actualCurrentStepSeconds=2.50000000e-06 observedMinimumStepSeconds=2.50000000e-06 observedMaximumStepSeconds=2.50000000e-06 minimumTimeStepSeconds=5.00000000e-11 adaptive=true
Q30_STEP_PROFILE seed=7 fault=RELAY_B_COIL_OPEN profile=faulted-four-input-profile boundary=END stepRole=FINER_2_5_US_REFERENCE declaredMaximumStepSeconds=2.50000000e-06 configuredMaximumStepSeconds=2.50000000e-06 actualCurrentStepSeconds=2.50000000e-06 observedMinimumStepSeconds=2.50000000e-06 observedMaximumStepSeconds=2.50000000e-06 minimumTimeStepSeconds=5.00000000e-11 adaptive=true
Q30_STEP_PROFILE seed=7 fault=RELAY_B_COIL_OPEN profile=unrepaired-customer-retest boundary=BEGIN stepRole=FINER_2_5_US_REFERENCE declaredMaximumStepSeconds=2.50000000e-06 configuredMaximumStepSeconds=2.50000000e-06 actualCurrentStepSeconds=2.50000000e-06 observedMinimumStepSeconds=2.50000000e-06 observedMaximumStepSeconds=2.50000000e-06 minimumTimeStepSeconds=5.00000000e-11 adaptive=true
Q30_STEP_PROFILE seed=7 fault=RELAY_B_COIL_OPEN profile=unrepaired-customer-retest boundary=END stepRole=FINER_2_5_US_REFERENCE declaredMaximumStepSeconds=2.50000000e-06 configuredMaximumStepSeconds=2.50000000e-06 actualCurrentStepSeconds=2.50000000e-06 observedMinimumStepSeconds=2.50000000e-06 observedMaximumStepSeconds=2.50000000e-06 minimumTimeStepSeconds=5.00000000e-11 adaptive=true
Q30_STEP_PROFILE seed=7 fault=RELAY_B_COIL_OPEN profile=service-power-off-wait boundary=BEGIN stepRole=FINER_2_5_US_REFERENCE declaredMaximumStepSeconds=2.50000000e-06 configuredMaximumStepSeconds=2.50000000e-06 actualCurrentStepSeconds=2.50000000e-06 observedMinimumStepSeconds=2.50000000e-06 observedMaximumStepSeconds=2.50000000e-06 minimumTimeStepSeconds=5.00000000e-11 adaptive=true
Q30_STEP_PROFILE seed=7 fault=RELAY_B_COIL_OPEN profile=service-power-off-wait boundary=END stepRole=FINER_2_5_US_REFERENCE declaredMaximumStepSeconds=2.50000000e-06 configuredMaximumStepSeconds=2.50000000e-06 actualCurrentStepSeconds=2.50000000e-06 observedMinimumStepSeconds=2.50000000e-06 observedMaximumStepSeconds=2.50000000e-06 minimumTimeStepSeconds=5.00000000e-11 adaptive=true
Q30_STEP_PROFILE seed=7 fault=RELAY_B_COIL_OPEN profile=reinstalled-original-customer-retest boundary=BEGIN stepRole=FINER_2_5_US_REFERENCE declaredMaximumStepSeconds=2.50000000e-06 configuredMaximumStepSeconds=2.50000000e-06 actualCurrentStepSeconds=2.50000000e-06 observedMinimumStepSeconds=2.50000000e-06 observedMaximumStepSeconds=2.50000000e-06 minimumTimeStepSeconds=5.00000000e-11 adaptive=true
Q30_STEP_PROFILE seed=7 fault=RELAY_B_COIL_OPEN profile=reinstalled-original-customer-retest boundary=END stepRole=FINER_2_5_US_REFERENCE declaredMaximumStepSeconds=2.50000000e-06 configuredMaximumStepSeconds=2.50000000e-06 actualCurrentStepSeconds=2.50000000e-06 observedMinimumStepSeconds=2.50000000e-06 observedMaximumStepSeconds=2.50000000e-06 minimumTimeStepSeconds=5.00000000e-11 adaptive=true
Q30_STEP_PROFILE seed=7 fault=RELAY_B_COIL_OPEN profile=service-power-off-wait boundary=BEGIN stepRole=FINER_2_5_US_REFERENCE declaredMaximumStepSeconds=2.50000000e-06 configuredMaximumStepSeconds=2.50000000e-06 actualCurrentStepSeconds=2.50000000e-06 observedMinimumStepSeconds=2.50000000e-06 observedMaximumStepSeconds=2.50000000e-06 minimumTimeStepSeconds=5.00000000e-11 adaptive=true
Q30_STEP_PROFILE seed=7 fault=RELAY_B_COIL_OPEN profile=service-power-off-wait boundary=END stepRole=FINER_2_5_US_REFERENCE declaredMaximumStepSeconds=2.50000000e-06 configuredMaximumStepSeconds=2.50000000e-06 actualCurrentStepSeconds=2.50000000e-06 observedMinimumStepSeconds=2.50000000e-06 observedMaximumStepSeconds=2.50000000e-06 minimumTimeStepSeconds=5.00000000e-11 adaptive=true
Q30_STEP_PROFILE seed=7 fault=RELAY_B_COIL_OPEN profile=repaired-customer-retest boundary=BEGIN stepRole=FINER_2_5_US_REFERENCE declaredMaximumStepSeconds=2.50000000e-06 configuredMaximumStepSeconds=2.50000000e-06 actualCurrentStepSeconds=2.50000000e-06 observedMinimumStepSeconds=2.50000000e-06 observedMaximumStepSeconds=2.50000000e-06 minimumTimeStepSeconds=5.00000000e-11 adaptive=true
Q30_STEP_PROFILE seed=7 fault=RELAY_B_COIL_OPEN profile=repaired-customer-retest boundary=END stepRole=FINER_2_5_US_REFERENCE declaredMaximumStepSeconds=2.50000000e-06 configuredMaximumStepSeconds=2.50000000e-06 actualCurrentStepSeconds=2.50000000e-06 observedMinimumStepSeconds=2.50000000e-06 observedMaximumStepSeconds=2.50000000e-06 minimumTimeStepSeconds=5.00000000e-11 adaptive=true
Q30_STEP_OWNER_CLEANUP seed=7 fault=RELAY_B_COIL_OPEN declaredMaximumStepSeconds=2.50000000e-06 stepRole=FINER_2_5_US_REFERENCE cleanup=true elapsedMillis=0
Q30_STEP_PROFILE seed=7 fault=RELAY_B_COIL_OPEN profile=initial-electrical-settle boundary=BEGIN stepRole=PRODUCTION_5_US declaredMaximumStepSeconds=5.00000000e-06 configuredMaximumStepSeconds=5.00000000e-06 actualCurrentStepSeconds=5.00000000e-06 observedMinimumStepSeconds=5.00000000e-06 observedMaximumStepSeconds=5.00000000e-06 minimumTimeStepSeconds=5.00000000e-11 adaptive=true
Q30_STEP_PROFILE seed=7 fault=RELAY_B_COIL_OPEN profile=initial-electrical-settle boundary=END stepRole=PRODUCTION_5_US declaredMaximumStepSeconds=5.00000000e-06 configuredMaximumStepSeconds=5.00000000e-06 actualCurrentStepSeconds=5.00000000e-06 observedMinimumStepSeconds=5.00000000e-06 observedMaximumStepSeconds=5.00000000e-06 minimumTimeStepSeconds=5.00000000e-11 adaptive=true
Q30_STEP_PROFILE seed=7 fault=RELAY_B_COIL_OPEN profile=healthy-preparation boundary=BEGIN stepRole=PRODUCTION_5_US declaredMaximumStepSeconds=5.00000000e-06 configuredMaximumStepSeconds=5.00000000e-06 actualCurrentStepSeconds=5.00000000e-06 observedMinimumStepSeconds=5.00000000e-06 observedMaximumStepSeconds=5.00000000e-06 minimumTimeStepSeconds=5.00000000e-11 adaptive=true
Q30_STEP_PROFILE seed=7 fault=RELAY_B_COIL_OPEN profile=healthy-preparation boundary=END stepRole=PRODUCTION_5_US declaredMaximumStepSeconds=5.00000000e-06 configuredMaximumStepSeconds=5.00000000e-06 actualCurrentStepSeconds=5.00000000e-06 observedMinimumStepSeconds=5.00000000e-06 observedMaximumStepSeconds=5.00000000e-06 minimumTimeStepSeconds=5.00000000e-11 adaptive=true
Q30_STEP_PROFILE seed=7 fault=RELAY_B_COIL_OPEN profile=fault-profile-preparation boundary=BEGIN stepRole=PRODUCTION_5_US declaredMaximumStepSeconds=5.00000000e-06 configuredMaximumStepSeconds=5.00000000e-06 actualCurrentStepSeconds=5.00000000e-06 observedMinimumStepSeconds=5.00000000e-06 observedMaximumStepSeconds=5.00000000e-06 minimumTimeStepSeconds=5.00000000e-11 adaptive=true
Q30_STEP_PROFILE seed=7 fault=RELAY_B_COIL_OPEN profile=fault-profile-preparation boundary=END stepRole=PRODUCTION_5_US declaredMaximumStepSeconds=5.00000000e-06 configuredMaximumStepSeconds=5.00000000e-06 actualCurrentStepSeconds=5.00000000e-06 observedMinimumStepSeconds=5.00000000e-06 observedMaximumStepSeconds=5.00000000e-06 minimumTimeStepSeconds=5.00000000e-11 adaptive=true
Q30_STEP_PROFILE seed=7 fault=RELAY_B_COIL_OPEN profile=faulted-four-input-profile boundary=BEGIN stepRole=PRODUCTION_5_US declaredMaximumStepSeconds=5.00000000e-06 configuredMaximumStepSeconds=5.00000000e-06 actualCurrentStepSeconds=5.00000000e-06 observedMinimumStepSeconds=5.00000000e-06 observedMaximumStepSeconds=5.00000000e-06 minimumTimeStepSeconds=5.00000000e-11 adaptive=true
Q30_STEP_PROFILE seed=7 fault=RELAY_B_COIL_OPEN profile=faulted-four-input-profile boundary=END stepRole=PRODUCTION_5_US declaredMaximumStepSeconds=5.00000000e-06 configuredMaximumStepSeconds=5.00000000e-06 actualCurrentStepSeconds=5.00000000e-06 observedMinimumStepSeconds=5.00000000e-06 observedMaximumStepSeconds=5.00000000e-06 minimumTimeStepSeconds=5.00000000e-11 adaptive=true
Q30_STEP_PROFILE seed=7 fault=RELAY_B_COIL_OPEN profile=unrepaired-customer-retest boundary=BEGIN stepRole=PRODUCTION_5_US declaredMaximumStepSeconds=5.00000000e-06 configuredMaximumStepSeconds=5.00000000e-06 actualCurrentStepSeconds=5.00000000e-06 observedMinimumStepSeconds=5.00000000e-06 observedMaximumStepSeconds=5.00000000e-06 minimumTimeStepSeconds=5.00000000e-11 adaptive=true
Q30_STEP_PROFILE seed=7 fault=RELAY_B_COIL_OPEN profile=unrepaired-customer-retest boundary=END stepRole=PRODUCTION_5_US declaredMaximumStepSeconds=5.00000000e-06 configuredMaximumStepSeconds=5.00000000e-06 actualCurrentStepSeconds=5.00000000e-06 observedMinimumStepSeconds=5.00000000e-06 observedMaximumStepSeconds=5.00000000e-06 minimumTimeStepSeconds=5.00000000e-11 adaptive=true
Q30_STEP_PROFILE seed=7 fault=RELAY_B_COIL_OPEN profile=service-power-off-wait boundary=BEGIN stepRole=PRODUCTION_5_US declaredMaximumStepSeconds=5.00000000e-06 configuredMaximumStepSeconds=5.00000000e-06 actualCurrentStepSeconds=5.00000000e-06 observedMinimumStepSeconds=5.00000000e-06 observedMaximumStepSeconds=5.00000000e-06 minimumTimeStepSeconds=5.00000000e-11 adaptive=true
Q30_STEP_PROFILE seed=7 fault=RELAY_B_COIL_OPEN profile=service-power-off-wait boundary=END stepRole=PRODUCTION_5_US declaredMaximumStepSeconds=5.00000000e-06 configuredMaximumStepSeconds=5.00000000e-06 actualCurrentStepSeconds=5.00000000e-06 observedMinimumStepSeconds=5.00000000e-06 observedMaximumStepSeconds=5.00000000e-06 minimumTimeStepSeconds=5.00000000e-11 adaptive=true
Q30_STEP_PROFILE seed=7 fault=RELAY_B_COIL_OPEN profile=reinstalled-original-customer-retest boundary=BEGIN stepRole=PRODUCTION_5_US declaredMaximumStepSeconds=5.00000000e-06 configuredMaximumStepSeconds=5.00000000e-06 actualCurrentStepSeconds=5.00000000e-06 observedMinimumStepSeconds=5.00000000e-06 observedMaximumStepSeconds=5.00000000e-06 minimumTimeStepSeconds=5.00000000e-11 adaptive=true
Q30_STEP_PROFILE seed=7 fault=RELAY_B_COIL_OPEN profile=reinstalled-original-customer-retest boundary=END stepRole=PRODUCTION_5_US declaredMaximumStepSeconds=5.00000000e-06 configuredMaximumStepSeconds=5.00000000e-06 actualCurrentStepSeconds=5.00000000e-06 observedMinimumStepSeconds=5.00000000e-06 observedMaximumStepSeconds=5.00000000e-06 minimumTimeStepSeconds=5.00000000e-11 adaptive=true
Q30_STEP_PROFILE seed=7 fault=RELAY_B_COIL_OPEN profile=service-power-off-wait boundary=BEGIN stepRole=PRODUCTION_5_US declaredMaximumStepSeconds=5.00000000e-06 configuredMaximumStepSeconds=5.00000000e-06 actualCurrentStepSeconds=5.00000000e-06 observedMinimumStepSeconds=5.00000000e-06 observedMaximumStepSeconds=5.00000000e-06 minimumTimeStepSeconds=5.00000000e-11 adaptive=true
Q30_STEP_PROFILE seed=7 fault=RELAY_B_COIL_OPEN profile=service-power-off-wait boundary=END stepRole=PRODUCTION_5_US declaredMaximumStepSeconds=5.00000000e-06 configuredMaximumStepSeconds=5.00000000e-06 actualCurrentStepSeconds=5.00000000e-06 observedMinimumStepSeconds=5.00000000e-06 observedMaximumStepSeconds=5.00000000e-06 minimumTimeStepSeconds=5.00000000e-11 adaptive=true
Q30_STEP_PROFILE seed=7 fault=RELAY_B_COIL_OPEN profile=repaired-customer-retest boundary=BEGIN stepRole=PRODUCTION_5_US declaredMaximumStepSeconds=5.00000000e-06 configuredMaximumStepSeconds=5.00000000e-06 actualCurrentStepSeconds=5.00000000e-06 observedMinimumStepSeconds=5.00000000e-06 observedMaximumStepSeconds=5.00000000e-06 minimumTimeStepSeconds=5.00000000e-11 adaptive=true
Q30_STEP_PROFILE seed=7 fault=RELAY_B_COIL_OPEN profile=repaired-customer-retest boundary=END stepRole=PRODUCTION_5_US declaredMaximumStepSeconds=5.00000000e-06 configuredMaximumStepSeconds=5.00000000e-06 actualCurrentStepSeconds=5.00000000e-06 observedMinimumStepSeconds=5.00000000e-06 observedMaximumStepSeconds=5.00000000e-06 minimumTimeStepSeconds=5.00000000e-11 adaptive=true
Q30_STEP_OWNER_CLEANUP seed=7 fault=RELAY_B_COIL_OPEN declaredMaximumStepSeconds=5.00000000e-06 stepRole=PRODUCTION_5_US cleanup=true elapsedMillis=0
Q30_STEP_PAIR seed=7 support=COMPACT_33 fault=RELAY_B_COIL_OPEN referenceMaximumStepSeconds=2.50000000e-06 productionCandidateMaximumStepSeconds=5.00000000e-06 candidateKind=PRODUCTION_5_US maxDeltaVolts=3.95292687e-11 toleranceVolts=0.120012275 phase=customer-retest sample=SENSORS_HIGH/REN.2-J1.2 referenceElapsedMillis=17322 productionCandidateElapsedMillis=9066 referenceSimSeconds=1.16019250 productionCandidateSimSeconds=1.16036000 referenceCleanupMillis=0 productionCandidateCleanupMillis=0 cleanup=true
Q30_STEP_SEED seed=7 support=COMPACT_33 referenceMaximumStepSeconds=2.50000000e-06 productionCandidateMaximumStepSeconds=5.00000000e-06 candidateKind=PRODUCTION_5_US routeTopology=RB30_SEPARATE_DIRECT_A_BJT_B_BJT_COMPACT_33 routeAndPairsElapsedMillis=30772
Q30_STEP_OWNER_CLEANUP seed=7 fault=DREV_OPEN declaredMaximumStepSeconds=2.50000000e-06 stepRole=FINER_2_5_US_REFERENCE cleanup=true elapsedMillis=0
Q30_STEP_SEED_CLEANUP seed=7 cleanup=true elapsedMillis=0
PASS: Q30 production solver step sensitivity assertions=1704 seed=7 support=COMPACT_33 faults=1 referenceMaximumStepSeconds=2.50000000e-06 productionCandidateMaximumStepSeconds=5.00000000e-06 candidateKind=PRODUCTION_5_US elapsedMillis=30772

node 11 unconnected
converged after 25 iterations, timeStep = 2.5E-6
converged after 9 iterations, timeStep = 2.5E-6
node 11 unconnected
node 11 unconnected
converged after 10 iterations, timeStep = 2.5E-6
node 11 unconnected
converged after 10 iterations, timeStep = 2.5E-6
node 11 unconnected
converged after 9 iterations, timeStep = 2.5E-6
node 11 unconnected
converged after 10 iterations, timeStep = 2.5E-6
node 11 unconnected
converged after 13 iterations, timeStep = 2.5E-6
node 11 unconnected
converged after 13 iterations, timeStep = 2.5E-6
node 11 unconnected
converged after 10 iterations, timeStep = 2.5E-6
node 11 unconnected
converged after 13 iterations, timeStep = 2.5E-6
node 11 unconnected
converged after 10 iterations, timeStep = 2.5E-6
node 11 unconnected
converged after 13 iterations, timeStep = 2.5E-6
node 11 unconnected
converged after 10 iterations, timeStep = 2.5E-6
node 11 unconnected
converged after 13 iterations, timeStep = 2.5E-6
node 11 unconnected
converged after 10 iterations, timeStep = 2.5E-6
node 11 unconnected
converged after 13 iterations, timeStep = 2.5E-6
node 11 unconnected
node 11 unconnected
node 11 unconnected
node 11 unconnected
node 11 unconnected
node 11 unconnected
node 52 unconnected
node 55 unconnected
node 58 unconnected
node 11 unconnected
node 11 unconnected
converged after 23 iterations, timeStep = 2.5E-6
converged after 7 iterations, timeStep = 2.5E-6
node 11 unconnected
node 11 unconnected
converged after 10 iterations, timeStep = 2.5E-6
node 11 unconnected
converged after 13 iterations, timeStep = 2.5E-6
node 11 unconnected
converged after 10 iterations, timeStep = 2.5E-6
node 11 unconnected
converged after 13 iterations, timeStep = 2.5E-6
node 11 unconnected
node 11 unconnected
node 11 unconnected
node 11 unconnected
node 11 unconnected
node 11 unconnected
node 52 unconnected
node 55 unconnected
node 58 unconnected
node 11 unconnected
node 52 unconnected
node 55 unconnected
node 11 unconnected
node 52 unconnected
node 55 unconnected
converged after 23 iterations, timeStep = 2.5E-6
converged after 7 iterations, timeStep = 2.5E-6
node 11 unconnected
node 52 unconnected
node 55 unconnected
node 11 unconnected
node 52 unconnected
node 55 unconnected
converged after 10 iterations, timeStep = 2.5E-6
node 11 unconnected
node 52 unconnected
node 55 unconnected
converged after 10 iterations, timeStep = 2.5E-6
node 11 unconnected
node 52 unconnected
node 55 unconnected
converged after 9 iterations, timeStep = 2.5E-6
node 11 unconnected
converged after 25 iterations, timeStep = 5.0E-6
converged after 6 iterations, timeStep = 5.0E-6
node 11 unconnected
node 11 unconnected
converged after 16 iterations, timeStep = 5.0E-6
node 11 unconnected
converged after 19 iterations, timeStep = 5.0E-6
node 11 unconnected
converged after 19 iterations, timeStep = 5.0E-6
node 11 unconnected
converged after 10 iterations, timeStep = 5.0E-6
node 11 unconnected
converged after 16 iterations, timeStep = 5.0E-6
node 11 unconnected
converged after 13 iterations, timeStep = 5.0E-6
node 11 unconnected
converged after 16 iterations, timeStep = 5.0E-6
node 11 unconnected
converged after 13 iterations, timeStep = 5.0E-6
node 11 unconnected
converged after 16 iterations, timeStep = 5.0E-6
node 11 unconnected
converged after 13 iterations, timeStep = 5.0E-6
node 11 unconnected
converged after 16 iterations, timeStep = 5.0E-6
node 11 unconnected
converged after 13 iterations, timeStep = 5.0E-6
node 11 unconnected
converged after 16 iterations, timeStep = 5.0E-6
node 11 unconnected
converged after 13 iterations, timeStep = 5.0E-6
node 11 unconnected
node 11 unconnected
node 11 unconnected
node 11 unconnected
node 11 unconnected
node 11 unconnected
node 52 unconnected
node 55 unconnected
node 58 unconnected
node 11 unconnected
node 11 unconnected
converged after 23 iterations, timeStep = 5.0E-6
node 11 unconnected
node 11 unconnected
converged after 16 iterations, timeStep = 5.0E-6
node 11 unconnected
converged after 13 iterations, timeStep = 5.0E-6
node 11 unconnected
converged after 16 iterations, timeStep = 5.0E-6
node 11 unconnected
converged after 13 iterations, timeStep = 5.0E-6
node 11 unconnected
node 11 unconnected
node 11 unconnected
node 11 unconnected
node 11 unconnected
node 11 unconnected
node 52 unconnected
node 55 unconnected
node 58 unconnected
node 11 unconnected
node 52 unconnected
node 55 unconnected
node 11 unconnected
node 52 unconnected
node 55 unconnected
converged after 23 iterations, timeStep = 5.0E-6
node 11 unconnected
node 52 unconnected
node 55 unconnected
node 11 unconnected
node 52 unconnected
node 55 unconnected
converged after 16 iterations, timeStep = 5.0E-6
node 11 unconnected
node 52 unconnected
node 55 unconnected
converged after 19 iterations, timeStep = 5.0E-6
node 11 unconnected
node 52 unconnected
node 55 unconnected
converged after 19 iterations, timeStep = 5.0E-6

Q30_STEP_PROFILE seed=13 fault=DREV_OPEN profile=initial-electrical-settle boundary=BEGIN stepRole=FINER_2_5_US_REFERENCE declaredMaximumStepSeconds=2.50000000e-06 configuredMaximumStepSeconds=2.50000000e-06 actualCurrentStepSeconds=2.50000000e-06 observedMinimumStepSeconds=2.50000000e-06 observedMaximumStepSeconds=2.50000000e-06 minimumTimeStepSeconds=5.00000000e-11 adaptive=true
Q30_STEP_PROFILE seed=13 fault=DREV_OPEN profile=initial-electrical-settle boundary=END stepRole=FINER_2_5_US_REFERENCE declaredMaximumStepSeconds=2.50000000e-06 configuredMaximumStepSeconds=2.50000000e-06 actualCurrentStepSeconds=2.50000000e-06 observedMinimumStepSeconds=2.50000000e-06 observedMaximumStepSeconds=2.50000000e-06 minimumTimeStepSeconds=5.00000000e-11 adaptive=true
Q30_STEP_PROFILE seed=13 fault=DREV_OPEN profile=healthy-preparation boundary=BEGIN stepRole=FINER_2_5_US_REFERENCE declaredMaximumStepSeconds=2.50000000e-06 configuredMaximumStepSeconds=2.50000000e-06 actualCurrentStepSeconds=2.50000000e-06 observedMinimumStepSeconds=2.50000000e-06 observedMaximumStepSeconds=2.50000000e-06 minimumTimeStepSeconds=5.00000000e-11 adaptive=true
Q30_STEP_PROFILE seed=13 fault=DREV_OPEN profile=healthy-preparation boundary=END stepRole=FINER_2_5_US_REFERENCE declaredMaximumStepSeconds=2.50000000e-06 configuredMaximumStepSeconds=2.50000000e-06 actualCurrentStepSeconds=2.50000000e-06 observedMinimumStepSeconds=2.50000000e-06 observedMaximumStepSeconds=2.50000000e-06 minimumTimeStepSeconds=5.00000000e-11 adaptive=true
Q30_STEP_PROFILE seed=13 fault=DREV_OPEN profile=fault-profile-preparation boundary=BEGIN stepRole=FINER_2_5_US_REFERENCE declaredMaximumStepSeconds=2.50000000e-06 configuredMaximumStepSeconds=2.50000000e-06 actualCurrentStepSeconds=2.50000000e-06 observedMinimumStepSeconds=2.50000000e-06 observedMaximumStepSeconds=2.50000000e-06 minimumTimeStepSeconds=5.00000000e-11 adaptive=true
Q30_STEP_PROFILE seed=13 fault=DREV_OPEN profile=fault-profile-preparation boundary=END stepRole=FINER_2_5_US_REFERENCE declaredMaximumStepSeconds=2.50000000e-06 configuredMaximumStepSeconds=2.50000000e-06 actualCurrentStepSeconds=2.50000000e-06 observedMinimumStepSeconds=2.50000000e-06 observedMaximumStepSeconds=2.50000000e-06 minimumTimeStepSeconds=5.00000000e-11 adaptive=true
Q30_STEP_PROFILE seed=13 fault=DREV_OPEN profile=faulted-four-input-profile boundary=BEGIN stepRole=FINER_2_5_US_REFERENCE declaredMaximumStepSeconds=2.50000000e-06 configuredMaximumStepSeconds=2.50000000e-06 actualCurrentStepSeconds=2.50000000e-06 observedMinimumStepSeconds=2.50000000e-06 observedMaximumStepSeconds=2.50000000e-06 minimumTimeStepSeconds=5.00000000e-11 adaptive=true
Q30_STEP_PROFILE seed=13 fault=DREV_OPEN profile=faulted-four-input-profile boundary=END stepRole=FINER_2_5_US_REFERENCE declaredMaximumStepSeconds=2.50000000e-06 configuredMaximumStepSeconds=2.50000000e-06 actualCurrentStepSeconds=2.50000000e-06 observedMinimumStepSeconds=2.50000000e-06 observedMaximumStepSeconds=2.50000000e-06 minimumTimeStepSeconds=5.00000000e-11 adaptive=true
Q30_STEP_PROFILE seed=13 fault=DREV_OPEN profile=unrepaired-customer-retest boundary=BEGIN stepRole=FINER_2_5_US_REFERENCE declaredMaximumStepSeconds=2.50000000e-06 configuredMaximumStepSeconds=2.50000000e-06 actualCurrentStepSeconds=2.50000000e-06 observedMinimumStepSeconds=2.50000000e-06 observedMaximumStepSeconds=2.50000000e-06 minimumTimeStepSeconds=5.00000000e-11 adaptive=true
Q30_STEP_PROFILE seed=13 fault=DREV_OPEN profile=unrepaired-customer-retest boundary=END stepRole=FINER_2_5_US_REFERENCE declaredMaximumStepSeconds=2.50000000e-06 configuredMaximumStepSeconds=2.50000000e-06 actualCurrentStepSeconds=2.50000000e-06 observedMinimumStepSeconds=2.50000000e-06 observedMaximumStepSeconds=2.50000000e-06 minimumTimeStepSeconds=5.00000000e-11 adaptive=true
Q30_STEP_PROFILE seed=13 fault=DREV_OPEN profile=service-power-off-wait boundary=BEGIN stepRole=FINER_2_5_US_REFERENCE declaredMaximumStepSeconds=2.50000000e-06 configuredMaximumStepSeconds=2.50000000e-06 actualCurrentStepSeconds=2.50000000e-06 observedMinimumStepSeconds=2.50000000e-06 observedMaximumStepSeconds=2.50000000e-06 minimumTimeStepSeconds=5.00000000e-11 adaptive=true
Q30_STEP_PROFILE seed=13 fault=DREV_OPEN profile=service-power-off-wait boundary=END stepRole=FINER_2_5_US_REFERENCE declaredMaximumStepSeconds=2.50000000e-06 configuredMaximumStepSeconds=2.50000000e-06 actualCurrentStepSeconds=2.50000000e-06 observedMinimumStepSeconds=2.50000000e-06 observedMaximumStepSeconds=2.50000000e-06 minimumTimeStepSeconds=5.00000000e-11 adaptive=true
Q30_STEP_PROFILE seed=13 fault=DREV_OPEN profile=reinstalled-original-customer-retest boundary=BEGIN stepRole=FINER_2_5_US_REFERENCE declaredMaximumStepSeconds=2.50000000e-06 configuredMaximumStepSeconds=2.50000000e-06 actualCurrentStepSeconds=2.50000000e-06 observedMinimumStepSeconds=2.50000000e-06 observedMaximumStepSeconds=2.50000000e-06 minimumTimeStepSeconds=5.00000000e-11 adaptive=true
Q30_STEP_PROFILE seed=13 fault=DREV_OPEN profile=reinstalled-original-customer-retest boundary=END stepRole=FINER_2_5_US_REFERENCE declaredMaximumStepSeconds=2.50000000e-06 configuredMaximumStepSeconds=2.50000000e-06 actualCurrentStepSeconds=2.50000000e-06 observedMinimumStepSeconds=2.50000000e-06 observedMaximumStepSeconds=2.50000000e-06 minimumTimeStepSeconds=5.00000000e-11 adaptive=true
Q30_STEP_PROFILE seed=13 fault=DREV_OPEN profile=service-power-off-wait boundary=BEGIN stepRole=FINER_2_5_US_REFERENCE declaredMaximumStepSeconds=2.50000000e-06 configuredMaximumStepSeconds=2.50000000e-06 actualCurrentStepSeconds=2.50000000e-06 observedMinimumStepSeconds=2.50000000e-06 observedMaximumStepSeconds=2.50000000e-06 minimumTimeStepSeconds=5.00000000e-11 adaptive=true
Q30_STEP_PROFILE seed=13 fault=DREV_OPEN profile=service-power-off-wait boundary=END stepRole=FINER_2_5_US_REFERENCE declaredMaximumStepSeconds=2.50000000e-06 configuredMaximumStepSeconds=2.50000000e-06 actualCurrentStepSeconds=2.50000000e-06 observedMinimumStepSeconds=2.50000000e-06 observedMaximumStepSeconds=2.50000000e-06 minimumTimeStepSeconds=5.00000000e-11 adaptive=true
Q30_STEP_PROFILE seed=13 fault=DREV_OPEN profile=repaired-customer-retest boundary=BEGIN stepRole=FINER_2_5_US_REFERENCE declaredMaximumStepSeconds=2.50000000e-06 configuredMaximumStepSeconds=2.50000000e-06 actualCurrentStepSeconds=2.50000000e-06 observedMinimumStepSeconds=2.50000000e-06 observedMaximumStepSeconds=2.50000000e-06 minimumTimeStepSeconds=5.00000000e-11 adaptive=true
Q30_STEP_PROFILE seed=13 fault=DREV_OPEN profile=repaired-customer-retest boundary=END stepRole=FINER_2_5_US_REFERENCE declaredMaximumStepSeconds=2.50000000e-06 configuredMaximumStepSeconds=2.50000000e-06 actualCurrentStepSeconds=2.50000000e-06 observedMinimumStepSeconds=2.50000000e-06 observedMaximumStepSeconds=2.50000000e-06 minimumTimeStepSeconds=5.00000000e-11 adaptive=true
Q30_STEP_OWNER_CLEANUP seed=13 fault=DREV_OPEN declaredMaximumStepSeconds=2.50000000e-06 stepRole=FINER_2_5_US_REFERENCE cleanup=true elapsedMillis=0
Q30_STEP_PROFILE seed=13 fault=DREV_OPEN profile=initial-electrical-settle boundary=BEGIN stepRole=PRODUCTION_5_US declaredMaximumStepSeconds=5.00000000e-06 configuredMaximumStepSeconds=5.00000000e-06 actualCurrentStepSeconds=5.00000000e-06 observedMinimumStepSeconds=5.00000000e-06 observedMaximumStepSeconds=5.00000000e-06 minimumTimeStepSeconds=5.00000000e-11 adaptive=true
Q30_STEP_PROFILE seed=13 fault=DREV_OPEN profile=initial-electrical-settle boundary=END stepRole=PRODUCTION_5_US declaredMaximumStepSeconds=5.00000000e-06 configuredMaximumStepSeconds=5.00000000e-06 actualCurrentStepSeconds=5.00000000e-06 observedMinimumStepSeconds=5.00000000e-06 observedMaximumStepSeconds=5.00000000e-06 minimumTimeStepSeconds=5.00000000e-11 adaptive=true
Q30_STEP_PROFILE seed=13 fault=DREV_OPEN profile=healthy-preparation boundary=BEGIN stepRole=PRODUCTION_5_US declaredMaximumStepSeconds=5.00000000e-06 configuredMaximumStepSeconds=5.00000000e-06 actualCurrentStepSeconds=5.00000000e-06 observedMinimumStepSeconds=5.00000000e-06 observedMaximumStepSeconds=5.00000000e-06 minimumTimeStepSeconds=5.00000000e-11 adaptive=true
Q30_STEP_PROFILE seed=13 fault=DREV_OPEN profile=healthy-preparation boundary=END stepRole=PRODUCTION_5_US declaredMaximumStepSeconds=5.00000000e-06 configuredMaximumStepSeconds=5.00000000e-06 actualCurrentStepSeconds=5.00000000e-06 observedMinimumStepSeconds=5.00000000e-06 observedMaximumStepSeconds=5.00000000e-06 minimumTimeStepSeconds=5.00000000e-11 adaptive=true
Q30_STEP_PROFILE seed=13 fault=DREV_OPEN profile=fault-profile-preparation boundary=BEGIN stepRole=PRODUCTION_5_US declaredMaximumStepSeconds=5.00000000e-06 configuredMaximumStepSeconds=5.00000000e-06 actualCurrentStepSeconds=5.00000000e-06 observedMinimumStepSeconds=5.00000000e-06 observedMaximumStepSeconds=5.00000000e-06 minimumTimeStepSeconds=5.00000000e-11 adaptive=true
Q30_STEP_PROFILE seed=13 fault=DREV_OPEN profile=fault-profile-preparation boundary=END stepRole=PRODUCTION_5_US declaredMaximumStepSeconds=5.00000000e-06 configuredMaximumStepSeconds=5.00000000e-06 actualCurrentStepSeconds=5.00000000e-06 observedMinimumStepSeconds=5.00000000e-06 observedMaximumStepSeconds=5.00000000e-06 minimumTimeStepSeconds=5.00000000e-11 adaptive=true
Q30_STEP_PROFILE seed=13 fault=DREV_OPEN profile=faulted-four-input-profile boundary=BEGIN stepRole=PRODUCTION_5_US declaredMaximumStepSeconds=5.00000000e-06 configuredMaximumStepSeconds=5.00000000e-06 actualCurrentStepSeconds=5.00000000e-06 observedMinimumStepSeconds=5.00000000e-06 observedMaximumStepSeconds=5.00000000e-06 minimumTimeStepSeconds=5.00000000e-11 adaptive=true
Q30_STEP_PROFILE seed=13 fault=DREV_OPEN profile=faulted-four-input-profile boundary=END stepRole=PRODUCTION_5_US declaredMaximumStepSeconds=5.00000000e-06 configuredMaximumStepSeconds=5.00000000e-06 actualCurrentStepSeconds=5.00000000e-06 observedMinimumStepSeconds=5.00000000e-06 observedMaximumStepSeconds=5.00000000e-06 minimumTimeStepSeconds=5.00000000e-11 adaptive=true
Q30_STEP_PROFILE seed=13 fault=DREV_OPEN profile=unrepaired-customer-retest boundary=BEGIN stepRole=PRODUCTION_5_US declaredMaximumStepSeconds=5.00000000e-06 configuredMaximumStepSeconds=5.00000000e-06 actualCurrentStepSeconds=5.00000000e-06 observedMinimumStepSeconds=5.00000000e-06 observedMaximumStepSeconds=5.00000000e-06 minimumTimeStepSeconds=5.00000000e-11 adaptive=true
Q30_STEP_PROFILE seed=13 fault=DREV_OPEN profile=unrepaired-customer-retest boundary=END stepRole=PRODUCTION_5_US declaredMaximumStepSeconds=5.00000000e-06 configuredMaximumStepSeconds=5.00000000e-06 actualCurrentStepSeconds=5.00000000e-06 observedMinimumStepSeconds=5.00000000e-06 observedMaximumStepSeconds=5.00000000e-06 minimumTimeStepSeconds=5.00000000e-11 adaptive=true
Q30_STEP_PROFILE seed=13 fault=DREV_OPEN profile=service-power-off-wait boundary=BEGIN stepRole=PRODUCTION_5_US declaredMaximumStepSeconds=5.00000000e-06 configuredMaximumStepSeconds=5.00000000e-06 actualCurrentStepSeconds=5.00000000e-06 observedMinimumStepSeconds=5.00000000e-06 observedMaximumStepSeconds=5.00000000e-06 minimumTimeStepSeconds=5.00000000e-11 adaptive=true
Q30_STEP_PROFILE seed=13 fault=DREV_OPEN profile=service-power-off-wait boundary=END stepRole=PRODUCTION_5_US declaredMaximumStepSeconds=5.00000000e-06 configuredMaximumStepSeconds=5.00000000e-06 actualCurrentStepSeconds=5.00000000e-06 observedMinimumStepSeconds=5.00000000e-06 observedMaximumStepSeconds=5.00000000e-06 minimumTimeStepSeconds=5.00000000e-11 adaptive=true
Q30_STEP_PROFILE seed=13 fault=DREV_OPEN profile=reinstalled-original-customer-retest boundary=BEGIN stepRole=PRODUCTION_5_US declaredMaximumStepSeconds=5.00000000e-06 configuredMaximumStepSeconds=5.00000000e-06 actualCurrentStepSeconds=5.00000000e-06 observedMinimumStepSeconds=5.00000000e-06 observedMaximumStepSeconds=5.00000000e-06 minimumTimeStepSeconds=5.00000000e-11 adaptive=true
Q30_STEP_PROFILE seed=13 fault=DREV_OPEN profile=reinstalled-original-customer-retest boundary=END stepRole=PRODUCTION_5_US declaredMaximumStepSeconds=5.00000000e-06 configuredMaximumStepSeconds=5.00000000e-06 actualCurrentStepSeconds=5.00000000e-06 observedMinimumStepSeconds=5.00000000e-06 observedMaximumStepSeconds=5.00000000e-06 minimumTimeStepSeconds=5.00000000e-11 adaptive=true
Q30_STEP_PROFILE seed=13 fault=DREV_OPEN profile=service-power-off-wait boundary=BEGIN stepRole=PRODUCTION_5_US declaredMaximumStepSeconds=5.00000000e-06 configuredMaximumStepSeconds=5.00000000e-06 actualCurrentStepSeconds=5.00000000e-06 observedMinimumStepSeconds=5.00000000e-06 observedMaximumStepSeconds=5.00000000e-06 minimumTimeStepSeconds=5.00000000e-11 adaptive=true
Q30_STEP_PROFILE seed=13 fault=DREV_OPEN profile=service-power-off-wait boundary=END stepRole=PRODUCTION_5_US declaredMaximumStepSeconds=5.00000000e-06 configuredMaximumStepSeconds=5.00000000e-06 actualCurrentStepSeconds=5.00000000e-06 observedMinimumStepSeconds=5.00000000e-06 observedMaximumStepSeconds=5.00000000e-06 minimumTimeStepSeconds=5.00000000e-11 adaptive=true
Q30_STEP_PROFILE seed=13 fault=DREV_OPEN profile=repaired-customer-retest boundary=BEGIN stepRole=PRODUCTION_5_US declaredMaximumStepSeconds=5.00000000e-06 configuredMaximumStepSeconds=5.00000000e-06 actualCurrentStepSeconds=5.00000000e-06 observedMinimumStepSeconds=5.00000000e-06 observedMaximumStepSeconds=5.00000000e-06 minimumTimeStepSeconds=5.00000000e-11 adaptive=true
Q30_STEP_PROFILE seed=13 fault=DREV_OPEN profile=repaired-customer-retest boundary=END stepRole=PRODUCTION_5_US declaredMaximumStepSeconds=5.00000000e-06 configuredMaximumStepSeconds=5.00000000e-06 actualCurrentStepSeconds=5.00000000e-06 observedMinimumStepSeconds=5.00000000e-06 observedMaximumStepSeconds=5.00000000e-06 minimumTimeStepSeconds=5.00000000e-11 adaptive=true
Q30_STEP_OWNER_CLEANUP seed=13 fault=DREV_OPEN declaredMaximumStepSeconds=5.00000000e-06 stepRole=PRODUCTION_5_US cleanup=true elapsedMillis=0
Q30_STEP_PAIR seed=13 support=FILTERED_37 fault=DREV_OPEN referenceMaximumStepSeconds=2.50000000e-06 productionCandidateMaximumStepSeconds=5.00000000e-06 candidateKind=PRODUCTION_5_US maxDeltaVolts=0.000253082278 toleranceVolts=0.0131789360 phase=faulted sample=SENSORS_LOW/U1.OUTPUT-J1.2 referenceElapsedMillis=18125 productionCandidateElapsedMillis=9127 referenceSimSeconds=1.16019250 productionCandidateSimSeconds=1.16036000 referenceCleanupMillis=0 productionCandidateCleanupMillis=0 cleanup=true
Q30_STEP_SEED seed=13 support=FILTERED_37 referenceMaximumStepSeconds=2.50000000e-06 productionCandidateMaximumStepSeconds=5.00000000e-06 candidateKind=PRODUCTION_5_US routeTopology=RB30_SEPARATE_DIRECT_A_NMOS_B_BJT_FILTERED_37 routeAndPairsElapsedMillis=31623
Q30_STEP_SEED_CLEANUP seed=13 cleanup=true elapsedMillis=0
PASS: Q30 production solver step sensitivity assertions=1496 seed=13 support=FILTERED_37 faults=1 referenceMaximumStepSeconds=2.50000000e-06 productionCandidateMaximumStepSeconds=5.00000000e-06 candidateKind=PRODUCTION_5_US elapsedMillis=31623

node 11 unconnected
converged after 25 iterations, timeStep = 2.5E-6
converged after 9 iterations, timeStep = 2.5E-6
node 11 unconnected
node 11 unconnected
converged after 14 iterations, timeStep = 2.5E-6
node 11 unconnected
converged after 10 iterations, timeStep = 2.5E-6
converged after 15 iterations, timeStep = 2.5E-6
node 11 unconnected
converged after 14 iterations, timeStep = 2.5E-6
node 11 unconnected
converged after 15 iterations, timeStep = 2.5E-6
node 11 unconnected
converged after 15 iterations, timeStep = 2.5E-6
converged after 15 iterations, timeStep = 2.5E-6
converged after 13 iterations, timeStep = 2.5E-6
node 11 unconnected
node 11 unconnected
node 11 unconnected
node 11 unconnected
node 11 unconnected
node 11 unconnected
node 11 unconnected
node 11 unconnected
node 11 unconnected
node 11 unconnected
node 11 unconnected
node 11 unconnected
node 11 unconnected
node 11 unconnected
node 11 unconnected
node 16 unconnected
node 20 unconnected
node 11 unconnected
node 11 unconnected
node 11 unconnected
node 11 unconnected
node 11 unconnected
node 11 unconnected
node 11 unconnected
node 11 unconnected
node 11 unconnected
node 11 unconnected
node 11 unconnected
node 11 unconnected
node 11 unconnected
node 16 unconnected
node 20 unconnected
node 11 unconnected
node 16 unconnected
node 20 unconnected
converged after 7 iterations, timeStep = 2.5E-6
converged after 7 iterations, timeStep = 2.5E-6
node 11 unconnected
node 16 unconnected
node 20 unconnected
converged after 40 iterations, timeStep = 2.5E-6
node 11 unconnected
node 16 unconnected
node 20 unconnected
converged after 9 iterations, timeStep = 2.5E-6
node 11 unconnected
node 16 unconnected
node 20 unconnected
converged after 14 iterations, timeStep = 2.5E-6
node 11 unconnected
node 16 unconnected
node 20 unconnected
converged after 10 iterations, timeStep = 2.5E-6
converged after 15 iterations, timeStep = 2.5E-6
node 11 unconnected
node 16 unconnected
node 20 unconnected
converged after 14 iterations, timeStep = 2.5E-6
node 11 unconnected
converged after 25 iterations, timeStep = 5.0E-6
converged after 6 iterations, timeStep = 5.0E-6
node 11 unconnected
node 11 unconnected
converged after 14 iterations, timeStep = 5.0E-6
node 11 unconnected
converged after 19 iterations, timeStep = 5.0E-6
converged after 15 iterations, timeStep = 5.0E-6
node 11 unconnected
converged after 14 iterations, timeStep = 5.0E-6
node 11 unconnected
converged after 15 iterations, timeStep = 5.0E-6
node 11 unconnected
converged after 15 iterations, timeStep = 5.0E-6
converged after 20 iterations, timeStep = 5.0E-6
converged after 13 iterations, timeStep = 5.0E-6
node 11 unconnected
node 11 unconnected
node 11 unconnected
node 11 unconnected
node 11 unconnected
node 11 unconnected
node 11 unconnected
node 11 unconnected
node 11 unconnected
node 11 unconnected
node 11 unconnected
node 11 unconnected
node 11 unconnected
node 11 unconnected
node 11 unconnected
node 16 unconnected
node 20 unconnected
node 11 unconnected
node 11 unconnected
node 11 unconnected
node 11 unconnected
node 11 unconnected
node 11 unconnected
node 11 unconnected
node 11 unconnected
node 11 unconnected
node 11 unconnected
node 11 unconnected
node 11 unconnected
node 11 unconnected
node 16 unconnected
node 20 unconnected
node 11 unconnected
node 16 unconnected
node 20 unconnected
converged after 7 iterations, timeStep = 5.0E-6
converged after 6 iterations, timeStep = 5.0E-6
node 11 unconnected
node 16 unconnected
node 20 unconnected
converged after 40 iterations, timeStep = 5.0E-6
node 11 unconnected
node 16 unconnected
node 20 unconnected
converged after 10 iterations, timeStep = 5.0E-6
node 11 unconnected
node 16 unconnected
node 20 unconnected
converged after 14 iterations, timeStep = 5.0E-6
node 11 unconnected
node 16 unconnected
node 20 unconnected
converged after 18 iterations, timeStep = 5.0E-6
converged after 15 iterations, timeStep = 5.0E-6
node 11 unconnected
node 16 unconnected
node 20 unconnected
converged after 14 iterations, timeStep = 5.0E-6

Q30_STEP_PROFILE seed=13 fault=REN_OPEN profile=initial-electrical-settle boundary=BEGIN stepRole=FINER_2_5_US_REFERENCE declaredMaximumStepSeconds=2.50000000e-06 configuredMaximumStepSeconds=2.50000000e-06 actualCurrentStepSeconds=2.50000000e-06 observedMinimumStepSeconds=2.50000000e-06 observedMaximumStepSeconds=2.50000000e-06 minimumTimeStepSeconds=5.00000000e-11 adaptive=true
Q30_STEP_PROFILE seed=13 fault=REN_OPEN profile=initial-electrical-settle boundary=END stepRole=FINER_2_5_US_REFERENCE declaredMaximumStepSeconds=2.50000000e-06 configuredMaximumStepSeconds=2.50000000e-06 actualCurrentStepSeconds=2.50000000e-06 observedMinimumStepSeconds=2.50000000e-06 observedMaximumStepSeconds=2.50000000e-06 minimumTimeStepSeconds=5.00000000e-11 adaptive=true
Q30_STEP_PROFILE seed=13 fault=REN_OPEN profile=healthy-preparation boundary=BEGIN stepRole=FINER_2_5_US_REFERENCE declaredMaximumStepSeconds=2.50000000e-06 configuredMaximumStepSeconds=2.50000000e-06 actualCurrentStepSeconds=2.50000000e-06 observedMinimumStepSeconds=2.50000000e-06 observedMaximumStepSeconds=2.50000000e-06 minimumTimeStepSeconds=5.00000000e-11 adaptive=true
Q30_STEP_PROFILE seed=13 fault=REN_OPEN profile=healthy-preparation boundary=END stepRole=FINER_2_5_US_REFERENCE declaredMaximumStepSeconds=2.50000000e-06 configuredMaximumStepSeconds=2.50000000e-06 actualCurrentStepSeconds=2.50000000e-06 observedMinimumStepSeconds=2.50000000e-06 observedMaximumStepSeconds=2.50000000e-06 minimumTimeStepSeconds=5.00000000e-11 adaptive=true
Q30_STEP_PROFILE seed=13 fault=REN_OPEN profile=fault-profile-preparation boundary=BEGIN stepRole=FINER_2_5_US_REFERENCE declaredMaximumStepSeconds=2.50000000e-06 configuredMaximumStepSeconds=2.50000000e-06 actualCurrentStepSeconds=2.50000000e-06 observedMinimumStepSeconds=2.50000000e-06 observedMaximumStepSeconds=2.50000000e-06 minimumTimeStepSeconds=5.00000000e-11 adaptive=true
Q30_STEP_PROFILE seed=13 fault=REN_OPEN profile=fault-profile-preparation boundary=END stepRole=FINER_2_5_US_REFERENCE declaredMaximumStepSeconds=2.50000000e-06 configuredMaximumStepSeconds=2.50000000e-06 actualCurrentStepSeconds=2.50000000e-06 observedMinimumStepSeconds=2.50000000e-06 observedMaximumStepSeconds=2.50000000e-06 minimumTimeStepSeconds=5.00000000e-11 adaptive=true
Q30_STEP_PROFILE seed=13 fault=REN_OPEN profile=faulted-four-input-profile boundary=BEGIN stepRole=FINER_2_5_US_REFERENCE declaredMaximumStepSeconds=2.50000000e-06 configuredMaximumStepSeconds=2.50000000e-06 actualCurrentStepSeconds=2.50000000e-06 observedMinimumStepSeconds=2.50000000e-06 observedMaximumStepSeconds=2.50000000e-06 minimumTimeStepSeconds=5.00000000e-11 adaptive=true
Q30_STEP_PROFILE seed=13 fault=REN_OPEN profile=faulted-four-input-profile boundary=END stepRole=FINER_2_5_US_REFERENCE declaredMaximumStepSeconds=2.50000000e-06 configuredMaximumStepSeconds=2.50000000e-06 actualCurrentStepSeconds=2.50000000e-06 observedMinimumStepSeconds=2.50000000e-06 observedMaximumStepSeconds=2.50000000e-06 minimumTimeStepSeconds=5.00000000e-11 adaptive=true
Q30_STEP_PROFILE seed=13 fault=REN_OPEN profile=unrepaired-customer-retest boundary=BEGIN stepRole=FINER_2_5_US_REFERENCE declaredMaximumStepSeconds=2.50000000e-06 configuredMaximumStepSeconds=2.50000000e-06 actualCurrentStepSeconds=2.50000000e-06 observedMinimumStepSeconds=2.50000000e-06 observedMaximumStepSeconds=2.50000000e-06 minimumTimeStepSeconds=5.00000000e-11 adaptive=true
Q30_STEP_PROFILE seed=13 fault=REN_OPEN profile=unrepaired-customer-retest boundary=END stepRole=FINER_2_5_US_REFERENCE declaredMaximumStepSeconds=2.50000000e-06 configuredMaximumStepSeconds=2.50000000e-06 actualCurrentStepSeconds=2.50000000e-06 observedMinimumStepSeconds=2.50000000e-06 observedMaximumStepSeconds=2.50000000e-06 minimumTimeStepSeconds=5.00000000e-11 adaptive=true
Q30_STEP_PROFILE seed=13 fault=REN_OPEN profile=service-power-off-wait boundary=BEGIN stepRole=FINER_2_5_US_REFERENCE declaredMaximumStepSeconds=2.50000000e-06 configuredMaximumStepSeconds=2.50000000e-06 actualCurrentStepSeconds=2.50000000e-06 observedMinimumStepSeconds=2.50000000e-06 observedMaximumStepSeconds=2.50000000e-06 minimumTimeStepSeconds=5.00000000e-11 adaptive=true
Q30_STEP_PROFILE seed=13 fault=REN_OPEN profile=service-power-off-wait boundary=END stepRole=FINER_2_5_US_REFERENCE declaredMaximumStepSeconds=2.50000000e-06 configuredMaximumStepSeconds=2.50000000e-06 actualCurrentStepSeconds=2.50000000e-06 observedMinimumStepSeconds=2.50000000e-06 observedMaximumStepSeconds=2.50000000e-06 minimumTimeStepSeconds=5.00000000e-11 adaptive=true
Q30_STEP_PROFILE seed=13 fault=REN_OPEN profile=reinstalled-original-customer-retest boundary=BEGIN stepRole=FINER_2_5_US_REFERENCE declaredMaximumStepSeconds=2.50000000e-06 configuredMaximumStepSeconds=2.50000000e-06 actualCurrentStepSeconds=2.50000000e-06 observedMinimumStepSeconds=2.50000000e-06 observedMaximumStepSeconds=2.50000000e-06 minimumTimeStepSeconds=5.00000000e-11 adaptive=true
Q30_STEP_PROFILE seed=13 fault=REN_OPEN profile=reinstalled-original-customer-retest boundary=END stepRole=FINER_2_5_US_REFERENCE declaredMaximumStepSeconds=2.50000000e-06 configuredMaximumStepSeconds=2.50000000e-06 actualCurrentStepSeconds=2.50000000e-06 observedMinimumStepSeconds=2.50000000e-06 observedMaximumStepSeconds=2.50000000e-06 minimumTimeStepSeconds=5.00000000e-11 adaptive=true
Q30_STEP_PROFILE seed=13 fault=REN_OPEN profile=service-power-off-wait boundary=BEGIN stepRole=FINER_2_5_US_REFERENCE declaredMaximumStepSeconds=2.50000000e-06 configuredMaximumStepSeconds=2.50000000e-06 actualCurrentStepSeconds=2.50000000e-06 observedMinimumStepSeconds=2.50000000e-06 observedMaximumStepSeconds=2.50000000e-06 minimumTimeStepSeconds=5.00000000e-11 adaptive=true
Q30_STEP_PROFILE seed=13 fault=REN_OPEN profile=service-power-off-wait boundary=END stepRole=FINER_2_5_US_REFERENCE declaredMaximumStepSeconds=2.50000000e-06 configuredMaximumStepSeconds=2.50000000e-06 actualCurrentStepSeconds=2.50000000e-06 observedMinimumStepSeconds=2.50000000e-06 observedMaximumStepSeconds=2.50000000e-06 minimumTimeStepSeconds=5.00000000e-11 adaptive=true
Q30_STEP_PROFILE seed=13 fault=REN_OPEN profile=repaired-customer-retest boundary=BEGIN stepRole=FINER_2_5_US_REFERENCE declaredMaximumStepSeconds=2.50000000e-06 configuredMaximumStepSeconds=2.50000000e-06 actualCurrentStepSeconds=2.50000000e-06 observedMinimumStepSeconds=2.50000000e-06 observedMaximumStepSeconds=2.50000000e-06 minimumTimeStepSeconds=5.00000000e-11 adaptive=true
Q30_STEP_PROFILE seed=13 fault=REN_OPEN profile=repaired-customer-retest boundary=END stepRole=FINER_2_5_US_REFERENCE declaredMaximumStepSeconds=2.50000000e-06 configuredMaximumStepSeconds=2.50000000e-06 actualCurrentStepSeconds=2.50000000e-06 observedMinimumStepSeconds=2.50000000e-06 observedMaximumStepSeconds=2.50000000e-06 minimumTimeStepSeconds=5.00000000e-11 adaptive=true
Q30_STEP_OWNER_CLEANUP seed=13 fault=REN_OPEN declaredMaximumStepSeconds=2.50000000e-06 stepRole=FINER_2_5_US_REFERENCE cleanup=true elapsedMillis=0
Q30_STEP_PROFILE seed=13 fault=REN_OPEN profile=initial-electrical-settle boundary=BEGIN stepRole=PRODUCTION_5_US declaredMaximumStepSeconds=5.00000000e-06 configuredMaximumStepSeconds=5.00000000e-06 actualCurrentStepSeconds=5.00000000e-06 observedMinimumStepSeconds=5.00000000e-06 observedMaximumStepSeconds=5.00000000e-06 minimumTimeStepSeconds=5.00000000e-11 adaptive=true
Q30_STEP_PROFILE seed=13 fault=REN_OPEN profile=initial-electrical-settle boundary=END stepRole=PRODUCTION_5_US declaredMaximumStepSeconds=5.00000000e-06 configuredMaximumStepSeconds=5.00000000e-06 actualCurrentStepSeconds=5.00000000e-06 observedMinimumStepSeconds=5.00000000e-06 observedMaximumStepSeconds=5.00000000e-06 minimumTimeStepSeconds=5.00000000e-11 adaptive=true
Q30_STEP_PROFILE seed=13 fault=REN_OPEN profile=healthy-preparation boundary=BEGIN stepRole=PRODUCTION_5_US declaredMaximumStepSeconds=5.00000000e-06 configuredMaximumStepSeconds=5.00000000e-06 actualCurrentStepSeconds=5.00000000e-06 observedMinimumStepSeconds=5.00000000e-06 observedMaximumStepSeconds=5.00000000e-06 minimumTimeStepSeconds=5.00000000e-11 adaptive=true
Q30_STEP_PROFILE seed=13 fault=REN_OPEN profile=healthy-preparation boundary=END stepRole=PRODUCTION_5_US declaredMaximumStepSeconds=5.00000000e-06 configuredMaximumStepSeconds=5.00000000e-06 actualCurrentStepSeconds=5.00000000e-06 observedMinimumStepSeconds=5.00000000e-06 observedMaximumStepSeconds=5.00000000e-06 minimumTimeStepSeconds=5.00000000e-11 adaptive=true
Q30_STEP_PROFILE seed=13 fault=REN_OPEN profile=fault-profile-preparation boundary=BEGIN stepRole=PRODUCTION_5_US declaredMaximumStepSeconds=5.00000000e-06 configuredMaximumStepSeconds=5.00000000e-06 actualCurrentStepSeconds=5.00000000e-06 observedMinimumStepSeconds=5.00000000e-06 observedMaximumStepSeconds=5.00000000e-06 minimumTimeStepSeconds=5.00000000e-11 adaptive=true
Q30_STEP_PROFILE seed=13 fault=REN_OPEN profile=fault-profile-preparation boundary=END stepRole=PRODUCTION_5_US declaredMaximumStepSeconds=5.00000000e-06 configuredMaximumStepSeconds=5.00000000e-06 actualCurrentStepSeconds=5.00000000e-06 observedMinimumStepSeconds=5.00000000e-06 observedMaximumStepSeconds=5.00000000e-06 minimumTimeStepSeconds=5.00000000e-11 adaptive=true
Q30_STEP_PROFILE seed=13 fault=REN_OPEN profile=faulted-four-input-profile boundary=BEGIN stepRole=PRODUCTION_5_US declaredMaximumStepSeconds=5.00000000e-06 configuredMaximumStepSeconds=5.00000000e-06 actualCurrentStepSeconds=5.00000000e-06 observedMinimumStepSeconds=5.00000000e-06 observedMaximumStepSeconds=5.00000000e-06 minimumTimeStepSeconds=5.00000000e-11 adaptive=true
Q30_STEP_PROFILE seed=13 fault=REN_OPEN profile=faulted-four-input-profile boundary=END stepRole=PRODUCTION_5_US declaredMaximumStepSeconds=5.00000000e-06 configuredMaximumStepSeconds=5.00000000e-06 actualCurrentStepSeconds=5.00000000e-06 observedMinimumStepSeconds=5.00000000e-06 observedMaximumStepSeconds=5.00000000e-06 minimumTimeStepSeconds=5.00000000e-11 adaptive=true
Q30_STEP_PROFILE seed=13 fault=REN_OPEN profile=unrepaired-customer-retest boundary=BEGIN stepRole=PRODUCTION_5_US declaredMaximumStepSeconds=5.00000000e-06 configuredMaximumStepSeconds=5.00000000e-06 actualCurrentStepSeconds=5.00000000e-06 observedMinimumStepSeconds=5.00000000e-06 observedMaximumStepSeconds=5.00000000e-06 minimumTimeStepSeconds=5.00000000e-11 adaptive=true
Q30_STEP_PROFILE seed=13 fault=REN_OPEN profile=unrepaired-customer-retest boundary=END stepRole=PRODUCTION_5_US declaredMaximumStepSeconds=5.00000000e-06 configuredMaximumStepSeconds=5.00000000e-06 actualCurrentStepSeconds=5.00000000e-06 observedMinimumStepSeconds=5.00000000e-06 observedMaximumStepSeconds=5.00000000e-06 minimumTimeStepSeconds=5.00000000e-11 adaptive=true
Q30_STEP_PROFILE seed=13 fault=REN_OPEN profile=service-power-off-wait boundary=BEGIN stepRole=PRODUCTION_5_US declaredMaximumStepSeconds=5.00000000e-06 configuredMaximumStepSeconds=5.00000000e-06 actualCurrentStepSeconds=5.00000000e-06 observedMinimumStepSeconds=5.00000000e-06 observedMaximumStepSeconds=5.00000000e-06 minimumTimeStepSeconds=5.00000000e-11 adaptive=true
Q30_STEP_PROFILE seed=13 fault=REN_OPEN profile=service-power-off-wait boundary=END stepRole=PRODUCTION_5_US declaredMaximumStepSeconds=5.00000000e-06 configuredMaximumStepSeconds=5.00000000e-06 actualCurrentStepSeconds=5.00000000e-06 observedMinimumStepSeconds=5.00000000e-06 observedMaximumStepSeconds=5.00000000e-06 minimumTimeStepSeconds=5.00000000e-11 adaptive=true
Q30_STEP_PROFILE seed=13 fault=REN_OPEN profile=reinstalled-original-customer-retest boundary=BEGIN stepRole=PRODUCTION_5_US declaredMaximumStepSeconds=5.00000000e-06 configuredMaximumStepSeconds=5.00000000e-06 actualCurrentStepSeconds=5.00000000e-06 observedMinimumStepSeconds=5.00000000e-06 observedMaximumStepSeconds=5.00000000e-06 minimumTimeStepSeconds=5.00000000e-11 adaptive=true
Q30_STEP_PROFILE seed=13 fault=REN_OPEN profile=reinstalled-original-customer-retest boundary=END stepRole=PRODUCTION_5_US declaredMaximumStepSeconds=5.00000000e-06 configuredMaximumStepSeconds=5.00000000e-06 actualCurrentStepSeconds=5.00000000e-06 observedMinimumStepSeconds=5.00000000e-06 observedMaximumStepSeconds=5.00000000e-06 minimumTimeStepSeconds=5.00000000e-11 adaptive=true
Q30_STEP_PROFILE seed=13 fault=REN_OPEN profile=service-power-off-wait boundary=BEGIN stepRole=PRODUCTION_5_US declaredMaximumStepSeconds=5.00000000e-06 configuredMaximumStepSeconds=5.00000000e-06 actualCurrentStepSeconds=5.00000000e-06 observedMinimumStepSeconds=5.00000000e-06 observedMaximumStepSeconds=5.00000000e-06 minimumTimeStepSeconds=5.00000000e-11 adaptive=true
Q30_STEP_PROFILE seed=13 fault=REN_OPEN profile=service-power-off-wait boundary=END stepRole=PRODUCTION_5_US declaredMaximumStepSeconds=5.00000000e-06 configuredMaximumStepSeconds=5.00000000e-06 actualCurrentStepSeconds=5.00000000e-06 observedMinimumStepSeconds=5.00000000e-06 observedMaximumStepSeconds=5.00000000e-06 minimumTimeStepSeconds=5.00000000e-11 adaptive=true
Q30_STEP_PROFILE seed=13 fault=REN_OPEN profile=repaired-customer-retest boundary=BEGIN stepRole=PRODUCTION_5_US declaredMaximumStepSeconds=5.00000000e-06 configuredMaximumStepSeconds=5.00000000e-06 actualCurrentStepSeconds=5.00000000e-06 observedMinimumStepSeconds=5.00000000e-06 observedMaximumStepSeconds=5.00000000e-06 minimumTimeStepSeconds=5.00000000e-11 adaptive=true
Q30_STEP_PROFILE seed=13 fault=REN_OPEN profile=repaired-customer-retest boundary=END stepRole=PRODUCTION_5_US declaredMaximumStepSeconds=5.00000000e-06 configuredMaximumStepSeconds=5.00000000e-06 actualCurrentStepSeconds=5.00000000e-06 observedMinimumStepSeconds=5.00000000e-06 observedMaximumStepSeconds=5.00000000e-06 minimumTimeStepSeconds=5.00000000e-11 adaptive=true
Q30_STEP_OWNER_CLEANUP seed=13 fault=REN_OPEN declaredMaximumStepSeconds=5.00000000e-06 stepRole=PRODUCTION_5_US cleanup=true elapsedMillis=0
Q30_STEP_PAIR seed=13 support=FILTERED_37 fault=REN_OPEN referenceMaximumStepSeconds=2.50000000e-06 productionCandidateMaximumStepSeconds=5.00000000e-06 candidateKind=PRODUCTION_5_US maxDeltaVolts=1.95556375e-06 toleranceVolts=0.0100505922 phase=faulted sample=SENSORS_LOW/U1.OUTPUT-J1.2 referenceElapsedMillis=16316 productionCandidateElapsedMillis=8242 referenceSimSeconds=1.16019250 productionCandidateSimSeconds=1.16036000 referenceCleanupMillis=0 productionCandidateCleanupMillis=0 cleanup=true
Q30_STEP_SEED seed=13 support=FILTERED_37 referenceMaximumStepSeconds=2.50000000e-06 productionCandidateMaximumStepSeconds=5.00000000e-06 candidateKind=PRODUCTION_5_US routeTopology=RB30_SEPARATE_DIRECT_A_NMOS_B_BJT_FILTERED_37 routeAndPairsElapsedMillis=28932
Q30_STEP_OWNER_CLEANUP seed=13 fault=DREV_OPEN declaredMaximumStepSeconds=2.50000000e-06 stepRole=FINER_2_5_US_REFERENCE cleanup=true elapsedMillis=0
Q30_STEP_SEED_CLEANUP seed=13 cleanup=true elapsedMillis=0
PASS: Q30 production solver step sensitivity assertions=1762 seed=13 support=FILTERED_37 faults=1 referenceMaximumStepSeconds=2.50000000e-06 productionCandidateMaximumStepSeconds=5.00000000e-06 candidateKind=PRODUCTION_5_US elapsedMillis=28932

node 11 unconnected
converged after 25 iterations, timeStep = 2.5E-6
converged after 9 iterations, timeStep = 2.5E-6
node 11 unconnected
node 11 unconnected
converged after 14 iterations, timeStep = 2.5E-6
node 11 unconnected
converged after 10 iterations, timeStep = 2.5E-6
converged after 15 iterations, timeStep = 2.5E-6
node 11 unconnected
converged after 14 iterations, timeStep = 2.5E-6
node 11 unconnected
converged after 15 iterations, timeStep = 2.5E-6
node 11 unconnected
node 20 unconnected
converged after 12 iterations, timeStep = 2.5E-6
converged after 20 iterations, timeStep = 2.5E-6
converged after 12 iterations, timeStep = 2.5E-6
node 11 unconnected
node 20 unconnected
node 11 unconnected
node 20 unconnected
node 11 unconnected
node 20 unconnected
node 11 unconnected
node 20 unconnected
node 11 unconnected
node 20 unconnected
node 11 unconnected
node 20 unconnected
node 11 unconnected
node 20 unconnected
node 11 unconnected
node 20 unconnected
node 11 unconnected
node 20 unconnected
node 11 unconnected
node 20 unconnected
node 11 unconnected
node 20 unconnected
node 11 unconnected
node 20 unconnected
node 11 unconnected
node 20 unconnected
node 11 unconnected
node 20 unconnected
node 11 unconnected
node 20 unconnected
node 21 unconnected
node 23 unconnected
node 11 unconnected
node 20 unconnected
node 11 unconnected
node 20 unconnected
converged after 6 iterations, timeStep = 2.5E-6
node 11 unconnected
node 20 unconnected
node 11 unconnected
node 20 unconnected
node 11 unconnected
node 20 unconnected
node 11 unconnected
node 20 unconnected
node 11 unconnected
node 20 unconnected
node 11 unconnected
node 20 unconnected
node 11 unconnected
node 20 unconnected
node 11 unconnected
node 20 unconnected
node 11 unconnected
node 20 unconnected
node 11 unconnected
node 20 unconnected
node 11 unconnected
node 20 unconnected
node 21 unconnected
node 23 unconnected
node 11 unconnected
node 21 unconnected
node 23 unconnected
converged after 13 iterations, timeStep = 2.5E-6
node 11 unconnected
node 21 unconnected
node 23 unconnected
converged after 7 iterations, timeStep = 2.5E-6
node 11 unconnected
node 21 unconnected
node 23 unconnected
node 11 unconnected
node 21 unconnected
node 23 unconnected
converged after 14 iterations, timeStep = 2.5E-6
node 11 unconnected
node 21 unconnected
node 23 unconnected
converged after 10 iterations, timeStep = 2.5E-6
converged after 15 iterations, timeStep = 2.5E-6
node 11 unconnected
node 21 unconnected
node 23 unconnected
converged after 14 iterations, timeStep = 2.5E-6
node 11 unconnected
converged after 25 iterations, timeStep = 5.0E-6
converged after 6 iterations, timeStep = 5.0E-6
node 11 unconnected
node 11 unconnected
converged after 14 iterations, timeStep = 5.0E-6
node 11 unconnected
converged after 19 iterations, timeStep = 5.0E-6
converged after 15 iterations, timeStep = 5.0E-6
node 11 unconnected
converged after 14 iterations, timeStep = 5.0E-6
node 11 unconnected
converged after 15 iterations, timeStep = 5.0E-6
node 11 unconnected
node 20 unconnected
converged after 12 iterations, timeStep = 5.0E-6
converged after 20 iterations, timeStep = 5.0E-6
converged after 12 iterations, timeStep = 5.0E-6
node 11 unconnected
node 20 unconnected
node 11 unconnected
node 20 unconnected
node 11 unconnected
node 20 unconnected
node 11 unconnected
node 20 unconnected
node 11 unconnected
node 20 unconnected
node 11 unconnected
node 20 unconnected
node 11 unconnected
node 20 unconnected
node 11 unconnected
node 20 unconnected
node 11 unconnected
node 20 unconnected
node 11 unconnected
node 20 unconnected
node 11 unconnected
node 20 unconnected
node 11 unconnected
node 20 unconnected
node 11 unconnected
node 20 unconnected
node 11 unconnected
node 20 unconnected
node 11 unconnected
node 20 unconnected
node 21 unconnected
node 23 unconnected
node 11 unconnected
node 20 unconnected
node 11 unconnected
node 20 unconnected
converged after 6 iterations, timeStep = 5.0E-6
node 11 unconnected
node 20 unconnected
node 11 unconnected
node 20 unconnected
node 11 unconnected
node 20 unconnected
node 11 unconnected
node 20 unconnected
node 11 unconnected
node 20 unconnected
node 11 unconnected
node 20 unconnected
node 11 unconnected
node 20 unconnected
node 11 unconnected
node 20 unconnected
node 11 unconnected
node 20 unconnected
node 11 unconnected
node 20 unconnected
node 11 unconnected
node 20 unconnected
node 21 unconnected
node 23 unconnected
node 11 unconnected
node 21 unconnected
node 23 unconnected
converged after 13 iterations, timeStep = 5.0E-6
node 11 unconnected
node 21 unconnected
node 23 unconnected
converged after 7 iterations, timeStep = 5.0E-6
node 11 unconnected
node 21 unconnected
node 23 unconnected
node 11 unconnected
node 21 unconnected
node 23 unconnected
converged after 14 iterations, timeStep = 5.0E-6
node 11 unconnected
node 21 unconnected
node 23 unconnected
converged after 19 iterations, timeStep = 5.0E-6
converged after 15 iterations, timeStep = 5.0E-6
node 11 unconnected
node 21 unconnected
node 23 unconnected
converged after 14 iterations, timeStep = 5.0E-6

Q30_STEP_PROFILE seed=13 fault=SENSOR_A_OPEN profile=initial-electrical-settle boundary=BEGIN stepRole=FINER_2_5_US_REFERENCE declaredMaximumStepSeconds=2.50000000e-06 configuredMaximumStepSeconds=2.50000000e-06 actualCurrentStepSeconds=2.50000000e-06 observedMinimumStepSeconds=2.50000000e-06 observedMaximumStepSeconds=2.50000000e-06 minimumTimeStepSeconds=5.00000000e-11 adaptive=true
Q30_STEP_PROFILE seed=13 fault=SENSOR_A_OPEN profile=initial-electrical-settle boundary=END stepRole=FINER_2_5_US_REFERENCE declaredMaximumStepSeconds=2.50000000e-06 configuredMaximumStepSeconds=2.50000000e-06 actualCurrentStepSeconds=2.50000000e-06 observedMinimumStepSeconds=2.50000000e-06 observedMaximumStepSeconds=2.50000000e-06 minimumTimeStepSeconds=5.00000000e-11 adaptive=true
Q30_STEP_PROFILE seed=13 fault=SENSOR_A_OPEN profile=healthy-preparation boundary=BEGIN stepRole=FINER_2_5_US_REFERENCE declaredMaximumStepSeconds=2.50000000e-06 configuredMaximumStepSeconds=2.50000000e-06 actualCurrentStepSeconds=2.50000000e-06 observedMinimumStepSeconds=2.50000000e-06 observedMaximumStepSeconds=2.50000000e-06 minimumTimeStepSeconds=5.00000000e-11 adaptive=true
Q30_STEP_PROFILE seed=13 fault=SENSOR_A_OPEN profile=healthy-preparation boundary=END stepRole=FINER_2_5_US_REFERENCE declaredMaximumStepSeconds=2.50000000e-06 configuredMaximumStepSeconds=2.50000000e-06 actualCurrentStepSeconds=2.50000000e-06 observedMinimumStepSeconds=2.50000000e-06 observedMaximumStepSeconds=2.50000000e-06 minimumTimeStepSeconds=5.00000000e-11 adaptive=true
Q30_STEP_PROFILE seed=13 fault=SENSOR_A_OPEN profile=fault-profile-preparation boundary=BEGIN stepRole=FINER_2_5_US_REFERENCE declaredMaximumStepSeconds=2.50000000e-06 configuredMaximumStepSeconds=2.50000000e-06 actualCurrentStepSeconds=2.50000000e-06 observedMinimumStepSeconds=2.50000000e-06 observedMaximumStepSeconds=2.50000000e-06 minimumTimeStepSeconds=5.00000000e-11 adaptive=true
Q30_STEP_PROFILE seed=13 fault=SENSOR_A_OPEN profile=fault-profile-preparation boundary=END stepRole=FINER_2_5_US_REFERENCE declaredMaximumStepSeconds=2.50000000e-06 configuredMaximumStepSeconds=2.50000000e-06 actualCurrentStepSeconds=2.50000000e-06 observedMinimumStepSeconds=2.50000000e-06 observedMaximumStepSeconds=2.50000000e-06 minimumTimeStepSeconds=5.00000000e-11 adaptive=true
Q30_STEP_PROFILE seed=13 fault=SENSOR_A_OPEN profile=faulted-four-input-profile boundary=BEGIN stepRole=FINER_2_5_US_REFERENCE declaredMaximumStepSeconds=2.50000000e-06 configuredMaximumStepSeconds=2.50000000e-06 actualCurrentStepSeconds=2.50000000e-06 observedMinimumStepSeconds=2.50000000e-06 observedMaximumStepSeconds=2.50000000e-06 minimumTimeStepSeconds=5.00000000e-11 adaptive=true
Q30_STEP_PROFILE seed=13 fault=SENSOR_A_OPEN profile=faulted-four-input-profile boundary=END stepRole=FINER_2_5_US_REFERENCE declaredMaximumStepSeconds=2.50000000e-06 configuredMaximumStepSeconds=2.50000000e-06 actualCurrentStepSeconds=2.50000000e-06 observedMinimumStepSeconds=2.50000000e-06 observedMaximumStepSeconds=2.50000000e-06 minimumTimeStepSeconds=5.00000000e-11 adaptive=true
Q30_STEP_PROFILE seed=13 fault=SENSOR_A_OPEN profile=unrepaired-customer-retest boundary=BEGIN stepRole=FINER_2_5_US_REFERENCE declaredMaximumStepSeconds=2.50000000e-06 configuredMaximumStepSeconds=2.50000000e-06 actualCurrentStepSeconds=2.50000000e-06 observedMinimumStepSeconds=2.50000000e-06 observedMaximumStepSeconds=2.50000000e-06 minimumTimeStepSeconds=5.00000000e-11 adaptive=true
Q30_STEP_PROFILE seed=13 fault=SENSOR_A_OPEN profile=unrepaired-customer-retest boundary=END stepRole=FINER_2_5_US_REFERENCE declaredMaximumStepSeconds=2.50000000e-06 configuredMaximumStepSeconds=2.50000000e-06 actualCurrentStepSeconds=2.50000000e-06 observedMinimumStepSeconds=2.50000000e-06 observedMaximumStepSeconds=2.50000000e-06 minimumTimeStepSeconds=5.00000000e-11 adaptive=true
Q30_STEP_PROFILE seed=13 fault=SENSOR_A_OPEN profile=service-power-off-wait boundary=BEGIN stepRole=FINER_2_5_US_REFERENCE declaredMaximumStepSeconds=2.50000000e-06 configuredMaximumStepSeconds=2.50000000e-06 actualCurrentStepSeconds=2.50000000e-06 observedMinimumStepSeconds=2.50000000e-06 observedMaximumStepSeconds=2.50000000e-06 minimumTimeStepSeconds=5.00000000e-11 adaptive=true
Q30_STEP_PROFILE seed=13 fault=SENSOR_A_OPEN profile=service-power-off-wait boundary=END stepRole=FINER_2_5_US_REFERENCE declaredMaximumStepSeconds=2.50000000e-06 configuredMaximumStepSeconds=2.50000000e-06 actualCurrentStepSeconds=2.50000000e-06 observedMinimumStepSeconds=2.50000000e-06 observedMaximumStepSeconds=2.50000000e-06 minimumTimeStepSeconds=5.00000000e-11 adaptive=true
Q30_STEP_PROFILE seed=13 fault=SENSOR_A_OPEN profile=reinstalled-original-customer-retest boundary=BEGIN stepRole=FINER_2_5_US_REFERENCE declaredMaximumStepSeconds=2.50000000e-06 configuredMaximumStepSeconds=2.50000000e-06 actualCurrentStepSeconds=2.50000000e-06 observedMinimumStepSeconds=2.50000000e-06 observedMaximumStepSeconds=2.50000000e-06 minimumTimeStepSeconds=5.00000000e-11 adaptive=true
Q30_STEP_PROFILE seed=13 fault=SENSOR_A_OPEN profile=reinstalled-original-customer-retest boundary=END stepRole=FINER_2_5_US_REFERENCE declaredMaximumStepSeconds=2.50000000e-06 configuredMaximumStepSeconds=2.50000000e-06 actualCurrentStepSeconds=2.50000000e-06 observedMinimumStepSeconds=2.50000000e-06 observedMaximumStepSeconds=2.50000000e-06 minimumTimeStepSeconds=5.00000000e-11 adaptive=true
Q30_STEP_PROFILE seed=13 fault=SENSOR_A_OPEN profile=service-power-off-wait boundary=BEGIN stepRole=FINER_2_5_US_REFERENCE declaredMaximumStepSeconds=2.50000000e-06 configuredMaximumStepSeconds=2.50000000e-06 actualCurrentStepSeconds=2.50000000e-06 observedMinimumStepSeconds=2.50000000e-06 observedMaximumStepSeconds=2.50000000e-06 minimumTimeStepSeconds=5.00000000e-11 adaptive=true
Q30_STEP_PROFILE seed=13 fault=SENSOR_A_OPEN profile=service-power-off-wait boundary=END stepRole=FINER_2_5_US_REFERENCE declaredMaximumStepSeconds=2.50000000e-06 configuredMaximumStepSeconds=2.50000000e-06 actualCurrentStepSeconds=2.50000000e-06 observedMinimumStepSeconds=2.50000000e-06 observedMaximumStepSeconds=2.50000000e-06 minimumTimeStepSeconds=5.00000000e-11 adaptive=true
Q30_STEP_PROFILE seed=13 fault=SENSOR_A_OPEN profile=repaired-customer-retest boundary=BEGIN stepRole=FINER_2_5_US_REFERENCE declaredMaximumStepSeconds=2.50000000e-06 configuredMaximumStepSeconds=2.50000000e-06 actualCurrentStepSeconds=2.50000000e-06 observedMinimumStepSeconds=2.50000000e-06 observedMaximumStepSeconds=2.50000000e-06 minimumTimeStepSeconds=5.00000000e-11 adaptive=true
Q30_STEP_PROFILE seed=13 fault=SENSOR_A_OPEN profile=repaired-customer-retest boundary=END stepRole=FINER_2_5_US_REFERENCE declaredMaximumStepSeconds=2.50000000e-06 configuredMaximumStepSeconds=2.50000000e-06 actualCurrentStepSeconds=2.50000000e-06 observedMinimumStepSeconds=2.50000000e-06 observedMaximumStepSeconds=2.50000000e-06 minimumTimeStepSeconds=5.00000000e-11 adaptive=true
Q30_STEP_OWNER_CLEANUP seed=13 fault=SENSOR_A_OPEN declaredMaximumStepSeconds=2.50000000e-06 stepRole=FINER_2_5_US_REFERENCE cleanup=true elapsedMillis=0
Q30_STEP_PROFILE seed=13 fault=SENSOR_A_OPEN profile=initial-electrical-settle boundary=BEGIN stepRole=PRODUCTION_5_US declaredMaximumStepSeconds=5.00000000e-06 configuredMaximumStepSeconds=5.00000000e-06 actualCurrentStepSeconds=5.00000000e-06 observedMinimumStepSeconds=5.00000000e-06 observedMaximumStepSeconds=5.00000000e-06 minimumTimeStepSeconds=5.00000000e-11 adaptive=true
Q30_STEP_PROFILE seed=13 fault=SENSOR_A_OPEN profile=initial-electrical-settle boundary=END stepRole=PRODUCTION_5_US declaredMaximumStepSeconds=5.00000000e-06 configuredMaximumStepSeconds=5.00000000e-06 actualCurrentStepSeconds=5.00000000e-06 observedMinimumStepSeconds=5.00000000e-06 observedMaximumStepSeconds=5.00000000e-06 minimumTimeStepSeconds=5.00000000e-11 adaptive=true
Q30_STEP_PROFILE seed=13 fault=SENSOR_A_OPEN profile=healthy-preparation boundary=BEGIN stepRole=PRODUCTION_5_US declaredMaximumStepSeconds=5.00000000e-06 configuredMaximumStepSeconds=5.00000000e-06 actualCurrentStepSeconds=5.00000000e-06 observedMinimumStepSeconds=5.00000000e-06 observedMaximumStepSeconds=5.00000000e-06 minimumTimeStepSeconds=5.00000000e-11 adaptive=true
Q30_STEP_PROFILE seed=13 fault=SENSOR_A_OPEN profile=healthy-preparation boundary=END stepRole=PRODUCTION_5_US declaredMaximumStepSeconds=5.00000000e-06 configuredMaximumStepSeconds=5.00000000e-06 actualCurrentStepSeconds=5.00000000e-06 observedMinimumStepSeconds=5.00000000e-06 observedMaximumStepSeconds=5.00000000e-06 minimumTimeStepSeconds=5.00000000e-11 adaptive=true
Q30_STEP_PROFILE seed=13 fault=SENSOR_A_OPEN profile=fault-profile-preparation boundary=BEGIN stepRole=PRODUCTION_5_US declaredMaximumStepSeconds=5.00000000e-06 configuredMaximumStepSeconds=5.00000000e-06 actualCurrentStepSeconds=5.00000000e-06 observedMinimumStepSeconds=5.00000000e-06 observedMaximumStepSeconds=5.00000000e-06 minimumTimeStepSeconds=5.00000000e-11 adaptive=true
Q30_STEP_PROFILE seed=13 fault=SENSOR_A_OPEN profile=fault-profile-preparation boundary=END stepRole=PRODUCTION_5_US declaredMaximumStepSeconds=5.00000000e-06 configuredMaximumStepSeconds=5.00000000e-06 actualCurrentStepSeconds=5.00000000e-06 observedMinimumStepSeconds=5.00000000e-06 observedMaximumStepSeconds=5.00000000e-06 minimumTimeStepSeconds=5.00000000e-11 adaptive=true
Q30_STEP_PROFILE seed=13 fault=SENSOR_A_OPEN profile=faulted-four-input-profile boundary=BEGIN stepRole=PRODUCTION_5_US declaredMaximumStepSeconds=5.00000000e-06 configuredMaximumStepSeconds=5.00000000e-06 actualCurrentStepSeconds=5.00000000e-06 observedMinimumStepSeconds=5.00000000e-06 observedMaximumStepSeconds=5.00000000e-06 minimumTimeStepSeconds=5.00000000e-11 adaptive=true
Q30_STEP_PROFILE seed=13 fault=SENSOR_A_OPEN profile=faulted-four-input-profile boundary=END stepRole=PRODUCTION_5_US declaredMaximumStepSeconds=5.00000000e-06 configuredMaximumStepSeconds=5.00000000e-06 actualCurrentStepSeconds=5.00000000e-06 observedMinimumStepSeconds=5.00000000e-06 observedMaximumStepSeconds=5.00000000e-06 minimumTimeStepSeconds=5.00000000e-11 adaptive=true
Q30_STEP_PROFILE seed=13 fault=SENSOR_A_OPEN profile=unrepaired-customer-retest boundary=BEGIN stepRole=PRODUCTION_5_US declaredMaximumStepSeconds=5.00000000e-06 configuredMaximumStepSeconds=5.00000000e-06 actualCurrentStepSeconds=5.00000000e-06 observedMinimumStepSeconds=5.00000000e-06 observedMaximumStepSeconds=5.00000000e-06 minimumTimeStepSeconds=5.00000000e-11 adaptive=true
Q30_STEP_PROFILE seed=13 fault=SENSOR_A_OPEN profile=unrepaired-customer-retest boundary=END stepRole=PRODUCTION_5_US declaredMaximumStepSeconds=5.00000000e-06 configuredMaximumStepSeconds=5.00000000e-06 actualCurrentStepSeconds=5.00000000e-06 observedMinimumStepSeconds=5.00000000e-06 observedMaximumStepSeconds=5.00000000e-06 minimumTimeStepSeconds=5.00000000e-11 adaptive=true
Q30_STEP_PROFILE seed=13 fault=SENSOR_A_OPEN profile=service-power-off-wait boundary=BEGIN stepRole=PRODUCTION_5_US declaredMaximumStepSeconds=5.00000000e-06 configuredMaximumStepSeconds=5.00000000e-06 actualCurrentStepSeconds=5.00000000e-06 observedMinimumStepSeconds=5.00000000e-06 observedMaximumStepSeconds=5.00000000e-06 minimumTimeStepSeconds=5.00000000e-11 adaptive=true
Q30_STEP_PROFILE seed=13 fault=SENSOR_A_OPEN profile=service-power-off-wait boundary=END stepRole=PRODUCTION_5_US declaredMaximumStepSeconds=5.00000000e-06 configuredMaximumStepSeconds=5.00000000e-06 actualCurrentStepSeconds=5.00000000e-06 observedMinimumStepSeconds=5.00000000e-06 observedMaximumStepSeconds=5.00000000e-06 minimumTimeStepSeconds=5.00000000e-11 adaptive=true
Q30_STEP_PROFILE seed=13 fault=SENSOR_A_OPEN profile=reinstalled-original-customer-retest boundary=BEGIN stepRole=PRODUCTION_5_US declaredMaximumStepSeconds=5.00000000e-06 configuredMaximumStepSeconds=5.00000000e-06 actualCurrentStepSeconds=5.00000000e-06 observedMinimumStepSeconds=5.00000000e-06 observedMaximumStepSeconds=5.00000000e-06 minimumTimeStepSeconds=5.00000000e-11 adaptive=true
Q30_STEP_PROFILE seed=13 fault=SENSOR_A_OPEN profile=reinstalled-original-customer-retest boundary=END stepRole=PRODUCTION_5_US declaredMaximumStepSeconds=5.00000000e-06 configuredMaximumStepSeconds=5.00000000e-06 actualCurrentStepSeconds=5.00000000e-06 observedMinimumStepSeconds=5.00000000e-06 observedMaximumStepSeconds=5.00000000e-06 minimumTimeStepSeconds=5.00000000e-11 adaptive=true
Q30_STEP_PROFILE seed=13 fault=SENSOR_A_OPEN profile=service-power-off-wait boundary=BEGIN stepRole=PRODUCTION_5_US declaredMaximumStepSeconds=5.00000000e-06 configuredMaximumStepSeconds=5.00000000e-06 actualCurrentStepSeconds=5.00000000e-06 observedMinimumStepSeconds=5.00000000e-06 observedMaximumStepSeconds=5.00000000e-06 minimumTimeStepSeconds=5.00000000e-11 adaptive=true
Q30_STEP_PROFILE seed=13 fault=SENSOR_A_OPEN profile=service-power-off-wait boundary=END stepRole=PRODUCTION_5_US declaredMaximumStepSeconds=5.00000000e-06 configuredMaximumStepSeconds=5.00000000e-06 actualCurrentStepSeconds=5.00000000e-06 observedMinimumStepSeconds=5.00000000e-06 observedMaximumStepSeconds=5.00000000e-06 minimumTimeStepSeconds=5.00000000e-11 adaptive=true
Q30_STEP_PROFILE seed=13 fault=SENSOR_A_OPEN profile=repaired-customer-retest boundary=BEGIN stepRole=PRODUCTION_5_US declaredMaximumStepSeconds=5.00000000e-06 configuredMaximumStepSeconds=5.00000000e-06 actualCurrentStepSeconds=5.00000000e-06 observedMinimumStepSeconds=5.00000000e-06 observedMaximumStepSeconds=5.00000000e-06 minimumTimeStepSeconds=5.00000000e-11 adaptive=true
Q30_STEP_PROFILE seed=13 fault=SENSOR_A_OPEN profile=repaired-customer-retest boundary=END stepRole=PRODUCTION_5_US declaredMaximumStepSeconds=5.00000000e-06 configuredMaximumStepSeconds=5.00000000e-06 actualCurrentStepSeconds=5.00000000e-06 observedMinimumStepSeconds=5.00000000e-06 observedMaximumStepSeconds=5.00000000e-06 minimumTimeStepSeconds=5.00000000e-11 adaptive=true
Q30_STEP_OWNER_CLEANUP seed=13 fault=SENSOR_A_OPEN declaredMaximumStepSeconds=5.00000000e-06 stepRole=PRODUCTION_5_US cleanup=true elapsedMillis=0
Q30_STEP_PAIR seed=13 support=FILTERED_37 fault=SENSOR_A_OPEN referenceMaximumStepSeconds=2.50000000e-06 productionCandidateMaximumStepSeconds=5.00000000e-06 candidateKind=PRODUCTION_5_US maxDeltaVolts=4.84980944e-11 toleranceVolts=0.122306598 phase=wrong-original-retest sample=SENSORS_A_ONLY/REN.2-J1.2 referenceElapsedMillis=18953 productionCandidateElapsedMillis=9652 referenceSimSeconds=1.16019250 productionCandidateSimSeconds=1.16036000 referenceCleanupMillis=0 productionCandidateCleanupMillis=0 cleanup=true
Q30_STEP_SEED seed=13 support=FILTERED_37 referenceMaximumStepSeconds=2.50000000e-06 productionCandidateMaximumStepSeconds=5.00000000e-06 candidateKind=PRODUCTION_5_US routeTopology=RB30_SEPARATE_DIRECT_A_NMOS_B_BJT_FILTERED_37 routeAndPairsElapsedMillis=32976
Q30_STEP_OWNER_CLEANUP seed=13 fault=DREV_OPEN declaredMaximumStepSeconds=2.50000000e-06 stepRole=FINER_2_5_US_REFERENCE cleanup=true elapsedMillis=0
Q30_STEP_SEED_CLEANUP seed=13 cleanup=true elapsedMillis=0
PASS: Q30 production solver step sensitivity assertions=1762 seed=13 support=FILTERED_37 faults=1 referenceMaximumStepSeconds=2.50000000e-06 productionCandidateMaximumStepSeconds=5.00000000e-06 candidateKind=PRODUCTION_5_US elapsedMillis=32976

node 11 unconnected
converged after 25 iterations, timeStep = 2.5E-6
converged after 9 iterations, timeStep = 2.5E-6
node 11 unconnected
node 11 unconnected
converged after 14 iterations, timeStep = 2.5E-6
node 11 unconnected
converged after 10 iterations, timeStep = 2.5E-6
converged after 15 iterations, timeStep = 2.5E-6
node 11 unconnected
converged after 14 iterations, timeStep = 2.5E-6
node 11 unconnected
converged after 15 iterations, timeStep = 2.5E-6
node 11 unconnected
converged after 10 iterations, timeStep = 2.5E-6
node 11 unconnected
converged after 10 iterations, timeStep = 2.5E-6
node 11 unconnected
node 11 unconnected
converged after 10 iterations, timeStep = 2.5E-6
node 11 unconnected
node 11 unconnected
converged after 10 iterations, timeStep = 2.5E-6
node 11 unconnected
node 11 unconnected
converged after 10 iterations, timeStep = 2.5E-6
node 11 unconnected
node 11 unconnected
node 11 unconnected
converged after 10 iterations, timeStep = 2.5E-6
node 11 unconnected
node 11 unconnected
node 11 unconnected
node 11 unconnected
node 11 unconnected
node 29 unconnected
node 31 unconnected
node 11 unconnected
node 11 unconnected
converged after 23 iterations, timeStep = 2.5E-6
converged after 8 iterations, timeStep = 2.5E-6
node 11 unconnected
node 11 unconnected
node 11 unconnected
converged after 10 iterations, timeStep = 2.5E-6
node 11 unconnected
node 11 unconnected
node 11 unconnected
converged after 10 iterations, timeStep = 2.5E-6
node 11 unconnected
node 11 unconnected
node 11 unconnected
node 11 unconnected
node 11 unconnected
node 29 unconnected
node 31 unconnected
node 11 unconnected
node 29 unconnected
node 31 unconnected
node 11 unconnected
node 29 unconnected
node 31 unconnected
converged after 23 iterations, timeStep = 2.5E-6
converged after 8 iterations, timeStep = 2.5E-6
node 11 unconnected
node 29 unconnected
node 31 unconnected
node 11 unconnected
node 29 unconnected
node 31 unconnected
converged after 14 iterations, timeStep = 2.5E-6
node 11 unconnected
node 29 unconnected
node 31 unconnected
converged after 10 iterations, timeStep = 2.5E-6
converged after 15 iterations, timeStep = 2.5E-6
node 11 unconnected
node 29 unconnected
node 31 unconnected
converged after 14 iterations, timeStep = 2.5E-6
node 11 unconnected
converged after 25 iterations, timeStep = 5.0E-6
converged after 6 iterations, timeStep = 5.0E-6
node 11 unconnected
node 11 unconnected
converged after 14 iterations, timeStep = 5.0E-6
node 11 unconnected
converged after 19 iterations, timeStep = 5.0E-6
converged after 15 iterations, timeStep = 5.0E-6
node 11 unconnected
converged after 14 iterations, timeStep = 5.0E-6
node 11 unconnected
converged after 15 iterations, timeStep = 5.0E-6
node 11 unconnected
converged after 16 iterations, timeStep = 5.0E-6
node 11 unconnected
converged after 9 iterations, timeStep = 5.0E-6
node 11 unconnected
node 11 unconnected
converged after 16 iterations, timeStep = 5.0E-6
node 11 unconnected
node 11 unconnected
converged after 9 iterations, timeStep = 5.0E-6
node 11 unconnected
node 11 unconnected
converged after 16 iterations, timeStep = 5.0E-6
node 11 unconnected
node 11 unconnected
node 11 unconnected
converged after 9 iterations, timeStep = 5.0E-6
node 11 unconnected
node 11 unconnected
node 11 unconnected
node 11 unconnected
node 11 unconnected
node 29 unconnected
node 31 unconnected
node 11 unconnected
node 11 unconnected
converged after 23 iterations, timeStep = 5.0E-6
node 11 unconnected
node 11 unconnected
node 11 unconnected
converged after 16 iterations, timeStep = 5.0E-6
node 11 unconnected
node 11 unconnected
node 11 unconnected
converged after 9 iterations, timeStep = 5.0E-6
node 11 unconnected
node 11 unconnected
node 11 unconnected
node 11 unconnected
node 11 unconnected
node 29 unconnected
node 31 unconnected
node 11 unconnected
node 29 unconnected
node 31 unconnected
node 11 unconnected
node 29 unconnected
node 31 unconnected
converged after 23 iterations, timeStep = 5.0E-6
node 11 unconnected
node 29 unconnected
node 31 unconnected
node 11 unconnected
node 29 unconnected
node 31 unconnected
converged after 14 iterations, timeStep = 5.0E-6
node 11 unconnected
node 29 unconnected
node 31 unconnected
converged after 19 iterations, timeStep = 5.0E-6
converged after 15 iterations, timeStep = 5.0E-6
node 11 unconnected
node 29 unconnected
node 31 unconnected
converged after 14 iterations, timeStep = 5.0E-6

Q30_STEP_PROFILE seed=13 fault=DRIVE_A_OPEN profile=initial-electrical-settle boundary=BEGIN stepRole=FINER_2_5_US_REFERENCE declaredMaximumStepSeconds=2.50000000e-06 configuredMaximumStepSeconds=2.50000000e-06 actualCurrentStepSeconds=2.50000000e-06 observedMinimumStepSeconds=2.50000000e-06 observedMaximumStepSeconds=2.50000000e-06 minimumTimeStepSeconds=5.00000000e-11 adaptive=true
Q30_STEP_PROFILE seed=13 fault=DRIVE_A_OPEN profile=initial-electrical-settle boundary=END stepRole=FINER_2_5_US_REFERENCE declaredMaximumStepSeconds=2.50000000e-06 configuredMaximumStepSeconds=2.50000000e-06 actualCurrentStepSeconds=2.50000000e-06 observedMinimumStepSeconds=2.50000000e-06 observedMaximumStepSeconds=2.50000000e-06 minimumTimeStepSeconds=5.00000000e-11 adaptive=true
Q30_STEP_PROFILE seed=13 fault=DRIVE_A_OPEN profile=healthy-preparation boundary=BEGIN stepRole=FINER_2_5_US_REFERENCE declaredMaximumStepSeconds=2.50000000e-06 configuredMaximumStepSeconds=2.50000000e-06 actualCurrentStepSeconds=2.50000000e-06 observedMinimumStepSeconds=2.50000000e-06 observedMaximumStepSeconds=2.50000000e-06 minimumTimeStepSeconds=5.00000000e-11 adaptive=true
Q30_STEP_PROFILE seed=13 fault=DRIVE_A_OPEN profile=healthy-preparation boundary=END stepRole=FINER_2_5_US_REFERENCE declaredMaximumStepSeconds=2.50000000e-06 configuredMaximumStepSeconds=2.50000000e-06 actualCurrentStepSeconds=2.50000000e-06 observedMinimumStepSeconds=2.50000000e-06 observedMaximumStepSeconds=2.50000000e-06 minimumTimeStepSeconds=5.00000000e-11 adaptive=true
Q30_STEP_PROFILE seed=13 fault=DRIVE_A_OPEN profile=fault-profile-preparation boundary=BEGIN stepRole=FINER_2_5_US_REFERENCE declaredMaximumStepSeconds=2.50000000e-06 configuredMaximumStepSeconds=2.50000000e-06 actualCurrentStepSeconds=2.50000000e-06 observedMinimumStepSeconds=2.50000000e-06 observedMaximumStepSeconds=2.50000000e-06 minimumTimeStepSeconds=5.00000000e-11 adaptive=true
Q30_STEP_PROFILE seed=13 fault=DRIVE_A_OPEN profile=fault-profile-preparation boundary=END stepRole=FINER_2_5_US_REFERENCE declaredMaximumStepSeconds=2.50000000e-06 configuredMaximumStepSeconds=2.50000000e-06 actualCurrentStepSeconds=2.50000000e-06 observedMinimumStepSeconds=2.50000000e-06 observedMaximumStepSeconds=2.50000000e-06 minimumTimeStepSeconds=5.00000000e-11 adaptive=true
Q30_STEP_PROFILE seed=13 fault=DRIVE_A_OPEN profile=faulted-four-input-profile boundary=BEGIN stepRole=FINER_2_5_US_REFERENCE declaredMaximumStepSeconds=2.50000000e-06 configuredMaximumStepSeconds=2.50000000e-06 actualCurrentStepSeconds=2.50000000e-06 observedMinimumStepSeconds=2.50000000e-06 observedMaximumStepSeconds=2.50000000e-06 minimumTimeStepSeconds=5.00000000e-11 adaptive=true
Q30_STEP_PROFILE seed=13 fault=DRIVE_A_OPEN profile=faulted-four-input-profile boundary=END stepRole=FINER_2_5_US_REFERENCE declaredMaximumStepSeconds=2.50000000e-06 configuredMaximumStepSeconds=2.50000000e-06 actualCurrentStepSeconds=2.50000000e-06 observedMinimumStepSeconds=2.50000000e-06 observedMaximumStepSeconds=2.50000000e-06 minimumTimeStepSeconds=5.00000000e-11 adaptive=true
Q30_STEP_PROFILE seed=13 fault=DRIVE_A_OPEN profile=unrepaired-customer-retest boundary=BEGIN stepRole=FINER_2_5_US_REFERENCE declaredMaximumStepSeconds=2.50000000e-06 configuredMaximumStepSeconds=2.50000000e-06 actualCurrentStepSeconds=2.50000000e-06 observedMinimumStepSeconds=2.50000000e-06 observedMaximumStepSeconds=2.50000000e-06 minimumTimeStepSeconds=5.00000000e-11 adaptive=true
Q30_STEP_PROFILE seed=13 fault=DRIVE_A_OPEN profile=unrepaired-customer-retest boundary=END stepRole=FINER_2_5_US_REFERENCE declaredMaximumStepSeconds=2.50000000e-06 configuredMaximumStepSeconds=2.50000000e-06 actualCurrentStepSeconds=2.50000000e-06 observedMinimumStepSeconds=2.50000000e-06 observedMaximumStepSeconds=2.50000000e-06 minimumTimeStepSeconds=5.00000000e-11 adaptive=true
Q30_STEP_PROFILE seed=13 fault=DRIVE_A_OPEN profile=service-power-off-wait boundary=BEGIN stepRole=FINER_2_5_US_REFERENCE declaredMaximumStepSeconds=2.50000000e-06 configuredMaximumStepSeconds=2.50000000e-06 actualCurrentStepSeconds=2.50000000e-06 observedMinimumStepSeconds=2.50000000e-06 observedMaximumStepSeconds=2.50000000e-06 minimumTimeStepSeconds=5.00000000e-11 adaptive=true
Q30_STEP_PROFILE seed=13 fault=DRIVE_A_OPEN profile=service-power-off-wait boundary=END stepRole=FINER_2_5_US_REFERENCE declaredMaximumStepSeconds=2.50000000e-06 configuredMaximumStepSeconds=2.50000000e-06 actualCurrentStepSeconds=2.50000000e-06 observedMinimumStepSeconds=2.50000000e-06 observedMaximumStepSeconds=2.50000000e-06 minimumTimeStepSeconds=5.00000000e-11 adaptive=true
Q30_STEP_PROFILE seed=13 fault=DRIVE_A_OPEN profile=reinstalled-original-customer-retest boundary=BEGIN stepRole=FINER_2_5_US_REFERENCE declaredMaximumStepSeconds=2.50000000e-06 configuredMaximumStepSeconds=2.50000000e-06 actualCurrentStepSeconds=2.50000000e-06 observedMinimumStepSeconds=2.50000000e-06 observedMaximumStepSeconds=2.50000000e-06 minimumTimeStepSeconds=5.00000000e-11 adaptive=true
Q30_STEP_PROFILE seed=13 fault=DRIVE_A_OPEN profile=reinstalled-original-customer-retest boundary=END stepRole=FINER_2_5_US_REFERENCE declaredMaximumStepSeconds=2.50000000e-06 configuredMaximumStepSeconds=2.50000000e-06 actualCurrentStepSeconds=2.50000000e-06 observedMinimumStepSeconds=2.50000000e-06 observedMaximumStepSeconds=2.50000000e-06 minimumTimeStepSeconds=5.00000000e-11 adaptive=true
Q30_STEP_PROFILE seed=13 fault=DRIVE_A_OPEN profile=service-power-off-wait boundary=BEGIN stepRole=FINER_2_5_US_REFERENCE declaredMaximumStepSeconds=2.50000000e-06 configuredMaximumStepSeconds=2.50000000e-06 actualCurrentStepSeconds=2.50000000e-06 observedMinimumStepSeconds=2.50000000e-06 observedMaximumStepSeconds=2.50000000e-06 minimumTimeStepSeconds=5.00000000e-11 adaptive=true
Q30_STEP_PROFILE seed=13 fault=DRIVE_A_OPEN profile=service-power-off-wait boundary=END stepRole=FINER_2_5_US_REFERENCE declaredMaximumStepSeconds=2.50000000e-06 configuredMaximumStepSeconds=2.50000000e-06 actualCurrentStepSeconds=2.50000000e-06 observedMinimumStepSeconds=2.50000000e-06 observedMaximumStepSeconds=2.50000000e-06 minimumTimeStepSeconds=5.00000000e-11 adaptive=true
Q30_STEP_PROFILE seed=13 fault=DRIVE_A_OPEN profile=repaired-customer-retest boundary=BEGIN stepRole=FINER_2_5_US_REFERENCE declaredMaximumStepSeconds=2.50000000e-06 configuredMaximumStepSeconds=2.50000000e-06 actualCurrentStepSeconds=2.50000000e-06 observedMinimumStepSeconds=2.50000000e-06 observedMaximumStepSeconds=2.50000000e-06 minimumTimeStepSeconds=5.00000000e-11 adaptive=true
Q30_STEP_PROFILE seed=13 fault=DRIVE_A_OPEN profile=repaired-customer-retest boundary=END stepRole=FINER_2_5_US_REFERENCE declaredMaximumStepSeconds=2.50000000e-06 configuredMaximumStepSeconds=2.50000000e-06 actualCurrentStepSeconds=2.50000000e-06 observedMinimumStepSeconds=2.50000000e-06 observedMaximumStepSeconds=2.50000000e-06 minimumTimeStepSeconds=5.00000000e-11 adaptive=true
Q30_STEP_OWNER_CLEANUP seed=13 fault=DRIVE_A_OPEN declaredMaximumStepSeconds=2.50000000e-06 stepRole=FINER_2_5_US_REFERENCE cleanup=true elapsedMillis=0
Q30_STEP_PROFILE seed=13 fault=DRIVE_A_OPEN profile=initial-electrical-settle boundary=BEGIN stepRole=PRODUCTION_5_US declaredMaximumStepSeconds=5.00000000e-06 configuredMaximumStepSeconds=5.00000000e-06 actualCurrentStepSeconds=5.00000000e-06 observedMinimumStepSeconds=5.00000000e-06 observedMaximumStepSeconds=5.00000000e-06 minimumTimeStepSeconds=5.00000000e-11 adaptive=true
Q30_STEP_PROFILE seed=13 fault=DRIVE_A_OPEN profile=initial-electrical-settle boundary=END stepRole=PRODUCTION_5_US declaredMaximumStepSeconds=5.00000000e-06 configuredMaximumStepSeconds=5.00000000e-06 actualCurrentStepSeconds=5.00000000e-06 observedMinimumStepSeconds=5.00000000e-06 observedMaximumStepSeconds=5.00000000e-06 minimumTimeStepSeconds=5.00000000e-11 adaptive=true
Q30_STEP_PROFILE seed=13 fault=DRIVE_A_OPEN profile=healthy-preparation boundary=BEGIN stepRole=PRODUCTION_5_US declaredMaximumStepSeconds=5.00000000e-06 configuredMaximumStepSeconds=5.00000000e-06 actualCurrentStepSeconds=5.00000000e-06 observedMinimumStepSeconds=5.00000000e-06 observedMaximumStepSeconds=5.00000000e-06 minimumTimeStepSeconds=5.00000000e-11 adaptive=true
Q30_STEP_PROFILE seed=13 fault=DRIVE_A_OPEN profile=healthy-preparation boundary=END stepRole=PRODUCTION_5_US declaredMaximumStepSeconds=5.00000000e-06 configuredMaximumStepSeconds=5.00000000e-06 actualCurrentStepSeconds=5.00000000e-06 observedMinimumStepSeconds=5.00000000e-06 observedMaximumStepSeconds=5.00000000e-06 minimumTimeStepSeconds=5.00000000e-11 adaptive=true
Q30_STEP_PROFILE seed=13 fault=DRIVE_A_OPEN profile=fault-profile-preparation boundary=BEGIN stepRole=PRODUCTION_5_US declaredMaximumStepSeconds=5.00000000e-06 configuredMaximumStepSeconds=5.00000000e-06 actualCurrentStepSeconds=5.00000000e-06 observedMinimumStepSeconds=5.00000000e-06 observedMaximumStepSeconds=5.00000000e-06 minimumTimeStepSeconds=5.00000000e-11 adaptive=true
Q30_STEP_PROFILE seed=13 fault=DRIVE_A_OPEN profile=fault-profile-preparation boundary=END stepRole=PRODUCTION_5_US declaredMaximumStepSeconds=5.00000000e-06 configuredMaximumStepSeconds=5.00000000e-06 actualCurrentStepSeconds=5.00000000e-06 observedMinimumStepSeconds=5.00000000e-06 observedMaximumStepSeconds=5.00000000e-06 minimumTimeStepSeconds=5.00000000e-11 adaptive=true
Q30_STEP_PROFILE seed=13 fault=DRIVE_A_OPEN profile=faulted-four-input-profile boundary=BEGIN stepRole=PRODUCTION_5_US declaredMaximumStepSeconds=5.00000000e-06 configuredMaximumStepSeconds=5.00000000e-06 actualCurrentStepSeconds=5.00000000e-06 observedMinimumStepSeconds=5.00000000e-06 observedMaximumStepSeconds=5.00000000e-06 minimumTimeStepSeconds=5.00000000e-11 adaptive=true
Q30_STEP_PROFILE seed=13 fault=DRIVE_A_OPEN profile=faulted-four-input-profile boundary=END stepRole=PRODUCTION_5_US declaredMaximumStepSeconds=5.00000000e-06 configuredMaximumStepSeconds=5.00000000e-06 actualCurrentStepSeconds=5.00000000e-06 observedMinimumStepSeconds=5.00000000e-06 observedMaximumStepSeconds=5.00000000e-06 minimumTimeStepSeconds=5.00000000e-11 adaptive=true
Q30_STEP_PROFILE seed=13 fault=DRIVE_A_OPEN profile=unrepaired-customer-retest boundary=BEGIN stepRole=PRODUCTION_5_US declaredMaximumStepSeconds=5.00000000e-06 configuredMaximumStepSeconds=5.00000000e-06 actualCurrentStepSeconds=5.00000000e-06 observedMinimumStepSeconds=5.00000000e-06 observedMaximumStepSeconds=5.00000000e-06 minimumTimeStepSeconds=5.00000000e-11 adaptive=true
Q30_STEP_PROFILE seed=13 fault=DRIVE_A_OPEN profile=unrepaired-customer-retest boundary=END stepRole=PRODUCTION_5_US declaredMaximumStepSeconds=5.00000000e-06 configuredMaximumStepSeconds=5.00000000e-06 actualCurrentStepSeconds=5.00000000e-06 observedMinimumStepSeconds=5.00000000e-06 observedMaximumStepSeconds=5.00000000e-06 minimumTimeStepSeconds=5.00000000e-11 adaptive=true
Q30_STEP_PROFILE seed=13 fault=DRIVE_A_OPEN profile=service-power-off-wait boundary=BEGIN stepRole=PRODUCTION_5_US declaredMaximumStepSeconds=5.00000000e-06 configuredMaximumStepSeconds=5.00000000e-06 actualCurrentStepSeconds=5.00000000e-06 observedMinimumStepSeconds=5.00000000e-06 observedMaximumStepSeconds=5.00000000e-06 minimumTimeStepSeconds=5.00000000e-11 adaptive=true
Q30_STEP_PROFILE seed=13 fault=DRIVE_A_OPEN profile=service-power-off-wait boundary=END stepRole=PRODUCTION_5_US declaredMaximumStepSeconds=5.00000000e-06 configuredMaximumStepSeconds=5.00000000e-06 actualCurrentStepSeconds=5.00000000e-06 observedMinimumStepSeconds=5.00000000e-06 observedMaximumStepSeconds=5.00000000e-06 minimumTimeStepSeconds=5.00000000e-11 adaptive=true
Q30_STEP_PROFILE seed=13 fault=DRIVE_A_OPEN profile=reinstalled-original-customer-retest boundary=BEGIN stepRole=PRODUCTION_5_US declaredMaximumStepSeconds=5.00000000e-06 configuredMaximumStepSeconds=5.00000000e-06 actualCurrentStepSeconds=5.00000000e-06 observedMinimumStepSeconds=5.00000000e-06 observedMaximumStepSeconds=5.00000000e-06 minimumTimeStepSeconds=5.00000000e-11 adaptive=true
Q30_STEP_PROFILE seed=13 fault=DRIVE_A_OPEN profile=reinstalled-original-customer-retest boundary=END stepRole=PRODUCTION_5_US declaredMaximumStepSeconds=5.00000000e-06 configuredMaximumStepSeconds=5.00000000e-06 actualCurrentStepSeconds=5.00000000e-06 observedMinimumStepSeconds=5.00000000e-06 observedMaximumStepSeconds=5.00000000e-06 minimumTimeStepSeconds=5.00000000e-11 adaptive=true
Q30_STEP_PROFILE seed=13 fault=DRIVE_A_OPEN profile=service-power-off-wait boundary=BEGIN stepRole=PRODUCTION_5_US declaredMaximumStepSeconds=5.00000000e-06 configuredMaximumStepSeconds=5.00000000e-06 actualCurrentStepSeconds=5.00000000e-06 observedMinimumStepSeconds=5.00000000e-06 observedMaximumStepSeconds=5.00000000e-06 minimumTimeStepSeconds=5.00000000e-11 adaptive=true
Q30_STEP_PROFILE seed=13 fault=DRIVE_A_OPEN profile=service-power-off-wait boundary=END stepRole=PRODUCTION_5_US declaredMaximumStepSeconds=5.00000000e-06 configuredMaximumStepSeconds=5.00000000e-06 actualCurrentStepSeconds=5.00000000e-06 observedMinimumStepSeconds=5.00000000e-06 observedMaximumStepSeconds=5.00000000e-06 minimumTimeStepSeconds=5.00000000e-11 adaptive=true
Q30_STEP_PROFILE seed=13 fault=DRIVE_A_OPEN profile=repaired-customer-retest boundary=BEGIN stepRole=PRODUCTION_5_US declaredMaximumStepSeconds=5.00000000e-06 configuredMaximumStepSeconds=5.00000000e-06 actualCurrentStepSeconds=5.00000000e-06 observedMinimumStepSeconds=5.00000000e-06 observedMaximumStepSeconds=5.00000000e-06 minimumTimeStepSeconds=5.00000000e-11 adaptive=true
Q30_STEP_PROFILE seed=13 fault=DRIVE_A_OPEN profile=repaired-customer-retest boundary=END stepRole=PRODUCTION_5_US declaredMaximumStepSeconds=5.00000000e-06 configuredMaximumStepSeconds=5.00000000e-06 actualCurrentStepSeconds=5.00000000e-06 observedMinimumStepSeconds=5.00000000e-06 observedMaximumStepSeconds=5.00000000e-06 minimumTimeStepSeconds=5.00000000e-11 adaptive=true
Q30_STEP_OWNER_CLEANUP seed=13 fault=DRIVE_A_OPEN declaredMaximumStepSeconds=5.00000000e-06 stepRole=PRODUCTION_5_US cleanup=true elapsedMillis=0
Q30_STEP_PAIR seed=13 support=FILTERED_37 fault=DRIVE_A_OPEN referenceMaximumStepSeconds=2.50000000e-06 productionCandidateMaximumStepSeconds=5.00000000e-06 candidateKind=PRODUCTION_5_US maxDeltaVolts=4.98872055e-11 toleranceVolts=0.122306598 phase=wrong-original-retest sample=SENSORS_A_ONLY/REN.2-J1.2 referenceElapsedMillis=17805 productionCandidateElapsedMillis=9137 referenceSimSeconds=1.16019250 productionCandidateSimSeconds=1.16036000 referenceCleanupMillis=0 productionCandidateCleanupMillis=0 cleanup=true
Q30_STEP_SEED seed=13 support=FILTERED_37 referenceMaximumStepSeconds=2.50000000e-06 productionCandidateMaximumStepSeconds=5.00000000e-06 candidateKind=PRODUCTION_5_US routeTopology=RB30_SEPARATE_DIRECT_A_NMOS_B_BJT_FILTERED_37 routeAndPairsElapsedMillis=31272
Q30_STEP_OWNER_CLEANUP seed=13 fault=DREV_OPEN declaredMaximumStepSeconds=2.50000000e-06 stepRole=FINER_2_5_US_REFERENCE cleanup=true elapsedMillis=0
Q30_STEP_SEED_CLEANUP seed=13 cleanup=true elapsedMillis=0
PASS: Q30 production solver step sensitivity assertions=1762 seed=13 support=FILTERED_37 faults=1 referenceMaximumStepSeconds=2.50000000e-06 productionCandidateMaximumStepSeconds=5.00000000e-06 candidateKind=PRODUCTION_5_US elapsedMillis=31272

node 11 unconnected
converged after 25 iterations, timeStep = 2.5E-6
converged after 9 iterations, timeStep = 2.5E-6
node 11 unconnected
node 11 unconnected
converged after 14 iterations, timeStep = 2.5E-6
node 11 unconnected
converged after 10 iterations, timeStep = 2.5E-6
converged after 15 iterations, timeStep = 2.5E-6
node 11 unconnected
converged after 14 iterations, timeStep = 2.5E-6
node 11 unconnected
converged after 15 iterations, timeStep = 2.5E-6
node 11 unconnected
converged after 10 iterations, timeStep = 2.5E-6
node 11 unconnected
converged after 10 iterations, timeStep = 2.5E-6
node 11 unconnected
node 11 unconnected
converged after 10 iterations, timeStep = 2.5E-6
node 11 unconnected
node 11 unconnected
converged after 10 iterations, timeStep = 2.5E-6
node 11 unconnected
node 11 unconnected
converged after 10 iterations, timeStep = 2.5E-6
node 11 unconnected
node 11 unconnected
node 11 unconnected
converged after 10 iterations, timeStep = 2.5E-6
node 11 unconnected
node 11 unconnected
node 11 unconnected
node 11 unconnected
node 11 unconnected
node 38 unconnected
node 41 unconnected
node 11 unconnected
node 11 unconnected
converged after 23 iterations, timeStep = 2.5E-6
converged after 8 iterations, timeStep = 2.5E-6
node 11 unconnected
node 11 unconnected
node 11 unconnected
converged after 10 iterations, timeStep = 2.5E-6
node 11 unconnected
node 11 unconnected
node 11 unconnected
converged after 10 iterations, timeStep = 2.5E-6
node 11 unconnected
node 11 unconnected
node 11 unconnected
node 11 unconnected
node 11 unconnected
node 38 unconnected
node 41 unconnected
node 11 unconnected
node 38 unconnected
node 41 unconnected
node 11 unconnected
node 38 unconnected
node 41 unconnected
converged after 23 iterations, timeStep = 2.5E-6
converged after 8 iterations, timeStep = 2.5E-6
node 11 unconnected
node 38 unconnected
node 41 unconnected
node 11 unconnected
node 38 unconnected
node 41 unconnected
converged after 14 iterations, timeStep = 2.5E-6
node 11 unconnected
node 38 unconnected
node 41 unconnected
converged after 10 iterations, timeStep = 2.5E-6
converged after 15 iterations, timeStep = 2.5E-6
node 11 unconnected
node 38 unconnected
node 41 unconnected
converged after 14 iterations, timeStep = 2.5E-6
node 11 unconnected
converged after 25 iterations, timeStep = 5.0E-6
converged after 6 iterations, timeStep = 5.0E-6
node 11 unconnected
node 11 unconnected
converged after 14 iterations, timeStep = 5.0E-6
node 11 unconnected
converged after 19 iterations, timeStep = 5.0E-6
converged after 15 iterations, timeStep = 5.0E-6
node 11 unconnected
converged after 14 iterations, timeStep = 5.0E-6
node 11 unconnected
converged after 15 iterations, timeStep = 5.0E-6
node 11 unconnected
converged after 16 iterations, timeStep = 5.0E-6
node 11 unconnected
converged after 9 iterations, timeStep = 5.0E-6
node 11 unconnected
node 11 unconnected
converged after 16 iterations, timeStep = 5.0E-6
node 11 unconnected
node 11 unconnected
converged after 9 iterations, timeStep = 5.0E-6
node 11 unconnected
node 11 unconnected
converged after 16 iterations, timeStep = 5.0E-6
node 11 unconnected
node 11 unconnected
node 11 unconnected
converged after 9 iterations, timeStep = 5.0E-6
node 11 unconnected
node 11 unconnected
node 11 unconnected
node 11 unconnected
node 11 unconnected
node 38 unconnected
node 41 unconnected
node 11 unconnected
node 11 unconnected
converged after 23 iterations, timeStep = 5.0E-6
node 11 unconnected
node 11 unconnected
node 11 unconnected
converged after 16 iterations, timeStep = 5.0E-6
node 11 unconnected
node 11 unconnected
node 11 unconnected
converged after 9 iterations, timeStep = 5.0E-6
node 11 unconnected
node 11 unconnected
node 11 unconnected
node 11 unconnected
node 11 unconnected
node 38 unconnected
node 41 unconnected
node 11 unconnected
node 38 unconnected
node 41 unconnected
node 11 unconnected
node 38 unconnected
node 41 unconnected
converged after 23 iterations, timeStep = 5.0E-6
node 11 unconnected
node 38 unconnected
node 41 unconnected
node 11 unconnected
node 38 unconnected
node 41 unconnected
converged after 14 iterations, timeStep = 5.0E-6
node 11 unconnected
node 38 unconnected
node 41 unconnected
converged after 19 iterations, timeStep = 5.0E-6
converged after 15 iterations, timeStep = 5.0E-6
node 11 unconnected
node 38 unconnected
node 41 unconnected
converged after 14 iterations, timeStep = 5.0E-6

Q30_STEP_PROFILE seed=13 fault=RELAY_B_COIL_OPEN profile=initial-electrical-settle boundary=BEGIN stepRole=FINER_2_5_US_REFERENCE declaredMaximumStepSeconds=2.50000000e-06 configuredMaximumStepSeconds=2.50000000e-06 actualCurrentStepSeconds=2.50000000e-06 observedMinimumStepSeconds=2.50000000e-06 observedMaximumStepSeconds=2.50000000e-06 minimumTimeStepSeconds=5.00000000e-11 adaptive=true
Q30_STEP_PROFILE seed=13 fault=RELAY_B_COIL_OPEN profile=initial-electrical-settle boundary=END stepRole=FINER_2_5_US_REFERENCE declaredMaximumStepSeconds=2.50000000e-06 configuredMaximumStepSeconds=2.50000000e-06 actualCurrentStepSeconds=2.50000000e-06 observedMinimumStepSeconds=2.50000000e-06 observedMaximumStepSeconds=2.50000000e-06 minimumTimeStepSeconds=5.00000000e-11 adaptive=true
Q30_STEP_PROFILE seed=13 fault=RELAY_B_COIL_OPEN profile=healthy-preparation boundary=BEGIN stepRole=FINER_2_5_US_REFERENCE declaredMaximumStepSeconds=2.50000000e-06 configuredMaximumStepSeconds=2.50000000e-06 actualCurrentStepSeconds=2.50000000e-06 observedMinimumStepSeconds=2.50000000e-06 observedMaximumStepSeconds=2.50000000e-06 minimumTimeStepSeconds=5.00000000e-11 adaptive=true
Q30_STEP_PROFILE seed=13 fault=RELAY_B_COIL_OPEN profile=healthy-preparation boundary=END stepRole=FINER_2_5_US_REFERENCE declaredMaximumStepSeconds=2.50000000e-06 configuredMaximumStepSeconds=2.50000000e-06 actualCurrentStepSeconds=2.50000000e-06 observedMinimumStepSeconds=2.50000000e-06 observedMaximumStepSeconds=2.50000000e-06 minimumTimeStepSeconds=5.00000000e-11 adaptive=true
Q30_STEP_PROFILE seed=13 fault=RELAY_B_COIL_OPEN profile=fault-profile-preparation boundary=BEGIN stepRole=FINER_2_5_US_REFERENCE declaredMaximumStepSeconds=2.50000000e-06 configuredMaximumStepSeconds=2.50000000e-06 actualCurrentStepSeconds=2.50000000e-06 observedMinimumStepSeconds=2.50000000e-06 observedMaximumStepSeconds=2.50000000e-06 minimumTimeStepSeconds=5.00000000e-11 adaptive=true
Q30_STEP_PROFILE seed=13 fault=RELAY_B_COIL_OPEN profile=fault-profile-preparation boundary=END stepRole=FINER_2_5_US_REFERENCE declaredMaximumStepSeconds=2.50000000e-06 configuredMaximumStepSeconds=2.50000000e-06 actualCurrentStepSeconds=2.50000000e-06 observedMinimumStepSeconds=2.50000000e-06 observedMaximumStepSeconds=2.50000000e-06 minimumTimeStepSeconds=5.00000000e-11 adaptive=true
Q30_STEP_PROFILE seed=13 fault=RELAY_B_COIL_OPEN profile=faulted-four-input-profile boundary=BEGIN stepRole=FINER_2_5_US_REFERENCE declaredMaximumStepSeconds=2.50000000e-06 configuredMaximumStepSeconds=2.50000000e-06 actualCurrentStepSeconds=2.50000000e-06 observedMinimumStepSeconds=2.50000000e-06 observedMaximumStepSeconds=2.50000000e-06 minimumTimeStepSeconds=5.00000000e-11 adaptive=true
Q30_STEP_PROFILE seed=13 fault=RELAY_B_COIL_OPEN profile=faulted-four-input-profile boundary=END stepRole=FINER_2_5_US_REFERENCE declaredMaximumStepSeconds=2.50000000e-06 configuredMaximumStepSeconds=2.50000000e-06 actualCurrentStepSeconds=2.50000000e-06 observedMinimumStepSeconds=2.50000000e-06 observedMaximumStepSeconds=2.50000000e-06 minimumTimeStepSeconds=5.00000000e-11 adaptive=true
Q30_STEP_PROFILE seed=13 fault=RELAY_B_COIL_OPEN profile=unrepaired-customer-retest boundary=BEGIN stepRole=FINER_2_5_US_REFERENCE declaredMaximumStepSeconds=2.50000000e-06 configuredMaximumStepSeconds=2.50000000e-06 actualCurrentStepSeconds=2.50000000e-06 observedMinimumStepSeconds=2.50000000e-06 observedMaximumStepSeconds=2.50000000e-06 minimumTimeStepSeconds=5.00000000e-11 adaptive=true
Q30_STEP_PROFILE seed=13 fault=RELAY_B_COIL_OPEN profile=unrepaired-customer-retest boundary=END stepRole=FINER_2_5_US_REFERENCE declaredMaximumStepSeconds=2.50000000e-06 configuredMaximumStepSeconds=2.50000000e-06 actualCurrentStepSeconds=2.50000000e-06 observedMinimumStepSeconds=2.50000000e-06 observedMaximumStepSeconds=2.50000000e-06 minimumTimeStepSeconds=5.00000000e-11 adaptive=true
Q30_STEP_PROFILE seed=13 fault=RELAY_B_COIL_OPEN profile=service-power-off-wait boundary=BEGIN stepRole=FINER_2_5_US_REFERENCE declaredMaximumStepSeconds=2.50000000e-06 configuredMaximumStepSeconds=2.50000000e-06 actualCurrentStepSeconds=2.50000000e-06 observedMinimumStepSeconds=2.50000000e-06 observedMaximumStepSeconds=2.50000000e-06 minimumTimeStepSeconds=5.00000000e-11 adaptive=true
Q30_STEP_PROFILE seed=13 fault=RELAY_B_COIL_OPEN profile=service-power-off-wait boundary=END stepRole=FINER_2_5_US_REFERENCE declaredMaximumStepSeconds=2.50000000e-06 configuredMaximumStepSeconds=2.50000000e-06 actualCurrentStepSeconds=2.50000000e-06 observedMinimumStepSeconds=2.50000000e-06 observedMaximumStepSeconds=2.50000000e-06 minimumTimeStepSeconds=5.00000000e-11 adaptive=true
Q30_STEP_PROFILE seed=13 fault=RELAY_B_COIL_OPEN profile=reinstalled-original-customer-retest boundary=BEGIN stepRole=FINER_2_5_US_REFERENCE declaredMaximumStepSeconds=2.50000000e-06 configuredMaximumStepSeconds=2.50000000e-06 actualCurrentStepSeconds=2.50000000e-06 observedMinimumStepSeconds=2.50000000e-06 observedMaximumStepSeconds=2.50000000e-06 minimumTimeStepSeconds=5.00000000e-11 adaptive=true
Q30_STEP_PROFILE seed=13 fault=RELAY_B_COIL_OPEN profile=reinstalled-original-customer-retest boundary=END stepRole=FINER_2_5_US_REFERENCE declaredMaximumStepSeconds=2.50000000e-06 configuredMaximumStepSeconds=2.50000000e-06 actualCurrentStepSeconds=2.50000000e-06 observedMinimumStepSeconds=2.50000000e-06 observedMaximumStepSeconds=2.50000000e-06 minimumTimeStepSeconds=5.00000000e-11 adaptive=true
Q30_STEP_PROFILE seed=13 fault=RELAY_B_COIL_OPEN profile=service-power-off-wait boundary=BEGIN stepRole=FINER_2_5_US_REFERENCE declaredMaximumStepSeconds=2.50000000e-06 configuredMaximumStepSeconds=2.50000000e-06 actualCurrentStepSeconds=2.50000000e-06 observedMinimumStepSeconds=2.50000000e-06 observedMaximumStepSeconds=2.50000000e-06 minimumTimeStepSeconds=5.00000000e-11 adaptive=true
Q30_STEP_PROFILE seed=13 fault=RELAY_B_COIL_OPEN profile=service-power-off-wait boundary=END stepRole=FINER_2_5_US_REFERENCE declaredMaximumStepSeconds=2.50000000e-06 configuredMaximumStepSeconds=2.50000000e-06 actualCurrentStepSeconds=2.50000000e-06 observedMinimumStepSeconds=2.50000000e-06 observedMaximumStepSeconds=2.50000000e-06 minimumTimeStepSeconds=5.00000000e-11 adaptive=true
Q30_STEP_PROFILE seed=13 fault=RELAY_B_COIL_OPEN profile=repaired-customer-retest boundary=BEGIN stepRole=FINER_2_5_US_REFERENCE declaredMaximumStepSeconds=2.50000000e-06 configuredMaximumStepSeconds=2.50000000e-06 actualCurrentStepSeconds=2.50000000e-06 observedMinimumStepSeconds=2.50000000e-06 observedMaximumStepSeconds=2.50000000e-06 minimumTimeStepSeconds=5.00000000e-11 adaptive=true
Q30_STEP_PROFILE seed=13 fault=RELAY_B_COIL_OPEN profile=repaired-customer-retest boundary=END stepRole=FINER_2_5_US_REFERENCE declaredMaximumStepSeconds=2.50000000e-06 configuredMaximumStepSeconds=2.50000000e-06 actualCurrentStepSeconds=2.50000000e-06 observedMinimumStepSeconds=2.50000000e-06 observedMaximumStepSeconds=2.50000000e-06 minimumTimeStepSeconds=5.00000000e-11 adaptive=true
Q30_STEP_OWNER_CLEANUP seed=13 fault=RELAY_B_COIL_OPEN declaredMaximumStepSeconds=2.50000000e-06 stepRole=FINER_2_5_US_REFERENCE cleanup=true elapsedMillis=0
Q30_STEP_PROFILE seed=13 fault=RELAY_B_COIL_OPEN profile=initial-electrical-settle boundary=BEGIN stepRole=PRODUCTION_5_US declaredMaximumStepSeconds=5.00000000e-06 configuredMaximumStepSeconds=5.00000000e-06 actualCurrentStepSeconds=5.00000000e-06 observedMinimumStepSeconds=5.00000000e-06 observedMaximumStepSeconds=5.00000000e-06 minimumTimeStepSeconds=5.00000000e-11 adaptive=true
Q30_STEP_PROFILE seed=13 fault=RELAY_B_COIL_OPEN profile=initial-electrical-settle boundary=END stepRole=PRODUCTION_5_US declaredMaximumStepSeconds=5.00000000e-06 configuredMaximumStepSeconds=5.00000000e-06 actualCurrentStepSeconds=5.00000000e-06 observedMinimumStepSeconds=5.00000000e-06 observedMaximumStepSeconds=5.00000000e-06 minimumTimeStepSeconds=5.00000000e-11 adaptive=true
Q30_STEP_PROFILE seed=13 fault=RELAY_B_COIL_OPEN profile=healthy-preparation boundary=BEGIN stepRole=PRODUCTION_5_US declaredMaximumStepSeconds=5.00000000e-06 configuredMaximumStepSeconds=5.00000000e-06 actualCurrentStepSeconds=5.00000000e-06 observedMinimumStepSeconds=5.00000000e-06 observedMaximumStepSeconds=5.00000000e-06 minimumTimeStepSeconds=5.00000000e-11 adaptive=true
Q30_STEP_PROFILE seed=13 fault=RELAY_B_COIL_OPEN profile=healthy-preparation boundary=END stepRole=PRODUCTION_5_US declaredMaximumStepSeconds=5.00000000e-06 configuredMaximumStepSeconds=5.00000000e-06 actualCurrentStepSeconds=5.00000000e-06 observedMinimumStepSeconds=5.00000000e-06 observedMaximumStepSeconds=5.00000000e-06 minimumTimeStepSeconds=5.00000000e-11 adaptive=true
Q30_STEP_PROFILE seed=13 fault=RELAY_B_COIL_OPEN profile=fault-profile-preparation boundary=BEGIN stepRole=PRODUCTION_5_US declaredMaximumStepSeconds=5.00000000e-06 configuredMaximumStepSeconds=5.00000000e-06 actualCurrentStepSeconds=5.00000000e-06 observedMinimumStepSeconds=5.00000000e-06 observedMaximumStepSeconds=5.00000000e-06 minimumTimeStepSeconds=5.00000000e-11 adaptive=true
Q30_STEP_PROFILE seed=13 fault=RELAY_B_COIL_OPEN profile=fault-profile-preparation boundary=END stepRole=PRODUCTION_5_US declaredMaximumStepSeconds=5.00000000e-06 configuredMaximumStepSeconds=5.00000000e-06 actualCurrentStepSeconds=5.00000000e-06 observedMinimumStepSeconds=5.00000000e-06 observedMaximumStepSeconds=5.00000000e-06 minimumTimeStepSeconds=5.00000000e-11 adaptive=true
Q30_STEP_PROFILE seed=13 fault=RELAY_B_COIL_OPEN profile=faulted-four-input-profile boundary=BEGIN stepRole=PRODUCTION_5_US declaredMaximumStepSeconds=5.00000000e-06 configuredMaximumStepSeconds=5.00000000e-06 actualCurrentStepSeconds=5.00000000e-06 observedMinimumStepSeconds=5.00000000e-06 observedMaximumStepSeconds=5.00000000e-06 minimumTimeStepSeconds=5.00000000e-11 adaptive=true
Q30_STEP_PROFILE seed=13 fault=RELAY_B_COIL_OPEN profile=faulted-four-input-profile boundary=END stepRole=PRODUCTION_5_US declaredMaximumStepSeconds=5.00000000e-06 configuredMaximumStepSeconds=5.00000000e-06 actualCurrentStepSeconds=5.00000000e-06 observedMinimumStepSeconds=5.00000000e-06 observedMaximumStepSeconds=5.00000000e-06 minimumTimeStepSeconds=5.00000000e-11 adaptive=true
Q30_STEP_PROFILE seed=13 fault=RELAY_B_COIL_OPEN profile=unrepaired-customer-retest boundary=BEGIN stepRole=PRODUCTION_5_US declaredMaximumStepSeconds=5.00000000e-06 configuredMaximumStepSeconds=5.00000000e-06 actualCurrentStepSeconds=5.00000000e-06 observedMinimumStepSeconds=5.00000000e-06 observedMaximumStepSeconds=5.00000000e-06 minimumTimeStepSeconds=5.00000000e-11 adaptive=true
Q30_STEP_PROFILE seed=13 fault=RELAY_B_COIL_OPEN profile=unrepaired-customer-retest boundary=END stepRole=PRODUCTION_5_US declaredMaximumStepSeconds=5.00000000e-06 configuredMaximumStepSeconds=5.00000000e-06 actualCurrentStepSeconds=5.00000000e-06 observedMinimumStepSeconds=5.00000000e-06 observedMaximumStepSeconds=5.00000000e-06 minimumTimeStepSeconds=5.00000000e-11 adaptive=true
Q30_STEP_PROFILE seed=13 fault=RELAY_B_COIL_OPEN profile=service-power-off-wait boundary=BEGIN stepRole=PRODUCTION_5_US declaredMaximumStepSeconds=5.00000000e-06 configuredMaximumStepSeconds=5.00000000e-06 actualCurrentStepSeconds=5.00000000e-06 observedMinimumStepSeconds=5.00000000e-06 observedMaximumStepSeconds=5.00000000e-06 minimumTimeStepSeconds=5.00000000e-11 adaptive=true
Q30_STEP_PROFILE seed=13 fault=RELAY_B_COIL_OPEN profile=service-power-off-wait boundary=END stepRole=PRODUCTION_5_US declaredMaximumStepSeconds=5.00000000e-06 configuredMaximumStepSeconds=5.00000000e-06 actualCurrentStepSeconds=5.00000000e-06 observedMinimumStepSeconds=5.00000000e-06 observedMaximumStepSeconds=5.00000000e-06 minimumTimeStepSeconds=5.00000000e-11 adaptive=true
Q30_STEP_PROFILE seed=13 fault=RELAY_B_COIL_OPEN profile=reinstalled-original-customer-retest boundary=BEGIN stepRole=PRODUCTION_5_US declaredMaximumStepSeconds=5.00000000e-06 configuredMaximumStepSeconds=5.00000000e-06 actualCurrentStepSeconds=5.00000000e-06 observedMinimumStepSeconds=5.00000000e-06 observedMaximumStepSeconds=5.00000000e-06 minimumTimeStepSeconds=5.00000000e-11 adaptive=true
Q30_STEP_PROFILE seed=13 fault=RELAY_B_COIL_OPEN profile=reinstalled-original-customer-retest boundary=END stepRole=PRODUCTION_5_US declaredMaximumStepSeconds=5.00000000e-06 configuredMaximumStepSeconds=5.00000000e-06 actualCurrentStepSeconds=5.00000000e-06 observedMinimumStepSeconds=5.00000000e-06 observedMaximumStepSeconds=5.00000000e-06 minimumTimeStepSeconds=5.00000000e-11 adaptive=true
Q30_STEP_PROFILE seed=13 fault=RELAY_B_COIL_OPEN profile=service-power-off-wait boundary=BEGIN stepRole=PRODUCTION_5_US declaredMaximumStepSeconds=5.00000000e-06 configuredMaximumStepSeconds=5.00000000e-06 actualCurrentStepSeconds=5.00000000e-06 observedMinimumStepSeconds=5.00000000e-06 observedMaximumStepSeconds=5.00000000e-06 minimumTimeStepSeconds=5.00000000e-11 adaptive=true
Q30_STEP_PROFILE seed=13 fault=RELAY_B_COIL_OPEN profile=service-power-off-wait boundary=END stepRole=PRODUCTION_5_US declaredMaximumStepSeconds=5.00000000e-06 configuredMaximumStepSeconds=5.00000000e-06 actualCurrentStepSeconds=5.00000000e-06 observedMinimumStepSeconds=5.00000000e-06 observedMaximumStepSeconds=5.00000000e-06 minimumTimeStepSeconds=5.00000000e-11 adaptive=true
Q30_STEP_PROFILE seed=13 fault=RELAY_B_COIL_OPEN profile=repaired-customer-retest boundary=BEGIN stepRole=PRODUCTION_5_US declaredMaximumStepSeconds=5.00000000e-06 configuredMaximumStepSeconds=5.00000000e-06 actualCurrentStepSeconds=5.00000000e-06 observedMinimumStepSeconds=5.00000000e-06 observedMaximumStepSeconds=5.00000000e-06 minimumTimeStepSeconds=5.00000000e-11 adaptive=true
Q30_STEP_PROFILE seed=13 fault=RELAY_B_COIL_OPEN profile=repaired-customer-retest boundary=END stepRole=PRODUCTION_5_US declaredMaximumStepSeconds=5.00000000e-06 configuredMaximumStepSeconds=5.00000000e-06 actualCurrentStepSeconds=5.00000000e-06 observedMinimumStepSeconds=5.00000000e-06 observedMaximumStepSeconds=5.00000000e-06 minimumTimeStepSeconds=5.00000000e-11 adaptive=true
Q30_STEP_OWNER_CLEANUP seed=13 fault=RELAY_B_COIL_OPEN declaredMaximumStepSeconds=5.00000000e-06 stepRole=PRODUCTION_5_US cleanup=true elapsedMillis=0
Q30_STEP_PAIR seed=13 support=FILTERED_37 fault=RELAY_B_COIL_OPEN referenceMaximumStepSeconds=2.50000000e-06 productionCandidateMaximumStepSeconds=5.00000000e-06 candidateKind=PRODUCTION_5_US maxDeltaVolts=5.98987526e-11 toleranceVolts=0.122306598 phase=faulted sample=SENSORS_LOW/REN.2-J1.2 referenceElapsedMillis=20247 productionCandidateElapsedMillis=10393 referenceSimSeconds=1.16019250 productionCandidateSimSeconds=1.16036000 referenceCleanupMillis=0 productionCandidateCleanupMillis=0 cleanup=true
Q30_STEP_SEED seed=13 support=FILTERED_37 referenceMaximumStepSeconds=2.50000000e-06 productionCandidateMaximumStepSeconds=5.00000000e-06 candidateKind=PRODUCTION_5_US routeTopology=RB30_SEPARATE_DIRECT_A_NMOS_B_BJT_FILTERED_37 routeAndPairsElapsedMillis=35015
Q30_STEP_OWNER_CLEANUP seed=13 fault=DREV_OPEN declaredMaximumStepSeconds=2.50000000e-06 stepRole=FINER_2_5_US_REFERENCE cleanup=true elapsedMillis=0
Q30_STEP_SEED_CLEANUP seed=13 cleanup=true elapsedMillis=0
PASS: Q30 production solver step sensitivity assertions=1762 seed=13 support=FILTERED_37 faults=1 referenceMaximumStepSeconds=2.50000000e-06 productionCandidateMaximumStepSeconds=5.00000000e-06 candidateKind=PRODUCTION_5_US elapsedMillis=35016

node 11 unconnected
converged after 25 iterations, timeStep = 2.5E-6
converged after 9 iterations, timeStep = 2.5E-6
node 11 unconnected
node 11 unconnected
converged after 14 iterations, timeStep = 2.5E-6
node 11 unconnected
converged after 10 iterations, timeStep = 2.5E-6
converged after 15 iterations, timeStep = 2.5E-6
node 11 unconnected
converged after 14 iterations, timeStep = 2.5E-6
node 11 unconnected
converged after 15 iterations, timeStep = 2.5E-6
node 11 unconnected
converged after 19 iterations, timeStep = 2.5E-6
node 11 unconnected
converged after 15 iterations, timeStep = 2.5E-6
node 11 unconnected
converged after 14 iterations, timeStep = 2.5E-6
node 11 unconnected
converged after 14 iterations, timeStep = 2.5E-6
converged after 15 iterations, timeStep = 2.5E-6
node 11 unconnected
converged after 14 iterations, timeStep = 2.5E-6
node 11 unconnected
converged after 15 iterations, timeStep = 2.5E-6
node 11 unconnected
converged after 14 iterations, timeStep = 2.5E-6
node 11 unconnected
converged after 14 iterations, timeStep = 2.5E-6
converged after 15 iterations, timeStep = 2.5E-6
node 11 unconnected
converged after 14 iterations, timeStep = 2.5E-6
node 11 unconnected
node 11 unconnected
converged after 15 iterations, timeStep = 2.5E-6
node 11 unconnected
node 11 unconnected
node 11 unconnected
node 11 unconnected
node 11 unconnected
node 52 unconnected
node 55 unconnected
node 58 unconnected
node 11 unconnected
node 11 unconnected
converged after 23 iterations, timeStep = 2.5E-6
converged after 8 iterations, timeStep = 2.5E-6
node 11 unconnected
node 11 unconnected
converged after 14 iterations, timeStep = 2.5E-6
node 11 unconnected
converged after 14 iterations, timeStep = 2.5E-6
converged after 15 iterations, timeStep = 2.5E-6
node 11 unconnected
converged after 14 iterations, timeStep = 2.5E-6
node 11 unconnected
node 11 unconnected
converged after 15 iterations, timeStep = 2.5E-6
node 11 unconnected
node 11 unconnected
node 11 unconnected
node 11 unconnected
node 11 unconnected
node 52 unconnected
node 55 unconnected
node 58 unconnected
node 11 unconnected
node 52 unconnected
node 55 unconnected
node 11 unconnected
node 52 unconnected
node 55 unconnected
converged after 23 iterations, timeStep = 2.5E-6
converged after 8 iterations, timeStep = 2.5E-6
node 11 unconnected
node 52 unconnected
node 55 unconnected
node 11 unconnected
node 52 unconnected
node 55 unconnected
converged after 14 iterations, timeStep = 2.5E-6
node 11 unconnected
node 52 unconnected
node 55 unconnected
converged after 10 iterations, timeStep = 2.5E-6
converged after 15 iterations, timeStep = 2.5E-6
node 11 unconnected
node 52 unconnected
node 55 unconnected
converged after 14 iterations, timeStep = 2.5E-6
node 11 unconnected
converged after 25 iterations, timeStep = 5.0E-6
converged after 6 iterations, timeStep = 5.0E-6
node 11 unconnected
node 11 unconnected
converged after 14 iterations, timeStep = 5.0E-6
node 11 unconnected
converged after 19 iterations, timeStep = 5.0E-6
converged after 15 iterations, timeStep = 5.0E-6
node 11 unconnected
converged after 14 iterations, timeStep = 5.0E-6
node 11 unconnected
converged after 15 iterations, timeStep = 5.0E-6
node 11 unconnected
converged after 14 iterations, timeStep = 5.0E-6
node 11 unconnected
converged after 15 iterations, timeStep = 5.0E-6
node 11 unconnected
converged after 14 iterations, timeStep = 5.0E-6
node 11 unconnected
converged after 14 iterations, timeStep = 5.0E-6
converged after 15 iterations, timeStep = 5.0E-6
node 11 unconnected
converged after 14 iterations, timeStep = 5.0E-6
node 11 unconnected
converged after 15 iterations, timeStep = 5.0E-6
node 11 unconnected
converged after 14 iterations, timeStep = 5.0E-6
node 11 unconnected
converged after 14 iterations, timeStep = 5.0E-6
converged after 15 iterations, timeStep = 5.0E-6
node 11 unconnected
converged after 14 iterations, timeStep = 5.0E-6
node 11 unconnected
node 11 unconnected
converged after 15 iterations, timeStep = 5.0E-6
node 11 unconnected
node 11 unconnected
node 11 unconnected
node 11 unconnected
node 11 unconnected
node 52 unconnected
node 55 unconnected
node 58 unconnected
node 11 unconnected
node 11 unconnected
converged after 23 iterations, timeStep = 5.0E-6
node 11 unconnected
node 11 unconnected
converged after 14 iterations, timeStep = 5.0E-6
node 11 unconnected
converged after 14 iterations, timeStep = 5.0E-6
converged after 15 iterations, timeStep = 5.0E-6
node 11 unconnected
converged after 14 iterations, timeStep = 5.0E-6
node 11 unconnected
node 11 unconnected
converged after 15 iterations, timeStep = 5.0E-6
node 11 unconnected
node 11 unconnected
node 11 unconnected
node 11 unconnected
node 11 unconnected
node 52 unconnected
node 55 unconnected
node 58 unconnected
node 11 unconnected
node 52 unconnected
node 55 unconnected
node 11 unconnected
node 52 unconnected
node 55 unconnected
converged after 23 iterations, timeStep = 5.0E-6
node 11 unconnected
node 52 unconnected
node 55 unconnected
node 11 unconnected
node 52 unconnected
node 55 unconnected
converged after 14 iterations, timeStep = 5.0E-6
node 11 unconnected
node 52 unconnected
node 55 unconnected
converged after 19 iterations, timeStep = 5.0E-6
converged after 15 iterations, timeStep = 5.0E-6
node 11 unconnected
node 52 unconnected
node 55 unconnected
converged after 14 iterations, timeStep = 5.0E-6

Q30_STEP_PROFILE seed=4 fault=DREV_OPEN profile=initial-electrical-settle boundary=BEGIN stepRole=FINER_2_5_US_REFERENCE declaredMaximumStepSeconds=2.50000000e-06 configuredMaximumStepSeconds=2.50000000e-06 actualCurrentStepSeconds=2.50000000e-06 observedMinimumStepSeconds=2.50000000e-06 observedMaximumStepSeconds=2.50000000e-06 minimumTimeStepSeconds=5.00000000e-11 adaptive=true
Q30_STEP_PROFILE seed=4 fault=DREV_OPEN profile=initial-electrical-settle boundary=END stepRole=FINER_2_5_US_REFERENCE declaredMaximumStepSeconds=2.50000000e-06 configuredMaximumStepSeconds=2.50000000e-06 actualCurrentStepSeconds=2.50000000e-06 observedMinimumStepSeconds=2.50000000e-06 observedMaximumStepSeconds=2.50000000e-06 minimumTimeStepSeconds=5.00000000e-11 adaptive=true
Q30_STEP_PROFILE seed=4 fault=DREV_OPEN profile=healthy-preparation boundary=BEGIN stepRole=FINER_2_5_US_REFERENCE declaredMaximumStepSeconds=2.50000000e-06 configuredMaximumStepSeconds=2.50000000e-06 actualCurrentStepSeconds=2.50000000e-06 observedMinimumStepSeconds=2.50000000e-06 observedMaximumStepSeconds=2.50000000e-06 minimumTimeStepSeconds=5.00000000e-11 adaptive=true
Q30_STEP_PROFILE seed=4 fault=DREV_OPEN profile=healthy-preparation boundary=END stepRole=FINER_2_5_US_REFERENCE declaredMaximumStepSeconds=2.50000000e-06 configuredMaximumStepSeconds=2.50000000e-06 actualCurrentStepSeconds=2.50000000e-06 observedMinimumStepSeconds=2.50000000e-06 observedMaximumStepSeconds=2.50000000e-06 minimumTimeStepSeconds=5.00000000e-11 adaptive=true
Q30_STEP_PROFILE seed=4 fault=DREV_OPEN profile=fault-profile-preparation boundary=BEGIN stepRole=FINER_2_5_US_REFERENCE declaredMaximumStepSeconds=2.50000000e-06 configuredMaximumStepSeconds=2.50000000e-06 actualCurrentStepSeconds=2.50000000e-06 observedMinimumStepSeconds=2.50000000e-06 observedMaximumStepSeconds=2.50000000e-06 minimumTimeStepSeconds=5.00000000e-11 adaptive=true
Q30_STEP_PROFILE seed=4 fault=DREV_OPEN profile=fault-profile-preparation boundary=END stepRole=FINER_2_5_US_REFERENCE declaredMaximumStepSeconds=2.50000000e-06 configuredMaximumStepSeconds=2.50000000e-06 actualCurrentStepSeconds=2.50000000e-06 observedMinimumStepSeconds=2.50000000e-06 observedMaximumStepSeconds=2.50000000e-06 minimumTimeStepSeconds=5.00000000e-11 adaptive=true
Q30_STEP_PROFILE seed=4 fault=DREV_OPEN profile=faulted-four-input-profile boundary=BEGIN stepRole=FINER_2_5_US_REFERENCE declaredMaximumStepSeconds=2.50000000e-06 configuredMaximumStepSeconds=2.50000000e-06 actualCurrentStepSeconds=2.50000000e-06 observedMinimumStepSeconds=2.50000000e-06 observedMaximumStepSeconds=2.50000000e-06 minimumTimeStepSeconds=5.00000000e-11 adaptive=true
Q30_STEP_PROFILE seed=4 fault=DREV_OPEN profile=faulted-four-input-profile boundary=END stepRole=FINER_2_5_US_REFERENCE declaredMaximumStepSeconds=2.50000000e-06 configuredMaximumStepSeconds=2.50000000e-06 actualCurrentStepSeconds=2.50000000e-06 observedMinimumStepSeconds=2.50000000e-06 observedMaximumStepSeconds=2.50000000e-06 minimumTimeStepSeconds=5.00000000e-11 adaptive=true
Q30_STEP_PROFILE seed=4 fault=DREV_OPEN profile=unrepaired-customer-retest boundary=BEGIN stepRole=FINER_2_5_US_REFERENCE declaredMaximumStepSeconds=2.50000000e-06 configuredMaximumStepSeconds=2.50000000e-06 actualCurrentStepSeconds=2.50000000e-06 observedMinimumStepSeconds=2.50000000e-06 observedMaximumStepSeconds=2.50000000e-06 minimumTimeStepSeconds=5.00000000e-11 adaptive=true
Q30_STEP_PROFILE seed=4 fault=DREV_OPEN profile=unrepaired-customer-retest boundary=END stepRole=FINER_2_5_US_REFERENCE declaredMaximumStepSeconds=2.50000000e-06 configuredMaximumStepSeconds=2.50000000e-06 actualCurrentStepSeconds=2.50000000e-06 observedMinimumStepSeconds=2.50000000e-06 observedMaximumStepSeconds=2.50000000e-06 minimumTimeStepSeconds=5.00000000e-11 adaptive=true
Q30_STEP_PROFILE seed=4 fault=DREV_OPEN profile=service-power-off-wait boundary=BEGIN stepRole=FINER_2_5_US_REFERENCE declaredMaximumStepSeconds=2.50000000e-06 configuredMaximumStepSeconds=2.50000000e-06 actualCurrentStepSeconds=2.50000000e-06 observedMinimumStepSeconds=2.50000000e-06 observedMaximumStepSeconds=2.50000000e-06 minimumTimeStepSeconds=5.00000000e-11 adaptive=true
Q30_STEP_PROFILE seed=4 fault=DREV_OPEN profile=service-power-off-wait boundary=END stepRole=FINER_2_5_US_REFERENCE declaredMaximumStepSeconds=2.50000000e-06 configuredMaximumStepSeconds=2.50000000e-06 actualCurrentStepSeconds=2.50000000e-06 observedMinimumStepSeconds=2.50000000e-06 observedMaximumStepSeconds=2.50000000e-06 minimumTimeStepSeconds=5.00000000e-11 adaptive=true
Q30_STEP_PROFILE seed=4 fault=DREV_OPEN profile=reinstalled-original-customer-retest boundary=BEGIN stepRole=FINER_2_5_US_REFERENCE declaredMaximumStepSeconds=2.50000000e-06 configuredMaximumStepSeconds=2.50000000e-06 actualCurrentStepSeconds=2.50000000e-06 observedMinimumStepSeconds=2.50000000e-06 observedMaximumStepSeconds=2.50000000e-06 minimumTimeStepSeconds=5.00000000e-11 adaptive=true
Q30_STEP_PROFILE seed=4 fault=DREV_OPEN profile=reinstalled-original-customer-retest boundary=END stepRole=FINER_2_5_US_REFERENCE declaredMaximumStepSeconds=2.50000000e-06 configuredMaximumStepSeconds=2.50000000e-06 actualCurrentStepSeconds=2.50000000e-06 observedMinimumStepSeconds=2.50000000e-06 observedMaximumStepSeconds=2.50000000e-06 minimumTimeStepSeconds=5.00000000e-11 adaptive=true
Q30_STEP_PROFILE seed=4 fault=DREV_OPEN profile=service-power-off-wait boundary=BEGIN stepRole=FINER_2_5_US_REFERENCE declaredMaximumStepSeconds=2.50000000e-06 configuredMaximumStepSeconds=2.50000000e-06 actualCurrentStepSeconds=2.50000000e-06 observedMinimumStepSeconds=2.50000000e-06 observedMaximumStepSeconds=2.50000000e-06 minimumTimeStepSeconds=5.00000000e-11 adaptive=true
Q30_STEP_PROFILE seed=4 fault=DREV_OPEN profile=service-power-off-wait boundary=END stepRole=FINER_2_5_US_REFERENCE declaredMaximumStepSeconds=2.50000000e-06 configuredMaximumStepSeconds=2.50000000e-06 actualCurrentStepSeconds=2.50000000e-06 observedMinimumStepSeconds=2.50000000e-06 observedMaximumStepSeconds=2.50000000e-06 minimumTimeStepSeconds=5.00000000e-11 adaptive=true
Q30_STEP_PROFILE seed=4 fault=DREV_OPEN profile=repaired-customer-retest boundary=BEGIN stepRole=FINER_2_5_US_REFERENCE declaredMaximumStepSeconds=2.50000000e-06 configuredMaximumStepSeconds=2.50000000e-06 actualCurrentStepSeconds=2.50000000e-06 observedMinimumStepSeconds=2.50000000e-06 observedMaximumStepSeconds=2.50000000e-06 minimumTimeStepSeconds=5.00000000e-11 adaptive=true
Q30_STEP_PROFILE seed=4 fault=DREV_OPEN profile=repaired-customer-retest boundary=END stepRole=FINER_2_5_US_REFERENCE declaredMaximumStepSeconds=2.50000000e-06 configuredMaximumStepSeconds=2.50000000e-06 actualCurrentStepSeconds=2.50000000e-06 observedMinimumStepSeconds=2.50000000e-06 observedMaximumStepSeconds=2.50000000e-06 minimumTimeStepSeconds=5.00000000e-11 adaptive=true
Q30_STEP_OWNER_CLEANUP seed=4 fault=DREV_OPEN declaredMaximumStepSeconds=2.50000000e-06 stepRole=FINER_2_5_US_REFERENCE cleanup=true elapsedMillis=0
Q30_STEP_PROFILE seed=4 fault=DREV_OPEN profile=initial-electrical-settle boundary=BEGIN stepRole=PRODUCTION_5_US declaredMaximumStepSeconds=5.00000000e-06 configuredMaximumStepSeconds=5.00000000e-06 actualCurrentStepSeconds=5.00000000e-06 observedMinimumStepSeconds=5.00000000e-06 observedMaximumStepSeconds=5.00000000e-06 minimumTimeStepSeconds=5.00000000e-11 adaptive=true
Q30_STEP_PROFILE seed=4 fault=DREV_OPEN profile=initial-electrical-settle boundary=END stepRole=PRODUCTION_5_US declaredMaximumStepSeconds=5.00000000e-06 configuredMaximumStepSeconds=5.00000000e-06 actualCurrentStepSeconds=5.00000000e-06 observedMinimumStepSeconds=5.00000000e-06 observedMaximumStepSeconds=5.00000000e-06 minimumTimeStepSeconds=5.00000000e-11 adaptive=true
Q30_STEP_PROFILE seed=4 fault=DREV_OPEN profile=healthy-preparation boundary=BEGIN stepRole=PRODUCTION_5_US declaredMaximumStepSeconds=5.00000000e-06 configuredMaximumStepSeconds=5.00000000e-06 actualCurrentStepSeconds=5.00000000e-06 observedMinimumStepSeconds=5.00000000e-06 observedMaximumStepSeconds=5.00000000e-06 minimumTimeStepSeconds=5.00000000e-11 adaptive=true
Q30_STEP_PROFILE seed=4 fault=DREV_OPEN profile=healthy-preparation boundary=END stepRole=PRODUCTION_5_US declaredMaximumStepSeconds=5.00000000e-06 configuredMaximumStepSeconds=5.00000000e-06 actualCurrentStepSeconds=5.00000000e-06 observedMinimumStepSeconds=5.00000000e-06 observedMaximumStepSeconds=5.00000000e-06 minimumTimeStepSeconds=5.00000000e-11 adaptive=true
Q30_STEP_PROFILE seed=4 fault=DREV_OPEN profile=fault-profile-preparation boundary=BEGIN stepRole=PRODUCTION_5_US declaredMaximumStepSeconds=5.00000000e-06 configuredMaximumStepSeconds=5.00000000e-06 actualCurrentStepSeconds=5.00000000e-06 observedMinimumStepSeconds=5.00000000e-06 observedMaximumStepSeconds=5.00000000e-06 minimumTimeStepSeconds=5.00000000e-11 adaptive=true
Q30_STEP_PROFILE seed=4 fault=DREV_OPEN profile=fault-profile-preparation boundary=END stepRole=PRODUCTION_5_US declaredMaximumStepSeconds=5.00000000e-06 configuredMaximumStepSeconds=5.00000000e-06 actualCurrentStepSeconds=5.00000000e-06 observedMinimumStepSeconds=5.00000000e-06 observedMaximumStepSeconds=5.00000000e-06 minimumTimeStepSeconds=5.00000000e-11 adaptive=true
Q30_STEP_PROFILE seed=4 fault=DREV_OPEN profile=faulted-four-input-profile boundary=BEGIN stepRole=PRODUCTION_5_US declaredMaximumStepSeconds=5.00000000e-06 configuredMaximumStepSeconds=5.00000000e-06 actualCurrentStepSeconds=5.00000000e-06 observedMinimumStepSeconds=5.00000000e-06 observedMaximumStepSeconds=5.00000000e-06 minimumTimeStepSeconds=5.00000000e-11 adaptive=true
Q30_STEP_PROFILE seed=4 fault=DREV_OPEN profile=faulted-four-input-profile boundary=END stepRole=PRODUCTION_5_US declaredMaximumStepSeconds=5.00000000e-06 configuredMaximumStepSeconds=5.00000000e-06 actualCurrentStepSeconds=5.00000000e-06 observedMinimumStepSeconds=5.00000000e-06 observedMaximumStepSeconds=5.00000000e-06 minimumTimeStepSeconds=5.00000000e-11 adaptive=true
Q30_STEP_PROFILE seed=4 fault=DREV_OPEN profile=unrepaired-customer-retest boundary=BEGIN stepRole=PRODUCTION_5_US declaredMaximumStepSeconds=5.00000000e-06 configuredMaximumStepSeconds=5.00000000e-06 actualCurrentStepSeconds=5.00000000e-06 observedMinimumStepSeconds=5.00000000e-06 observedMaximumStepSeconds=5.00000000e-06 minimumTimeStepSeconds=5.00000000e-11 adaptive=true
Q30_STEP_PROFILE seed=4 fault=DREV_OPEN profile=unrepaired-customer-retest boundary=END stepRole=PRODUCTION_5_US declaredMaximumStepSeconds=5.00000000e-06 configuredMaximumStepSeconds=5.00000000e-06 actualCurrentStepSeconds=5.00000000e-06 observedMinimumStepSeconds=5.00000000e-06 observedMaximumStepSeconds=5.00000000e-06 minimumTimeStepSeconds=5.00000000e-11 adaptive=true
Q30_STEP_PROFILE seed=4 fault=DREV_OPEN profile=service-power-off-wait boundary=BEGIN stepRole=PRODUCTION_5_US declaredMaximumStepSeconds=5.00000000e-06 configuredMaximumStepSeconds=5.00000000e-06 actualCurrentStepSeconds=5.00000000e-06 observedMinimumStepSeconds=5.00000000e-06 observedMaximumStepSeconds=5.00000000e-06 minimumTimeStepSeconds=5.00000000e-11 adaptive=true
Q30_STEP_PROFILE seed=4 fault=DREV_OPEN profile=service-power-off-wait boundary=END stepRole=PRODUCTION_5_US declaredMaximumStepSeconds=5.00000000e-06 configuredMaximumStepSeconds=5.00000000e-06 actualCurrentStepSeconds=5.00000000e-06 observedMinimumStepSeconds=5.00000000e-06 observedMaximumStepSeconds=5.00000000e-06 minimumTimeStepSeconds=5.00000000e-11 adaptive=true
Q30_STEP_PROFILE seed=4 fault=DREV_OPEN profile=reinstalled-original-customer-retest boundary=BEGIN stepRole=PRODUCTION_5_US declaredMaximumStepSeconds=5.00000000e-06 configuredMaximumStepSeconds=5.00000000e-06 actualCurrentStepSeconds=5.00000000e-06 observedMinimumStepSeconds=5.00000000e-06 observedMaximumStepSeconds=5.00000000e-06 minimumTimeStepSeconds=5.00000000e-11 adaptive=true
Q30_STEP_PROFILE seed=4 fault=DREV_OPEN profile=reinstalled-original-customer-retest boundary=END stepRole=PRODUCTION_5_US declaredMaximumStepSeconds=5.00000000e-06 configuredMaximumStepSeconds=5.00000000e-06 actualCurrentStepSeconds=5.00000000e-06 observedMinimumStepSeconds=5.00000000e-06 observedMaximumStepSeconds=5.00000000e-06 minimumTimeStepSeconds=5.00000000e-11 adaptive=true
Q30_STEP_PROFILE seed=4 fault=DREV_OPEN profile=service-power-off-wait boundary=BEGIN stepRole=PRODUCTION_5_US declaredMaximumStepSeconds=5.00000000e-06 configuredMaximumStepSeconds=5.00000000e-06 actualCurrentStepSeconds=5.00000000e-06 observedMinimumStepSeconds=5.00000000e-06 observedMaximumStepSeconds=5.00000000e-06 minimumTimeStepSeconds=5.00000000e-11 adaptive=true
Q30_STEP_PROFILE seed=4 fault=DREV_OPEN profile=service-power-off-wait boundary=END stepRole=PRODUCTION_5_US declaredMaximumStepSeconds=5.00000000e-06 configuredMaximumStepSeconds=5.00000000e-06 actualCurrentStepSeconds=5.00000000e-06 observedMinimumStepSeconds=5.00000000e-06 observedMaximumStepSeconds=5.00000000e-06 minimumTimeStepSeconds=5.00000000e-11 adaptive=true
Q30_STEP_PROFILE seed=4 fault=DREV_OPEN profile=repaired-customer-retest boundary=BEGIN stepRole=PRODUCTION_5_US declaredMaximumStepSeconds=5.00000000e-06 configuredMaximumStepSeconds=5.00000000e-06 actualCurrentStepSeconds=5.00000000e-06 observedMinimumStepSeconds=5.00000000e-06 observedMaximumStepSeconds=5.00000000e-06 minimumTimeStepSeconds=5.00000000e-11 adaptive=true
Q30_STEP_PROFILE seed=4 fault=DREV_OPEN profile=repaired-customer-retest boundary=END stepRole=PRODUCTION_5_US declaredMaximumStepSeconds=5.00000000e-06 configuredMaximumStepSeconds=5.00000000e-06 actualCurrentStepSeconds=5.00000000e-06 observedMinimumStepSeconds=5.00000000e-06 observedMaximumStepSeconds=5.00000000e-06 minimumTimeStepSeconds=5.00000000e-11 adaptive=true
Q30_STEP_OWNER_CLEANUP seed=4 fault=DREV_OPEN declaredMaximumStepSeconds=5.00000000e-06 stepRole=PRODUCTION_5_US cleanup=true elapsedMillis=0
Q30_STEP_PAIR seed=4 support=FILTERED_37 fault=DREV_OPEN referenceMaximumStepSeconds=2.50000000e-06 productionCandidateMaximumStepSeconds=5.00000000e-06 candidateKind=PRODUCTION_5_US maxDeltaVolts=0.000253082278 toleranceVolts=0.0131789360 phase=faulted sample=SENSORS_LOW/U1.OUTPUT-J1.2 referenceElapsedMillis=18736 productionCandidateElapsedMillis=9350 referenceSimSeconds=1.16019250 productionCandidateSimSeconds=1.16036000 referenceCleanupMillis=0 productionCandidateCleanupMillis=0 cleanup=true
Q30_STEP_SEED seed=4 support=FILTERED_37 referenceMaximumStepSeconds=2.50000000e-06 productionCandidateMaximumStepSeconds=5.00000000e-06 candidateKind=PRODUCTION_5_US routeTopology=RB30_SEPARATE_DIRECT_A_BJT_B_NMOS_FILTERED_37 routeAndPairsElapsedMillis=34733
Q30_STEP_SEED_CLEANUP seed=4 cleanup=true elapsedMillis=0
PASS: Q30 production solver step sensitivity assertions=1496 seed=4 support=FILTERED_37 faults=1 referenceMaximumStepSeconds=2.50000000e-06 productionCandidateMaximumStepSeconds=5.00000000e-06 candidateKind=PRODUCTION_5_US elapsedMillis=34734

node 11 unconnected
converged after 25 iterations, timeStep = 2.5E-6
converged after 9 iterations, timeStep = 2.5E-6
node 11 unconnected
node 11 unconnected
converged after 10 iterations, timeStep = 2.5E-6
node 11 unconnected
converged after 14 iterations, timeStep = 2.5E-6
converged after 11 iterations, timeStep = 2.5E-6
node 11 unconnected
converged after 10 iterations, timeStep = 2.5E-6
node 11 unconnected
converged after 15 iterations, timeStep = 2.5E-6
node 11 unconnected
converged after 15 iterations, timeStep = 2.5E-6
converged after 15 iterations, timeStep = 2.5E-6
converged after 13 iterations, timeStep = 2.5E-6
node 11 unconnected
node 11 unconnected
node 11 unconnected
node 11 unconnected
node 11 unconnected
node 11 unconnected
node 11 unconnected
node 11 unconnected
node 11 unconnected
node 11 unconnected
node 11 unconnected
node 11 unconnected
node 11 unconnected
node 11 unconnected
node 11 unconnected
node 16 unconnected
node 20 unconnected
node 11 unconnected
node 11 unconnected
node 11 unconnected
node 11 unconnected
node 11 unconnected
node 11 unconnected
node 11 unconnected
node 11 unconnected
node 11 unconnected
node 11 unconnected
node 11 unconnected
node 11 unconnected
node 11 unconnected
node 16 unconnected
node 20 unconnected
node 11 unconnected
node 16 unconnected
node 20 unconnected
converged after 7 iterations, timeStep = 2.5E-6
converged after 7 iterations, timeStep = 2.5E-6
node 11 unconnected
node 16 unconnected
node 20 unconnected
converged after 40 iterations, timeStep = 2.5E-6
node 11 unconnected
node 16 unconnected
node 20 unconnected
converged after 9 iterations, timeStep = 2.5E-6
node 11 unconnected
node 16 unconnected
node 20 unconnected
converged after 10 iterations, timeStep = 2.5E-6
node 11 unconnected
node 16 unconnected
node 20 unconnected
converged after 14 iterations, timeStep = 2.5E-6
converged after 11 iterations, timeStep = 2.5E-6
node 11 unconnected
node 16 unconnected
node 20 unconnected
converged after 10 iterations, timeStep = 2.5E-6
node 11 unconnected
converged after 25 iterations, timeStep = 5.0E-6
converged after 6 iterations, timeStep = 5.0E-6
node 11 unconnected
node 11 unconnected
converged after 16 iterations, timeStep = 5.0E-6
node 11 unconnected
converged after 14 iterations, timeStep = 5.0E-6
converged after 10 iterations, timeStep = 5.0E-6
node 11 unconnected
converged after 19 iterations, timeStep = 5.0E-6
node 11 unconnected
converged after 15 iterations, timeStep = 5.0E-6
node 11 unconnected
converged after 15 iterations, timeStep = 5.0E-6
converged after 20 iterations, timeStep = 5.0E-6
converged after 13 iterations, timeStep = 5.0E-6
node 11 unconnected
node 11 unconnected
node 11 unconnected
node 11 unconnected
node 11 unconnected
node 11 unconnected
node 11 unconnected
node 11 unconnected
node 11 unconnected
node 11 unconnected
node 11 unconnected
node 11 unconnected
node 11 unconnected
node 11 unconnected
node 11 unconnected
node 16 unconnected
node 20 unconnected
node 11 unconnected
node 11 unconnected
node 11 unconnected
node 11 unconnected
node 11 unconnected
node 11 unconnected
node 11 unconnected
node 11 unconnected
node 11 unconnected
node 11 unconnected
node 11 unconnected
node 11 unconnected
node 11 unconnected
node 16 unconnected
node 20 unconnected
node 11 unconnected
node 16 unconnected
node 20 unconnected
converged after 7 iterations, timeStep = 5.0E-6
converged after 6 iterations, timeStep = 5.0E-6
node 11 unconnected
node 16 unconnected
node 20 unconnected
converged after 40 iterations, timeStep = 5.0E-6
node 11 unconnected
node 16 unconnected
node 20 unconnected
converged after 10 iterations, timeStep = 5.0E-6
node 11 unconnected
node 16 unconnected
node 20 unconnected
converged after 16 iterations, timeStep = 5.0E-6
node 11 unconnected
node 16 unconnected
node 20 unconnected
converged after 14 iterations, timeStep = 5.0E-6
converged after 10 iterations, timeStep = 5.0E-6
node 11 unconnected
node 16 unconnected
node 20 unconnected
converged after 18 iterations, timeStep = 5.0E-6

Q30_STEP_PROFILE seed=4 fault=REN_OPEN profile=initial-electrical-settle boundary=BEGIN stepRole=FINER_2_5_US_REFERENCE declaredMaximumStepSeconds=2.50000000e-06 configuredMaximumStepSeconds=2.50000000e-06 actualCurrentStepSeconds=2.50000000e-06 observedMinimumStepSeconds=2.50000000e-06 observedMaximumStepSeconds=2.50000000e-06 minimumTimeStepSeconds=5.00000000e-11 adaptive=true
Q30_STEP_PROFILE seed=4 fault=REN_OPEN profile=initial-electrical-settle boundary=END stepRole=FINER_2_5_US_REFERENCE declaredMaximumStepSeconds=2.50000000e-06 configuredMaximumStepSeconds=2.50000000e-06 actualCurrentStepSeconds=2.50000000e-06 observedMinimumStepSeconds=2.50000000e-06 observedMaximumStepSeconds=2.50000000e-06 minimumTimeStepSeconds=5.00000000e-11 adaptive=true
Q30_STEP_PROFILE seed=4 fault=REN_OPEN profile=healthy-preparation boundary=BEGIN stepRole=FINER_2_5_US_REFERENCE declaredMaximumStepSeconds=2.50000000e-06 configuredMaximumStepSeconds=2.50000000e-06 actualCurrentStepSeconds=2.50000000e-06 observedMinimumStepSeconds=2.50000000e-06 observedMaximumStepSeconds=2.50000000e-06 minimumTimeStepSeconds=5.00000000e-11 adaptive=true
Q30_STEP_PROFILE seed=4 fault=REN_OPEN profile=healthy-preparation boundary=END stepRole=FINER_2_5_US_REFERENCE declaredMaximumStepSeconds=2.50000000e-06 configuredMaximumStepSeconds=2.50000000e-06 actualCurrentStepSeconds=2.50000000e-06 observedMinimumStepSeconds=2.50000000e-06 observedMaximumStepSeconds=2.50000000e-06 minimumTimeStepSeconds=5.00000000e-11 adaptive=true
Q30_STEP_PROFILE seed=4 fault=REN_OPEN profile=fault-profile-preparation boundary=BEGIN stepRole=FINER_2_5_US_REFERENCE declaredMaximumStepSeconds=2.50000000e-06 configuredMaximumStepSeconds=2.50000000e-06 actualCurrentStepSeconds=2.50000000e-06 observedMinimumStepSeconds=2.50000000e-06 observedMaximumStepSeconds=2.50000000e-06 minimumTimeStepSeconds=5.00000000e-11 adaptive=true
Q30_STEP_PROFILE seed=4 fault=REN_OPEN profile=fault-profile-preparation boundary=END stepRole=FINER_2_5_US_REFERENCE declaredMaximumStepSeconds=2.50000000e-06 configuredMaximumStepSeconds=2.50000000e-06 actualCurrentStepSeconds=2.50000000e-06 observedMinimumStepSeconds=2.50000000e-06 observedMaximumStepSeconds=2.50000000e-06 minimumTimeStepSeconds=5.00000000e-11 adaptive=true
Q30_STEP_PROFILE seed=4 fault=REN_OPEN profile=faulted-four-input-profile boundary=BEGIN stepRole=FINER_2_5_US_REFERENCE declaredMaximumStepSeconds=2.50000000e-06 configuredMaximumStepSeconds=2.50000000e-06 actualCurrentStepSeconds=2.50000000e-06 observedMinimumStepSeconds=2.50000000e-06 observedMaximumStepSeconds=2.50000000e-06 minimumTimeStepSeconds=5.00000000e-11 adaptive=true
Q30_STEP_PROFILE seed=4 fault=REN_OPEN profile=faulted-four-input-profile boundary=END stepRole=FINER_2_5_US_REFERENCE declaredMaximumStepSeconds=2.50000000e-06 configuredMaximumStepSeconds=2.50000000e-06 actualCurrentStepSeconds=2.50000000e-06 observedMinimumStepSeconds=2.50000000e-06 observedMaximumStepSeconds=2.50000000e-06 minimumTimeStepSeconds=5.00000000e-11 adaptive=true
Q30_STEP_PROFILE seed=4 fault=REN_OPEN profile=unrepaired-customer-retest boundary=BEGIN stepRole=FINER_2_5_US_REFERENCE declaredMaximumStepSeconds=2.50000000e-06 configuredMaximumStepSeconds=2.50000000e-06 actualCurrentStepSeconds=2.50000000e-06 observedMinimumStepSeconds=2.50000000e-06 observedMaximumStepSeconds=2.50000000e-06 minimumTimeStepSeconds=5.00000000e-11 adaptive=true
Q30_STEP_PROFILE seed=4 fault=REN_OPEN profile=unrepaired-customer-retest boundary=END stepRole=FINER_2_5_US_REFERENCE declaredMaximumStepSeconds=2.50000000e-06 configuredMaximumStepSeconds=2.50000000e-06 actualCurrentStepSeconds=2.50000000e-06 observedMinimumStepSeconds=2.50000000e-06 observedMaximumStepSeconds=2.50000000e-06 minimumTimeStepSeconds=5.00000000e-11 adaptive=true
Q30_STEP_PROFILE seed=4 fault=REN_OPEN profile=service-power-off-wait boundary=BEGIN stepRole=FINER_2_5_US_REFERENCE declaredMaximumStepSeconds=2.50000000e-06 configuredMaximumStepSeconds=2.50000000e-06 actualCurrentStepSeconds=2.50000000e-06 observedMinimumStepSeconds=2.50000000e-06 observedMaximumStepSeconds=2.50000000e-06 minimumTimeStepSeconds=5.00000000e-11 adaptive=true
Q30_STEP_PROFILE seed=4 fault=REN_OPEN profile=service-power-off-wait boundary=END stepRole=FINER_2_5_US_REFERENCE declaredMaximumStepSeconds=2.50000000e-06 configuredMaximumStepSeconds=2.50000000e-06 actualCurrentStepSeconds=2.50000000e-06 observedMinimumStepSeconds=2.50000000e-06 observedMaximumStepSeconds=2.50000000e-06 minimumTimeStepSeconds=5.00000000e-11 adaptive=true
Q30_STEP_PROFILE seed=4 fault=REN_OPEN profile=reinstalled-original-customer-retest boundary=BEGIN stepRole=FINER_2_5_US_REFERENCE declaredMaximumStepSeconds=2.50000000e-06 configuredMaximumStepSeconds=2.50000000e-06 actualCurrentStepSeconds=2.50000000e-06 observedMinimumStepSeconds=2.50000000e-06 observedMaximumStepSeconds=2.50000000e-06 minimumTimeStepSeconds=5.00000000e-11 adaptive=true
Q30_STEP_PROFILE seed=4 fault=REN_OPEN profile=reinstalled-original-customer-retest boundary=END stepRole=FINER_2_5_US_REFERENCE declaredMaximumStepSeconds=2.50000000e-06 configuredMaximumStepSeconds=2.50000000e-06 actualCurrentStepSeconds=2.50000000e-06 observedMinimumStepSeconds=2.50000000e-06 observedMaximumStepSeconds=2.50000000e-06 minimumTimeStepSeconds=5.00000000e-11 adaptive=true
Q30_STEP_PROFILE seed=4 fault=REN_OPEN profile=service-power-off-wait boundary=BEGIN stepRole=FINER_2_5_US_REFERENCE declaredMaximumStepSeconds=2.50000000e-06 configuredMaximumStepSeconds=2.50000000e-06 actualCurrentStepSeconds=2.50000000e-06 observedMinimumStepSeconds=2.50000000e-06 observedMaximumStepSeconds=2.50000000e-06 minimumTimeStepSeconds=5.00000000e-11 adaptive=true
Q30_STEP_PROFILE seed=4 fault=REN_OPEN profile=service-power-off-wait boundary=END stepRole=FINER_2_5_US_REFERENCE declaredMaximumStepSeconds=2.50000000e-06 configuredMaximumStepSeconds=2.50000000e-06 actualCurrentStepSeconds=2.50000000e-06 observedMinimumStepSeconds=2.50000000e-06 observedMaximumStepSeconds=2.50000000e-06 minimumTimeStepSeconds=5.00000000e-11 adaptive=true
Q30_STEP_PROFILE seed=4 fault=REN_OPEN profile=repaired-customer-retest boundary=BEGIN stepRole=FINER_2_5_US_REFERENCE declaredMaximumStepSeconds=2.50000000e-06 configuredMaximumStepSeconds=2.50000000e-06 actualCurrentStepSeconds=2.50000000e-06 observedMinimumStepSeconds=2.50000000e-06 observedMaximumStepSeconds=2.50000000e-06 minimumTimeStepSeconds=5.00000000e-11 adaptive=true
Q30_STEP_PROFILE seed=4 fault=REN_OPEN profile=repaired-customer-retest boundary=END stepRole=FINER_2_5_US_REFERENCE declaredMaximumStepSeconds=2.50000000e-06 configuredMaximumStepSeconds=2.50000000e-06 actualCurrentStepSeconds=2.50000000e-06 observedMinimumStepSeconds=2.50000000e-06 observedMaximumStepSeconds=2.50000000e-06 minimumTimeStepSeconds=5.00000000e-11 adaptive=true
Q30_STEP_OWNER_CLEANUP seed=4 fault=REN_OPEN declaredMaximumStepSeconds=2.50000000e-06 stepRole=FINER_2_5_US_REFERENCE cleanup=true elapsedMillis=0
Q30_STEP_PROFILE seed=4 fault=REN_OPEN profile=initial-electrical-settle boundary=BEGIN stepRole=PRODUCTION_5_US declaredMaximumStepSeconds=5.00000000e-06 configuredMaximumStepSeconds=5.00000000e-06 actualCurrentStepSeconds=5.00000000e-06 observedMinimumStepSeconds=5.00000000e-06 observedMaximumStepSeconds=5.00000000e-06 minimumTimeStepSeconds=5.00000000e-11 adaptive=true
Q30_STEP_PROFILE seed=4 fault=REN_OPEN profile=initial-electrical-settle boundary=END stepRole=PRODUCTION_5_US declaredMaximumStepSeconds=5.00000000e-06 configuredMaximumStepSeconds=5.00000000e-06 actualCurrentStepSeconds=5.00000000e-06 observedMinimumStepSeconds=5.00000000e-06 observedMaximumStepSeconds=5.00000000e-06 minimumTimeStepSeconds=5.00000000e-11 adaptive=true
Q30_STEP_PROFILE seed=4 fault=REN_OPEN profile=healthy-preparation boundary=BEGIN stepRole=PRODUCTION_5_US declaredMaximumStepSeconds=5.00000000e-06 configuredMaximumStepSeconds=5.00000000e-06 actualCurrentStepSeconds=5.00000000e-06 observedMinimumStepSeconds=5.00000000e-06 observedMaximumStepSeconds=5.00000000e-06 minimumTimeStepSeconds=5.00000000e-11 adaptive=true
Q30_STEP_PROFILE seed=4 fault=REN_OPEN profile=healthy-preparation boundary=END stepRole=PRODUCTION_5_US declaredMaximumStepSeconds=5.00000000e-06 configuredMaximumStepSeconds=5.00000000e-06 actualCurrentStepSeconds=5.00000000e-06 observedMinimumStepSeconds=5.00000000e-06 observedMaximumStepSeconds=5.00000000e-06 minimumTimeStepSeconds=5.00000000e-11 adaptive=true
Q30_STEP_PROFILE seed=4 fault=REN_OPEN profile=fault-profile-preparation boundary=BEGIN stepRole=PRODUCTION_5_US declaredMaximumStepSeconds=5.00000000e-06 configuredMaximumStepSeconds=5.00000000e-06 actualCurrentStepSeconds=5.00000000e-06 observedMinimumStepSeconds=5.00000000e-06 observedMaximumStepSeconds=5.00000000e-06 minimumTimeStepSeconds=5.00000000e-11 adaptive=true
Q30_STEP_PROFILE seed=4 fault=REN_OPEN profile=fault-profile-preparation boundary=END stepRole=PRODUCTION_5_US declaredMaximumStepSeconds=5.00000000e-06 configuredMaximumStepSeconds=5.00000000e-06 actualCurrentStepSeconds=5.00000000e-06 observedMinimumStepSeconds=5.00000000e-06 observedMaximumStepSeconds=5.00000000e-06 minimumTimeStepSeconds=5.00000000e-11 adaptive=true
Q30_STEP_PROFILE seed=4 fault=REN_OPEN profile=faulted-four-input-profile boundary=BEGIN stepRole=PRODUCTION_5_US declaredMaximumStepSeconds=5.00000000e-06 configuredMaximumStepSeconds=5.00000000e-06 actualCurrentStepSeconds=5.00000000e-06 observedMinimumStepSeconds=5.00000000e-06 observedMaximumStepSeconds=5.00000000e-06 minimumTimeStepSeconds=5.00000000e-11 adaptive=true
Q30_STEP_PROFILE seed=4 fault=REN_OPEN profile=faulted-four-input-profile boundary=END stepRole=PRODUCTION_5_US declaredMaximumStepSeconds=5.00000000e-06 configuredMaximumStepSeconds=5.00000000e-06 actualCurrentStepSeconds=5.00000000e-06 observedMinimumStepSeconds=5.00000000e-06 observedMaximumStepSeconds=5.00000000e-06 minimumTimeStepSeconds=5.00000000e-11 adaptive=true
Q30_STEP_PROFILE seed=4 fault=REN_OPEN profile=unrepaired-customer-retest boundary=BEGIN stepRole=PRODUCTION_5_US declaredMaximumStepSeconds=5.00000000e-06 configuredMaximumStepSeconds=5.00000000e-06 actualCurrentStepSeconds=5.00000000e-06 observedMinimumStepSeconds=5.00000000e-06 observedMaximumStepSeconds=5.00000000e-06 minimumTimeStepSeconds=5.00000000e-11 adaptive=true
Q30_STEP_PROFILE seed=4 fault=REN_OPEN profile=unrepaired-customer-retest boundary=END stepRole=PRODUCTION_5_US declaredMaximumStepSeconds=5.00000000e-06 configuredMaximumStepSeconds=5.00000000e-06 actualCurrentStepSeconds=5.00000000e-06 observedMinimumStepSeconds=5.00000000e-06 observedMaximumStepSeconds=5.00000000e-06 minimumTimeStepSeconds=5.00000000e-11 adaptive=true
Q30_STEP_PROFILE seed=4 fault=REN_OPEN profile=service-power-off-wait boundary=BEGIN stepRole=PRODUCTION_5_US declaredMaximumStepSeconds=5.00000000e-06 configuredMaximumStepSeconds=5.00000000e-06 actualCurrentStepSeconds=5.00000000e-06 observedMinimumStepSeconds=5.00000000e-06 observedMaximumStepSeconds=5.00000000e-06 minimumTimeStepSeconds=5.00000000e-11 adaptive=true
Q30_STEP_PROFILE seed=4 fault=REN_OPEN profile=service-power-off-wait boundary=END stepRole=PRODUCTION_5_US declaredMaximumStepSeconds=5.00000000e-06 configuredMaximumStepSeconds=5.00000000e-06 actualCurrentStepSeconds=5.00000000e-06 observedMinimumStepSeconds=5.00000000e-06 observedMaximumStepSeconds=5.00000000e-06 minimumTimeStepSeconds=5.00000000e-11 adaptive=true
Q30_STEP_PROFILE seed=4 fault=REN_OPEN profile=reinstalled-original-customer-retest boundary=BEGIN stepRole=PRODUCTION_5_US declaredMaximumStepSeconds=5.00000000e-06 configuredMaximumStepSeconds=5.00000000e-06 actualCurrentStepSeconds=5.00000000e-06 observedMinimumStepSeconds=5.00000000e-06 observedMaximumStepSeconds=5.00000000e-06 minimumTimeStepSeconds=5.00000000e-11 adaptive=true
Q30_STEP_PROFILE seed=4 fault=REN_OPEN profile=reinstalled-original-customer-retest boundary=END stepRole=PRODUCTION_5_US declaredMaximumStepSeconds=5.00000000e-06 configuredMaximumStepSeconds=5.00000000e-06 actualCurrentStepSeconds=5.00000000e-06 observedMinimumStepSeconds=5.00000000e-06 observedMaximumStepSeconds=5.00000000e-06 minimumTimeStepSeconds=5.00000000e-11 adaptive=true
Q30_STEP_PROFILE seed=4 fault=REN_OPEN profile=service-power-off-wait boundary=BEGIN stepRole=PRODUCTION_5_US declaredMaximumStepSeconds=5.00000000e-06 configuredMaximumStepSeconds=5.00000000e-06 actualCurrentStepSeconds=5.00000000e-06 observedMinimumStepSeconds=5.00000000e-06 observedMaximumStepSeconds=5.00000000e-06 minimumTimeStepSeconds=5.00000000e-11 adaptive=true
Q30_STEP_PROFILE seed=4 fault=REN_OPEN profile=service-power-off-wait boundary=END stepRole=PRODUCTION_5_US declaredMaximumStepSeconds=5.00000000e-06 configuredMaximumStepSeconds=5.00000000e-06 actualCurrentStepSeconds=5.00000000e-06 observedMinimumStepSeconds=5.00000000e-06 observedMaximumStepSeconds=5.00000000e-06 minimumTimeStepSeconds=5.00000000e-11 adaptive=true
Q30_STEP_PROFILE seed=4 fault=REN_OPEN profile=repaired-customer-retest boundary=BEGIN stepRole=PRODUCTION_5_US declaredMaximumStepSeconds=5.00000000e-06 configuredMaximumStepSeconds=5.00000000e-06 actualCurrentStepSeconds=5.00000000e-06 observedMinimumStepSeconds=5.00000000e-06 observedMaximumStepSeconds=5.00000000e-06 minimumTimeStepSeconds=5.00000000e-11 adaptive=true
Q30_STEP_PROFILE seed=4 fault=REN_OPEN profile=repaired-customer-retest boundary=END stepRole=PRODUCTION_5_US declaredMaximumStepSeconds=5.00000000e-06 configuredMaximumStepSeconds=5.00000000e-06 actualCurrentStepSeconds=5.00000000e-06 observedMinimumStepSeconds=5.00000000e-06 observedMaximumStepSeconds=5.00000000e-06 minimumTimeStepSeconds=5.00000000e-11 adaptive=true
Q30_STEP_OWNER_CLEANUP seed=4 fault=REN_OPEN declaredMaximumStepSeconds=5.00000000e-06 stepRole=PRODUCTION_5_US cleanup=true elapsedMillis=0
Q30_STEP_PAIR seed=4 support=FILTERED_37 fault=REN_OPEN referenceMaximumStepSeconds=2.50000000e-06 productionCandidateMaximumStepSeconds=5.00000000e-06 candidateKind=PRODUCTION_5_US maxDeltaVolts=1.95556373e-06 toleranceVolts=0.0100505922 phase=faulted sample=SENSORS_LOW/U1.OUTPUT-J1.2 referenceElapsedMillis=16448 productionCandidateElapsedMillis=8277 referenceSimSeconds=1.16019250 productionCandidateSimSeconds=1.16036000 referenceCleanupMillis=0 productionCandidateCleanupMillis=0 cleanup=true
Q30_STEP_SEED seed=4 support=FILTERED_37 referenceMaximumStepSeconds=2.50000000e-06 productionCandidateMaximumStepSeconds=5.00000000e-06 candidateKind=PRODUCTION_5_US routeTopology=RB30_SEPARATE_DIRECT_A_BJT_B_NMOS_FILTERED_37 routeAndPairsElapsedMillis=31217
Q30_STEP_OWNER_CLEANUP seed=4 fault=DREV_OPEN declaredMaximumStepSeconds=2.50000000e-06 stepRole=FINER_2_5_US_REFERENCE cleanup=true elapsedMillis=0
Q30_STEP_SEED_CLEANUP seed=4 cleanup=true elapsedMillis=0
PASS: Q30 production solver step sensitivity assertions=1762 seed=4 support=FILTERED_37 faults=1 referenceMaximumStepSeconds=2.50000000e-06 productionCandidateMaximumStepSeconds=5.00000000e-06 candidateKind=PRODUCTION_5_US elapsedMillis=31217

node 11 unconnected
converged after 25 iterations, timeStep = 2.5E-6
converged after 9 iterations, timeStep = 2.5E-6
node 11 unconnected
node 11 unconnected
converged after 10 iterations, timeStep = 2.5E-6
node 11 unconnected
converged after 14 iterations, timeStep = 2.5E-6
converged after 11 iterations, timeStep = 2.5E-6
node 11 unconnected
converged after 10 iterations, timeStep = 2.5E-6
node 11 unconnected
converged after 15 iterations, timeStep = 2.5E-6
node 11 unconnected
node 20 unconnected
converged after 12 iterations, timeStep = 2.5E-6
converged after 20 iterations, timeStep = 2.5E-6
converged after 12 iterations, timeStep = 2.5E-6
node 11 unconnected
node 20 unconnected
node 11 unconnected
node 20 unconnected
node 11 unconnected
node 20 unconnected
node 11 unconnected
node 20 unconnected
node 11 unconnected
node 20 unconnected
node 11 unconnected
node 20 unconnected
node 11 unconnected
node 20 unconnected
node 11 unconnected
node 20 unconnected
node 11 unconnected
node 20 unconnected
node 11 unconnected
node 20 unconnected
node 11 unconnected
node 20 unconnected
node 11 unconnected
node 20 unconnected
node 11 unconnected
node 20 unconnected
node 11 unconnected
node 20 unconnected
node 11 unconnected
node 20 unconnected
node 21 unconnected
node 23 unconnected
node 11 unconnected
node 20 unconnected
node 11 unconnected
node 20 unconnected
converged after 6 iterations, timeStep = 2.5E-6
node 11 unconnected
node 20 unconnected
node 11 unconnected
node 20 unconnected
node 11 unconnected
node 20 unconnected
node 11 unconnected
node 20 unconnected
node 11 unconnected
node 20 unconnected
node 11 unconnected
node 20 unconnected
node 11 unconnected
node 20 unconnected
node 11 unconnected
node 20 unconnected
node 11 unconnected
node 20 unconnected
node 11 unconnected
node 20 unconnected
node 11 unconnected
node 20 unconnected
node 21 unconnected
node 23 unconnected
node 11 unconnected
node 21 unconnected
node 23 unconnected
converged after 13 iterations, timeStep = 2.5E-6
node 11 unconnected
node 21 unconnected
node 23 unconnected
converged after 7 iterations, timeStep = 2.5E-6
node 11 unconnected
node 21 unconnected
node 23 unconnected
node 11 unconnected
node 21 unconnected
node 23 unconnected
converged after 10 iterations, timeStep = 2.5E-6
node 11 unconnected
node 21 unconnected
node 23 unconnected
converged after 14 iterations, timeStep = 2.5E-6
converged after 11 iterations, timeStep = 2.5E-6
node 11 unconnected
node 21 unconnected
node 23 unconnected
converged after 10 iterations, timeStep = 2.5E-6
node 11 unconnected
converged after 25 iterations, timeStep = 5.0E-6
converged after 6 iterations, timeStep = 5.0E-6
node 11 unconnected
node 11 unconnected
converged after 16 iterations, timeStep = 5.0E-6
node 11 unconnected
converged after 14 iterations, timeStep = 5.0E-6
converged after 10 iterations, timeStep = 5.0E-6
node 11 unconnected
converged after 19 iterations, timeStep = 5.0E-6
node 11 unconnected
converged after 15 iterations, timeStep = 5.0E-6
node 11 unconnected
node 20 unconnected
converged after 12 iterations, timeStep = 5.0E-6
converged after 20 iterations, timeStep = 5.0E-6
converged after 12 iterations, timeStep = 5.0E-6
node 11 unconnected
node 20 unconnected
node 11 unconnected
node 20 unconnected
node 11 unconnected
node 20 unconnected
node 11 unconnected
node 20 unconnected
node 11 unconnected
node 20 unconnected
node 11 unconnected
node 20 unconnected
node 11 unconnected
node 20 unconnected
node 11 unconnected
node 20 unconnected
node 11 unconnected
node 20 unconnected
node 11 unconnected
node 20 unconnected
node 11 unconnected
node 20 unconnected
node 11 unconnected
node 20 unconnected
node 11 unconnected
node 20 unconnected
node 11 unconnected
node 20 unconnected
node 11 unconnected
node 20 unconnected
node 21 unconnected
node 23 unconnected
node 11 unconnected
node 20 unconnected
node 11 unconnected
node 20 unconnected
converged after 6 iterations, timeStep = 5.0E-6
node 11 unconnected
node 20 unconnected
node 11 unconnected
node 20 unconnected
node 11 unconnected
node 20 unconnected
node 11 unconnected
node 20 unconnected
node 11 unconnected
node 20 unconnected
node 11 unconnected
node 20 unconnected
node 11 unconnected
node 20 unconnected
node 11 unconnected
node 20 unconnected
node 11 unconnected
node 20 unconnected
node 11 unconnected
node 20 unconnected
node 11 unconnected
node 20 unconnected
node 21 unconnected
node 23 unconnected
node 11 unconnected
node 21 unconnected
node 23 unconnected
converged after 13 iterations, timeStep = 5.0E-6
node 11 unconnected
node 21 unconnected
node 23 unconnected
converged after 7 iterations, timeStep = 5.0E-6
node 11 unconnected
node 21 unconnected
node 23 unconnected
node 11 unconnected
node 21 unconnected
node 23 unconnected
converged after 16 iterations, timeStep = 5.0E-6
node 11 unconnected
node 21 unconnected
node 23 unconnected
converged after 14 iterations, timeStep = 5.0E-6
converged after 10 iterations, timeStep = 5.0E-6
node 11 unconnected
node 21 unconnected
node 23 unconnected
converged after 19 iterations, timeStep = 5.0E-6

Q30_STEP_PROFILE seed=4 fault=SENSOR_A_OPEN profile=initial-electrical-settle boundary=BEGIN stepRole=FINER_2_5_US_REFERENCE declaredMaximumStepSeconds=2.50000000e-06 configuredMaximumStepSeconds=2.50000000e-06 actualCurrentStepSeconds=2.50000000e-06 observedMinimumStepSeconds=2.50000000e-06 observedMaximumStepSeconds=2.50000000e-06 minimumTimeStepSeconds=5.00000000e-11 adaptive=true
Q30_STEP_PROFILE seed=4 fault=SENSOR_A_OPEN profile=initial-electrical-settle boundary=END stepRole=FINER_2_5_US_REFERENCE declaredMaximumStepSeconds=2.50000000e-06 configuredMaximumStepSeconds=2.50000000e-06 actualCurrentStepSeconds=2.50000000e-06 observedMinimumStepSeconds=2.50000000e-06 observedMaximumStepSeconds=2.50000000e-06 minimumTimeStepSeconds=5.00000000e-11 adaptive=true
Q30_STEP_PROFILE seed=4 fault=SENSOR_A_OPEN profile=healthy-preparation boundary=BEGIN stepRole=FINER_2_5_US_REFERENCE declaredMaximumStepSeconds=2.50000000e-06 configuredMaximumStepSeconds=2.50000000e-06 actualCurrentStepSeconds=2.50000000e-06 observedMinimumStepSeconds=2.50000000e-06 observedMaximumStepSeconds=2.50000000e-06 minimumTimeStepSeconds=5.00000000e-11 adaptive=true
Q30_STEP_PROFILE seed=4 fault=SENSOR_A_OPEN profile=healthy-preparation boundary=END stepRole=FINER_2_5_US_REFERENCE declaredMaximumStepSeconds=2.50000000e-06 configuredMaximumStepSeconds=2.50000000e-06 actualCurrentStepSeconds=2.50000000e-06 observedMinimumStepSeconds=2.50000000e-06 observedMaximumStepSeconds=2.50000000e-06 minimumTimeStepSeconds=5.00000000e-11 adaptive=true
Q30_STEP_PROFILE seed=4 fault=SENSOR_A_OPEN profile=fault-profile-preparation boundary=BEGIN stepRole=FINER_2_5_US_REFERENCE declaredMaximumStepSeconds=2.50000000e-06 configuredMaximumStepSeconds=2.50000000e-06 actualCurrentStepSeconds=2.50000000e-06 observedMinimumStepSeconds=2.50000000e-06 observedMaximumStepSeconds=2.50000000e-06 minimumTimeStepSeconds=5.00000000e-11 adaptive=true
Q30_STEP_PROFILE seed=4 fault=SENSOR_A_OPEN profile=fault-profile-preparation boundary=END stepRole=FINER_2_5_US_REFERENCE declaredMaximumStepSeconds=2.50000000e-06 configuredMaximumStepSeconds=2.50000000e-06 actualCurrentStepSeconds=2.50000000e-06 observedMinimumStepSeconds=2.50000000e-06 observedMaximumStepSeconds=2.50000000e-06 minimumTimeStepSeconds=5.00000000e-11 adaptive=true
Q30_STEP_PROFILE seed=4 fault=SENSOR_A_OPEN profile=faulted-four-input-profile boundary=BEGIN stepRole=FINER_2_5_US_REFERENCE declaredMaximumStepSeconds=2.50000000e-06 configuredMaximumStepSeconds=2.50000000e-06 actualCurrentStepSeconds=2.50000000e-06 observedMinimumStepSeconds=2.50000000e-06 observedMaximumStepSeconds=2.50000000e-06 minimumTimeStepSeconds=5.00000000e-11 adaptive=true
Q30_STEP_PROFILE seed=4 fault=SENSOR_A_OPEN profile=faulted-four-input-profile boundary=END stepRole=FINER_2_5_US_REFERENCE declaredMaximumStepSeconds=2.50000000e-06 configuredMaximumStepSeconds=2.50000000e-06 actualCurrentStepSeconds=2.50000000e-06 observedMinimumStepSeconds=2.50000000e-06 observedMaximumStepSeconds=2.50000000e-06 minimumTimeStepSeconds=5.00000000e-11 adaptive=true
Q30_STEP_PROFILE seed=4 fault=SENSOR_A_OPEN profile=unrepaired-customer-retest boundary=BEGIN stepRole=FINER_2_5_US_REFERENCE declaredMaximumStepSeconds=2.50000000e-06 configuredMaximumStepSeconds=2.50000000e-06 actualCurrentStepSeconds=2.50000000e-06 observedMinimumStepSeconds=2.50000000e-06 observedMaximumStepSeconds=2.50000000e-06 minimumTimeStepSeconds=5.00000000e-11 adaptive=true
Q30_STEP_PROFILE seed=4 fault=SENSOR_A_OPEN profile=unrepaired-customer-retest boundary=END stepRole=FINER_2_5_US_REFERENCE declaredMaximumStepSeconds=2.50000000e-06 configuredMaximumStepSeconds=2.50000000e-06 actualCurrentStepSeconds=2.50000000e-06 observedMinimumStepSeconds=2.50000000e-06 observedMaximumStepSeconds=2.50000000e-06 minimumTimeStepSeconds=5.00000000e-11 adaptive=true
Q30_STEP_PROFILE seed=4 fault=SENSOR_A_OPEN profile=service-power-off-wait boundary=BEGIN stepRole=FINER_2_5_US_REFERENCE declaredMaximumStepSeconds=2.50000000e-06 configuredMaximumStepSeconds=2.50000000e-06 actualCurrentStepSeconds=2.50000000e-06 observedMinimumStepSeconds=2.50000000e-06 observedMaximumStepSeconds=2.50000000e-06 minimumTimeStepSeconds=5.00000000e-11 adaptive=true
Q30_STEP_PROFILE seed=4 fault=SENSOR_A_OPEN profile=service-power-off-wait boundary=END stepRole=FINER_2_5_US_REFERENCE declaredMaximumStepSeconds=2.50000000e-06 configuredMaximumStepSeconds=2.50000000e-06 actualCurrentStepSeconds=2.50000000e-06 observedMinimumStepSeconds=2.50000000e-06 observedMaximumStepSeconds=2.50000000e-06 minimumTimeStepSeconds=5.00000000e-11 adaptive=true
Q30_STEP_PROFILE seed=4 fault=SENSOR_A_OPEN profile=reinstalled-original-customer-retest boundary=BEGIN stepRole=FINER_2_5_US_REFERENCE declaredMaximumStepSeconds=2.50000000e-06 configuredMaximumStepSeconds=2.50000000e-06 actualCurrentStepSeconds=2.50000000e-06 observedMinimumStepSeconds=2.50000000e-06 observedMaximumStepSeconds=2.50000000e-06 minimumTimeStepSeconds=5.00000000e-11 adaptive=true
Q30_STEP_PROFILE seed=4 fault=SENSOR_A_OPEN profile=reinstalled-original-customer-retest boundary=END stepRole=FINER_2_5_US_REFERENCE declaredMaximumStepSeconds=2.50000000e-06 configuredMaximumStepSeconds=2.50000000e-06 actualCurrentStepSeconds=2.50000000e-06 observedMinimumStepSeconds=2.50000000e-06 observedMaximumStepSeconds=2.50000000e-06 minimumTimeStepSeconds=5.00000000e-11 adaptive=true
Q30_STEP_PROFILE seed=4 fault=SENSOR_A_OPEN profile=service-power-off-wait boundary=BEGIN stepRole=FINER_2_5_US_REFERENCE declaredMaximumStepSeconds=2.50000000e-06 configuredMaximumStepSeconds=2.50000000e-06 actualCurrentStepSeconds=2.50000000e-06 observedMinimumStepSeconds=2.50000000e-06 observedMaximumStepSeconds=2.50000000e-06 minimumTimeStepSeconds=5.00000000e-11 adaptive=true
Q30_STEP_PROFILE seed=4 fault=SENSOR_A_OPEN profile=service-power-off-wait boundary=END stepRole=FINER_2_5_US_REFERENCE declaredMaximumStepSeconds=2.50000000e-06 configuredMaximumStepSeconds=2.50000000e-06 actualCurrentStepSeconds=2.50000000e-06 observedMinimumStepSeconds=2.50000000e-06 observedMaximumStepSeconds=2.50000000e-06 minimumTimeStepSeconds=5.00000000e-11 adaptive=true
Q30_STEP_PROFILE seed=4 fault=SENSOR_A_OPEN profile=repaired-customer-retest boundary=BEGIN stepRole=FINER_2_5_US_REFERENCE declaredMaximumStepSeconds=2.50000000e-06 configuredMaximumStepSeconds=2.50000000e-06 actualCurrentStepSeconds=2.50000000e-06 observedMinimumStepSeconds=2.50000000e-06 observedMaximumStepSeconds=2.50000000e-06 minimumTimeStepSeconds=5.00000000e-11 adaptive=true
Q30_STEP_PROFILE seed=4 fault=SENSOR_A_OPEN profile=repaired-customer-retest boundary=END stepRole=FINER_2_5_US_REFERENCE declaredMaximumStepSeconds=2.50000000e-06 configuredMaximumStepSeconds=2.50000000e-06 actualCurrentStepSeconds=2.50000000e-06 observedMinimumStepSeconds=2.50000000e-06 observedMaximumStepSeconds=2.50000000e-06 minimumTimeStepSeconds=5.00000000e-11 adaptive=true
Q30_STEP_OWNER_CLEANUP seed=4 fault=SENSOR_A_OPEN declaredMaximumStepSeconds=2.50000000e-06 stepRole=FINER_2_5_US_REFERENCE cleanup=true elapsedMillis=0
Q30_STEP_PROFILE seed=4 fault=SENSOR_A_OPEN profile=initial-electrical-settle boundary=BEGIN stepRole=PRODUCTION_5_US declaredMaximumStepSeconds=5.00000000e-06 configuredMaximumStepSeconds=5.00000000e-06 actualCurrentStepSeconds=5.00000000e-06 observedMinimumStepSeconds=5.00000000e-06 observedMaximumStepSeconds=5.00000000e-06 minimumTimeStepSeconds=5.00000000e-11 adaptive=true
Q30_STEP_PROFILE seed=4 fault=SENSOR_A_OPEN profile=initial-electrical-settle boundary=END stepRole=PRODUCTION_5_US declaredMaximumStepSeconds=5.00000000e-06 configuredMaximumStepSeconds=5.00000000e-06 actualCurrentStepSeconds=5.00000000e-06 observedMinimumStepSeconds=5.00000000e-06 observedMaximumStepSeconds=5.00000000e-06 minimumTimeStepSeconds=5.00000000e-11 adaptive=true
Q30_STEP_PROFILE seed=4 fault=SENSOR_A_OPEN profile=healthy-preparation boundary=BEGIN stepRole=PRODUCTION_5_US declaredMaximumStepSeconds=5.00000000e-06 configuredMaximumStepSeconds=5.00000000e-06 actualCurrentStepSeconds=5.00000000e-06 observedMinimumStepSeconds=5.00000000e-06 observedMaximumStepSeconds=5.00000000e-06 minimumTimeStepSeconds=5.00000000e-11 adaptive=true
Q30_STEP_PROFILE seed=4 fault=SENSOR_A_OPEN profile=healthy-preparation boundary=END stepRole=PRODUCTION_5_US declaredMaximumStepSeconds=5.00000000e-06 configuredMaximumStepSeconds=5.00000000e-06 actualCurrentStepSeconds=5.00000000e-06 observedMinimumStepSeconds=5.00000000e-06 observedMaximumStepSeconds=5.00000000e-06 minimumTimeStepSeconds=5.00000000e-11 adaptive=true
Q30_STEP_PROFILE seed=4 fault=SENSOR_A_OPEN profile=fault-profile-preparation boundary=BEGIN stepRole=PRODUCTION_5_US declaredMaximumStepSeconds=5.00000000e-06 configuredMaximumStepSeconds=5.00000000e-06 actualCurrentStepSeconds=5.00000000e-06 observedMinimumStepSeconds=5.00000000e-06 observedMaximumStepSeconds=5.00000000e-06 minimumTimeStepSeconds=5.00000000e-11 adaptive=true
Q30_STEP_PROFILE seed=4 fault=SENSOR_A_OPEN profile=fault-profile-preparation boundary=END stepRole=PRODUCTION_5_US declaredMaximumStepSeconds=5.00000000e-06 configuredMaximumStepSeconds=5.00000000e-06 actualCurrentStepSeconds=5.00000000e-06 observedMinimumStepSeconds=5.00000000e-06 observedMaximumStepSeconds=5.00000000e-06 minimumTimeStepSeconds=5.00000000e-11 adaptive=true
Q30_STEP_PROFILE seed=4 fault=SENSOR_A_OPEN profile=faulted-four-input-profile boundary=BEGIN stepRole=PRODUCTION_5_US declaredMaximumStepSeconds=5.00000000e-06 configuredMaximumStepSeconds=5.00000000e-06 actualCurrentStepSeconds=5.00000000e-06 observedMinimumStepSeconds=5.00000000e-06 observedMaximumStepSeconds=5.00000000e-06 minimumTimeStepSeconds=5.00000000e-11 adaptive=true
Q30_STEP_PROFILE seed=4 fault=SENSOR_A_OPEN profile=faulted-four-input-profile boundary=END stepRole=PRODUCTION_5_US declaredMaximumStepSeconds=5.00000000e-06 configuredMaximumStepSeconds=5.00000000e-06 actualCurrentStepSeconds=5.00000000e-06 observedMinimumStepSeconds=5.00000000e-06 observedMaximumStepSeconds=5.00000000e-06 minimumTimeStepSeconds=5.00000000e-11 adaptive=true
Q30_STEP_PROFILE seed=4 fault=SENSOR_A_OPEN profile=unrepaired-customer-retest boundary=BEGIN stepRole=PRODUCTION_5_US declaredMaximumStepSeconds=5.00000000e-06 configuredMaximumStepSeconds=5.00000000e-06 actualCurrentStepSeconds=5.00000000e-06 observedMinimumStepSeconds=5.00000000e-06 observedMaximumStepSeconds=5.00000000e-06 minimumTimeStepSeconds=5.00000000e-11 adaptive=true
Q30_STEP_PROFILE seed=4 fault=SENSOR_A_OPEN profile=unrepaired-customer-retest boundary=END stepRole=PRODUCTION_5_US declaredMaximumStepSeconds=5.00000000e-06 configuredMaximumStepSeconds=5.00000000e-06 actualCurrentStepSeconds=5.00000000e-06 observedMinimumStepSeconds=5.00000000e-06 observedMaximumStepSeconds=5.00000000e-06 minimumTimeStepSeconds=5.00000000e-11 adaptive=true
Q30_STEP_PROFILE seed=4 fault=SENSOR_A_OPEN profile=service-power-off-wait boundary=BEGIN stepRole=PRODUCTION_5_US declaredMaximumStepSeconds=5.00000000e-06 configuredMaximumStepSeconds=5.00000000e-06 actualCurrentStepSeconds=5.00000000e-06 observedMinimumStepSeconds=5.00000000e-06 observedMaximumStepSeconds=5.00000000e-06 minimumTimeStepSeconds=5.00000000e-11 adaptive=true
Q30_STEP_PROFILE seed=4 fault=SENSOR_A_OPEN profile=service-power-off-wait boundary=END stepRole=PRODUCTION_5_US declaredMaximumStepSeconds=5.00000000e-06 configuredMaximumStepSeconds=5.00000000e-06 actualCurrentStepSeconds=5.00000000e-06 observedMinimumStepSeconds=5.00000000e-06 observedMaximumStepSeconds=5.00000000e-06 minimumTimeStepSeconds=5.00000000e-11 adaptive=true
Q30_STEP_PROFILE seed=4 fault=SENSOR_A_OPEN profile=reinstalled-original-customer-retest boundary=BEGIN stepRole=PRODUCTION_5_US declaredMaximumStepSeconds=5.00000000e-06 configuredMaximumStepSeconds=5.00000000e-06 actualCurrentStepSeconds=5.00000000e-06 observedMinimumStepSeconds=5.00000000e-06 observedMaximumStepSeconds=5.00000000e-06 minimumTimeStepSeconds=5.00000000e-11 adaptive=true
Q30_STEP_PROFILE seed=4 fault=SENSOR_A_OPEN profile=reinstalled-original-customer-retest boundary=END stepRole=PRODUCTION_5_US declaredMaximumStepSeconds=5.00000000e-06 configuredMaximumStepSeconds=5.00000000e-06 actualCurrentStepSeconds=5.00000000e-06 observedMinimumStepSeconds=5.00000000e-06 observedMaximumStepSeconds=5.00000000e-06 minimumTimeStepSeconds=5.00000000e-11 adaptive=true
Q30_STEP_PROFILE seed=4 fault=SENSOR_A_OPEN profile=service-power-off-wait boundary=BEGIN stepRole=PRODUCTION_5_US declaredMaximumStepSeconds=5.00000000e-06 configuredMaximumStepSeconds=5.00000000e-06 actualCurrentStepSeconds=5.00000000e-06 observedMinimumStepSeconds=5.00000000e-06 observedMaximumStepSeconds=5.00000000e-06 minimumTimeStepSeconds=5.00000000e-11 adaptive=true
Q30_STEP_PROFILE seed=4 fault=SENSOR_A_OPEN profile=service-power-off-wait boundary=END stepRole=PRODUCTION_5_US declaredMaximumStepSeconds=5.00000000e-06 configuredMaximumStepSeconds=5.00000000e-06 actualCurrentStepSeconds=5.00000000e-06 observedMinimumStepSeconds=5.00000000e-06 observedMaximumStepSeconds=5.00000000e-06 minimumTimeStepSeconds=5.00000000e-11 adaptive=true
Q30_STEP_PROFILE seed=4 fault=SENSOR_A_OPEN profile=repaired-customer-retest boundary=BEGIN stepRole=PRODUCTION_5_US declaredMaximumStepSeconds=5.00000000e-06 configuredMaximumStepSeconds=5.00000000e-06 actualCurrentStepSeconds=5.00000000e-06 observedMinimumStepSeconds=5.00000000e-06 observedMaximumStepSeconds=5.00000000e-06 minimumTimeStepSeconds=5.00000000e-11 adaptive=true
Q30_STEP_PROFILE seed=4 fault=SENSOR_A_OPEN profile=repaired-customer-retest boundary=END stepRole=PRODUCTION_5_US declaredMaximumStepSeconds=5.00000000e-06 configuredMaximumStepSeconds=5.00000000e-06 actualCurrentStepSeconds=5.00000000e-06 observedMinimumStepSeconds=5.00000000e-06 observedMaximumStepSeconds=5.00000000e-06 minimumTimeStepSeconds=5.00000000e-11 adaptive=true
Q30_STEP_OWNER_CLEANUP seed=4 fault=SENSOR_A_OPEN declaredMaximumStepSeconds=5.00000000e-06 stepRole=PRODUCTION_5_US cleanup=true elapsedMillis=0
Q30_STEP_PAIR seed=4 support=FILTERED_37 fault=SENSOR_A_OPEN referenceMaximumStepSeconds=2.50000000e-06 productionCandidateMaximumStepSeconds=5.00000000e-06 candidateKind=PRODUCTION_5_US maxDeltaVolts=4.90274488e-11 toleranceVolts=0.120621085 phase=wrong-original-retest sample=SENSORS_B_ONLY/REN.2-J1.2 referenceElapsedMillis=19072 productionCandidateElapsedMillis=9648 referenceSimSeconds=1.16019250 productionCandidateSimSeconds=1.16036000 referenceCleanupMillis=0 productionCandidateCleanupMillis=0 cleanup=true
Q30_STEP_SEED seed=4 support=FILTERED_37 referenceMaximumStepSeconds=2.50000000e-06 productionCandidateMaximumStepSeconds=5.00000000e-06 candidateKind=PRODUCTION_5_US routeTopology=RB30_SEPARATE_DIRECT_A_BJT_B_NMOS_FILTERED_37 routeAndPairsElapsedMillis=35364
Q30_STEP_OWNER_CLEANUP seed=4 fault=DREV_OPEN declaredMaximumStepSeconds=2.50000000e-06 stepRole=FINER_2_5_US_REFERENCE cleanup=true elapsedMillis=0
Q30_STEP_SEED_CLEANUP seed=4 cleanup=true elapsedMillis=0
PASS: Q30 production solver step sensitivity assertions=1762 seed=4 support=FILTERED_37 faults=1 referenceMaximumStepSeconds=2.50000000e-06 productionCandidateMaximumStepSeconds=5.00000000e-06 candidateKind=PRODUCTION_5_US elapsedMillis=35365

node 11 unconnected
converged after 25 iterations, timeStep = 2.5E-6
converged after 9 iterations, timeStep = 2.5E-6
node 11 unconnected
node 11 unconnected
converged after 10 iterations, timeStep = 2.5E-6
node 11 unconnected
converged after 14 iterations, timeStep = 2.5E-6
converged after 11 iterations, timeStep = 2.5E-6
node 11 unconnected
converged after 10 iterations, timeStep = 2.5E-6
node 11 unconnected
converged after 15 iterations, timeStep = 2.5E-6
node 11 unconnected
converged after 14 iterations, timeStep = 2.5E-6
node 11 unconnected
converged after 15 iterations, timeStep = 2.5E-6
node 11 unconnected
node 11 unconnected
converged after 14 iterations, timeStep = 2.5E-6
node 11 unconnected
node 11 unconnected
converged after 15 iterations, timeStep = 2.5E-6
node 11 unconnected
node 11 unconnected
converged after 14 iterations, timeStep = 2.5E-6
node 11 unconnected
node 11 unconnected
node 11 unconnected
converged after 15 iterations, timeStep = 2.5E-6
node 11 unconnected
node 11 unconnected
node 11 unconnected
node 11 unconnected
node 11 unconnected
node 29 unconnected
node 31 unconnected
node 11 unconnected
node 11 unconnected
converged after 23 iterations, timeStep = 2.5E-6
converged after 8 iterations, timeStep = 2.5E-6
node 11 unconnected
node 11 unconnected
node 11 unconnected
converged after 14 iterations, timeStep = 2.5E-6
node 11 unconnected
node 11 unconnected
node 11 unconnected
converged after 15 iterations, timeStep = 2.5E-6
node 11 unconnected
node 11 unconnected
node 11 unconnected
node 11 unconnected
node 11 unconnected
node 29 unconnected
node 31 unconnected
node 11 unconnected
node 29 unconnected
node 31 unconnected
node 11 unconnected
node 29 unconnected
node 31 unconnected
converged after 23 iterations, timeStep = 2.5E-6
converged after 8 iterations, timeStep = 2.5E-6
node 11 unconnected
node 29 unconnected
node 31 unconnected
node 11 unconnected
node 29 unconnected
node 31 unconnected
converged after 10 iterations, timeStep = 2.5E-6
node 11 unconnected
node 29 unconnected
node 31 unconnected
converged after 14 iterations, timeStep = 2.5E-6
converged after 11 iterations, timeStep = 2.5E-6
node 11 unconnected
node 29 unconnected
node 31 unconnected
converged after 10 iterations, timeStep = 2.5E-6
node 11 unconnected
converged after 25 iterations, timeStep = 5.0E-6
converged after 6 iterations, timeStep = 5.0E-6
node 11 unconnected
node 11 unconnected
converged after 16 iterations, timeStep = 5.0E-6
node 11 unconnected
converged after 14 iterations, timeStep = 5.0E-6
converged after 10 iterations, timeStep = 5.0E-6
node 11 unconnected
converged after 19 iterations, timeStep = 5.0E-6
node 11 unconnected
converged after 15 iterations, timeStep = 5.0E-6
node 11 unconnected
converged after 14 iterations, timeStep = 5.0E-6
node 11 unconnected
converged after 15 iterations, timeStep = 5.0E-6
node 11 unconnected
node 11 unconnected
converged after 14 iterations, timeStep = 5.0E-6
node 11 unconnected
node 11 unconnected
converged after 15 iterations, timeStep = 5.0E-6
node 11 unconnected
node 11 unconnected
converged after 14 iterations, timeStep = 5.0E-6
node 11 unconnected
node 11 unconnected
node 11 unconnected
converged after 15 iterations, timeStep = 5.0E-6
node 11 unconnected
node 11 unconnected
node 11 unconnected
node 11 unconnected
node 11 unconnected
node 29 unconnected
node 31 unconnected
node 11 unconnected
node 11 unconnected
converged after 23 iterations, timeStep = 5.0E-6
node 11 unconnected
node 11 unconnected
node 11 unconnected
converged after 14 iterations, timeStep = 5.0E-6
node 11 unconnected
node 11 unconnected
node 11 unconnected
converged after 15 iterations, timeStep = 5.0E-6
node 11 unconnected
node 11 unconnected
node 11 unconnected
node 11 unconnected
node 11 unconnected
node 29 unconnected
node 31 unconnected
node 11 unconnected
node 29 unconnected
node 31 unconnected
node 11 unconnected
node 29 unconnected
node 31 unconnected
converged after 23 iterations, timeStep = 5.0E-6
node 11 unconnected
node 29 unconnected
node 31 unconnected
node 11 unconnected
node 29 unconnected
node 31 unconnected
converged after 16 iterations, timeStep = 5.0E-6
node 11 unconnected
node 29 unconnected
node 31 unconnected
converged after 14 iterations, timeStep = 5.0E-6
converged after 10 iterations, timeStep = 5.0E-6
node 11 unconnected
node 29 unconnected
node 31 unconnected
converged after 19 iterations, timeStep = 5.0E-6

Q30_STEP_PROFILE seed=4 fault=DRIVE_A_OPEN profile=initial-electrical-settle boundary=BEGIN stepRole=FINER_2_5_US_REFERENCE declaredMaximumStepSeconds=2.50000000e-06 configuredMaximumStepSeconds=2.50000000e-06 actualCurrentStepSeconds=2.50000000e-06 observedMinimumStepSeconds=2.50000000e-06 observedMaximumStepSeconds=2.50000000e-06 minimumTimeStepSeconds=5.00000000e-11 adaptive=true
Q30_STEP_PROFILE seed=4 fault=DRIVE_A_OPEN profile=initial-electrical-settle boundary=END stepRole=FINER_2_5_US_REFERENCE declaredMaximumStepSeconds=2.50000000e-06 configuredMaximumStepSeconds=2.50000000e-06 actualCurrentStepSeconds=2.50000000e-06 observedMinimumStepSeconds=2.50000000e-06 observedMaximumStepSeconds=2.50000000e-06 minimumTimeStepSeconds=5.00000000e-11 adaptive=true
Q30_STEP_PROFILE seed=4 fault=DRIVE_A_OPEN profile=healthy-preparation boundary=BEGIN stepRole=FINER_2_5_US_REFERENCE declaredMaximumStepSeconds=2.50000000e-06 configuredMaximumStepSeconds=2.50000000e-06 actualCurrentStepSeconds=2.50000000e-06 observedMinimumStepSeconds=2.50000000e-06 observedMaximumStepSeconds=2.50000000e-06 minimumTimeStepSeconds=5.00000000e-11 adaptive=true
Q30_STEP_PROFILE seed=4 fault=DRIVE_A_OPEN profile=healthy-preparation boundary=END stepRole=FINER_2_5_US_REFERENCE declaredMaximumStepSeconds=2.50000000e-06 configuredMaximumStepSeconds=2.50000000e-06 actualCurrentStepSeconds=2.50000000e-06 observedMinimumStepSeconds=2.50000000e-06 observedMaximumStepSeconds=2.50000000e-06 minimumTimeStepSeconds=5.00000000e-11 adaptive=true
Q30_STEP_PROFILE seed=4 fault=DRIVE_A_OPEN profile=fault-profile-preparation boundary=BEGIN stepRole=FINER_2_5_US_REFERENCE declaredMaximumStepSeconds=2.50000000e-06 configuredMaximumStepSeconds=2.50000000e-06 actualCurrentStepSeconds=2.50000000e-06 observedMinimumStepSeconds=2.50000000e-06 observedMaximumStepSeconds=2.50000000e-06 minimumTimeStepSeconds=5.00000000e-11 adaptive=true
Q30_STEP_PROFILE seed=4 fault=DRIVE_A_OPEN profile=fault-profile-preparation boundary=END stepRole=FINER_2_5_US_REFERENCE declaredMaximumStepSeconds=2.50000000e-06 configuredMaximumStepSeconds=2.50000000e-06 actualCurrentStepSeconds=2.50000000e-06 observedMinimumStepSeconds=2.50000000e-06 observedMaximumStepSeconds=2.50000000e-06 minimumTimeStepSeconds=5.00000000e-11 adaptive=true
Q30_STEP_PROFILE seed=4 fault=DRIVE_A_OPEN profile=faulted-four-input-profile boundary=BEGIN stepRole=FINER_2_5_US_REFERENCE declaredMaximumStepSeconds=2.50000000e-06 configuredMaximumStepSeconds=2.50000000e-06 actualCurrentStepSeconds=2.50000000e-06 observedMinimumStepSeconds=2.50000000e-06 observedMaximumStepSeconds=2.50000000e-06 minimumTimeStepSeconds=5.00000000e-11 adaptive=true
Q30_STEP_PROFILE seed=4 fault=DRIVE_A_OPEN profile=faulted-four-input-profile boundary=END stepRole=FINER_2_5_US_REFERENCE declaredMaximumStepSeconds=2.50000000e-06 configuredMaximumStepSeconds=2.50000000e-06 actualCurrentStepSeconds=2.50000000e-06 observedMinimumStepSeconds=2.50000000e-06 observedMaximumStepSeconds=2.50000000e-06 minimumTimeStepSeconds=5.00000000e-11 adaptive=true
Q30_STEP_PROFILE seed=4 fault=DRIVE_A_OPEN profile=unrepaired-customer-retest boundary=BEGIN stepRole=FINER_2_5_US_REFERENCE declaredMaximumStepSeconds=2.50000000e-06 configuredMaximumStepSeconds=2.50000000e-06 actualCurrentStepSeconds=2.50000000e-06 observedMinimumStepSeconds=2.50000000e-06 observedMaximumStepSeconds=2.50000000e-06 minimumTimeStepSeconds=5.00000000e-11 adaptive=true
Q30_STEP_PROFILE seed=4 fault=DRIVE_A_OPEN profile=unrepaired-customer-retest boundary=END stepRole=FINER_2_5_US_REFERENCE declaredMaximumStepSeconds=2.50000000e-06 configuredMaximumStepSeconds=2.50000000e-06 actualCurrentStepSeconds=2.50000000e-06 observedMinimumStepSeconds=2.50000000e-06 observedMaximumStepSeconds=2.50000000e-06 minimumTimeStepSeconds=5.00000000e-11 adaptive=true
Q30_STEP_PROFILE seed=4 fault=DRIVE_A_OPEN profile=service-power-off-wait boundary=BEGIN stepRole=FINER_2_5_US_REFERENCE declaredMaximumStepSeconds=2.50000000e-06 configuredMaximumStepSeconds=2.50000000e-06 actualCurrentStepSeconds=2.50000000e-06 observedMinimumStepSeconds=2.50000000e-06 observedMaximumStepSeconds=2.50000000e-06 minimumTimeStepSeconds=5.00000000e-11 adaptive=true
Q30_STEP_PROFILE seed=4 fault=DRIVE_A_OPEN profile=service-power-off-wait boundary=END stepRole=FINER_2_5_US_REFERENCE declaredMaximumStepSeconds=2.50000000e-06 configuredMaximumStepSeconds=2.50000000e-06 actualCurrentStepSeconds=2.50000000e-06 observedMinimumStepSeconds=2.50000000e-06 observedMaximumStepSeconds=2.50000000e-06 minimumTimeStepSeconds=5.00000000e-11 adaptive=true
Q30_STEP_PROFILE seed=4 fault=DRIVE_A_OPEN profile=reinstalled-original-customer-retest boundary=BEGIN stepRole=FINER_2_5_US_REFERENCE declaredMaximumStepSeconds=2.50000000e-06 configuredMaximumStepSeconds=2.50000000e-06 actualCurrentStepSeconds=2.50000000e-06 observedMinimumStepSeconds=2.50000000e-06 observedMaximumStepSeconds=2.50000000e-06 minimumTimeStepSeconds=5.00000000e-11 adaptive=true
Q30_STEP_PROFILE seed=4 fault=DRIVE_A_OPEN profile=reinstalled-original-customer-retest boundary=END stepRole=FINER_2_5_US_REFERENCE declaredMaximumStepSeconds=2.50000000e-06 configuredMaximumStepSeconds=2.50000000e-06 actualCurrentStepSeconds=2.50000000e-06 observedMinimumStepSeconds=2.50000000e-06 observedMaximumStepSeconds=2.50000000e-06 minimumTimeStepSeconds=5.00000000e-11 adaptive=true
Q30_STEP_PROFILE seed=4 fault=DRIVE_A_OPEN profile=service-power-off-wait boundary=BEGIN stepRole=FINER_2_5_US_REFERENCE declaredMaximumStepSeconds=2.50000000e-06 configuredMaximumStepSeconds=2.50000000e-06 actualCurrentStepSeconds=2.50000000e-06 observedMinimumStepSeconds=2.50000000e-06 observedMaximumStepSeconds=2.50000000e-06 minimumTimeStepSeconds=5.00000000e-11 adaptive=true
Q30_STEP_PROFILE seed=4 fault=DRIVE_A_OPEN profile=service-power-off-wait boundary=END stepRole=FINER_2_5_US_REFERENCE declaredMaximumStepSeconds=2.50000000e-06 configuredMaximumStepSeconds=2.50000000e-06 actualCurrentStepSeconds=2.50000000e-06 observedMinimumStepSeconds=2.50000000e-06 observedMaximumStepSeconds=2.50000000e-06 minimumTimeStepSeconds=5.00000000e-11 adaptive=true
Q30_STEP_PROFILE seed=4 fault=DRIVE_A_OPEN profile=repaired-customer-retest boundary=BEGIN stepRole=FINER_2_5_US_REFERENCE declaredMaximumStepSeconds=2.50000000e-06 configuredMaximumStepSeconds=2.50000000e-06 actualCurrentStepSeconds=2.50000000e-06 observedMinimumStepSeconds=2.50000000e-06 observedMaximumStepSeconds=2.50000000e-06 minimumTimeStepSeconds=5.00000000e-11 adaptive=true
Q30_STEP_PROFILE seed=4 fault=DRIVE_A_OPEN profile=repaired-customer-retest boundary=END stepRole=FINER_2_5_US_REFERENCE declaredMaximumStepSeconds=2.50000000e-06 configuredMaximumStepSeconds=2.50000000e-06 actualCurrentStepSeconds=2.50000000e-06 observedMinimumStepSeconds=2.50000000e-06 observedMaximumStepSeconds=2.50000000e-06 minimumTimeStepSeconds=5.00000000e-11 adaptive=true
Q30_STEP_OWNER_CLEANUP seed=4 fault=DRIVE_A_OPEN declaredMaximumStepSeconds=2.50000000e-06 stepRole=FINER_2_5_US_REFERENCE cleanup=true elapsedMillis=0
Q30_STEP_PROFILE seed=4 fault=DRIVE_A_OPEN profile=initial-electrical-settle boundary=BEGIN stepRole=PRODUCTION_5_US declaredMaximumStepSeconds=5.00000000e-06 configuredMaximumStepSeconds=5.00000000e-06 actualCurrentStepSeconds=5.00000000e-06 observedMinimumStepSeconds=5.00000000e-06 observedMaximumStepSeconds=5.00000000e-06 minimumTimeStepSeconds=5.00000000e-11 adaptive=true
Q30_STEP_PROFILE seed=4 fault=DRIVE_A_OPEN profile=initial-electrical-settle boundary=END stepRole=PRODUCTION_5_US declaredMaximumStepSeconds=5.00000000e-06 configuredMaximumStepSeconds=5.00000000e-06 actualCurrentStepSeconds=5.00000000e-06 observedMinimumStepSeconds=5.00000000e-06 observedMaximumStepSeconds=5.00000000e-06 minimumTimeStepSeconds=5.00000000e-11 adaptive=true
Q30_STEP_PROFILE seed=4 fault=DRIVE_A_OPEN profile=healthy-preparation boundary=BEGIN stepRole=PRODUCTION_5_US declaredMaximumStepSeconds=5.00000000e-06 configuredMaximumStepSeconds=5.00000000e-06 actualCurrentStepSeconds=5.00000000e-06 observedMinimumStepSeconds=5.00000000e-06 observedMaximumStepSeconds=5.00000000e-06 minimumTimeStepSeconds=5.00000000e-11 adaptive=true
Q30_STEP_PROFILE seed=4 fault=DRIVE_A_OPEN profile=healthy-preparation boundary=END stepRole=PRODUCTION_5_US declaredMaximumStepSeconds=5.00000000e-06 configuredMaximumStepSeconds=5.00000000e-06 actualCurrentStepSeconds=5.00000000e-06 observedMinimumStepSeconds=5.00000000e-06 observedMaximumStepSeconds=5.00000000e-06 minimumTimeStepSeconds=5.00000000e-11 adaptive=true
Q30_STEP_PROFILE seed=4 fault=DRIVE_A_OPEN profile=fault-profile-preparation boundary=BEGIN stepRole=PRODUCTION_5_US declaredMaximumStepSeconds=5.00000000e-06 configuredMaximumStepSeconds=5.00000000e-06 actualCurrentStepSeconds=5.00000000e-06 observedMinimumStepSeconds=5.00000000e-06 observedMaximumStepSeconds=5.00000000e-06 minimumTimeStepSeconds=5.00000000e-11 adaptive=true
Q30_STEP_PROFILE seed=4 fault=DRIVE_A_OPEN profile=fault-profile-preparation boundary=END stepRole=PRODUCTION_5_US declaredMaximumStepSeconds=5.00000000e-06 configuredMaximumStepSeconds=5.00000000e-06 actualCurrentStepSeconds=5.00000000e-06 observedMinimumStepSeconds=5.00000000e-06 observedMaximumStepSeconds=5.00000000e-06 minimumTimeStepSeconds=5.00000000e-11 adaptive=true
Q30_STEP_PROFILE seed=4 fault=DRIVE_A_OPEN profile=faulted-four-input-profile boundary=BEGIN stepRole=PRODUCTION_5_US declaredMaximumStepSeconds=5.00000000e-06 configuredMaximumStepSeconds=5.00000000e-06 actualCurrentStepSeconds=5.00000000e-06 observedMinimumStepSeconds=5.00000000e-06 observedMaximumStepSeconds=5.00000000e-06 minimumTimeStepSeconds=5.00000000e-11 adaptive=true
Q30_STEP_PROFILE seed=4 fault=DRIVE_A_OPEN profile=faulted-four-input-profile boundary=END stepRole=PRODUCTION_5_US declaredMaximumStepSeconds=5.00000000e-06 configuredMaximumStepSeconds=5.00000000e-06 actualCurrentStepSeconds=5.00000000e-06 observedMinimumStepSeconds=5.00000000e-06 observedMaximumStepSeconds=5.00000000e-06 minimumTimeStepSeconds=5.00000000e-11 adaptive=true
Q30_STEP_PROFILE seed=4 fault=DRIVE_A_OPEN profile=unrepaired-customer-retest boundary=BEGIN stepRole=PRODUCTION_5_US declaredMaximumStepSeconds=5.00000000e-06 configuredMaximumStepSeconds=5.00000000e-06 actualCurrentStepSeconds=5.00000000e-06 observedMinimumStepSeconds=5.00000000e-06 observedMaximumStepSeconds=5.00000000e-06 minimumTimeStepSeconds=5.00000000e-11 adaptive=true
Q30_STEP_PROFILE seed=4 fault=DRIVE_A_OPEN profile=unrepaired-customer-retest boundary=END stepRole=PRODUCTION_5_US declaredMaximumStepSeconds=5.00000000e-06 configuredMaximumStepSeconds=5.00000000e-06 actualCurrentStepSeconds=5.00000000e-06 observedMinimumStepSeconds=5.00000000e-06 observedMaximumStepSeconds=5.00000000e-06 minimumTimeStepSeconds=5.00000000e-11 adaptive=true
Q30_STEP_PROFILE seed=4 fault=DRIVE_A_OPEN profile=service-power-off-wait boundary=BEGIN stepRole=PRODUCTION_5_US declaredMaximumStepSeconds=5.00000000e-06 configuredMaximumStepSeconds=5.00000000e-06 actualCurrentStepSeconds=5.00000000e-06 observedMinimumStepSeconds=5.00000000e-06 observedMaximumStepSeconds=5.00000000e-06 minimumTimeStepSeconds=5.00000000e-11 adaptive=true
Q30_STEP_PROFILE seed=4 fault=DRIVE_A_OPEN profile=service-power-off-wait boundary=END stepRole=PRODUCTION_5_US declaredMaximumStepSeconds=5.00000000e-06 configuredMaximumStepSeconds=5.00000000e-06 actualCurrentStepSeconds=5.00000000e-06 observedMinimumStepSeconds=5.00000000e-06 observedMaximumStepSeconds=5.00000000e-06 minimumTimeStepSeconds=5.00000000e-11 adaptive=true
Q30_STEP_PROFILE seed=4 fault=DRIVE_A_OPEN profile=reinstalled-original-customer-retest boundary=BEGIN stepRole=PRODUCTION_5_US declaredMaximumStepSeconds=5.00000000e-06 configuredMaximumStepSeconds=5.00000000e-06 actualCurrentStepSeconds=5.00000000e-06 observedMinimumStepSeconds=5.00000000e-06 observedMaximumStepSeconds=5.00000000e-06 minimumTimeStepSeconds=5.00000000e-11 adaptive=true
Q30_STEP_PROFILE seed=4 fault=DRIVE_A_OPEN profile=reinstalled-original-customer-retest boundary=END stepRole=PRODUCTION_5_US declaredMaximumStepSeconds=5.00000000e-06 configuredMaximumStepSeconds=5.00000000e-06 actualCurrentStepSeconds=5.00000000e-06 observedMinimumStepSeconds=5.00000000e-06 observedMaximumStepSeconds=5.00000000e-06 minimumTimeStepSeconds=5.00000000e-11 adaptive=true
Q30_STEP_PROFILE seed=4 fault=DRIVE_A_OPEN profile=service-power-off-wait boundary=BEGIN stepRole=PRODUCTION_5_US declaredMaximumStepSeconds=5.00000000e-06 configuredMaximumStepSeconds=5.00000000e-06 actualCurrentStepSeconds=5.00000000e-06 observedMinimumStepSeconds=5.00000000e-06 observedMaximumStepSeconds=5.00000000e-06 minimumTimeStepSeconds=5.00000000e-11 adaptive=true
Q30_STEP_PROFILE seed=4 fault=DRIVE_A_OPEN profile=service-power-off-wait boundary=END stepRole=PRODUCTION_5_US declaredMaximumStepSeconds=5.00000000e-06 configuredMaximumStepSeconds=5.00000000e-06 actualCurrentStepSeconds=5.00000000e-06 observedMinimumStepSeconds=5.00000000e-06 observedMaximumStepSeconds=5.00000000e-06 minimumTimeStepSeconds=5.00000000e-11 adaptive=true
Q30_STEP_PROFILE seed=4 fault=DRIVE_A_OPEN profile=repaired-customer-retest boundary=BEGIN stepRole=PRODUCTION_5_US declaredMaximumStepSeconds=5.00000000e-06 configuredMaximumStepSeconds=5.00000000e-06 actualCurrentStepSeconds=5.00000000e-06 observedMinimumStepSeconds=5.00000000e-06 observedMaximumStepSeconds=5.00000000e-06 minimumTimeStepSeconds=5.00000000e-11 adaptive=true
Q30_STEP_PROFILE seed=4 fault=DRIVE_A_OPEN profile=repaired-customer-retest boundary=END stepRole=PRODUCTION_5_US declaredMaximumStepSeconds=5.00000000e-06 configuredMaximumStepSeconds=5.00000000e-06 actualCurrentStepSeconds=5.00000000e-06 observedMinimumStepSeconds=5.00000000e-06 observedMaximumStepSeconds=5.00000000e-06 minimumTimeStepSeconds=5.00000000e-11 adaptive=true
Q30_STEP_OWNER_CLEANUP seed=4 fault=DRIVE_A_OPEN declaredMaximumStepSeconds=5.00000000e-06 stepRole=PRODUCTION_5_US cleanup=true elapsedMillis=0
Q30_STEP_PAIR seed=4 support=FILTERED_37 fault=DRIVE_A_OPEN referenceMaximumStepSeconds=2.50000000e-06 productionCandidateMaximumStepSeconds=5.00000000e-06 candidateKind=PRODUCTION_5_US maxDeltaVolts=4.90363306e-11 toleranceVolts=0.120621085 phase=faulted sample=SENSORS_B_ONLY/REN.2-J1.2 referenceElapsedMillis=18953 productionCandidateElapsedMillis=9661 referenceSimSeconds=1.16019250 productionCandidateSimSeconds=1.16036000 referenceCleanupMillis=0 productionCandidateCleanupMillis=0 cleanup=true
Q30_STEP_SEED seed=4 support=FILTERED_37 referenceMaximumStepSeconds=2.50000000e-06 productionCandidateMaximumStepSeconds=5.00000000e-06 candidateKind=PRODUCTION_5_US routeTopology=RB30_SEPARATE_DIRECT_A_BJT_B_NMOS_FILTERED_37 routeAndPairsElapsedMillis=34673
Q30_STEP_OWNER_CLEANUP seed=4 fault=DREV_OPEN declaredMaximumStepSeconds=2.50000000e-06 stepRole=FINER_2_5_US_REFERENCE cleanup=true elapsedMillis=0
Q30_STEP_SEED_CLEANUP seed=4 cleanup=true elapsedMillis=0
PASS: Q30 production solver step sensitivity assertions=1762 seed=4 support=FILTERED_37 faults=1 referenceMaximumStepSeconds=2.50000000e-06 productionCandidateMaximumStepSeconds=5.00000000e-06 candidateKind=PRODUCTION_5_US elapsedMillis=34673

node 11 unconnected
converged after 25 iterations, timeStep = 2.5E-6
converged after 9 iterations, timeStep = 2.5E-6
node 11 unconnected
node 11 unconnected
converged after 10 iterations, timeStep = 2.5E-6
node 11 unconnected
converged after 14 iterations, timeStep = 2.5E-6
converged after 11 iterations, timeStep = 2.5E-6
node 11 unconnected
converged after 10 iterations, timeStep = 2.5E-6
node 11 unconnected
converged after 15 iterations, timeStep = 2.5E-6
node 11 unconnected
converged after 14 iterations, timeStep = 2.5E-6
node 11 unconnected
converged after 15 iterations, timeStep = 2.5E-6
node 11 unconnected
node 11 unconnected
converged after 14 iterations, timeStep = 2.5E-6
node 11 unconnected
node 11 unconnected
converged after 15 iterations, timeStep = 2.5E-6
node 11 unconnected
node 11 unconnected
converged after 14 iterations, timeStep = 2.5E-6
node 11 unconnected
node 11 unconnected
node 11 unconnected
converged after 15 iterations, timeStep = 2.5E-6
node 11 unconnected
node 11 unconnected
node 11 unconnected
node 11 unconnected
node 11 unconnected
node 38 unconnected
node 41 unconnected
node 11 unconnected
node 11 unconnected
converged after 23 iterations, timeStep = 2.5E-6
converged after 8 iterations, timeStep = 2.5E-6
node 11 unconnected
node 11 unconnected
node 11 unconnected
converged after 14 iterations, timeStep = 2.5E-6
node 11 unconnected
node 11 unconnected
node 11 unconnected
converged after 15 iterations, timeStep = 2.5E-6
node 11 unconnected
node 11 unconnected
node 11 unconnected
node 11 unconnected
node 11 unconnected
node 38 unconnected
node 41 unconnected
node 11 unconnected
node 38 unconnected
node 41 unconnected
node 11 unconnected
node 38 unconnected
node 41 unconnected
converged after 23 iterations, timeStep = 2.5E-6
converged after 8 iterations, timeStep = 2.5E-6
node 11 unconnected
node 38 unconnected
node 41 unconnected
node 11 unconnected
node 38 unconnected
node 41 unconnected
converged after 10 iterations, timeStep = 2.5E-6
node 11 unconnected
node 38 unconnected
node 41 unconnected
converged after 14 iterations, timeStep = 2.5E-6
converged after 11 iterations, timeStep = 2.5E-6
node 11 unconnected
node 38 unconnected
node 41 unconnected
converged after 10 iterations, timeStep = 2.5E-6
node 11 unconnected
converged after 25 iterations, timeStep = 5.0E-6
converged after 6 iterations, timeStep = 5.0E-6
node 11 unconnected
node 11 unconnected
converged after 16 iterations, timeStep = 5.0E-6
node 11 unconnected
converged after 14 iterations, timeStep = 5.0E-6
converged after 10 iterations, timeStep = 5.0E-6
node 11 unconnected
converged after 19 iterations, timeStep = 5.0E-6
node 11 unconnected
converged after 15 iterations, timeStep = 5.0E-6
node 11 unconnected
converged after 14 iterations, timeStep = 5.0E-6
node 11 unconnected
converged after 15 iterations, timeStep = 5.0E-6
node 11 unconnected
node 11 unconnected
converged after 14 iterations, timeStep = 5.0E-6
node 11 unconnected
node 11 unconnected
converged after 15 iterations, timeStep = 5.0E-6
node 11 unconnected
node 11 unconnected
converged after 14 iterations, timeStep = 5.0E-6
node 11 unconnected
node 11 unconnected
node 11 unconnected
converged after 15 iterations, timeStep = 5.0E-6
node 11 unconnected
node 11 unconnected
node 11 unconnected
node 11 unconnected
node 11 unconnected
node 38 unconnected
node 41 unconnected
node 11 unconnected
node 11 unconnected
converged after 23 iterations, timeStep = 5.0E-6
node 11 unconnected
node 11 unconnected
node 11 unconnected
converged after 14 iterations, timeStep = 5.0E-6
node 11 unconnected
node 11 unconnected
node 11 unconnected
converged after 15 iterations, timeStep = 5.0E-6
node 11 unconnected
node 11 unconnected
node 11 unconnected
node 11 unconnected
node 11 unconnected
node 38 unconnected
node 41 unconnected
node 11 unconnected
node 38 unconnected
node 41 unconnected
node 11 unconnected
node 38 unconnected
node 41 unconnected
converged after 23 iterations, timeStep = 5.0E-6
node 11 unconnected
node 38 unconnected
node 41 unconnected
node 11 unconnected
node 38 unconnected
node 41 unconnected
converged after 16 iterations, timeStep = 5.0E-6
node 11 unconnected
node 38 unconnected
node 41 unconnected
converged after 14 iterations, timeStep = 5.0E-6
converged after 10 iterations, timeStep = 5.0E-6
node 11 unconnected
node 38 unconnected
node 41 unconnected
converged after 19 iterations, timeStep = 5.0E-6

Q30_STEP_PROFILE seed=4 fault=RELAY_B_COIL_OPEN profile=initial-electrical-settle boundary=BEGIN stepRole=FINER_2_5_US_REFERENCE declaredMaximumStepSeconds=2.50000000e-06 configuredMaximumStepSeconds=2.50000000e-06 actualCurrentStepSeconds=2.50000000e-06 observedMinimumStepSeconds=2.50000000e-06 observedMaximumStepSeconds=2.50000000e-06 minimumTimeStepSeconds=5.00000000e-11 adaptive=true
Q30_STEP_PROFILE seed=4 fault=RELAY_B_COIL_OPEN profile=initial-electrical-settle boundary=END stepRole=FINER_2_5_US_REFERENCE declaredMaximumStepSeconds=2.50000000e-06 configuredMaximumStepSeconds=2.50000000e-06 actualCurrentStepSeconds=2.50000000e-06 observedMinimumStepSeconds=2.50000000e-06 observedMaximumStepSeconds=2.50000000e-06 minimumTimeStepSeconds=5.00000000e-11 adaptive=true
Q30_STEP_PROFILE seed=4 fault=RELAY_B_COIL_OPEN profile=healthy-preparation boundary=BEGIN stepRole=FINER_2_5_US_REFERENCE declaredMaximumStepSeconds=2.50000000e-06 configuredMaximumStepSeconds=2.50000000e-06 actualCurrentStepSeconds=2.50000000e-06 observedMinimumStepSeconds=2.50000000e-06 observedMaximumStepSeconds=2.50000000e-06 minimumTimeStepSeconds=5.00000000e-11 adaptive=true
Q30_STEP_PROFILE seed=4 fault=RELAY_B_COIL_OPEN profile=healthy-preparation boundary=END stepRole=FINER_2_5_US_REFERENCE declaredMaximumStepSeconds=2.50000000e-06 configuredMaximumStepSeconds=2.50000000e-06 actualCurrentStepSeconds=2.50000000e-06 observedMinimumStepSeconds=2.50000000e-06 observedMaximumStepSeconds=2.50000000e-06 minimumTimeStepSeconds=5.00000000e-11 adaptive=true
Q30_STEP_PROFILE seed=4 fault=RELAY_B_COIL_OPEN profile=fault-profile-preparation boundary=BEGIN stepRole=FINER_2_5_US_REFERENCE declaredMaximumStepSeconds=2.50000000e-06 configuredMaximumStepSeconds=2.50000000e-06 actualCurrentStepSeconds=2.50000000e-06 observedMinimumStepSeconds=2.50000000e-06 observedMaximumStepSeconds=2.50000000e-06 minimumTimeStepSeconds=5.00000000e-11 adaptive=true
Q30_STEP_PROFILE seed=4 fault=RELAY_B_COIL_OPEN profile=fault-profile-preparation boundary=END stepRole=FINER_2_5_US_REFERENCE declaredMaximumStepSeconds=2.50000000e-06 configuredMaximumStepSeconds=2.50000000e-06 actualCurrentStepSeconds=2.50000000e-06 observedMinimumStepSeconds=2.50000000e-06 observedMaximumStepSeconds=2.50000000e-06 minimumTimeStepSeconds=5.00000000e-11 adaptive=true
Q30_STEP_PROFILE seed=4 fault=RELAY_B_COIL_OPEN profile=faulted-four-input-profile boundary=BEGIN stepRole=FINER_2_5_US_REFERENCE declaredMaximumStepSeconds=2.50000000e-06 configuredMaximumStepSeconds=2.50000000e-06 actualCurrentStepSeconds=2.50000000e-06 observedMinimumStepSeconds=2.50000000e-06 observedMaximumStepSeconds=2.50000000e-06 minimumTimeStepSeconds=5.00000000e-11 adaptive=true
Q30_STEP_PROFILE seed=4 fault=RELAY_B_COIL_OPEN profile=faulted-four-input-profile boundary=END stepRole=FINER_2_5_US_REFERENCE declaredMaximumStepSeconds=2.50000000e-06 configuredMaximumStepSeconds=2.50000000e-06 actualCurrentStepSeconds=2.50000000e-06 observedMinimumStepSeconds=2.50000000e-06 observedMaximumStepSeconds=2.50000000e-06 minimumTimeStepSeconds=5.00000000e-11 adaptive=true
Q30_STEP_PROFILE seed=4 fault=RELAY_B_COIL_OPEN profile=unrepaired-customer-retest boundary=BEGIN stepRole=FINER_2_5_US_REFERENCE declaredMaximumStepSeconds=2.50000000e-06 configuredMaximumStepSeconds=2.50000000e-06 actualCurrentStepSeconds=2.50000000e-06 observedMinimumStepSeconds=2.50000000e-06 observedMaximumStepSeconds=2.50000000e-06 minimumTimeStepSeconds=5.00000000e-11 adaptive=true
Q30_STEP_PROFILE seed=4 fault=RELAY_B_COIL_OPEN profile=unrepaired-customer-retest boundary=END stepRole=FINER_2_5_US_REFERENCE declaredMaximumStepSeconds=2.50000000e-06 configuredMaximumStepSeconds=2.50000000e-06 actualCurrentStepSeconds=2.50000000e-06 observedMinimumStepSeconds=2.50000000e-06 observedMaximumStepSeconds=2.50000000e-06 minimumTimeStepSeconds=5.00000000e-11 adaptive=true
Q30_STEP_PROFILE seed=4 fault=RELAY_B_COIL_OPEN profile=service-power-off-wait boundary=BEGIN stepRole=FINER_2_5_US_REFERENCE declaredMaximumStepSeconds=2.50000000e-06 configuredMaximumStepSeconds=2.50000000e-06 actualCurrentStepSeconds=2.50000000e-06 observedMinimumStepSeconds=2.50000000e-06 observedMaximumStepSeconds=2.50000000e-06 minimumTimeStepSeconds=5.00000000e-11 adaptive=true
Q30_STEP_PROFILE seed=4 fault=RELAY_B_COIL_OPEN profile=service-power-off-wait boundary=END stepRole=FINER_2_5_US_REFERENCE declaredMaximumStepSeconds=2.50000000e-06 configuredMaximumStepSeconds=2.50000000e-06 actualCurrentStepSeconds=2.50000000e-06 observedMinimumStepSeconds=2.50000000e-06 observedMaximumStepSeconds=2.50000000e-06 minimumTimeStepSeconds=5.00000000e-11 adaptive=true
Q30_STEP_PROFILE seed=4 fault=RELAY_B_COIL_OPEN profile=reinstalled-original-customer-retest boundary=BEGIN stepRole=FINER_2_5_US_REFERENCE declaredMaximumStepSeconds=2.50000000e-06 configuredMaximumStepSeconds=2.50000000e-06 actualCurrentStepSeconds=2.50000000e-06 observedMinimumStepSeconds=2.50000000e-06 observedMaximumStepSeconds=2.50000000e-06 minimumTimeStepSeconds=5.00000000e-11 adaptive=true
Q30_STEP_PROFILE seed=4 fault=RELAY_B_COIL_OPEN profile=reinstalled-original-customer-retest boundary=END stepRole=FINER_2_5_US_REFERENCE declaredMaximumStepSeconds=2.50000000e-06 configuredMaximumStepSeconds=2.50000000e-06 actualCurrentStepSeconds=2.50000000e-06 observedMinimumStepSeconds=2.50000000e-06 observedMaximumStepSeconds=2.50000000e-06 minimumTimeStepSeconds=5.00000000e-11 adaptive=true
Q30_STEP_PROFILE seed=4 fault=RELAY_B_COIL_OPEN profile=service-power-off-wait boundary=BEGIN stepRole=FINER_2_5_US_REFERENCE declaredMaximumStepSeconds=2.50000000e-06 configuredMaximumStepSeconds=2.50000000e-06 actualCurrentStepSeconds=2.50000000e-06 observedMinimumStepSeconds=2.50000000e-06 observedMaximumStepSeconds=2.50000000e-06 minimumTimeStepSeconds=5.00000000e-11 adaptive=true
Q30_STEP_PROFILE seed=4 fault=RELAY_B_COIL_OPEN profile=service-power-off-wait boundary=END stepRole=FINER_2_5_US_REFERENCE declaredMaximumStepSeconds=2.50000000e-06 configuredMaximumStepSeconds=2.50000000e-06 actualCurrentStepSeconds=2.50000000e-06 observedMinimumStepSeconds=2.50000000e-06 observedMaximumStepSeconds=2.50000000e-06 minimumTimeStepSeconds=5.00000000e-11 adaptive=true
Q30_STEP_PROFILE seed=4 fault=RELAY_B_COIL_OPEN profile=repaired-customer-retest boundary=BEGIN stepRole=FINER_2_5_US_REFERENCE declaredMaximumStepSeconds=2.50000000e-06 configuredMaximumStepSeconds=2.50000000e-06 actualCurrentStepSeconds=2.50000000e-06 observedMinimumStepSeconds=2.50000000e-06 observedMaximumStepSeconds=2.50000000e-06 minimumTimeStepSeconds=5.00000000e-11 adaptive=true
Q30_STEP_PROFILE seed=4 fault=RELAY_B_COIL_OPEN profile=repaired-customer-retest boundary=END stepRole=FINER_2_5_US_REFERENCE declaredMaximumStepSeconds=2.50000000e-06 configuredMaximumStepSeconds=2.50000000e-06 actualCurrentStepSeconds=2.50000000e-06 observedMinimumStepSeconds=2.50000000e-06 observedMaximumStepSeconds=2.50000000e-06 minimumTimeStepSeconds=5.00000000e-11 adaptive=true
Q30_STEP_OWNER_CLEANUP seed=4 fault=RELAY_B_COIL_OPEN declaredMaximumStepSeconds=2.50000000e-06 stepRole=FINER_2_5_US_REFERENCE cleanup=true elapsedMillis=0
Q30_STEP_PROFILE seed=4 fault=RELAY_B_COIL_OPEN profile=initial-electrical-settle boundary=BEGIN stepRole=PRODUCTION_5_US declaredMaximumStepSeconds=5.00000000e-06 configuredMaximumStepSeconds=5.00000000e-06 actualCurrentStepSeconds=5.00000000e-06 observedMinimumStepSeconds=5.00000000e-06 observedMaximumStepSeconds=5.00000000e-06 minimumTimeStepSeconds=5.00000000e-11 adaptive=true
Q30_STEP_PROFILE seed=4 fault=RELAY_B_COIL_OPEN profile=initial-electrical-settle boundary=END stepRole=PRODUCTION_5_US declaredMaximumStepSeconds=5.00000000e-06 configuredMaximumStepSeconds=5.00000000e-06 actualCurrentStepSeconds=5.00000000e-06 observedMinimumStepSeconds=5.00000000e-06 observedMaximumStepSeconds=5.00000000e-06 minimumTimeStepSeconds=5.00000000e-11 adaptive=true
Q30_STEP_PROFILE seed=4 fault=RELAY_B_COIL_OPEN profile=healthy-preparation boundary=BEGIN stepRole=PRODUCTION_5_US declaredMaximumStepSeconds=5.00000000e-06 configuredMaximumStepSeconds=5.00000000e-06 actualCurrentStepSeconds=5.00000000e-06 observedMinimumStepSeconds=5.00000000e-06 observedMaximumStepSeconds=5.00000000e-06 minimumTimeStepSeconds=5.00000000e-11 adaptive=true
Q30_STEP_PROFILE seed=4 fault=RELAY_B_COIL_OPEN profile=healthy-preparation boundary=END stepRole=PRODUCTION_5_US declaredMaximumStepSeconds=5.00000000e-06 configuredMaximumStepSeconds=5.00000000e-06 actualCurrentStepSeconds=5.00000000e-06 observedMinimumStepSeconds=5.00000000e-06 observedMaximumStepSeconds=5.00000000e-06 minimumTimeStepSeconds=5.00000000e-11 adaptive=true
Q30_STEP_PROFILE seed=4 fault=RELAY_B_COIL_OPEN profile=fault-profile-preparation boundary=BEGIN stepRole=PRODUCTION_5_US declaredMaximumStepSeconds=5.00000000e-06 configuredMaximumStepSeconds=5.00000000e-06 actualCurrentStepSeconds=5.00000000e-06 observedMinimumStepSeconds=5.00000000e-06 observedMaximumStepSeconds=5.00000000e-06 minimumTimeStepSeconds=5.00000000e-11 adaptive=true
Q30_STEP_PROFILE seed=4 fault=RELAY_B_COIL_OPEN profile=fault-profile-preparation boundary=END stepRole=PRODUCTION_5_US declaredMaximumStepSeconds=5.00000000e-06 configuredMaximumStepSeconds=5.00000000e-06 actualCurrentStepSeconds=5.00000000e-06 observedMinimumStepSeconds=5.00000000e-06 observedMaximumStepSeconds=5.00000000e-06 minimumTimeStepSeconds=5.00000000e-11 adaptive=true
Q30_STEP_PROFILE seed=4 fault=RELAY_B_COIL_OPEN profile=faulted-four-input-profile boundary=BEGIN stepRole=PRODUCTION_5_US declaredMaximumStepSeconds=5.00000000e-06 configuredMaximumStepSeconds=5.00000000e-06 actualCurrentStepSeconds=5.00000000e-06 observedMinimumStepSeconds=5.00000000e-06 observedMaximumStepSeconds=5.00000000e-06 minimumTimeStepSeconds=5.00000000e-11 adaptive=true
Q30_STEP_PROFILE seed=4 fault=RELAY_B_COIL_OPEN profile=faulted-four-input-profile boundary=END stepRole=PRODUCTION_5_US declaredMaximumStepSeconds=5.00000000e-06 configuredMaximumStepSeconds=5.00000000e-06 actualCurrentStepSeconds=5.00000000e-06 observedMinimumStepSeconds=5.00000000e-06 observedMaximumStepSeconds=5.00000000e-06 minimumTimeStepSeconds=5.00000000e-11 adaptive=true
Q30_STEP_PROFILE seed=4 fault=RELAY_B_COIL_OPEN profile=unrepaired-customer-retest boundary=BEGIN stepRole=PRODUCTION_5_US declaredMaximumStepSeconds=5.00000000e-06 configuredMaximumStepSeconds=5.00000000e-06 actualCurrentStepSeconds=5.00000000e-06 observedMinimumStepSeconds=5.00000000e-06 observedMaximumStepSeconds=5.00000000e-06 minimumTimeStepSeconds=5.00000000e-11 adaptive=true
Q30_STEP_PROFILE seed=4 fault=RELAY_B_COIL_OPEN profile=unrepaired-customer-retest boundary=END stepRole=PRODUCTION_5_US declaredMaximumStepSeconds=5.00000000e-06 configuredMaximumStepSeconds=5.00000000e-06 actualCurrentStepSeconds=5.00000000e-06 observedMinimumStepSeconds=5.00000000e-06 observedMaximumStepSeconds=5.00000000e-06 minimumTimeStepSeconds=5.00000000e-11 adaptive=true
Q30_STEP_PROFILE seed=4 fault=RELAY_B_COIL_OPEN profile=service-power-off-wait boundary=BEGIN stepRole=PRODUCTION_5_US declaredMaximumStepSeconds=5.00000000e-06 configuredMaximumStepSeconds=5.00000000e-06 actualCurrentStepSeconds=5.00000000e-06 observedMinimumStepSeconds=5.00000000e-06 observedMaximumStepSeconds=5.00000000e-06 minimumTimeStepSeconds=5.00000000e-11 adaptive=true
Q30_STEP_PROFILE seed=4 fault=RELAY_B_COIL_OPEN profile=service-power-off-wait boundary=END stepRole=PRODUCTION_5_US declaredMaximumStepSeconds=5.00000000e-06 configuredMaximumStepSeconds=5.00000000e-06 actualCurrentStepSeconds=5.00000000e-06 observedMinimumStepSeconds=5.00000000e-06 observedMaximumStepSeconds=5.00000000e-06 minimumTimeStepSeconds=5.00000000e-11 adaptive=true
Q30_STEP_PROFILE seed=4 fault=RELAY_B_COIL_OPEN profile=reinstalled-original-customer-retest boundary=BEGIN stepRole=PRODUCTION_5_US declaredMaximumStepSeconds=5.00000000e-06 configuredMaximumStepSeconds=5.00000000e-06 actualCurrentStepSeconds=5.00000000e-06 observedMinimumStepSeconds=5.00000000e-06 observedMaximumStepSeconds=5.00000000e-06 minimumTimeStepSeconds=5.00000000e-11 adaptive=true
Q30_STEP_PROFILE seed=4 fault=RELAY_B_COIL_OPEN profile=reinstalled-original-customer-retest boundary=END stepRole=PRODUCTION_5_US declaredMaximumStepSeconds=5.00000000e-06 configuredMaximumStepSeconds=5.00000000e-06 actualCurrentStepSeconds=5.00000000e-06 observedMinimumStepSeconds=5.00000000e-06 observedMaximumStepSeconds=5.00000000e-06 minimumTimeStepSeconds=5.00000000e-11 adaptive=true
Q30_STEP_PROFILE seed=4 fault=RELAY_B_COIL_OPEN profile=service-power-off-wait boundary=BEGIN stepRole=PRODUCTION_5_US declaredMaximumStepSeconds=5.00000000e-06 configuredMaximumStepSeconds=5.00000000e-06 actualCurrentStepSeconds=5.00000000e-06 observedMinimumStepSeconds=5.00000000e-06 observedMaximumStepSeconds=5.00000000e-06 minimumTimeStepSeconds=5.00000000e-11 adaptive=true
Q30_STEP_PROFILE seed=4 fault=RELAY_B_COIL_OPEN profile=service-power-off-wait boundary=END stepRole=PRODUCTION_5_US declaredMaximumStepSeconds=5.00000000e-06 configuredMaximumStepSeconds=5.00000000e-06 actualCurrentStepSeconds=5.00000000e-06 observedMinimumStepSeconds=5.00000000e-06 observedMaximumStepSeconds=5.00000000e-06 minimumTimeStepSeconds=5.00000000e-11 adaptive=true
Q30_STEP_PROFILE seed=4 fault=RELAY_B_COIL_OPEN profile=repaired-customer-retest boundary=BEGIN stepRole=PRODUCTION_5_US declaredMaximumStepSeconds=5.00000000e-06 configuredMaximumStepSeconds=5.00000000e-06 actualCurrentStepSeconds=5.00000000e-06 observedMinimumStepSeconds=5.00000000e-06 observedMaximumStepSeconds=5.00000000e-06 minimumTimeStepSeconds=5.00000000e-11 adaptive=true
Q30_STEP_PROFILE seed=4 fault=RELAY_B_COIL_OPEN profile=repaired-customer-retest boundary=END stepRole=PRODUCTION_5_US declaredMaximumStepSeconds=5.00000000e-06 configuredMaximumStepSeconds=5.00000000e-06 actualCurrentStepSeconds=5.00000000e-06 observedMinimumStepSeconds=5.00000000e-06 observedMaximumStepSeconds=5.00000000e-06 minimumTimeStepSeconds=5.00000000e-11 adaptive=true
Q30_STEP_OWNER_CLEANUP seed=4 fault=RELAY_B_COIL_OPEN declaredMaximumStepSeconds=5.00000000e-06 stepRole=PRODUCTION_5_US cleanup=true elapsedMillis=0
Q30_STEP_PAIR seed=4 support=FILTERED_37 fault=RELAY_B_COIL_OPEN referenceMaximumStepSeconds=2.50000000e-06 productionCandidateMaximumStepSeconds=5.00000000e-06 candidateKind=PRODUCTION_5_US maxDeltaVolts=7.85096432e-11 toleranceVolts=0.122306640 phase=faulted sample=SENSORS_B_ONLY/REN.2-J1.2 referenceElapsedMillis=20031 productionCandidateElapsedMillis=10745 referenceSimSeconds=1.16019250 productionCandidateSimSeconds=1.16036000 referenceCleanupMillis=0 productionCandidateCleanupMillis=0 cleanup=true
Q30_STEP_SEED seed=4 support=FILTERED_37 referenceMaximumStepSeconds=2.50000000e-06 productionCandidateMaximumStepSeconds=5.00000000e-06 candidateKind=PRODUCTION_5_US routeTopology=RB30_SEPARATE_DIRECT_A_BJT_B_NMOS_FILTERED_37 routeAndPairsElapsedMillis=37284
Q30_STEP_OWNER_CLEANUP seed=4 fault=DREV_OPEN declaredMaximumStepSeconds=2.50000000e-06 stepRole=FINER_2_5_US_REFERENCE cleanup=true elapsedMillis=0
Q30_STEP_SEED_CLEANUP seed=4 cleanup=true elapsedMillis=0
PASS: Q30 production solver step sensitivity assertions=1762 seed=4 support=FILTERED_37 faults=1 referenceMaximumStepSeconds=2.50000000e-06 productionCandidateMaximumStepSeconds=5.00000000e-06 candidateKind=PRODUCTION_5_US elapsedMillis=37284

node 11 unconnected
converged after 25 iterations, timeStep = 2.5E-6
converged after 9 iterations, timeStep = 2.5E-6
node 11 unconnected
node 11 unconnected
converged after 10 iterations, timeStep = 2.5E-6
node 11 unconnected
converged after 14 iterations, timeStep = 2.5E-6
converged after 11 iterations, timeStep = 2.5E-6
node 11 unconnected
converged after 10 iterations, timeStep = 2.5E-6
node 11 unconnected
converged after 15 iterations, timeStep = 2.5E-6
node 11 unconnected
converged after 11 iterations, timeStep = 2.5E-6
converged after 11 iterations, timeStep = 2.5E-6
node 11 unconnected
converged after 10 iterations, timeStep = 2.5E-6
node 11 unconnected
converged after 10 iterations, timeStep = 2.5E-6
node 11 unconnected
converged after 11 iterations, timeStep = 2.5E-6
node 11 unconnected
converged after 11 iterations, timeStep = 2.5E-6
node 11 unconnected
converged after 10 iterations, timeStep = 2.5E-6
node 11 unconnected
converged after 10 iterations, timeStep = 2.5E-6
node 11 unconnected
converged after 11 iterations, timeStep = 2.5E-6
node 11 unconnected
converged after 11 iterations, timeStep = 2.5E-6
node 11 unconnected
node 11 unconnected
converged after 10 iterations, timeStep = 2.5E-6
node 11 unconnected
node 11 unconnected
node 11 unconnected
node 11 unconnected
node 11 unconnected
node 52 unconnected
node 55 unconnected
node 58 unconnected
node 11 unconnected
node 11 unconnected
converged after 23 iterations, timeStep = 2.5E-6
converged after 8 iterations, timeStep = 2.5E-6
node 11 unconnected
node 11 unconnected
converged after 10 iterations, timeStep = 2.5E-6
node 11 unconnected
converged after 11 iterations, timeStep = 2.5E-6
node 11 unconnected
converged after 11 iterations, timeStep = 2.5E-6
node 11 unconnected
node 11 unconnected
converged after 10 iterations, timeStep = 2.5E-6
node 11 unconnected
node 11 unconnected
node 11 unconnected
node 11 unconnected
node 11 unconnected
node 52 unconnected
node 55 unconnected
node 58 unconnected
node 11 unconnected
node 52 unconnected
node 55 unconnected
node 11 unconnected
node 52 unconnected
node 55 unconnected
converged after 23 iterations, timeStep = 2.5E-6
converged after 8 iterations, timeStep = 2.5E-6
node 11 unconnected
node 52 unconnected
node 55 unconnected
node 11 unconnected
node 52 unconnected
node 55 unconnected
converged after 10 iterations, timeStep = 2.5E-6
node 11 unconnected
node 52 unconnected
node 55 unconnected
converged after 14 iterations, timeStep = 2.5E-6
converged after 11 iterations, timeStep = 2.5E-6
node 11 unconnected
node 52 unconnected
node 55 unconnected
converged after 10 iterations, timeStep = 2.5E-6
node 11 unconnected
converged after 25 iterations, timeStep = 5.0E-6
converged after 6 iterations, timeStep = 5.0E-6
node 11 unconnected
node 11 unconnected
converged after 16 iterations, timeStep = 5.0E-6
node 11 unconnected
converged after 14 iterations, timeStep = 5.0E-6
converged after 10 iterations, timeStep = 5.0E-6
node 11 unconnected
converged after 19 iterations, timeStep = 5.0E-6
node 11 unconnected
converged after 15 iterations, timeStep = 5.0E-6
node 11 unconnected
converged after 11 iterations, timeStep = 5.0E-6
converged after 16 iterations, timeStep = 5.0E-6
node 11 unconnected
converged after 9 iterations, timeStep = 5.0E-6
node 11 unconnected
converged after 16 iterations, timeStep = 5.0E-6
node 11 unconnected
converged after 10 iterations, timeStep = 5.0E-6
node 11 unconnected
converged after 16 iterations, timeStep = 5.0E-6
node 11 unconnected
converged after 9 iterations, timeStep = 5.0E-6
node 11 unconnected
converged after 16 iterations, timeStep = 5.0E-6
node 11 unconnected
converged after 10 iterations, timeStep = 5.0E-6
node 11 unconnected
converged after 16 iterations, timeStep = 5.0E-6
node 11 unconnected
node 11 unconnected
converged after 9 iterations, timeStep = 5.0E-6
node 11 unconnected
node 11 unconnected
node 11 unconnected
node 11 unconnected
node 11 unconnected
node 52 unconnected
node 55 unconnected
node 58 unconnected
node 11 unconnected
node 11 unconnected
converged after 23 iterations, timeStep = 5.0E-6
node 11 unconnected
node 11 unconnected
converged after 16 iterations, timeStep = 5.0E-6
node 11 unconnected
converged after 10 iterations, timeStep = 5.0E-6
node 11 unconnected
converged after 16 iterations, timeStep = 5.0E-6
node 11 unconnected
node 11 unconnected
converged after 9 iterations, timeStep = 5.0E-6
node 11 unconnected
node 11 unconnected
node 11 unconnected
node 11 unconnected
node 11 unconnected
node 52 unconnected
node 55 unconnected
node 58 unconnected
node 11 unconnected
node 52 unconnected
node 55 unconnected
node 11 unconnected
node 52 unconnected
node 55 unconnected
converged after 23 iterations, timeStep = 5.0E-6
node 11 unconnected
node 52 unconnected
node 55 unconnected
node 11 unconnected
node 52 unconnected
node 55 unconnected
converged after 16 iterations, timeStep = 5.0E-6
node 11 unconnected
node 52 unconnected
node 55 unconnected
converged after 14 iterations, timeStep = 5.0E-6
converged after 10 iterations, timeStep = 5.0E-6
node 11 unconnected
node 52 unconnected
node 55 unconnected
converged after 19 iterations, timeStep = 5.0E-6

Q30_STEP_PROFILE seed=14 fault=DREV_OPEN profile=initial-electrical-settle boundary=BEGIN stepRole=FINER_2_5_US_REFERENCE declaredMaximumStepSeconds=2.50000000e-06 configuredMaximumStepSeconds=2.50000000e-06 actualCurrentStepSeconds=2.50000000e-06 observedMinimumStepSeconds=2.50000000e-06 observedMaximumStepSeconds=2.50000000e-06 minimumTimeStepSeconds=5.00000000e-11 adaptive=true
Q30_STEP_PROFILE seed=14 fault=DREV_OPEN profile=initial-electrical-settle boundary=END stepRole=FINER_2_5_US_REFERENCE declaredMaximumStepSeconds=2.50000000e-06 configuredMaximumStepSeconds=2.50000000e-06 actualCurrentStepSeconds=2.50000000e-06 observedMinimumStepSeconds=2.50000000e-06 observedMaximumStepSeconds=2.50000000e-06 minimumTimeStepSeconds=5.00000000e-11 adaptive=true
Q30_STEP_PROFILE seed=14 fault=DREV_OPEN profile=healthy-preparation boundary=BEGIN stepRole=FINER_2_5_US_REFERENCE declaredMaximumStepSeconds=2.50000000e-06 configuredMaximumStepSeconds=2.50000000e-06 actualCurrentStepSeconds=2.50000000e-06 observedMinimumStepSeconds=2.50000000e-06 observedMaximumStepSeconds=2.50000000e-06 minimumTimeStepSeconds=5.00000000e-11 adaptive=true
Q30_STEP_PROFILE seed=14 fault=DREV_OPEN profile=healthy-preparation boundary=END stepRole=FINER_2_5_US_REFERENCE declaredMaximumStepSeconds=2.50000000e-06 configuredMaximumStepSeconds=2.50000000e-06 actualCurrentStepSeconds=2.50000000e-06 observedMinimumStepSeconds=2.50000000e-06 observedMaximumStepSeconds=2.50000000e-06 minimumTimeStepSeconds=5.00000000e-11 adaptive=true
Q30_STEP_PROFILE seed=14 fault=DREV_OPEN profile=fault-profile-preparation boundary=BEGIN stepRole=FINER_2_5_US_REFERENCE declaredMaximumStepSeconds=2.50000000e-06 configuredMaximumStepSeconds=2.50000000e-06 actualCurrentStepSeconds=2.50000000e-06 observedMinimumStepSeconds=2.50000000e-06 observedMaximumStepSeconds=2.50000000e-06 minimumTimeStepSeconds=5.00000000e-11 adaptive=true
Q30_STEP_PROFILE seed=14 fault=DREV_OPEN profile=fault-profile-preparation boundary=END stepRole=FINER_2_5_US_REFERENCE declaredMaximumStepSeconds=2.50000000e-06 configuredMaximumStepSeconds=2.50000000e-06 actualCurrentStepSeconds=2.50000000e-06 observedMinimumStepSeconds=2.50000000e-06 observedMaximumStepSeconds=2.50000000e-06 minimumTimeStepSeconds=5.00000000e-11 adaptive=true
Q30_STEP_PROFILE seed=14 fault=DREV_OPEN profile=faulted-four-input-profile boundary=BEGIN stepRole=FINER_2_5_US_REFERENCE declaredMaximumStepSeconds=2.50000000e-06 configuredMaximumStepSeconds=2.50000000e-06 actualCurrentStepSeconds=2.50000000e-06 observedMinimumStepSeconds=2.50000000e-06 observedMaximumStepSeconds=2.50000000e-06 minimumTimeStepSeconds=5.00000000e-11 adaptive=true
Q30_STEP_PROFILE seed=14 fault=DREV_OPEN profile=faulted-four-input-profile boundary=END stepRole=FINER_2_5_US_REFERENCE declaredMaximumStepSeconds=2.50000000e-06 configuredMaximumStepSeconds=2.50000000e-06 actualCurrentStepSeconds=2.50000000e-06 observedMinimumStepSeconds=2.50000000e-06 observedMaximumStepSeconds=2.50000000e-06 minimumTimeStepSeconds=5.00000000e-11 adaptive=true
Q30_STEP_PROFILE seed=14 fault=DREV_OPEN profile=unrepaired-customer-retest boundary=BEGIN stepRole=FINER_2_5_US_REFERENCE declaredMaximumStepSeconds=2.50000000e-06 configuredMaximumStepSeconds=2.50000000e-06 actualCurrentStepSeconds=2.50000000e-06 observedMinimumStepSeconds=2.50000000e-06 observedMaximumStepSeconds=2.50000000e-06 minimumTimeStepSeconds=5.00000000e-11 adaptive=true
Q30_STEP_PROFILE seed=14 fault=DREV_OPEN profile=unrepaired-customer-retest boundary=END stepRole=FINER_2_5_US_REFERENCE declaredMaximumStepSeconds=2.50000000e-06 configuredMaximumStepSeconds=2.50000000e-06 actualCurrentStepSeconds=2.50000000e-06 observedMinimumStepSeconds=2.50000000e-06 observedMaximumStepSeconds=2.50000000e-06 minimumTimeStepSeconds=5.00000000e-11 adaptive=true
Q30_STEP_PROFILE seed=14 fault=DREV_OPEN profile=service-power-off-wait boundary=BEGIN stepRole=FINER_2_5_US_REFERENCE declaredMaximumStepSeconds=2.50000000e-06 configuredMaximumStepSeconds=2.50000000e-06 actualCurrentStepSeconds=2.50000000e-06 observedMinimumStepSeconds=2.50000000e-06 observedMaximumStepSeconds=2.50000000e-06 minimumTimeStepSeconds=5.00000000e-11 adaptive=true
Q30_STEP_PROFILE seed=14 fault=DREV_OPEN profile=service-power-off-wait boundary=END stepRole=FINER_2_5_US_REFERENCE declaredMaximumStepSeconds=2.50000000e-06 configuredMaximumStepSeconds=2.50000000e-06 actualCurrentStepSeconds=2.50000000e-06 observedMinimumStepSeconds=2.50000000e-06 observedMaximumStepSeconds=2.50000000e-06 minimumTimeStepSeconds=5.00000000e-11 adaptive=true
Q30_STEP_PROFILE seed=14 fault=DREV_OPEN profile=reinstalled-original-customer-retest boundary=BEGIN stepRole=FINER_2_5_US_REFERENCE declaredMaximumStepSeconds=2.50000000e-06 configuredMaximumStepSeconds=2.50000000e-06 actualCurrentStepSeconds=2.50000000e-06 observedMinimumStepSeconds=2.50000000e-06 observedMaximumStepSeconds=2.50000000e-06 minimumTimeStepSeconds=5.00000000e-11 adaptive=true
Q30_STEP_PROFILE seed=14 fault=DREV_OPEN profile=reinstalled-original-customer-retest boundary=END stepRole=FINER_2_5_US_REFERENCE declaredMaximumStepSeconds=2.50000000e-06 configuredMaximumStepSeconds=2.50000000e-06 actualCurrentStepSeconds=2.50000000e-06 observedMinimumStepSeconds=2.50000000e-06 observedMaximumStepSeconds=2.50000000e-06 minimumTimeStepSeconds=5.00000000e-11 adaptive=true
Q30_STEP_PROFILE seed=14 fault=DREV_OPEN profile=service-power-off-wait boundary=BEGIN stepRole=FINER_2_5_US_REFERENCE declaredMaximumStepSeconds=2.50000000e-06 configuredMaximumStepSeconds=2.50000000e-06 actualCurrentStepSeconds=2.50000000e-06 observedMinimumStepSeconds=2.50000000e-06 observedMaximumStepSeconds=2.50000000e-06 minimumTimeStepSeconds=5.00000000e-11 adaptive=true
Q30_STEP_PROFILE seed=14 fault=DREV_OPEN profile=service-power-off-wait boundary=END stepRole=FINER_2_5_US_REFERENCE declaredMaximumStepSeconds=2.50000000e-06 configuredMaximumStepSeconds=2.50000000e-06 actualCurrentStepSeconds=2.50000000e-06 observedMinimumStepSeconds=2.50000000e-06 observedMaximumStepSeconds=2.50000000e-06 minimumTimeStepSeconds=5.00000000e-11 adaptive=true
Q30_STEP_PROFILE seed=14 fault=DREV_OPEN profile=repaired-customer-retest boundary=BEGIN stepRole=FINER_2_5_US_REFERENCE declaredMaximumStepSeconds=2.50000000e-06 configuredMaximumStepSeconds=2.50000000e-06 actualCurrentStepSeconds=2.50000000e-06 observedMinimumStepSeconds=2.50000000e-06 observedMaximumStepSeconds=2.50000000e-06 minimumTimeStepSeconds=5.00000000e-11 adaptive=true
Q30_STEP_PROFILE seed=14 fault=DREV_OPEN profile=repaired-customer-retest boundary=END stepRole=FINER_2_5_US_REFERENCE declaredMaximumStepSeconds=2.50000000e-06 configuredMaximumStepSeconds=2.50000000e-06 actualCurrentStepSeconds=2.50000000e-06 observedMinimumStepSeconds=2.50000000e-06 observedMaximumStepSeconds=2.50000000e-06 minimumTimeStepSeconds=5.00000000e-11 adaptive=true
Q30_STEP_OWNER_CLEANUP seed=14 fault=DREV_OPEN declaredMaximumStepSeconds=2.50000000e-06 stepRole=FINER_2_5_US_REFERENCE cleanup=true elapsedMillis=0
Q30_STEP_PROFILE seed=14 fault=DREV_OPEN profile=initial-electrical-settle boundary=BEGIN stepRole=PRODUCTION_5_US declaredMaximumStepSeconds=5.00000000e-06 configuredMaximumStepSeconds=5.00000000e-06 actualCurrentStepSeconds=5.00000000e-06 observedMinimumStepSeconds=5.00000000e-06 observedMaximumStepSeconds=5.00000000e-06 minimumTimeStepSeconds=5.00000000e-11 adaptive=true
Q30_STEP_PROFILE seed=14 fault=DREV_OPEN profile=initial-electrical-settle boundary=END stepRole=PRODUCTION_5_US declaredMaximumStepSeconds=5.00000000e-06 configuredMaximumStepSeconds=5.00000000e-06 actualCurrentStepSeconds=5.00000000e-06 observedMinimumStepSeconds=5.00000000e-06 observedMaximumStepSeconds=5.00000000e-06 minimumTimeStepSeconds=5.00000000e-11 adaptive=true
Q30_STEP_PROFILE seed=14 fault=DREV_OPEN profile=healthy-preparation boundary=BEGIN stepRole=PRODUCTION_5_US declaredMaximumStepSeconds=5.00000000e-06 configuredMaximumStepSeconds=5.00000000e-06 actualCurrentStepSeconds=5.00000000e-06 observedMinimumStepSeconds=5.00000000e-06 observedMaximumStepSeconds=5.00000000e-06 minimumTimeStepSeconds=5.00000000e-11 adaptive=true
Q30_STEP_PROFILE seed=14 fault=DREV_OPEN profile=healthy-preparation boundary=END stepRole=PRODUCTION_5_US declaredMaximumStepSeconds=5.00000000e-06 configuredMaximumStepSeconds=5.00000000e-06 actualCurrentStepSeconds=5.00000000e-06 observedMinimumStepSeconds=5.00000000e-06 observedMaximumStepSeconds=5.00000000e-06 minimumTimeStepSeconds=5.00000000e-11 adaptive=true
Q30_STEP_PROFILE seed=14 fault=DREV_OPEN profile=fault-profile-preparation boundary=BEGIN stepRole=PRODUCTION_5_US declaredMaximumStepSeconds=5.00000000e-06 configuredMaximumStepSeconds=5.00000000e-06 actualCurrentStepSeconds=5.00000000e-06 observedMinimumStepSeconds=5.00000000e-06 observedMaximumStepSeconds=5.00000000e-06 minimumTimeStepSeconds=5.00000000e-11 adaptive=true
Q30_STEP_PROFILE seed=14 fault=DREV_OPEN profile=fault-profile-preparation boundary=END stepRole=PRODUCTION_5_US declaredMaximumStepSeconds=5.00000000e-06 configuredMaximumStepSeconds=5.00000000e-06 actualCurrentStepSeconds=5.00000000e-06 observedMinimumStepSeconds=5.00000000e-06 observedMaximumStepSeconds=5.00000000e-06 minimumTimeStepSeconds=5.00000000e-11 adaptive=true
Q30_STEP_PROFILE seed=14 fault=DREV_OPEN profile=faulted-four-input-profile boundary=BEGIN stepRole=PRODUCTION_5_US declaredMaximumStepSeconds=5.00000000e-06 configuredMaximumStepSeconds=5.00000000e-06 actualCurrentStepSeconds=5.00000000e-06 observedMinimumStepSeconds=5.00000000e-06 observedMaximumStepSeconds=5.00000000e-06 minimumTimeStepSeconds=5.00000000e-11 adaptive=true
Q30_STEP_PROFILE seed=14 fault=DREV_OPEN profile=faulted-four-input-profile boundary=END stepRole=PRODUCTION_5_US declaredMaximumStepSeconds=5.00000000e-06 configuredMaximumStepSeconds=5.00000000e-06 actualCurrentStepSeconds=5.00000000e-06 observedMinimumStepSeconds=5.00000000e-06 observedMaximumStepSeconds=5.00000000e-06 minimumTimeStepSeconds=5.00000000e-11 adaptive=true
Q30_STEP_PROFILE seed=14 fault=DREV_OPEN profile=unrepaired-customer-retest boundary=BEGIN stepRole=PRODUCTION_5_US declaredMaximumStepSeconds=5.00000000e-06 configuredMaximumStepSeconds=5.00000000e-06 actualCurrentStepSeconds=5.00000000e-06 observedMinimumStepSeconds=5.00000000e-06 observedMaximumStepSeconds=5.00000000e-06 minimumTimeStepSeconds=5.00000000e-11 adaptive=true
Q30_STEP_PROFILE seed=14 fault=DREV_OPEN profile=unrepaired-customer-retest boundary=END stepRole=PRODUCTION_5_US declaredMaximumStepSeconds=5.00000000e-06 configuredMaximumStepSeconds=5.00000000e-06 actualCurrentStepSeconds=5.00000000e-06 observedMinimumStepSeconds=5.00000000e-06 observedMaximumStepSeconds=5.00000000e-06 minimumTimeStepSeconds=5.00000000e-11 adaptive=true
Q30_STEP_PROFILE seed=14 fault=DREV_OPEN profile=service-power-off-wait boundary=BEGIN stepRole=PRODUCTION_5_US declaredMaximumStepSeconds=5.00000000e-06 configuredMaximumStepSeconds=5.00000000e-06 actualCurrentStepSeconds=5.00000000e-06 observedMinimumStepSeconds=5.00000000e-06 observedMaximumStepSeconds=5.00000000e-06 minimumTimeStepSeconds=5.00000000e-11 adaptive=true
Q30_STEP_PROFILE seed=14 fault=DREV_OPEN profile=service-power-off-wait boundary=END stepRole=PRODUCTION_5_US declaredMaximumStepSeconds=5.00000000e-06 configuredMaximumStepSeconds=5.00000000e-06 actualCurrentStepSeconds=5.00000000e-06 observedMinimumStepSeconds=5.00000000e-06 observedMaximumStepSeconds=5.00000000e-06 minimumTimeStepSeconds=5.00000000e-11 adaptive=true
Q30_STEP_PROFILE seed=14 fault=DREV_OPEN profile=reinstalled-original-customer-retest boundary=BEGIN stepRole=PRODUCTION_5_US declaredMaximumStepSeconds=5.00000000e-06 configuredMaximumStepSeconds=5.00000000e-06 actualCurrentStepSeconds=5.00000000e-06 observedMinimumStepSeconds=5.00000000e-06 observedMaximumStepSeconds=5.00000000e-06 minimumTimeStepSeconds=5.00000000e-11 adaptive=true
Q30_STEP_PROFILE seed=14 fault=DREV_OPEN profile=reinstalled-original-customer-retest boundary=END stepRole=PRODUCTION_5_US declaredMaximumStepSeconds=5.00000000e-06 configuredMaximumStepSeconds=5.00000000e-06 actualCurrentStepSeconds=5.00000000e-06 observedMinimumStepSeconds=5.00000000e-06 observedMaximumStepSeconds=5.00000000e-06 minimumTimeStepSeconds=5.00000000e-11 adaptive=true
Q30_STEP_PROFILE seed=14 fault=DREV_OPEN profile=service-power-off-wait boundary=BEGIN stepRole=PRODUCTION_5_US declaredMaximumStepSeconds=5.00000000e-06 configuredMaximumStepSeconds=5.00000000e-06 actualCurrentStepSeconds=5.00000000e-06 observedMinimumStepSeconds=5.00000000e-06 observedMaximumStepSeconds=5.00000000e-06 minimumTimeStepSeconds=5.00000000e-11 adaptive=true
Q30_STEP_PROFILE seed=14 fault=DREV_OPEN profile=service-power-off-wait boundary=END stepRole=PRODUCTION_5_US declaredMaximumStepSeconds=5.00000000e-06 configuredMaximumStepSeconds=5.00000000e-06 actualCurrentStepSeconds=5.00000000e-06 observedMinimumStepSeconds=5.00000000e-06 observedMaximumStepSeconds=5.00000000e-06 minimumTimeStepSeconds=5.00000000e-11 adaptive=true
Q30_STEP_PROFILE seed=14 fault=DREV_OPEN profile=repaired-customer-retest boundary=BEGIN stepRole=PRODUCTION_5_US declaredMaximumStepSeconds=5.00000000e-06 configuredMaximumStepSeconds=5.00000000e-06 actualCurrentStepSeconds=5.00000000e-06 observedMinimumStepSeconds=5.00000000e-06 observedMaximumStepSeconds=5.00000000e-06 minimumTimeStepSeconds=5.00000000e-11 adaptive=true
Q30_STEP_PROFILE seed=14 fault=DREV_OPEN profile=repaired-customer-retest boundary=END stepRole=PRODUCTION_5_US declaredMaximumStepSeconds=5.00000000e-06 configuredMaximumStepSeconds=5.00000000e-06 actualCurrentStepSeconds=5.00000000e-06 observedMinimumStepSeconds=5.00000000e-06 observedMaximumStepSeconds=5.00000000e-06 minimumTimeStepSeconds=5.00000000e-11 adaptive=true
Q30_STEP_OWNER_CLEANUP seed=14 fault=DREV_OPEN declaredMaximumStepSeconds=5.00000000e-06 stepRole=PRODUCTION_5_US cleanup=true elapsedMillis=0
Q30_STEP_PAIR seed=14 support=COMPACT_33 fault=DREV_OPEN referenceMaximumStepSeconds=2.50000000e-06 productionCandidateMaximumStepSeconds=5.00000000e-06 candidateKind=PRODUCTION_5_US maxDeltaVolts=0.00617541127 toleranceVolts=0.0159721433 phase=faulted sample=SENSORS_LOW/U1.OUTPUT-J1.2 referenceElapsedMillis=16201 productionCandidateElapsedMillis=8258 referenceSimSeconds=1.16019250 productionCandidateSimSeconds=1.16036000 referenceCleanupMillis=0 productionCandidateCleanupMillis=0 cleanup=true
Q30_STEP_SEED seed=14 support=COMPACT_33 referenceMaximumStepSeconds=2.50000000e-06 productionCandidateMaximumStepSeconds=5.00000000e-06 candidateKind=PRODUCTION_5_US routeTopology=RB30_SEPARATE_DIRECT_A_NMOS_B_NMOS_COMPACT_33 routeAndPairsElapsedMillis=29692
Q30_STEP_SEED_CLEANUP seed=14 cleanup=true elapsedMillis=0
PASS: Q30 production solver step sensitivity assertions=1459 seed=14 support=COMPACT_33 faults=1 referenceMaximumStepSeconds=2.50000000e-06 productionCandidateMaximumStepSeconds=5.00000000e-06 candidateKind=PRODUCTION_5_US elapsedMillis=29692

node 11 unconnected
converged after 25 iterations, timeStep = 2.5E-6
converged after 9 iterations, timeStep = 2.5E-6
node 11 unconnected
node 11 unconnected
converged after 14 iterations, timeStep = 2.5E-6
node 11 unconnected
converged after 15 iterations, timeStep = 2.5E-6
node 11 unconnected
converged after 14 iterations, timeStep = 2.5E-6
node 11 unconnected
converged after 15 iterations, timeStep = 2.5E-6
node 11 unconnected
converged after 15 iterations, timeStep = 2.5E-6
converged after 13 iterations, timeStep = 2.5E-6
node 11 unconnected
node 11 unconnected
node 11 unconnected
node 11 unconnected
node 11 unconnected
node 11 unconnected
node 11 unconnected
node 11 unconnected
node 11 unconnected
node 11 unconnected
node 11 unconnected
node 11 unconnected
node 11 unconnected
node 11 unconnected
node 11 unconnected
node 16 unconnected
node 20 unconnected
node 11 unconnected
node 11 unconnected
node 11 unconnected
node 11 unconnected
node 11 unconnected
node 11 unconnected
node 11 unconnected
node 11 unconnected
node 11 unconnected
node 11 unconnected
node 11 unconnected
node 11 unconnected
node 11 unconnected
node 16 unconnected
node 20 unconnected
node 11 unconnected
node 16 unconnected
node 20 unconnected
converged after 7 iterations, timeStep = 2.5E-6
converged after 7 iterations, timeStep = 2.5E-6
node 11 unconnected
node 16 unconnected
node 20 unconnected
converged after 40 iterations, timeStep = 2.5E-6
node 11 unconnected
node 16 unconnected
node 20 unconnected
converged after 9 iterations, timeStep = 2.5E-6
node 11 unconnected
node 16 unconnected
node 20 unconnected
converged after 14 iterations, timeStep = 2.5E-6
node 11 unconnected
node 16 unconnected
node 20 unconnected
converged after 15 iterations, timeStep = 2.5E-6
node 11 unconnected
node 16 unconnected
node 20 unconnected
converged after 14 iterations, timeStep = 2.5E-6
node 11 unconnected
converged after 25 iterations, timeStep = 5.0E-6
converged after 6 iterations, timeStep = 5.0E-6
node 11 unconnected
node 11 unconnected
converged after 14 iterations, timeStep = 5.0E-6
node 11 unconnected
converged after 15 iterations, timeStep = 5.0E-6
node 11 unconnected
converged after 14 iterations, timeStep = 5.0E-6
node 11 unconnected
converged after 15 iterations, timeStep = 5.0E-6
node 11 unconnected
converged after 15 iterations, timeStep = 5.0E-6
converged after 13 iterations, timeStep = 5.0E-6
node 11 unconnected
node 11 unconnected
node 11 unconnected
node 11 unconnected
node 11 unconnected
node 11 unconnected
node 11 unconnected
node 11 unconnected
node 11 unconnected
node 11 unconnected
node 11 unconnected
node 11 unconnected
node 11 unconnected
node 11 unconnected
node 11 unconnected
node 16 unconnected
node 20 unconnected
node 11 unconnected
node 11 unconnected
node 11 unconnected
node 11 unconnected
node 11 unconnected
node 11 unconnected
node 11 unconnected
node 11 unconnected
node 11 unconnected
node 11 unconnected
node 11 unconnected
node 11 unconnected
node 11 unconnected
node 16 unconnected
node 20 unconnected
node 11 unconnected
node 16 unconnected
node 20 unconnected
converged after 7 iterations, timeStep = 5.0E-6
converged after 6 iterations, timeStep = 5.0E-6
node 11 unconnected
node 16 unconnected
node 20 unconnected
converged after 40 iterations, timeStep = 5.0E-6
node 11 unconnected
node 16 unconnected
node 20 unconnected
converged after 10 iterations, timeStep = 5.0E-6
node 11 unconnected
node 16 unconnected
node 20 unconnected
converged after 14 iterations, timeStep = 5.0E-6
node 11 unconnected
node 16 unconnected
node 20 unconnected
converged after 15 iterations, timeStep = 5.0E-6
node 11 unconnected
node 16 unconnected
node 20 unconnected
converged after 14 iterations, timeStep = 5.0E-6

Q30_STEP_PROFILE seed=14 fault=REN_OPEN profile=initial-electrical-settle boundary=BEGIN stepRole=FINER_2_5_US_REFERENCE declaredMaximumStepSeconds=2.50000000e-06 configuredMaximumStepSeconds=2.50000000e-06 actualCurrentStepSeconds=2.50000000e-06 observedMinimumStepSeconds=2.50000000e-06 observedMaximumStepSeconds=2.50000000e-06 minimumTimeStepSeconds=5.00000000e-11 adaptive=true
Q30_STEP_PROFILE seed=14 fault=REN_OPEN profile=initial-electrical-settle boundary=END stepRole=FINER_2_5_US_REFERENCE declaredMaximumStepSeconds=2.50000000e-06 configuredMaximumStepSeconds=2.50000000e-06 actualCurrentStepSeconds=2.50000000e-06 observedMinimumStepSeconds=2.50000000e-06 observedMaximumStepSeconds=2.50000000e-06 minimumTimeStepSeconds=5.00000000e-11 adaptive=true
Q30_STEP_PROFILE seed=14 fault=REN_OPEN profile=healthy-preparation boundary=BEGIN stepRole=FINER_2_5_US_REFERENCE declaredMaximumStepSeconds=2.50000000e-06 configuredMaximumStepSeconds=2.50000000e-06 actualCurrentStepSeconds=2.50000000e-06 observedMinimumStepSeconds=2.50000000e-06 observedMaximumStepSeconds=2.50000000e-06 minimumTimeStepSeconds=5.00000000e-11 adaptive=true
Q30_STEP_PROFILE seed=14 fault=REN_OPEN profile=healthy-preparation boundary=END stepRole=FINER_2_5_US_REFERENCE declaredMaximumStepSeconds=2.50000000e-06 configuredMaximumStepSeconds=2.50000000e-06 actualCurrentStepSeconds=2.50000000e-06 observedMinimumStepSeconds=2.50000000e-06 observedMaximumStepSeconds=2.50000000e-06 minimumTimeStepSeconds=5.00000000e-11 adaptive=true
Q30_STEP_PROFILE seed=14 fault=REN_OPEN profile=fault-profile-preparation boundary=BEGIN stepRole=FINER_2_5_US_REFERENCE declaredMaximumStepSeconds=2.50000000e-06 configuredMaximumStepSeconds=2.50000000e-06 actualCurrentStepSeconds=2.50000000e-06 observedMinimumStepSeconds=2.50000000e-06 observedMaximumStepSeconds=2.50000000e-06 minimumTimeStepSeconds=5.00000000e-11 adaptive=true
Q30_STEP_PROFILE seed=14 fault=REN_OPEN profile=fault-profile-preparation boundary=END stepRole=FINER_2_5_US_REFERENCE declaredMaximumStepSeconds=2.50000000e-06 configuredMaximumStepSeconds=2.50000000e-06 actualCurrentStepSeconds=2.50000000e-06 observedMinimumStepSeconds=2.50000000e-06 observedMaximumStepSeconds=2.50000000e-06 minimumTimeStepSeconds=5.00000000e-11 adaptive=true
Q30_STEP_PROFILE seed=14 fault=REN_OPEN profile=faulted-four-input-profile boundary=BEGIN stepRole=FINER_2_5_US_REFERENCE declaredMaximumStepSeconds=2.50000000e-06 configuredMaximumStepSeconds=2.50000000e-06 actualCurrentStepSeconds=2.50000000e-06 observedMinimumStepSeconds=2.50000000e-06 observedMaximumStepSeconds=2.50000000e-06 minimumTimeStepSeconds=5.00000000e-11 adaptive=true
Q30_STEP_PROFILE seed=14 fault=REN_OPEN profile=faulted-four-input-profile boundary=END stepRole=FINER_2_5_US_REFERENCE declaredMaximumStepSeconds=2.50000000e-06 configuredMaximumStepSeconds=2.50000000e-06 actualCurrentStepSeconds=2.50000000e-06 observedMinimumStepSeconds=2.50000000e-06 observedMaximumStepSeconds=2.50000000e-06 minimumTimeStepSeconds=5.00000000e-11 adaptive=true
Q30_STEP_PROFILE seed=14 fault=REN_OPEN profile=unrepaired-customer-retest boundary=BEGIN stepRole=FINER_2_5_US_REFERENCE declaredMaximumStepSeconds=2.50000000e-06 configuredMaximumStepSeconds=2.50000000e-06 actualCurrentStepSeconds=2.50000000e-06 observedMinimumStepSeconds=2.50000000e-06 observedMaximumStepSeconds=2.50000000e-06 minimumTimeStepSeconds=5.00000000e-11 adaptive=true
Q30_STEP_PROFILE seed=14 fault=REN_OPEN profile=unrepaired-customer-retest boundary=END stepRole=FINER_2_5_US_REFERENCE declaredMaximumStepSeconds=2.50000000e-06 configuredMaximumStepSeconds=2.50000000e-06 actualCurrentStepSeconds=2.50000000e-06 observedMinimumStepSeconds=2.50000000e-06 observedMaximumStepSeconds=2.50000000e-06 minimumTimeStepSeconds=5.00000000e-11 adaptive=true
Q30_STEP_PROFILE seed=14 fault=REN_OPEN profile=service-power-off-wait boundary=BEGIN stepRole=FINER_2_5_US_REFERENCE declaredMaximumStepSeconds=2.50000000e-06 configuredMaximumStepSeconds=2.50000000e-06 actualCurrentStepSeconds=2.50000000e-06 observedMinimumStepSeconds=2.50000000e-06 observedMaximumStepSeconds=2.50000000e-06 minimumTimeStepSeconds=5.00000000e-11 adaptive=true
Q30_STEP_PROFILE seed=14 fault=REN_OPEN profile=service-power-off-wait boundary=END stepRole=FINER_2_5_US_REFERENCE declaredMaximumStepSeconds=2.50000000e-06 configuredMaximumStepSeconds=2.50000000e-06 actualCurrentStepSeconds=2.50000000e-06 observedMinimumStepSeconds=2.50000000e-06 observedMaximumStepSeconds=2.50000000e-06 minimumTimeStepSeconds=5.00000000e-11 adaptive=true
Q30_STEP_PROFILE seed=14 fault=REN_OPEN profile=reinstalled-original-customer-retest boundary=BEGIN stepRole=FINER_2_5_US_REFERENCE declaredMaximumStepSeconds=2.50000000e-06 configuredMaximumStepSeconds=2.50000000e-06 actualCurrentStepSeconds=2.50000000e-06 observedMinimumStepSeconds=2.50000000e-06 observedMaximumStepSeconds=2.50000000e-06 minimumTimeStepSeconds=5.00000000e-11 adaptive=true
Q30_STEP_PROFILE seed=14 fault=REN_OPEN profile=reinstalled-original-customer-retest boundary=END stepRole=FINER_2_5_US_REFERENCE declaredMaximumStepSeconds=2.50000000e-06 configuredMaximumStepSeconds=2.50000000e-06 actualCurrentStepSeconds=2.50000000e-06 observedMinimumStepSeconds=2.50000000e-06 observedMaximumStepSeconds=2.50000000e-06 minimumTimeStepSeconds=5.00000000e-11 adaptive=true
Q30_STEP_PROFILE seed=14 fault=REN_OPEN profile=service-power-off-wait boundary=BEGIN stepRole=FINER_2_5_US_REFERENCE declaredMaximumStepSeconds=2.50000000e-06 configuredMaximumStepSeconds=2.50000000e-06 actualCurrentStepSeconds=2.50000000e-06 observedMinimumStepSeconds=2.50000000e-06 observedMaximumStepSeconds=2.50000000e-06 minimumTimeStepSeconds=5.00000000e-11 adaptive=true
Q30_STEP_PROFILE seed=14 fault=REN_OPEN profile=service-power-off-wait boundary=END stepRole=FINER_2_5_US_REFERENCE declaredMaximumStepSeconds=2.50000000e-06 configuredMaximumStepSeconds=2.50000000e-06 actualCurrentStepSeconds=2.50000000e-06 observedMinimumStepSeconds=2.50000000e-06 observedMaximumStepSeconds=2.50000000e-06 minimumTimeStepSeconds=5.00000000e-11 adaptive=true
Q30_STEP_PROFILE seed=14 fault=REN_OPEN profile=repaired-customer-retest boundary=BEGIN stepRole=FINER_2_5_US_REFERENCE declaredMaximumStepSeconds=2.50000000e-06 configuredMaximumStepSeconds=2.50000000e-06 actualCurrentStepSeconds=2.50000000e-06 observedMinimumStepSeconds=2.50000000e-06 observedMaximumStepSeconds=2.50000000e-06 minimumTimeStepSeconds=5.00000000e-11 adaptive=true
Q30_STEP_PROFILE seed=14 fault=REN_OPEN profile=repaired-customer-retest boundary=END stepRole=FINER_2_5_US_REFERENCE declaredMaximumStepSeconds=2.50000000e-06 configuredMaximumStepSeconds=2.50000000e-06 actualCurrentStepSeconds=2.50000000e-06 observedMinimumStepSeconds=2.50000000e-06 observedMaximumStepSeconds=2.50000000e-06 minimumTimeStepSeconds=5.00000000e-11 adaptive=true
Q30_STEP_OWNER_CLEANUP seed=14 fault=REN_OPEN declaredMaximumStepSeconds=2.50000000e-06 stepRole=FINER_2_5_US_REFERENCE cleanup=true elapsedMillis=0
Q30_STEP_PROFILE seed=14 fault=REN_OPEN profile=initial-electrical-settle boundary=BEGIN stepRole=PRODUCTION_5_US declaredMaximumStepSeconds=5.00000000e-06 configuredMaximumStepSeconds=5.00000000e-06 actualCurrentStepSeconds=5.00000000e-06 observedMinimumStepSeconds=5.00000000e-06 observedMaximumStepSeconds=5.00000000e-06 minimumTimeStepSeconds=5.00000000e-11 adaptive=true
Q30_STEP_PROFILE seed=14 fault=REN_OPEN profile=initial-electrical-settle boundary=END stepRole=PRODUCTION_5_US declaredMaximumStepSeconds=5.00000000e-06 configuredMaximumStepSeconds=5.00000000e-06 actualCurrentStepSeconds=5.00000000e-06 observedMinimumStepSeconds=5.00000000e-06 observedMaximumStepSeconds=5.00000000e-06 minimumTimeStepSeconds=5.00000000e-11 adaptive=true
Q30_STEP_PROFILE seed=14 fault=REN_OPEN profile=healthy-preparation boundary=BEGIN stepRole=PRODUCTION_5_US declaredMaximumStepSeconds=5.00000000e-06 configuredMaximumStepSeconds=5.00000000e-06 actualCurrentStepSeconds=5.00000000e-06 observedMinimumStepSeconds=5.00000000e-06 observedMaximumStepSeconds=5.00000000e-06 minimumTimeStepSeconds=5.00000000e-11 adaptive=true
Q30_STEP_PROFILE seed=14 fault=REN_OPEN profile=healthy-preparation boundary=END stepRole=PRODUCTION_5_US declaredMaximumStepSeconds=5.00000000e-06 configuredMaximumStepSeconds=5.00000000e-06 actualCurrentStepSeconds=5.00000000e-06 observedMinimumStepSeconds=5.00000000e-06 observedMaximumStepSeconds=5.00000000e-06 minimumTimeStepSeconds=5.00000000e-11 adaptive=true
Q30_STEP_PROFILE seed=14 fault=REN_OPEN profile=fault-profile-preparation boundary=BEGIN stepRole=PRODUCTION_5_US declaredMaximumStepSeconds=5.00000000e-06 configuredMaximumStepSeconds=5.00000000e-06 actualCurrentStepSeconds=5.00000000e-06 observedMinimumStepSeconds=5.00000000e-06 observedMaximumStepSeconds=5.00000000e-06 minimumTimeStepSeconds=5.00000000e-11 adaptive=true
Q30_STEP_PROFILE seed=14 fault=REN_OPEN profile=fault-profile-preparation boundary=END stepRole=PRODUCTION_5_US declaredMaximumStepSeconds=5.00000000e-06 configuredMaximumStepSeconds=5.00000000e-06 actualCurrentStepSeconds=5.00000000e-06 observedMinimumStepSeconds=5.00000000e-06 observedMaximumStepSeconds=5.00000000e-06 minimumTimeStepSeconds=5.00000000e-11 adaptive=true
Q30_STEP_PROFILE seed=14 fault=REN_OPEN profile=faulted-four-input-profile boundary=BEGIN stepRole=PRODUCTION_5_US declaredMaximumStepSeconds=5.00000000e-06 configuredMaximumStepSeconds=5.00000000e-06 actualCurrentStepSeconds=5.00000000e-06 observedMinimumStepSeconds=5.00000000e-06 observedMaximumStepSeconds=5.00000000e-06 minimumTimeStepSeconds=5.00000000e-11 adaptive=true
Q30_STEP_PROFILE seed=14 fault=REN_OPEN profile=faulted-four-input-profile boundary=END stepRole=PRODUCTION_5_US declaredMaximumStepSeconds=5.00000000e-06 configuredMaximumStepSeconds=5.00000000e-06 actualCurrentStepSeconds=5.00000000e-06 observedMinimumStepSeconds=5.00000000e-06 observedMaximumStepSeconds=5.00000000e-06 minimumTimeStepSeconds=5.00000000e-11 adaptive=true
Q30_STEP_PROFILE seed=14 fault=REN_OPEN profile=unrepaired-customer-retest boundary=BEGIN stepRole=PRODUCTION_5_US declaredMaximumStepSeconds=5.00000000e-06 configuredMaximumStepSeconds=5.00000000e-06 actualCurrentStepSeconds=5.00000000e-06 observedMinimumStepSeconds=5.00000000e-06 observedMaximumStepSeconds=5.00000000e-06 minimumTimeStepSeconds=5.00000000e-11 adaptive=true
Q30_STEP_PROFILE seed=14 fault=REN_OPEN profile=unrepaired-customer-retest boundary=END stepRole=PRODUCTION_5_US declaredMaximumStepSeconds=5.00000000e-06 configuredMaximumStepSeconds=5.00000000e-06 actualCurrentStepSeconds=5.00000000e-06 observedMinimumStepSeconds=5.00000000e-06 observedMaximumStepSeconds=5.00000000e-06 minimumTimeStepSeconds=5.00000000e-11 adaptive=true
Q30_STEP_PROFILE seed=14 fault=REN_OPEN profile=service-power-off-wait boundary=BEGIN stepRole=PRODUCTION_5_US declaredMaximumStepSeconds=5.00000000e-06 configuredMaximumStepSeconds=5.00000000e-06 actualCurrentStepSeconds=5.00000000e-06 observedMinimumStepSeconds=5.00000000e-06 observedMaximumStepSeconds=5.00000000e-06 minimumTimeStepSeconds=5.00000000e-11 adaptive=true
Q30_STEP_PROFILE seed=14 fault=REN_OPEN profile=service-power-off-wait boundary=END stepRole=PRODUCTION_5_US declaredMaximumStepSeconds=5.00000000e-06 configuredMaximumStepSeconds=5.00000000e-06 actualCurrentStepSeconds=5.00000000e-06 observedMinimumStepSeconds=5.00000000e-06 observedMaximumStepSeconds=5.00000000e-06 minimumTimeStepSeconds=5.00000000e-11 adaptive=true
Q30_STEP_PROFILE seed=14 fault=REN_OPEN profile=reinstalled-original-customer-retest boundary=BEGIN stepRole=PRODUCTION_5_US declaredMaximumStepSeconds=5.00000000e-06 configuredMaximumStepSeconds=5.00000000e-06 actualCurrentStepSeconds=5.00000000e-06 observedMinimumStepSeconds=5.00000000e-06 observedMaximumStepSeconds=5.00000000e-06 minimumTimeStepSeconds=5.00000000e-11 adaptive=true
Q30_STEP_PROFILE seed=14 fault=REN_OPEN profile=reinstalled-original-customer-retest boundary=END stepRole=PRODUCTION_5_US declaredMaximumStepSeconds=5.00000000e-06 configuredMaximumStepSeconds=5.00000000e-06 actualCurrentStepSeconds=5.00000000e-06 observedMinimumStepSeconds=5.00000000e-06 observedMaximumStepSeconds=5.00000000e-06 minimumTimeStepSeconds=5.00000000e-11 adaptive=true
Q30_STEP_PROFILE seed=14 fault=REN_OPEN profile=service-power-off-wait boundary=BEGIN stepRole=PRODUCTION_5_US declaredMaximumStepSeconds=5.00000000e-06 configuredMaximumStepSeconds=5.00000000e-06 actualCurrentStepSeconds=5.00000000e-06 observedMinimumStepSeconds=5.00000000e-06 observedMaximumStepSeconds=5.00000000e-06 minimumTimeStepSeconds=5.00000000e-11 adaptive=true
Q30_STEP_PROFILE seed=14 fault=REN_OPEN profile=service-power-off-wait boundary=END stepRole=PRODUCTION_5_US declaredMaximumStepSeconds=5.00000000e-06 configuredMaximumStepSeconds=5.00000000e-06 actualCurrentStepSeconds=5.00000000e-06 observedMinimumStepSeconds=5.00000000e-06 observedMaximumStepSeconds=5.00000000e-06 minimumTimeStepSeconds=5.00000000e-11 adaptive=true
Q30_STEP_PROFILE seed=14 fault=REN_OPEN profile=repaired-customer-retest boundary=BEGIN stepRole=PRODUCTION_5_US declaredMaximumStepSeconds=5.00000000e-06 configuredMaximumStepSeconds=5.00000000e-06 actualCurrentStepSeconds=5.00000000e-06 observedMinimumStepSeconds=5.00000000e-06 observedMaximumStepSeconds=5.00000000e-06 minimumTimeStepSeconds=5.00000000e-11 adaptive=true
Q30_STEP_PROFILE seed=14 fault=REN_OPEN profile=repaired-customer-retest boundary=END stepRole=PRODUCTION_5_US declaredMaximumStepSeconds=5.00000000e-06 configuredMaximumStepSeconds=5.00000000e-06 actualCurrentStepSeconds=5.00000000e-06 observedMinimumStepSeconds=5.00000000e-06 observedMaximumStepSeconds=5.00000000e-06 minimumTimeStepSeconds=5.00000000e-11 adaptive=true
Q30_STEP_OWNER_CLEANUP seed=14 fault=REN_OPEN declaredMaximumStepSeconds=5.00000000e-06 stepRole=PRODUCTION_5_US cleanup=true elapsedMillis=0
Q30_STEP_PAIR seed=14 support=COMPACT_33 fault=REN_OPEN referenceMaximumStepSeconds=2.50000000e-06 productionCandidateMaximumStepSeconds=5.00000000e-06 candidateKind=PRODUCTION_5_US maxDeltaVolts=7.09037362e-05 toleranceVolts=0.0100782267 phase=faulted sample=SENSORS_LOW/U1.OUTPUT-J1.2 referenceElapsedMillis=14639 productionCandidateElapsedMillis=7386 referenceSimSeconds=1.16019250 productionCandidateSimSeconds=1.16036000 referenceCleanupMillis=0 productionCandidateCleanupMillis=0 cleanup=true
Q30_STEP_SEED seed=14 support=COMPACT_33 referenceMaximumStepSeconds=2.50000000e-06 productionCandidateMaximumStepSeconds=5.00000000e-06 candidateKind=PRODUCTION_5_US routeTopology=RB30_SEPARATE_DIRECT_A_NMOS_B_NMOS_COMPACT_33 routeAndPairsElapsedMillis=27477
Q30_STEP_OWNER_CLEANUP seed=14 fault=DREV_OPEN declaredMaximumStepSeconds=2.50000000e-06 stepRole=FINER_2_5_US_REFERENCE cleanup=true elapsedMillis=0
Q30_STEP_SEED_CLEANUP seed=14 cleanup=true elapsedMillis=0
PASS: Q30 production solver step sensitivity assertions=1704 seed=14 support=COMPACT_33 faults=1 referenceMaximumStepSeconds=2.50000000e-06 productionCandidateMaximumStepSeconds=5.00000000e-06 candidateKind=PRODUCTION_5_US elapsedMillis=27477

node 11 unconnected
converged after 25 iterations, timeStep = 2.5E-6
converged after 9 iterations, timeStep = 2.5E-6
node 11 unconnected
node 11 unconnected
converged after 14 iterations, timeStep = 2.5E-6
node 11 unconnected
converged after 15 iterations, timeStep = 2.5E-6
node 11 unconnected
converged after 14 iterations, timeStep = 2.5E-6
node 11 unconnected
converged after 15 iterations, timeStep = 2.5E-6
node 11 unconnected
node 20 unconnected
converged after 14 iterations, timeStep = 2.5E-6
converged after 12 iterations, timeStep = 2.5E-6
node 11 unconnected
node 20 unconnected
node 11 unconnected
node 20 unconnected
node 11 unconnected
node 20 unconnected
node 11 unconnected
node 20 unconnected
node 11 unconnected
node 20 unconnected
node 11 unconnected
node 20 unconnected
node 11 unconnected
node 20 unconnected
node 11 unconnected
node 20 unconnected
node 11 unconnected
node 20 unconnected
node 11 unconnected
node 20 unconnected
node 11 unconnected
node 20 unconnected
node 11 unconnected
node 20 unconnected
node 11 unconnected
node 20 unconnected
node 11 unconnected
node 20 unconnected
node 11 unconnected
node 20 unconnected
node 21 unconnected
node 23 unconnected
node 11 unconnected
node 20 unconnected
node 11 unconnected
node 20 unconnected
converged after 6 iterations, timeStep = 2.5E-6
node 11 unconnected
node 20 unconnected
node 11 unconnected
node 20 unconnected
node 11 unconnected
node 20 unconnected
node 11 unconnected
node 20 unconnected
node 11 unconnected
node 20 unconnected
node 11 unconnected
node 20 unconnected
node 11 unconnected
node 20 unconnected
node 11 unconnected
node 20 unconnected
node 11 unconnected
node 20 unconnected
node 11 unconnected
node 20 unconnected
node 11 unconnected
node 20 unconnected
node 21 unconnected
node 23 unconnected
node 11 unconnected
node 21 unconnected
node 23 unconnected
converged after 13 iterations, timeStep = 2.5E-6
node 11 unconnected
node 21 unconnected
node 23 unconnected
converged after 13 iterations, timeStep = 2.5E-6
converged after 7 iterations, timeStep = 2.5E-6
node 11 unconnected
node 21 unconnected
node 23 unconnected
converged after 15 iterations, timeStep = 2.5E-6
node 11 unconnected
node 21 unconnected
node 23 unconnected
converged after 14 iterations, timeStep = 2.5E-6
node 11 unconnected
node 21 unconnected
node 23 unconnected
converged after 15 iterations, timeStep = 2.5E-6
node 11 unconnected
node 21 unconnected
node 23 unconnected
converged after 14 iterations, timeStep = 2.5E-6
node 11 unconnected
converged after 25 iterations, timeStep = 5.0E-6
converged after 6 iterations, timeStep = 5.0E-6
node 11 unconnected
node 11 unconnected
converged after 14 iterations, timeStep = 5.0E-6
node 11 unconnected
converged after 15 iterations, timeStep = 5.0E-6
node 11 unconnected
converged after 14 iterations, timeStep = 5.0E-6
node 11 unconnected
converged after 15 iterations, timeStep = 5.0E-6
node 11 unconnected
node 20 unconnected
converged after 18 iterations, timeStep = 5.0E-6
converged after 12 iterations, timeStep = 5.0E-6
node 11 unconnected
node 20 unconnected
node 11 unconnected
node 20 unconnected
node 11 unconnected
node 20 unconnected
node 11 unconnected
node 20 unconnected
node 11 unconnected
node 20 unconnected
node 11 unconnected
node 20 unconnected
node 11 unconnected
node 20 unconnected
node 11 unconnected
node 20 unconnected
node 11 unconnected
node 20 unconnected
node 11 unconnected
node 20 unconnected
node 11 unconnected
node 20 unconnected
node 11 unconnected
node 20 unconnected
node 11 unconnected
node 20 unconnected
node 11 unconnected
node 20 unconnected
node 11 unconnected
node 20 unconnected
node 21 unconnected
node 23 unconnected
node 11 unconnected
node 20 unconnected
node 11 unconnected
node 20 unconnected
converged after 6 iterations, timeStep = 5.0E-6
node 11 unconnected
node 20 unconnected
node 11 unconnected
node 20 unconnected
node 11 unconnected
node 20 unconnected
node 11 unconnected
node 20 unconnected
node 11 unconnected
node 20 unconnected
node 11 unconnected
node 20 unconnected
node 11 unconnected
node 20 unconnected
node 11 unconnected
node 20 unconnected
node 11 unconnected
node 20 unconnected
node 11 unconnected
node 20 unconnected
node 11 unconnected
node 20 unconnected
node 21 unconnected
node 23 unconnected
node 11 unconnected
node 21 unconnected
node 23 unconnected
converged after 13 iterations, timeStep = 5.0E-6
node 11 unconnected
node 21 unconnected
node 23 unconnected
converged after 14 iterations, timeStep = 5.0E-6
converged after 7 iterations, timeStep = 5.0E-6
node 11 unconnected
node 21 unconnected
node 23 unconnected
converged after 15 iterations, timeStep = 5.0E-6
node 11 unconnected
node 21 unconnected
node 23 unconnected
converged after 14 iterations, timeStep = 5.0E-6
node 11 unconnected
node 21 unconnected
node 23 unconnected
converged after 15 iterations, timeStep = 5.0E-6
node 11 unconnected
node 21 unconnected
node 23 unconnected
converged after 14 iterations, timeStep = 5.0E-6

Q30_STEP_PROFILE seed=14 fault=SENSOR_A_OPEN profile=initial-electrical-settle boundary=BEGIN stepRole=FINER_2_5_US_REFERENCE declaredMaximumStepSeconds=2.50000000e-06 configuredMaximumStepSeconds=2.50000000e-06 actualCurrentStepSeconds=2.50000000e-06 observedMinimumStepSeconds=2.50000000e-06 observedMaximumStepSeconds=2.50000000e-06 minimumTimeStepSeconds=5.00000000e-11 adaptive=true
Q30_STEP_PROFILE seed=14 fault=SENSOR_A_OPEN profile=initial-electrical-settle boundary=END stepRole=FINER_2_5_US_REFERENCE declaredMaximumStepSeconds=2.50000000e-06 configuredMaximumStepSeconds=2.50000000e-06 actualCurrentStepSeconds=2.50000000e-06 observedMinimumStepSeconds=2.50000000e-06 observedMaximumStepSeconds=2.50000000e-06 minimumTimeStepSeconds=5.00000000e-11 adaptive=true
Q30_STEP_PROFILE seed=14 fault=SENSOR_A_OPEN profile=healthy-preparation boundary=BEGIN stepRole=FINER_2_5_US_REFERENCE declaredMaximumStepSeconds=2.50000000e-06 configuredMaximumStepSeconds=2.50000000e-06 actualCurrentStepSeconds=2.50000000e-06 observedMinimumStepSeconds=2.50000000e-06 observedMaximumStepSeconds=2.50000000e-06 minimumTimeStepSeconds=5.00000000e-11 adaptive=true
Q30_STEP_PROFILE seed=14 fault=SENSOR_A_OPEN profile=healthy-preparation boundary=END stepRole=FINER_2_5_US_REFERENCE declaredMaximumStepSeconds=2.50000000e-06 configuredMaximumStepSeconds=2.50000000e-06 actualCurrentStepSeconds=2.50000000e-06 observedMinimumStepSeconds=2.50000000e-06 observedMaximumStepSeconds=2.50000000e-06 minimumTimeStepSeconds=5.00000000e-11 adaptive=true
Q30_STEP_PROFILE seed=14 fault=SENSOR_A_OPEN profile=fault-profile-preparation boundary=BEGIN stepRole=FINER_2_5_US_REFERENCE declaredMaximumStepSeconds=2.50000000e-06 configuredMaximumStepSeconds=2.50000000e-06 actualCurrentStepSeconds=2.50000000e-06 observedMinimumStepSeconds=2.50000000e-06 observedMaximumStepSeconds=2.50000000e-06 minimumTimeStepSeconds=5.00000000e-11 adaptive=true
Q30_STEP_PROFILE seed=14 fault=SENSOR_A_OPEN profile=fault-profile-preparation boundary=END stepRole=FINER_2_5_US_REFERENCE declaredMaximumStepSeconds=2.50000000e-06 configuredMaximumStepSeconds=2.50000000e-06 actualCurrentStepSeconds=2.50000000e-06 observedMinimumStepSeconds=2.50000000e-06 observedMaximumStepSeconds=2.50000000e-06 minimumTimeStepSeconds=5.00000000e-11 adaptive=true
Q30_STEP_PROFILE seed=14 fault=SENSOR_A_OPEN profile=faulted-four-input-profile boundary=BEGIN stepRole=FINER_2_5_US_REFERENCE declaredMaximumStepSeconds=2.50000000e-06 configuredMaximumStepSeconds=2.50000000e-06 actualCurrentStepSeconds=2.50000000e-06 observedMinimumStepSeconds=2.50000000e-06 observedMaximumStepSeconds=2.50000000e-06 minimumTimeStepSeconds=5.00000000e-11 adaptive=true
Q30_STEP_PROFILE seed=14 fault=SENSOR_A_OPEN profile=faulted-four-input-profile boundary=END stepRole=FINER_2_5_US_REFERENCE declaredMaximumStepSeconds=2.50000000e-06 configuredMaximumStepSeconds=2.50000000e-06 actualCurrentStepSeconds=2.50000000e-06 observedMinimumStepSeconds=2.50000000e-06 observedMaximumStepSeconds=2.50000000e-06 minimumTimeStepSeconds=5.00000000e-11 adaptive=true
Q30_STEP_PROFILE seed=14 fault=SENSOR_A_OPEN profile=unrepaired-customer-retest boundary=BEGIN stepRole=FINER_2_5_US_REFERENCE declaredMaximumStepSeconds=2.50000000e-06 configuredMaximumStepSeconds=2.50000000e-06 actualCurrentStepSeconds=2.50000000e-06 observedMinimumStepSeconds=2.50000000e-06 observedMaximumStepSeconds=2.50000000e-06 minimumTimeStepSeconds=5.00000000e-11 adaptive=true
Q30_STEP_PROFILE seed=14 fault=SENSOR_A_OPEN profile=unrepaired-customer-retest boundary=END stepRole=FINER_2_5_US_REFERENCE declaredMaximumStepSeconds=2.50000000e-06 configuredMaximumStepSeconds=2.50000000e-06 actualCurrentStepSeconds=2.50000000e-06 observedMinimumStepSeconds=2.50000000e-06 observedMaximumStepSeconds=2.50000000e-06 minimumTimeStepSeconds=5.00000000e-11 adaptive=true
Q30_STEP_PROFILE seed=14 fault=SENSOR_A_OPEN profile=service-power-off-wait boundary=BEGIN stepRole=FINER_2_5_US_REFERENCE declaredMaximumStepSeconds=2.50000000e-06 configuredMaximumStepSeconds=2.50000000e-06 actualCurrentStepSeconds=2.50000000e-06 observedMinimumStepSeconds=2.50000000e-06 observedMaximumStepSeconds=2.50000000e-06 minimumTimeStepSeconds=5.00000000e-11 adaptive=true
Q30_STEP_PROFILE seed=14 fault=SENSOR_A_OPEN profile=service-power-off-wait boundary=END stepRole=FINER_2_5_US_REFERENCE declaredMaximumStepSeconds=2.50000000e-06 configuredMaximumStepSeconds=2.50000000e-06 actualCurrentStepSeconds=2.50000000e-06 observedMinimumStepSeconds=2.50000000e-06 observedMaximumStepSeconds=2.50000000e-06 minimumTimeStepSeconds=5.00000000e-11 adaptive=true
Q30_STEP_PROFILE seed=14 fault=SENSOR_A_OPEN profile=reinstalled-original-customer-retest boundary=BEGIN stepRole=FINER_2_5_US_REFERENCE declaredMaximumStepSeconds=2.50000000e-06 configuredMaximumStepSeconds=2.50000000e-06 actualCurrentStepSeconds=2.50000000e-06 observedMinimumStepSeconds=2.50000000e-06 observedMaximumStepSeconds=2.50000000e-06 minimumTimeStepSeconds=5.00000000e-11 adaptive=true
Q30_STEP_PROFILE seed=14 fault=SENSOR_A_OPEN profile=reinstalled-original-customer-retest boundary=END stepRole=FINER_2_5_US_REFERENCE declaredMaximumStepSeconds=2.50000000e-06 configuredMaximumStepSeconds=2.50000000e-06 actualCurrentStepSeconds=2.50000000e-06 observedMinimumStepSeconds=2.50000000e-06 observedMaximumStepSeconds=2.50000000e-06 minimumTimeStepSeconds=5.00000000e-11 adaptive=true
Q30_STEP_PROFILE seed=14 fault=SENSOR_A_OPEN profile=service-power-off-wait boundary=BEGIN stepRole=FINER_2_5_US_REFERENCE declaredMaximumStepSeconds=2.50000000e-06 configuredMaximumStepSeconds=2.50000000e-06 actualCurrentStepSeconds=2.50000000e-06 observedMinimumStepSeconds=2.50000000e-06 observedMaximumStepSeconds=2.50000000e-06 minimumTimeStepSeconds=5.00000000e-11 adaptive=true
Q30_STEP_PROFILE seed=14 fault=SENSOR_A_OPEN profile=service-power-off-wait boundary=END stepRole=FINER_2_5_US_REFERENCE declaredMaximumStepSeconds=2.50000000e-06 configuredMaximumStepSeconds=2.50000000e-06 actualCurrentStepSeconds=2.50000000e-06 observedMinimumStepSeconds=2.50000000e-06 observedMaximumStepSeconds=2.50000000e-06 minimumTimeStepSeconds=5.00000000e-11 adaptive=true
Q30_STEP_PROFILE seed=14 fault=SENSOR_A_OPEN profile=repaired-customer-retest boundary=BEGIN stepRole=FINER_2_5_US_REFERENCE declaredMaximumStepSeconds=2.50000000e-06 configuredMaximumStepSeconds=2.50000000e-06 actualCurrentStepSeconds=2.50000000e-06 observedMinimumStepSeconds=2.50000000e-06 observedMaximumStepSeconds=2.50000000e-06 minimumTimeStepSeconds=5.00000000e-11 adaptive=true
Q30_STEP_PROFILE seed=14 fault=SENSOR_A_OPEN profile=repaired-customer-retest boundary=END stepRole=FINER_2_5_US_REFERENCE declaredMaximumStepSeconds=2.50000000e-06 configuredMaximumStepSeconds=2.50000000e-06 actualCurrentStepSeconds=2.50000000e-06 observedMinimumStepSeconds=2.50000000e-06 observedMaximumStepSeconds=2.50000000e-06 minimumTimeStepSeconds=5.00000000e-11 adaptive=true
Q30_STEP_OWNER_CLEANUP seed=14 fault=SENSOR_A_OPEN declaredMaximumStepSeconds=2.50000000e-06 stepRole=FINER_2_5_US_REFERENCE cleanup=true elapsedMillis=0
Q30_STEP_PROFILE seed=14 fault=SENSOR_A_OPEN profile=initial-electrical-settle boundary=BEGIN stepRole=PRODUCTION_5_US declaredMaximumStepSeconds=5.00000000e-06 configuredMaximumStepSeconds=5.00000000e-06 actualCurrentStepSeconds=5.00000000e-06 observedMinimumStepSeconds=5.00000000e-06 observedMaximumStepSeconds=5.00000000e-06 minimumTimeStepSeconds=5.00000000e-11 adaptive=true
Q30_STEP_PROFILE seed=14 fault=SENSOR_A_OPEN profile=initial-electrical-settle boundary=END stepRole=PRODUCTION_5_US declaredMaximumStepSeconds=5.00000000e-06 configuredMaximumStepSeconds=5.00000000e-06 actualCurrentStepSeconds=5.00000000e-06 observedMinimumStepSeconds=5.00000000e-06 observedMaximumStepSeconds=5.00000000e-06 minimumTimeStepSeconds=5.00000000e-11 adaptive=true
Q30_STEP_PROFILE seed=14 fault=SENSOR_A_OPEN profile=healthy-preparation boundary=BEGIN stepRole=PRODUCTION_5_US declaredMaximumStepSeconds=5.00000000e-06 configuredMaximumStepSeconds=5.00000000e-06 actualCurrentStepSeconds=5.00000000e-06 observedMinimumStepSeconds=5.00000000e-06 observedMaximumStepSeconds=5.00000000e-06 minimumTimeStepSeconds=5.00000000e-11 adaptive=true
Q30_STEP_PROFILE seed=14 fault=SENSOR_A_OPEN profile=healthy-preparation boundary=END stepRole=PRODUCTION_5_US declaredMaximumStepSeconds=5.00000000e-06 configuredMaximumStepSeconds=5.00000000e-06 actualCurrentStepSeconds=5.00000000e-06 observedMinimumStepSeconds=5.00000000e-06 observedMaximumStepSeconds=5.00000000e-06 minimumTimeStepSeconds=5.00000000e-11 adaptive=true
Q30_STEP_PROFILE seed=14 fault=SENSOR_A_OPEN profile=fault-profile-preparation boundary=BEGIN stepRole=PRODUCTION_5_US declaredMaximumStepSeconds=5.00000000e-06 configuredMaximumStepSeconds=5.00000000e-06 actualCurrentStepSeconds=5.00000000e-06 observedMinimumStepSeconds=5.00000000e-06 observedMaximumStepSeconds=5.00000000e-06 minimumTimeStepSeconds=5.00000000e-11 adaptive=true
Q30_STEP_PROFILE seed=14 fault=SENSOR_A_OPEN profile=fault-profile-preparation boundary=END stepRole=PRODUCTION_5_US declaredMaximumStepSeconds=5.00000000e-06 configuredMaximumStepSeconds=5.00000000e-06 actualCurrentStepSeconds=5.00000000e-06 observedMinimumStepSeconds=5.00000000e-06 observedMaximumStepSeconds=5.00000000e-06 minimumTimeStepSeconds=5.00000000e-11 adaptive=true
Q30_STEP_PROFILE seed=14 fault=SENSOR_A_OPEN profile=faulted-four-input-profile boundary=BEGIN stepRole=PRODUCTION_5_US declaredMaximumStepSeconds=5.00000000e-06 configuredMaximumStepSeconds=5.00000000e-06 actualCurrentStepSeconds=5.00000000e-06 observedMinimumStepSeconds=5.00000000e-06 observedMaximumStepSeconds=5.00000000e-06 minimumTimeStepSeconds=5.00000000e-11 adaptive=true
Q30_STEP_PROFILE seed=14 fault=SENSOR_A_OPEN profile=faulted-four-input-profile boundary=END stepRole=PRODUCTION_5_US declaredMaximumStepSeconds=5.00000000e-06 configuredMaximumStepSeconds=5.00000000e-06 actualCurrentStepSeconds=5.00000000e-06 observedMinimumStepSeconds=5.00000000e-06 observedMaximumStepSeconds=5.00000000e-06 minimumTimeStepSeconds=5.00000000e-11 adaptive=true
Q30_STEP_PROFILE seed=14 fault=SENSOR_A_OPEN profile=unrepaired-customer-retest boundary=BEGIN stepRole=PRODUCTION_5_US declaredMaximumStepSeconds=5.00000000e-06 configuredMaximumStepSeconds=5.00000000e-06 actualCurrentStepSeconds=5.00000000e-06 observedMinimumStepSeconds=5.00000000e-06 observedMaximumStepSeconds=5.00000000e-06 minimumTimeStepSeconds=5.00000000e-11 adaptive=true
Q30_STEP_PROFILE seed=14 fault=SENSOR_A_OPEN profile=unrepaired-customer-retest boundary=END stepRole=PRODUCTION_5_US declaredMaximumStepSeconds=5.00000000e-06 configuredMaximumStepSeconds=5.00000000e-06 actualCurrentStepSeconds=5.00000000e-06 observedMinimumStepSeconds=5.00000000e-06 observedMaximumStepSeconds=5.00000000e-06 minimumTimeStepSeconds=5.00000000e-11 adaptive=true
Q30_STEP_PROFILE seed=14 fault=SENSOR_A_OPEN profile=service-power-off-wait boundary=BEGIN stepRole=PRODUCTION_5_US declaredMaximumStepSeconds=5.00000000e-06 configuredMaximumStepSeconds=5.00000000e-06 actualCurrentStepSeconds=5.00000000e-06 observedMinimumStepSeconds=5.00000000e-06 observedMaximumStepSeconds=5.00000000e-06 minimumTimeStepSeconds=5.00000000e-11 adaptive=true
Q30_STEP_PROFILE seed=14 fault=SENSOR_A_OPEN profile=service-power-off-wait boundary=END stepRole=PRODUCTION_5_US declaredMaximumStepSeconds=5.00000000e-06 configuredMaximumStepSeconds=5.00000000e-06 actualCurrentStepSeconds=5.00000000e-06 observedMinimumStepSeconds=5.00000000e-06 observedMaximumStepSeconds=5.00000000e-06 minimumTimeStepSeconds=5.00000000e-11 adaptive=true
Q30_STEP_PROFILE seed=14 fault=SENSOR_A_OPEN profile=reinstalled-original-customer-retest boundary=BEGIN stepRole=PRODUCTION_5_US declaredMaximumStepSeconds=5.00000000e-06 configuredMaximumStepSeconds=5.00000000e-06 actualCurrentStepSeconds=5.00000000e-06 observedMinimumStepSeconds=5.00000000e-06 observedMaximumStepSeconds=5.00000000e-06 minimumTimeStepSeconds=5.00000000e-11 adaptive=true
Q30_STEP_PROFILE seed=14 fault=SENSOR_A_OPEN profile=reinstalled-original-customer-retest boundary=END stepRole=PRODUCTION_5_US declaredMaximumStepSeconds=5.00000000e-06 configuredMaximumStepSeconds=5.00000000e-06 actualCurrentStepSeconds=5.00000000e-06 observedMinimumStepSeconds=5.00000000e-06 observedMaximumStepSeconds=5.00000000e-06 minimumTimeStepSeconds=5.00000000e-11 adaptive=true
Q30_STEP_PROFILE seed=14 fault=SENSOR_A_OPEN profile=service-power-off-wait boundary=BEGIN stepRole=PRODUCTION_5_US declaredMaximumStepSeconds=5.00000000e-06 configuredMaximumStepSeconds=5.00000000e-06 actualCurrentStepSeconds=5.00000000e-06 observedMinimumStepSeconds=5.00000000e-06 observedMaximumStepSeconds=5.00000000e-06 minimumTimeStepSeconds=5.00000000e-11 adaptive=true
Q30_STEP_PROFILE seed=14 fault=SENSOR_A_OPEN profile=service-power-off-wait boundary=END stepRole=PRODUCTION_5_US declaredMaximumStepSeconds=5.00000000e-06 configuredMaximumStepSeconds=5.00000000e-06 actualCurrentStepSeconds=5.00000000e-06 observedMinimumStepSeconds=5.00000000e-06 observedMaximumStepSeconds=5.00000000e-06 minimumTimeStepSeconds=5.00000000e-11 adaptive=true
Q30_STEP_PROFILE seed=14 fault=SENSOR_A_OPEN profile=repaired-customer-retest boundary=BEGIN stepRole=PRODUCTION_5_US declaredMaximumStepSeconds=5.00000000e-06 configuredMaximumStepSeconds=5.00000000e-06 actualCurrentStepSeconds=5.00000000e-06 observedMinimumStepSeconds=5.00000000e-06 observedMaximumStepSeconds=5.00000000e-06 minimumTimeStepSeconds=5.00000000e-11 adaptive=true
Q30_STEP_PROFILE seed=14 fault=SENSOR_A_OPEN profile=repaired-customer-retest boundary=END stepRole=PRODUCTION_5_US declaredMaximumStepSeconds=5.00000000e-06 configuredMaximumStepSeconds=5.00000000e-06 actualCurrentStepSeconds=5.00000000e-06 observedMinimumStepSeconds=5.00000000e-06 observedMaximumStepSeconds=5.00000000e-06 minimumTimeStepSeconds=5.00000000e-11 adaptive=true
Q30_STEP_OWNER_CLEANUP seed=14 fault=SENSOR_A_OPEN declaredMaximumStepSeconds=5.00000000e-06 stepRole=PRODUCTION_5_US cleanup=true elapsedMillis=0
Q30_STEP_PAIR seed=14 support=COMPACT_33 fault=SENSOR_A_OPEN referenceMaximumStepSeconds=2.50000000e-06 productionCandidateMaximumStepSeconds=5.00000000e-06 candidateKind=PRODUCTION_5_US maxDeltaVolts=6.51905196e-11 toleranceVolts=0.122568912 phase=healthy sample=SENSORS_LOW/REN.2-J1.2 referenceElapsedMillis=16165 productionCandidateElapsedMillis=8285 referenceSimSeconds=1.16019250 productionCandidateSimSeconds=1.16036000 referenceCleanupMillis=0 productionCandidateCleanupMillis=0 cleanup=true
Q30_STEP_SEED seed=14 support=COMPACT_33 referenceMaximumStepSeconds=2.50000000e-06 productionCandidateMaximumStepSeconds=5.00000000e-06 candidateKind=PRODUCTION_5_US routeTopology=RB30_SEPARATE_DIRECT_A_NMOS_B_NMOS_COMPACT_33 routeAndPairsElapsedMillis=29722
Q30_STEP_OWNER_CLEANUP seed=14 fault=DREV_OPEN declaredMaximumStepSeconds=2.50000000e-06 stepRole=FINER_2_5_US_REFERENCE cleanup=true elapsedMillis=0
Q30_STEP_SEED_CLEANUP seed=14 cleanup=true elapsedMillis=0
PASS: Q30 production solver step sensitivity assertions=1704 seed=14 support=COMPACT_33 faults=1 referenceMaximumStepSeconds=2.50000000e-06 productionCandidateMaximumStepSeconds=5.00000000e-06 candidateKind=PRODUCTION_5_US elapsedMillis=29722

node 11 unconnected
converged after 25 iterations, timeStep = 2.5E-6
converged after 9 iterations, timeStep = 2.5E-6
node 11 unconnected
node 11 unconnected
converged after 14 iterations, timeStep = 2.5E-6
node 11 unconnected
converged after 15 iterations, timeStep = 2.5E-6
node 11 unconnected
converged after 14 iterations, timeStep = 2.5E-6
node 11 unconnected
converged after 15 iterations, timeStep = 2.5E-6
node 11 unconnected
converged after 14 iterations, timeStep = 2.5E-6
node 11 unconnected
converged after 15 iterations, timeStep = 2.5E-6
node 11 unconnected
node 11 unconnected
converged after 14 iterations, timeStep = 2.5E-6
node 11 unconnected
node 11 unconnected
converged after 15 iterations, timeStep = 2.5E-6
node 11 unconnected
node 11 unconnected
converged after 14 iterations, timeStep = 2.5E-6
node 11 unconnected
node 11 unconnected
converged after 15 iterations, timeStep = 2.5E-6
node 11 unconnected
node 11 unconnected
node 11 unconnected
node 11 unconnected
node 11 unconnected
node 11 unconnected
node 29 unconnected
node 31 unconnected
node 11 unconnected
node 11 unconnected
converged after 23 iterations, timeStep = 2.5E-6
converged after 7 iterations, timeStep = 2.5E-6
node 11 unconnected
node 11 unconnected
node 11 unconnected
converged after 14 iterations, timeStep = 2.5E-6
node 11 unconnected
node 11 unconnected
converged after 15 iterations, timeStep = 2.5E-6
node 11 unconnected
node 11 unconnected
node 11 unconnected
node 11 unconnected
node 11 unconnected
node 11 unconnected
node 29 unconnected
node 31 unconnected
node 11 unconnected
node 29 unconnected
node 31 unconnected
node 11 unconnected
node 29 unconnected
node 31 unconnected
converged after 23 iterations, timeStep = 2.5E-6
converged after 7 iterations, timeStep = 2.5E-6
node 11 unconnected
node 29 unconnected
node 31 unconnected
node 11 unconnected
node 29 unconnected
node 31 unconnected
converged after 14 iterations, timeStep = 2.5E-6
node 11 unconnected
node 29 unconnected
node 31 unconnected
converged after 15 iterations, timeStep = 2.5E-6
node 11 unconnected
node 29 unconnected
node 31 unconnected
converged after 14 iterations, timeStep = 2.5E-6
node 11 unconnected
converged after 25 iterations, timeStep = 5.0E-6
converged after 6 iterations, timeStep = 5.0E-6
node 11 unconnected
node 11 unconnected
converged after 14 iterations, timeStep = 5.0E-6
node 11 unconnected
converged after 15 iterations, timeStep = 5.0E-6
node 11 unconnected
converged after 14 iterations, timeStep = 5.0E-6
node 11 unconnected
converged after 15 iterations, timeStep = 5.0E-6
node 11 unconnected
converged after 14 iterations, timeStep = 5.0E-6
node 11 unconnected
converged after 15 iterations, timeStep = 5.0E-6
node 11 unconnected
node 11 unconnected
converged after 14 iterations, timeStep = 5.0E-6
node 11 unconnected
node 11 unconnected
converged after 15 iterations, timeStep = 5.0E-6
node 11 unconnected
node 11 unconnected
converged after 14 iterations, timeStep = 5.0E-6
node 11 unconnected
node 11 unconnected
converged after 15 iterations, timeStep = 5.0E-6
node 11 unconnected
node 11 unconnected
node 11 unconnected
node 11 unconnected
node 11 unconnected
node 11 unconnected
node 29 unconnected
node 31 unconnected
node 11 unconnected
node 11 unconnected
converged after 23 iterations, timeStep = 5.0E-6
node 11 unconnected
node 11 unconnected
node 11 unconnected
converged after 14 iterations, timeStep = 5.0E-6
node 11 unconnected
node 11 unconnected
converged after 15 iterations, timeStep = 5.0E-6
node 11 unconnected
node 11 unconnected
node 11 unconnected
node 11 unconnected
node 11 unconnected
node 11 unconnected
node 29 unconnected
node 31 unconnected
node 11 unconnected
node 29 unconnected
node 31 unconnected
node 11 unconnected
node 29 unconnected
node 31 unconnected
converged after 23 iterations, timeStep = 5.0E-6
node 11 unconnected
node 29 unconnected
node 31 unconnected
node 11 unconnected
node 29 unconnected
node 31 unconnected
converged after 14 iterations, timeStep = 5.0E-6
node 11 unconnected
node 29 unconnected
node 31 unconnected
converged after 15 iterations, timeStep = 5.0E-6
node 11 unconnected
node 29 unconnected
node 31 unconnected
converged after 14 iterations, timeStep = 5.0E-6

Q30_STEP_PROFILE seed=14 fault=DRIVE_A_OPEN profile=initial-electrical-settle boundary=BEGIN stepRole=FINER_2_5_US_REFERENCE declaredMaximumStepSeconds=2.50000000e-06 configuredMaximumStepSeconds=2.50000000e-06 actualCurrentStepSeconds=2.50000000e-06 observedMinimumStepSeconds=2.50000000e-06 observedMaximumStepSeconds=2.50000000e-06 minimumTimeStepSeconds=5.00000000e-11 adaptive=true
Q30_STEP_PROFILE seed=14 fault=DRIVE_A_OPEN profile=initial-electrical-settle boundary=END stepRole=FINER_2_5_US_REFERENCE declaredMaximumStepSeconds=2.50000000e-06 configuredMaximumStepSeconds=2.50000000e-06 actualCurrentStepSeconds=2.50000000e-06 observedMinimumStepSeconds=2.50000000e-06 observedMaximumStepSeconds=2.50000000e-06 minimumTimeStepSeconds=5.00000000e-11 adaptive=true
Q30_STEP_PROFILE seed=14 fault=DRIVE_A_OPEN profile=healthy-preparation boundary=BEGIN stepRole=FINER_2_5_US_REFERENCE declaredMaximumStepSeconds=2.50000000e-06 configuredMaximumStepSeconds=2.50000000e-06 actualCurrentStepSeconds=2.50000000e-06 observedMinimumStepSeconds=2.50000000e-06 observedMaximumStepSeconds=2.50000000e-06 minimumTimeStepSeconds=5.00000000e-11 adaptive=true
Q30_STEP_PROFILE seed=14 fault=DRIVE_A_OPEN profile=healthy-preparation boundary=END stepRole=FINER_2_5_US_REFERENCE declaredMaximumStepSeconds=2.50000000e-06 configuredMaximumStepSeconds=2.50000000e-06 actualCurrentStepSeconds=2.50000000e-06 observedMinimumStepSeconds=2.50000000e-06 observedMaximumStepSeconds=2.50000000e-06 minimumTimeStepSeconds=5.00000000e-11 adaptive=true
Q30_STEP_PROFILE seed=14 fault=DRIVE_A_OPEN profile=fault-profile-preparation boundary=BEGIN stepRole=FINER_2_5_US_REFERENCE declaredMaximumStepSeconds=2.50000000e-06 configuredMaximumStepSeconds=2.50000000e-06 actualCurrentStepSeconds=2.50000000e-06 observedMinimumStepSeconds=2.50000000e-06 observedMaximumStepSeconds=2.50000000e-06 minimumTimeStepSeconds=5.00000000e-11 adaptive=true
Q30_STEP_PROFILE seed=14 fault=DRIVE_A_OPEN profile=fault-profile-preparation boundary=END stepRole=FINER_2_5_US_REFERENCE declaredMaximumStepSeconds=2.50000000e-06 configuredMaximumStepSeconds=2.50000000e-06 actualCurrentStepSeconds=2.50000000e-06 observedMinimumStepSeconds=2.50000000e-06 observedMaximumStepSeconds=2.50000000e-06 minimumTimeStepSeconds=5.00000000e-11 adaptive=true
Q30_STEP_PROFILE seed=14 fault=DRIVE_A_OPEN profile=faulted-four-input-profile boundary=BEGIN stepRole=FINER_2_5_US_REFERENCE declaredMaximumStepSeconds=2.50000000e-06 configuredMaximumStepSeconds=2.50000000e-06 actualCurrentStepSeconds=2.50000000e-06 observedMinimumStepSeconds=2.50000000e-06 observedMaximumStepSeconds=2.50000000e-06 minimumTimeStepSeconds=5.00000000e-11 adaptive=true
Q30_STEP_PROFILE seed=14 fault=DRIVE_A_OPEN profile=faulted-four-input-profile boundary=END stepRole=FINER_2_5_US_REFERENCE declaredMaximumStepSeconds=2.50000000e-06 configuredMaximumStepSeconds=2.50000000e-06 actualCurrentStepSeconds=2.50000000e-06 observedMinimumStepSeconds=2.50000000e-06 observedMaximumStepSeconds=2.50000000e-06 minimumTimeStepSeconds=5.00000000e-11 adaptive=true
Q30_STEP_PROFILE seed=14 fault=DRIVE_A_OPEN profile=unrepaired-customer-retest boundary=BEGIN stepRole=FINER_2_5_US_REFERENCE declaredMaximumStepSeconds=2.50000000e-06 configuredMaximumStepSeconds=2.50000000e-06 actualCurrentStepSeconds=2.50000000e-06 observedMinimumStepSeconds=2.50000000e-06 observedMaximumStepSeconds=2.50000000e-06 minimumTimeStepSeconds=5.00000000e-11 adaptive=true
Q30_STEP_PROFILE seed=14 fault=DRIVE_A_OPEN profile=unrepaired-customer-retest boundary=END stepRole=FINER_2_5_US_REFERENCE declaredMaximumStepSeconds=2.50000000e-06 configuredMaximumStepSeconds=2.50000000e-06 actualCurrentStepSeconds=2.50000000e-06 observedMinimumStepSeconds=2.50000000e-06 observedMaximumStepSeconds=2.50000000e-06 minimumTimeStepSeconds=5.00000000e-11 adaptive=true
Q30_STEP_PROFILE seed=14 fault=DRIVE_A_OPEN profile=service-power-off-wait boundary=BEGIN stepRole=FINER_2_5_US_REFERENCE declaredMaximumStepSeconds=2.50000000e-06 configuredMaximumStepSeconds=2.50000000e-06 actualCurrentStepSeconds=2.50000000e-06 observedMinimumStepSeconds=2.50000000e-06 observedMaximumStepSeconds=2.50000000e-06 minimumTimeStepSeconds=5.00000000e-11 adaptive=true
Q30_STEP_PROFILE seed=14 fault=DRIVE_A_OPEN profile=service-power-off-wait boundary=END stepRole=FINER_2_5_US_REFERENCE declaredMaximumStepSeconds=2.50000000e-06 configuredMaximumStepSeconds=2.50000000e-06 actualCurrentStepSeconds=2.50000000e-06 observedMinimumStepSeconds=2.50000000e-06 observedMaximumStepSeconds=2.50000000e-06 minimumTimeStepSeconds=5.00000000e-11 adaptive=true
Q30_STEP_PROFILE seed=14 fault=DRIVE_A_OPEN profile=reinstalled-original-customer-retest boundary=BEGIN stepRole=FINER_2_5_US_REFERENCE declaredMaximumStepSeconds=2.50000000e-06 configuredMaximumStepSeconds=2.50000000e-06 actualCurrentStepSeconds=2.50000000e-06 observedMinimumStepSeconds=2.50000000e-06 observedMaximumStepSeconds=2.50000000e-06 minimumTimeStepSeconds=5.00000000e-11 adaptive=true
Q30_STEP_PROFILE seed=14 fault=DRIVE_A_OPEN profile=reinstalled-original-customer-retest boundary=END stepRole=FINER_2_5_US_REFERENCE declaredMaximumStepSeconds=2.50000000e-06 configuredMaximumStepSeconds=2.50000000e-06 actualCurrentStepSeconds=2.50000000e-06 observedMinimumStepSeconds=2.50000000e-06 observedMaximumStepSeconds=2.50000000e-06 minimumTimeStepSeconds=5.00000000e-11 adaptive=true
Q30_STEP_PROFILE seed=14 fault=DRIVE_A_OPEN profile=service-power-off-wait boundary=BEGIN stepRole=FINER_2_5_US_REFERENCE declaredMaximumStepSeconds=2.50000000e-06 configuredMaximumStepSeconds=2.50000000e-06 actualCurrentStepSeconds=2.50000000e-06 observedMinimumStepSeconds=2.50000000e-06 observedMaximumStepSeconds=2.50000000e-06 minimumTimeStepSeconds=5.00000000e-11 adaptive=true
Q30_STEP_PROFILE seed=14 fault=DRIVE_A_OPEN profile=service-power-off-wait boundary=END stepRole=FINER_2_5_US_REFERENCE declaredMaximumStepSeconds=2.50000000e-06 configuredMaximumStepSeconds=2.50000000e-06 actualCurrentStepSeconds=2.50000000e-06 observedMinimumStepSeconds=2.50000000e-06 observedMaximumStepSeconds=2.50000000e-06 minimumTimeStepSeconds=5.00000000e-11 adaptive=true
Q30_STEP_PROFILE seed=14 fault=DRIVE_A_OPEN profile=repaired-customer-retest boundary=BEGIN stepRole=FINER_2_5_US_REFERENCE declaredMaximumStepSeconds=2.50000000e-06 configuredMaximumStepSeconds=2.50000000e-06 actualCurrentStepSeconds=2.50000000e-06 observedMinimumStepSeconds=2.50000000e-06 observedMaximumStepSeconds=2.50000000e-06 minimumTimeStepSeconds=5.00000000e-11 adaptive=true
Q30_STEP_PROFILE seed=14 fault=DRIVE_A_OPEN profile=repaired-customer-retest boundary=END stepRole=FINER_2_5_US_REFERENCE declaredMaximumStepSeconds=2.50000000e-06 configuredMaximumStepSeconds=2.50000000e-06 actualCurrentStepSeconds=2.50000000e-06 observedMinimumStepSeconds=2.50000000e-06 observedMaximumStepSeconds=2.50000000e-06 minimumTimeStepSeconds=5.00000000e-11 adaptive=true
Q30_STEP_OWNER_CLEANUP seed=14 fault=DRIVE_A_OPEN declaredMaximumStepSeconds=2.50000000e-06 stepRole=FINER_2_5_US_REFERENCE cleanup=true elapsedMillis=0
Q30_STEP_PROFILE seed=14 fault=DRIVE_A_OPEN profile=initial-electrical-settle boundary=BEGIN stepRole=PRODUCTION_5_US declaredMaximumStepSeconds=5.00000000e-06 configuredMaximumStepSeconds=5.00000000e-06 actualCurrentStepSeconds=5.00000000e-06 observedMinimumStepSeconds=5.00000000e-06 observedMaximumStepSeconds=5.00000000e-06 minimumTimeStepSeconds=5.00000000e-11 adaptive=true
Q30_STEP_PROFILE seed=14 fault=DRIVE_A_OPEN profile=initial-electrical-settle boundary=END stepRole=PRODUCTION_5_US declaredMaximumStepSeconds=5.00000000e-06 configuredMaximumStepSeconds=5.00000000e-06 actualCurrentStepSeconds=5.00000000e-06 observedMinimumStepSeconds=5.00000000e-06 observedMaximumStepSeconds=5.00000000e-06 minimumTimeStepSeconds=5.00000000e-11 adaptive=true
Q30_STEP_PROFILE seed=14 fault=DRIVE_A_OPEN profile=healthy-preparation boundary=BEGIN stepRole=PRODUCTION_5_US declaredMaximumStepSeconds=5.00000000e-06 configuredMaximumStepSeconds=5.00000000e-06 actualCurrentStepSeconds=5.00000000e-06 observedMinimumStepSeconds=5.00000000e-06 observedMaximumStepSeconds=5.00000000e-06 minimumTimeStepSeconds=5.00000000e-11 adaptive=true
Q30_STEP_PROFILE seed=14 fault=DRIVE_A_OPEN profile=healthy-preparation boundary=END stepRole=PRODUCTION_5_US declaredMaximumStepSeconds=5.00000000e-06 configuredMaximumStepSeconds=5.00000000e-06 actualCurrentStepSeconds=5.00000000e-06 observedMinimumStepSeconds=5.00000000e-06 observedMaximumStepSeconds=5.00000000e-06 minimumTimeStepSeconds=5.00000000e-11 adaptive=true
Q30_STEP_PROFILE seed=14 fault=DRIVE_A_OPEN profile=fault-profile-preparation boundary=BEGIN stepRole=PRODUCTION_5_US declaredMaximumStepSeconds=5.00000000e-06 configuredMaximumStepSeconds=5.00000000e-06 actualCurrentStepSeconds=5.00000000e-06 observedMinimumStepSeconds=5.00000000e-06 observedMaximumStepSeconds=5.00000000e-06 minimumTimeStepSeconds=5.00000000e-11 adaptive=true
Q30_STEP_PROFILE seed=14 fault=DRIVE_A_OPEN profile=fault-profile-preparation boundary=END stepRole=PRODUCTION_5_US declaredMaximumStepSeconds=5.00000000e-06 configuredMaximumStepSeconds=5.00000000e-06 actualCurrentStepSeconds=5.00000000e-06 observedMinimumStepSeconds=5.00000000e-06 observedMaximumStepSeconds=5.00000000e-06 minimumTimeStepSeconds=5.00000000e-11 adaptive=true
Q30_STEP_PROFILE seed=14 fault=DRIVE_A_OPEN profile=faulted-four-input-profile boundary=BEGIN stepRole=PRODUCTION_5_US declaredMaximumStepSeconds=5.00000000e-06 configuredMaximumStepSeconds=5.00000000e-06 actualCurrentStepSeconds=5.00000000e-06 observedMinimumStepSeconds=5.00000000e-06 observedMaximumStepSeconds=5.00000000e-06 minimumTimeStepSeconds=5.00000000e-11 adaptive=true
Q30_STEP_PROFILE seed=14 fault=DRIVE_A_OPEN profile=faulted-four-input-profile boundary=END stepRole=PRODUCTION_5_US declaredMaximumStepSeconds=5.00000000e-06 configuredMaximumStepSeconds=5.00000000e-06 actualCurrentStepSeconds=5.00000000e-06 observedMinimumStepSeconds=5.00000000e-06 observedMaximumStepSeconds=5.00000000e-06 minimumTimeStepSeconds=5.00000000e-11 adaptive=true
Q30_STEP_PROFILE seed=14 fault=DRIVE_A_OPEN profile=unrepaired-customer-retest boundary=BEGIN stepRole=PRODUCTION_5_US declaredMaximumStepSeconds=5.00000000e-06 configuredMaximumStepSeconds=5.00000000e-06 actualCurrentStepSeconds=5.00000000e-06 observedMinimumStepSeconds=5.00000000e-06 observedMaximumStepSeconds=5.00000000e-06 minimumTimeStepSeconds=5.00000000e-11 adaptive=true
Q30_STEP_PROFILE seed=14 fault=DRIVE_A_OPEN profile=unrepaired-customer-retest boundary=END stepRole=PRODUCTION_5_US declaredMaximumStepSeconds=5.00000000e-06 configuredMaximumStepSeconds=5.00000000e-06 actualCurrentStepSeconds=5.00000000e-06 observedMinimumStepSeconds=5.00000000e-06 observedMaximumStepSeconds=5.00000000e-06 minimumTimeStepSeconds=5.00000000e-11 adaptive=true
Q30_STEP_PROFILE seed=14 fault=DRIVE_A_OPEN profile=service-power-off-wait boundary=BEGIN stepRole=PRODUCTION_5_US declaredMaximumStepSeconds=5.00000000e-06 configuredMaximumStepSeconds=5.00000000e-06 actualCurrentStepSeconds=5.00000000e-06 observedMinimumStepSeconds=5.00000000e-06 observedMaximumStepSeconds=5.00000000e-06 minimumTimeStepSeconds=5.00000000e-11 adaptive=true
Q30_STEP_PROFILE seed=14 fault=DRIVE_A_OPEN profile=service-power-off-wait boundary=END stepRole=PRODUCTION_5_US declaredMaximumStepSeconds=5.00000000e-06 configuredMaximumStepSeconds=5.00000000e-06 actualCurrentStepSeconds=5.00000000e-06 observedMinimumStepSeconds=5.00000000e-06 observedMaximumStepSeconds=5.00000000e-06 minimumTimeStepSeconds=5.00000000e-11 adaptive=true
Q30_STEP_PROFILE seed=14 fault=DRIVE_A_OPEN profile=reinstalled-original-customer-retest boundary=BEGIN stepRole=PRODUCTION_5_US declaredMaximumStepSeconds=5.00000000e-06 configuredMaximumStepSeconds=5.00000000e-06 actualCurrentStepSeconds=5.00000000e-06 observedMinimumStepSeconds=5.00000000e-06 observedMaximumStepSeconds=5.00000000e-06 minimumTimeStepSeconds=5.00000000e-11 adaptive=true
Q30_STEP_PROFILE seed=14 fault=DRIVE_A_OPEN profile=reinstalled-original-customer-retest boundary=END stepRole=PRODUCTION_5_US declaredMaximumStepSeconds=5.00000000e-06 configuredMaximumStepSeconds=5.00000000e-06 actualCurrentStepSeconds=5.00000000e-06 observedMinimumStepSeconds=5.00000000e-06 observedMaximumStepSeconds=5.00000000e-06 minimumTimeStepSeconds=5.00000000e-11 adaptive=true
Q30_STEP_PROFILE seed=14 fault=DRIVE_A_OPEN profile=service-power-off-wait boundary=BEGIN stepRole=PRODUCTION_5_US declaredMaximumStepSeconds=5.00000000e-06 configuredMaximumStepSeconds=5.00000000e-06 actualCurrentStepSeconds=5.00000000e-06 observedMinimumStepSeconds=5.00000000e-06 observedMaximumStepSeconds=5.00000000e-06 minimumTimeStepSeconds=5.00000000e-11 adaptive=true
Q30_STEP_PROFILE seed=14 fault=DRIVE_A_OPEN profile=service-power-off-wait boundary=END stepRole=PRODUCTION_5_US declaredMaximumStepSeconds=5.00000000e-06 configuredMaximumStepSeconds=5.00000000e-06 actualCurrentStepSeconds=5.00000000e-06 observedMinimumStepSeconds=5.00000000e-06 observedMaximumStepSeconds=5.00000000e-06 minimumTimeStepSeconds=5.00000000e-11 adaptive=true
Q30_STEP_PROFILE seed=14 fault=DRIVE_A_OPEN profile=repaired-customer-retest boundary=BEGIN stepRole=PRODUCTION_5_US declaredMaximumStepSeconds=5.00000000e-06 configuredMaximumStepSeconds=5.00000000e-06 actualCurrentStepSeconds=5.00000000e-06 observedMinimumStepSeconds=5.00000000e-06 observedMaximumStepSeconds=5.00000000e-06 minimumTimeStepSeconds=5.00000000e-11 adaptive=true
Q30_STEP_PROFILE seed=14 fault=DRIVE_A_OPEN profile=repaired-customer-retest boundary=END stepRole=PRODUCTION_5_US declaredMaximumStepSeconds=5.00000000e-06 configuredMaximumStepSeconds=5.00000000e-06 actualCurrentStepSeconds=5.00000000e-06 observedMinimumStepSeconds=5.00000000e-06 observedMaximumStepSeconds=5.00000000e-06 minimumTimeStepSeconds=5.00000000e-11 adaptive=true
Q30_STEP_OWNER_CLEANUP seed=14 fault=DRIVE_A_OPEN declaredMaximumStepSeconds=5.00000000e-06 stepRole=PRODUCTION_5_US cleanup=true elapsedMillis=0
Q30_STEP_PAIR seed=14 support=COMPACT_33 fault=DRIVE_A_OPEN referenceMaximumStepSeconds=2.50000000e-06 productionCandidateMaximumStepSeconds=5.00000000e-06 candidateKind=PRODUCTION_5_US maxDeltaVolts=6.84021728e-11 toleranceVolts=0.122568912 phase=faulted sample=SENSORS_A_ONLY/REN.2-J1.2 referenceElapsedMillis=15922 productionCandidateElapsedMillis=8083 referenceSimSeconds=1.16019250 productionCandidateSimSeconds=1.16036000 referenceCleanupMillis=0 productionCandidateCleanupMillis=0 cleanup=true
Q30_STEP_SEED seed=14 support=COMPACT_33 referenceMaximumStepSeconds=2.50000000e-06 productionCandidateMaximumStepSeconds=5.00000000e-06 candidateKind=PRODUCTION_5_US routeTopology=RB30_SEPARATE_DIRECT_A_NMOS_B_NMOS_COMPACT_33 routeAndPairsElapsedMillis=29276
Q30_STEP_OWNER_CLEANUP seed=14 fault=DREV_OPEN declaredMaximumStepSeconds=2.50000000e-06 stepRole=FINER_2_5_US_REFERENCE cleanup=true elapsedMillis=0
Q30_STEP_SEED_CLEANUP seed=14 cleanup=true elapsedMillis=0
PASS: Q30 production solver step sensitivity assertions=1704 seed=14 support=COMPACT_33 faults=1 referenceMaximumStepSeconds=2.50000000e-06 productionCandidateMaximumStepSeconds=5.00000000e-06 candidateKind=PRODUCTION_5_US elapsedMillis=29276

node 11 unconnected
converged after 25 iterations, timeStep = 2.5E-6
converged after 9 iterations, timeStep = 2.5E-6
node 11 unconnected
node 11 unconnected
converged after 14 iterations, timeStep = 2.5E-6
node 11 unconnected
converged after 15 iterations, timeStep = 2.5E-6
node 11 unconnected
converged after 14 iterations, timeStep = 2.5E-6
node 11 unconnected
converged after 15 iterations, timeStep = 2.5E-6
node 11 unconnected
converged after 14 iterations, timeStep = 2.5E-6
node 11 unconnected
converged after 15 iterations, timeStep = 2.5E-6
node 11 unconnected
node 11 unconnected
converged after 14 iterations, timeStep = 2.5E-6
node 11 unconnected
node 11 unconnected
converged after 15 iterations, timeStep = 2.5E-6
node 11 unconnected
node 11 unconnected
converged after 14 iterations, timeStep = 2.5E-6
node 11 unconnected
node 11 unconnected
converged after 15 iterations, timeStep = 2.5E-6
node 11 unconnected
node 11 unconnected
node 11 unconnected
node 11 unconnected
node 11 unconnected
node 11 unconnected
node 38 unconnected
node 41 unconnected
node 11 unconnected
node 11 unconnected
converged after 23 iterations, timeStep = 2.5E-6
converged after 7 iterations, timeStep = 2.5E-6
node 11 unconnected
node 11 unconnected
node 11 unconnected
converged after 14 iterations, timeStep = 2.5E-6
node 11 unconnected
node 11 unconnected
converged after 15 iterations, timeStep = 2.5E-6
node 11 unconnected
node 11 unconnected
node 11 unconnected
node 11 unconnected
node 11 unconnected
node 11 unconnected
node 38 unconnected
node 41 unconnected
node 11 unconnected
node 38 unconnected
node 41 unconnected
node 11 unconnected
node 38 unconnected
node 41 unconnected
converged after 23 iterations, timeStep = 2.5E-6
converged after 7 iterations, timeStep = 2.5E-6
node 11 unconnected
node 38 unconnected
node 41 unconnected
node 11 unconnected
node 38 unconnected
node 41 unconnected
converged after 14 iterations, timeStep = 2.5E-6
node 11 unconnected
node 38 unconnected
node 41 unconnected
converged after 15 iterations, timeStep = 2.5E-6
node 11 unconnected
node 38 unconnected
node 41 unconnected
converged after 14 iterations, timeStep = 2.5E-6
node 11 unconnected
converged after 25 iterations, timeStep = 5.0E-6
converged after 6 iterations, timeStep = 5.0E-6
node 11 unconnected
node 11 unconnected
converged after 14 iterations, timeStep = 5.0E-6
node 11 unconnected
converged after 15 iterations, timeStep = 5.0E-6
node 11 unconnected
converged after 14 iterations, timeStep = 5.0E-6
node 11 unconnected
converged after 15 iterations, timeStep = 5.0E-6
node 11 unconnected
converged after 14 iterations, timeStep = 5.0E-6
node 11 unconnected
converged after 15 iterations, timeStep = 5.0E-6
node 11 unconnected
node 11 unconnected
converged after 14 iterations, timeStep = 5.0E-6
node 11 unconnected
node 11 unconnected
converged after 15 iterations, timeStep = 5.0E-6
node 11 unconnected
node 11 unconnected
converged after 14 iterations, timeStep = 5.0E-6
node 11 unconnected
node 11 unconnected
converged after 15 iterations, timeStep = 5.0E-6
node 11 unconnected
node 11 unconnected
node 11 unconnected
node 11 unconnected
node 11 unconnected
node 11 unconnected
node 38 unconnected
node 41 unconnected
node 11 unconnected
node 11 unconnected
converged after 23 iterations, timeStep = 5.0E-6
node 11 unconnected
node 11 unconnected
node 11 unconnected
converged after 14 iterations, timeStep = 5.0E-6
node 11 unconnected
node 11 unconnected
converged after 15 iterations, timeStep = 5.0E-6
node 11 unconnected
node 11 unconnected
node 11 unconnected
node 11 unconnected
node 11 unconnected
node 11 unconnected
node 38 unconnected
node 41 unconnected
node 11 unconnected
node 38 unconnected
node 41 unconnected
node 11 unconnected
node 38 unconnected
node 41 unconnected
converged after 23 iterations, timeStep = 5.0E-6
node 11 unconnected
node 38 unconnected
node 41 unconnected
node 11 unconnected
node 38 unconnected
node 41 unconnected
converged after 14 iterations, timeStep = 5.0E-6
node 11 unconnected
node 38 unconnected
node 41 unconnected
converged after 15 iterations, timeStep = 5.0E-6
node 11 unconnected
node 38 unconnected
node 41 unconnected
converged after 14 iterations, timeStep = 5.0E-6

Q30_STEP_PROFILE seed=14 fault=RELAY_B_COIL_OPEN profile=initial-electrical-settle boundary=BEGIN stepRole=FINER_2_5_US_REFERENCE declaredMaximumStepSeconds=2.50000000e-06 configuredMaximumStepSeconds=2.50000000e-06 actualCurrentStepSeconds=2.50000000e-06 observedMinimumStepSeconds=2.50000000e-06 observedMaximumStepSeconds=2.50000000e-06 minimumTimeStepSeconds=5.00000000e-11 adaptive=true
Q30_STEP_PROFILE seed=14 fault=RELAY_B_COIL_OPEN profile=initial-electrical-settle boundary=END stepRole=FINER_2_5_US_REFERENCE declaredMaximumStepSeconds=2.50000000e-06 configuredMaximumStepSeconds=2.50000000e-06 actualCurrentStepSeconds=2.50000000e-06 observedMinimumStepSeconds=2.50000000e-06 observedMaximumStepSeconds=2.50000000e-06 minimumTimeStepSeconds=5.00000000e-11 adaptive=true
Q30_STEP_PROFILE seed=14 fault=RELAY_B_COIL_OPEN profile=healthy-preparation boundary=BEGIN stepRole=FINER_2_5_US_REFERENCE declaredMaximumStepSeconds=2.50000000e-06 configuredMaximumStepSeconds=2.50000000e-06 actualCurrentStepSeconds=2.50000000e-06 observedMinimumStepSeconds=2.50000000e-06 observedMaximumStepSeconds=2.50000000e-06 minimumTimeStepSeconds=5.00000000e-11 adaptive=true
Q30_STEP_PROFILE seed=14 fault=RELAY_B_COIL_OPEN profile=healthy-preparation boundary=END stepRole=FINER_2_5_US_REFERENCE declaredMaximumStepSeconds=2.50000000e-06 configuredMaximumStepSeconds=2.50000000e-06 actualCurrentStepSeconds=2.50000000e-06 observedMinimumStepSeconds=2.50000000e-06 observedMaximumStepSeconds=2.50000000e-06 minimumTimeStepSeconds=5.00000000e-11 adaptive=true
Q30_STEP_PROFILE seed=14 fault=RELAY_B_COIL_OPEN profile=fault-profile-preparation boundary=BEGIN stepRole=FINER_2_5_US_REFERENCE declaredMaximumStepSeconds=2.50000000e-06 configuredMaximumStepSeconds=2.50000000e-06 actualCurrentStepSeconds=2.50000000e-06 observedMinimumStepSeconds=2.50000000e-06 observedMaximumStepSeconds=2.50000000e-06 minimumTimeStepSeconds=5.00000000e-11 adaptive=true
Q30_STEP_PROFILE seed=14 fault=RELAY_B_COIL_OPEN profile=fault-profile-preparation boundary=END stepRole=FINER_2_5_US_REFERENCE declaredMaximumStepSeconds=2.50000000e-06 configuredMaximumStepSeconds=2.50000000e-06 actualCurrentStepSeconds=2.50000000e-06 observedMinimumStepSeconds=2.50000000e-06 observedMaximumStepSeconds=2.50000000e-06 minimumTimeStepSeconds=5.00000000e-11 adaptive=true
Q30_STEP_PROFILE seed=14 fault=RELAY_B_COIL_OPEN profile=faulted-four-input-profile boundary=BEGIN stepRole=FINER_2_5_US_REFERENCE declaredMaximumStepSeconds=2.50000000e-06 configuredMaximumStepSeconds=2.50000000e-06 actualCurrentStepSeconds=2.50000000e-06 observedMinimumStepSeconds=2.50000000e-06 observedMaximumStepSeconds=2.50000000e-06 minimumTimeStepSeconds=5.00000000e-11 adaptive=true
Q30_STEP_PROFILE seed=14 fault=RELAY_B_COIL_OPEN profile=faulted-four-input-profile boundary=END stepRole=FINER_2_5_US_REFERENCE declaredMaximumStepSeconds=2.50000000e-06 configuredMaximumStepSeconds=2.50000000e-06 actualCurrentStepSeconds=2.50000000e-06 observedMinimumStepSeconds=2.50000000e-06 observedMaximumStepSeconds=2.50000000e-06 minimumTimeStepSeconds=5.00000000e-11 adaptive=true
Q30_STEP_PROFILE seed=14 fault=RELAY_B_COIL_OPEN profile=unrepaired-customer-retest boundary=BEGIN stepRole=FINER_2_5_US_REFERENCE declaredMaximumStepSeconds=2.50000000e-06 configuredMaximumStepSeconds=2.50000000e-06 actualCurrentStepSeconds=2.50000000e-06 observedMinimumStepSeconds=2.50000000e-06 observedMaximumStepSeconds=2.50000000e-06 minimumTimeStepSeconds=5.00000000e-11 adaptive=true
Q30_STEP_PROFILE seed=14 fault=RELAY_B_COIL_OPEN profile=unrepaired-customer-retest boundary=END stepRole=FINER_2_5_US_REFERENCE declaredMaximumStepSeconds=2.50000000e-06 configuredMaximumStepSeconds=2.50000000e-06 actualCurrentStepSeconds=2.50000000e-06 observedMinimumStepSeconds=2.50000000e-06 observedMaximumStepSeconds=2.50000000e-06 minimumTimeStepSeconds=5.00000000e-11 adaptive=true
Q30_STEP_PROFILE seed=14 fault=RELAY_B_COIL_OPEN profile=service-power-off-wait boundary=BEGIN stepRole=FINER_2_5_US_REFERENCE declaredMaximumStepSeconds=2.50000000e-06 configuredMaximumStepSeconds=2.50000000e-06 actualCurrentStepSeconds=2.50000000e-06 observedMinimumStepSeconds=2.50000000e-06 observedMaximumStepSeconds=2.50000000e-06 minimumTimeStepSeconds=5.00000000e-11 adaptive=true
Q30_STEP_PROFILE seed=14 fault=RELAY_B_COIL_OPEN profile=service-power-off-wait boundary=END stepRole=FINER_2_5_US_REFERENCE declaredMaximumStepSeconds=2.50000000e-06 configuredMaximumStepSeconds=2.50000000e-06 actualCurrentStepSeconds=2.50000000e-06 observedMinimumStepSeconds=2.50000000e-06 observedMaximumStepSeconds=2.50000000e-06 minimumTimeStepSeconds=5.00000000e-11 adaptive=true
Q30_STEP_PROFILE seed=14 fault=RELAY_B_COIL_OPEN profile=reinstalled-original-customer-retest boundary=BEGIN stepRole=FINER_2_5_US_REFERENCE declaredMaximumStepSeconds=2.50000000e-06 configuredMaximumStepSeconds=2.50000000e-06 actualCurrentStepSeconds=2.50000000e-06 observedMinimumStepSeconds=2.50000000e-06 observedMaximumStepSeconds=2.50000000e-06 minimumTimeStepSeconds=5.00000000e-11 adaptive=true
Q30_STEP_PROFILE seed=14 fault=RELAY_B_COIL_OPEN profile=reinstalled-original-customer-retest boundary=END stepRole=FINER_2_5_US_REFERENCE declaredMaximumStepSeconds=2.50000000e-06 configuredMaximumStepSeconds=2.50000000e-06 actualCurrentStepSeconds=2.50000000e-06 observedMinimumStepSeconds=2.50000000e-06 observedMaximumStepSeconds=2.50000000e-06 minimumTimeStepSeconds=5.00000000e-11 adaptive=true
Q30_STEP_PROFILE seed=14 fault=RELAY_B_COIL_OPEN profile=service-power-off-wait boundary=BEGIN stepRole=FINER_2_5_US_REFERENCE declaredMaximumStepSeconds=2.50000000e-06 configuredMaximumStepSeconds=2.50000000e-06 actualCurrentStepSeconds=2.50000000e-06 observedMinimumStepSeconds=2.50000000e-06 observedMaximumStepSeconds=2.50000000e-06 minimumTimeStepSeconds=5.00000000e-11 adaptive=true
Q30_STEP_PROFILE seed=14 fault=RELAY_B_COIL_OPEN profile=service-power-off-wait boundary=END stepRole=FINER_2_5_US_REFERENCE declaredMaximumStepSeconds=2.50000000e-06 configuredMaximumStepSeconds=2.50000000e-06 actualCurrentStepSeconds=2.50000000e-06 observedMinimumStepSeconds=2.50000000e-06 observedMaximumStepSeconds=2.50000000e-06 minimumTimeStepSeconds=5.00000000e-11 adaptive=true
Q30_STEP_PROFILE seed=14 fault=RELAY_B_COIL_OPEN profile=repaired-customer-retest boundary=BEGIN stepRole=FINER_2_5_US_REFERENCE declaredMaximumStepSeconds=2.50000000e-06 configuredMaximumStepSeconds=2.50000000e-06 actualCurrentStepSeconds=2.50000000e-06 observedMinimumStepSeconds=2.50000000e-06 observedMaximumStepSeconds=2.50000000e-06 minimumTimeStepSeconds=5.00000000e-11 adaptive=true
Q30_STEP_PROFILE seed=14 fault=RELAY_B_COIL_OPEN profile=repaired-customer-retest boundary=END stepRole=FINER_2_5_US_REFERENCE declaredMaximumStepSeconds=2.50000000e-06 configuredMaximumStepSeconds=2.50000000e-06 actualCurrentStepSeconds=2.50000000e-06 observedMinimumStepSeconds=2.50000000e-06 observedMaximumStepSeconds=2.50000000e-06 minimumTimeStepSeconds=5.00000000e-11 adaptive=true
Q30_STEP_OWNER_CLEANUP seed=14 fault=RELAY_B_COIL_OPEN declaredMaximumStepSeconds=2.50000000e-06 stepRole=FINER_2_5_US_REFERENCE cleanup=true elapsedMillis=0
Q30_STEP_PROFILE seed=14 fault=RELAY_B_COIL_OPEN profile=initial-electrical-settle boundary=BEGIN stepRole=PRODUCTION_5_US declaredMaximumStepSeconds=5.00000000e-06 configuredMaximumStepSeconds=5.00000000e-06 actualCurrentStepSeconds=5.00000000e-06 observedMinimumStepSeconds=5.00000000e-06 observedMaximumStepSeconds=5.00000000e-06 minimumTimeStepSeconds=5.00000000e-11 adaptive=true
Q30_STEP_PROFILE seed=14 fault=RELAY_B_COIL_OPEN profile=initial-electrical-settle boundary=END stepRole=PRODUCTION_5_US declaredMaximumStepSeconds=5.00000000e-06 configuredMaximumStepSeconds=5.00000000e-06 actualCurrentStepSeconds=5.00000000e-06 observedMinimumStepSeconds=5.00000000e-06 observedMaximumStepSeconds=5.00000000e-06 minimumTimeStepSeconds=5.00000000e-11 adaptive=true
Q30_STEP_PROFILE seed=14 fault=RELAY_B_COIL_OPEN profile=healthy-preparation boundary=BEGIN stepRole=PRODUCTION_5_US declaredMaximumStepSeconds=5.00000000e-06 configuredMaximumStepSeconds=5.00000000e-06 actualCurrentStepSeconds=5.00000000e-06 observedMinimumStepSeconds=5.00000000e-06 observedMaximumStepSeconds=5.00000000e-06 minimumTimeStepSeconds=5.00000000e-11 adaptive=true
Q30_STEP_PROFILE seed=14 fault=RELAY_B_COIL_OPEN profile=healthy-preparation boundary=END stepRole=PRODUCTION_5_US declaredMaximumStepSeconds=5.00000000e-06 configuredMaximumStepSeconds=5.00000000e-06 actualCurrentStepSeconds=5.00000000e-06 observedMinimumStepSeconds=5.00000000e-06 observedMaximumStepSeconds=5.00000000e-06 minimumTimeStepSeconds=5.00000000e-11 adaptive=true
Q30_STEP_PROFILE seed=14 fault=RELAY_B_COIL_OPEN profile=fault-profile-preparation boundary=BEGIN stepRole=PRODUCTION_5_US declaredMaximumStepSeconds=5.00000000e-06 configuredMaximumStepSeconds=5.00000000e-06 actualCurrentStepSeconds=5.00000000e-06 observedMinimumStepSeconds=5.00000000e-06 observedMaximumStepSeconds=5.00000000e-06 minimumTimeStepSeconds=5.00000000e-11 adaptive=true
Q30_STEP_PROFILE seed=14 fault=RELAY_B_COIL_OPEN profile=fault-profile-preparation boundary=END stepRole=PRODUCTION_5_US declaredMaximumStepSeconds=5.00000000e-06 configuredMaximumStepSeconds=5.00000000e-06 actualCurrentStepSeconds=5.00000000e-06 observedMinimumStepSeconds=5.00000000e-06 observedMaximumStepSeconds=5.00000000e-06 minimumTimeStepSeconds=5.00000000e-11 adaptive=true
Q30_STEP_PROFILE seed=14 fault=RELAY_B_COIL_OPEN profile=faulted-four-input-profile boundary=BEGIN stepRole=PRODUCTION_5_US declaredMaximumStepSeconds=5.00000000e-06 configuredMaximumStepSeconds=5.00000000e-06 actualCurrentStepSeconds=5.00000000e-06 observedMinimumStepSeconds=5.00000000e-06 observedMaximumStepSeconds=5.00000000e-06 minimumTimeStepSeconds=5.00000000e-11 adaptive=true
Q30_STEP_PROFILE seed=14 fault=RELAY_B_COIL_OPEN profile=faulted-four-input-profile boundary=END stepRole=PRODUCTION_5_US declaredMaximumStepSeconds=5.00000000e-06 configuredMaximumStepSeconds=5.00000000e-06 actualCurrentStepSeconds=5.00000000e-06 observedMinimumStepSeconds=5.00000000e-06 observedMaximumStepSeconds=5.00000000e-06 minimumTimeStepSeconds=5.00000000e-11 adaptive=true
Q30_STEP_PROFILE seed=14 fault=RELAY_B_COIL_OPEN profile=unrepaired-customer-retest boundary=BEGIN stepRole=PRODUCTION_5_US declaredMaximumStepSeconds=5.00000000e-06 configuredMaximumStepSeconds=5.00000000e-06 actualCurrentStepSeconds=5.00000000e-06 observedMinimumStepSeconds=5.00000000e-06 observedMaximumStepSeconds=5.00000000e-06 minimumTimeStepSeconds=5.00000000e-11 adaptive=true
Q30_STEP_PROFILE seed=14 fault=RELAY_B_COIL_OPEN profile=unrepaired-customer-retest boundary=END stepRole=PRODUCTION_5_US declaredMaximumStepSeconds=5.00000000e-06 configuredMaximumStepSeconds=5.00000000e-06 actualCurrentStepSeconds=5.00000000e-06 observedMinimumStepSeconds=5.00000000e-06 observedMaximumStepSeconds=5.00000000e-06 minimumTimeStepSeconds=5.00000000e-11 adaptive=true
Q30_STEP_PROFILE seed=14 fault=RELAY_B_COIL_OPEN profile=service-power-off-wait boundary=BEGIN stepRole=PRODUCTION_5_US declaredMaximumStepSeconds=5.00000000e-06 configuredMaximumStepSeconds=5.00000000e-06 actualCurrentStepSeconds=5.00000000e-06 observedMinimumStepSeconds=5.00000000e-06 observedMaximumStepSeconds=5.00000000e-06 minimumTimeStepSeconds=5.00000000e-11 adaptive=true
Q30_STEP_PROFILE seed=14 fault=RELAY_B_COIL_OPEN profile=service-power-off-wait boundary=END stepRole=PRODUCTION_5_US declaredMaximumStepSeconds=5.00000000e-06 configuredMaximumStepSeconds=5.00000000e-06 actualCurrentStepSeconds=5.00000000e-06 observedMinimumStepSeconds=5.00000000e-06 observedMaximumStepSeconds=5.00000000e-06 minimumTimeStepSeconds=5.00000000e-11 adaptive=true
Q30_STEP_PROFILE seed=14 fault=RELAY_B_COIL_OPEN profile=reinstalled-original-customer-retest boundary=BEGIN stepRole=PRODUCTION_5_US declaredMaximumStepSeconds=5.00000000e-06 configuredMaximumStepSeconds=5.00000000e-06 actualCurrentStepSeconds=5.00000000e-06 observedMinimumStepSeconds=5.00000000e-06 observedMaximumStepSeconds=5.00000000e-06 minimumTimeStepSeconds=5.00000000e-11 adaptive=true
Q30_STEP_PROFILE seed=14 fault=RELAY_B_COIL_OPEN profile=reinstalled-original-customer-retest boundary=END stepRole=PRODUCTION_5_US declaredMaximumStepSeconds=5.00000000e-06 configuredMaximumStepSeconds=5.00000000e-06 actualCurrentStepSeconds=5.00000000e-06 observedMinimumStepSeconds=5.00000000e-06 observedMaximumStepSeconds=5.00000000e-06 minimumTimeStepSeconds=5.00000000e-11 adaptive=true
Q30_STEP_PROFILE seed=14 fault=RELAY_B_COIL_OPEN profile=service-power-off-wait boundary=BEGIN stepRole=PRODUCTION_5_US declaredMaximumStepSeconds=5.00000000e-06 configuredMaximumStepSeconds=5.00000000e-06 actualCurrentStepSeconds=5.00000000e-06 observedMinimumStepSeconds=5.00000000e-06 observedMaximumStepSeconds=5.00000000e-06 minimumTimeStepSeconds=5.00000000e-11 adaptive=true
Q30_STEP_PROFILE seed=14 fault=RELAY_B_COIL_OPEN profile=service-power-off-wait boundary=END stepRole=PRODUCTION_5_US declaredMaximumStepSeconds=5.00000000e-06 configuredMaximumStepSeconds=5.00000000e-06 actualCurrentStepSeconds=5.00000000e-06 observedMinimumStepSeconds=5.00000000e-06 observedMaximumStepSeconds=5.00000000e-06 minimumTimeStepSeconds=5.00000000e-11 adaptive=true
Q30_STEP_PROFILE seed=14 fault=RELAY_B_COIL_OPEN profile=repaired-customer-retest boundary=BEGIN stepRole=PRODUCTION_5_US declaredMaximumStepSeconds=5.00000000e-06 configuredMaximumStepSeconds=5.00000000e-06 actualCurrentStepSeconds=5.00000000e-06 observedMinimumStepSeconds=5.00000000e-06 observedMaximumStepSeconds=5.00000000e-06 minimumTimeStepSeconds=5.00000000e-11 adaptive=true
Q30_STEP_PROFILE seed=14 fault=RELAY_B_COIL_OPEN profile=repaired-customer-retest boundary=END stepRole=PRODUCTION_5_US declaredMaximumStepSeconds=5.00000000e-06 configuredMaximumStepSeconds=5.00000000e-06 actualCurrentStepSeconds=5.00000000e-06 observedMinimumStepSeconds=5.00000000e-06 observedMaximumStepSeconds=5.00000000e-06 minimumTimeStepSeconds=5.00000000e-11 adaptive=true
Q30_STEP_OWNER_CLEANUP seed=14 fault=RELAY_B_COIL_OPEN declaredMaximumStepSeconds=5.00000000e-06 stepRole=PRODUCTION_5_US cleanup=true elapsedMillis=0
Q30_STEP_PAIR seed=14 support=COMPACT_33 fault=RELAY_B_COIL_OPEN referenceMaximumStepSeconds=2.50000000e-06 productionCandidateMaximumStepSeconds=5.00000000e-06 candidateKind=PRODUCTION_5_US maxDeltaVolts=6.51905196e-11 toleranceVolts=0.122568912 phase=healthy sample=SENSORS_LOW/REN.2-J1.2 referenceElapsedMillis=18038 productionCandidateElapsedMillis=9256 referenceSimSeconds=1.16019250 productionCandidateSimSeconds=1.16036000 referenceCleanupMillis=0 productionCandidateCleanupMillis=0 cleanup=true
Q30_STEP_SEED seed=14 support=COMPACT_33 referenceMaximumStepSeconds=2.50000000e-06 productionCandidateMaximumStepSeconds=5.00000000e-06 candidateKind=PRODUCTION_5_US routeTopology=RB30_SEPARATE_DIRECT_A_NMOS_B_NMOS_COMPACT_33 routeAndPairsElapsedMillis=32500
Q30_STEP_OWNER_CLEANUP seed=14 fault=DREV_OPEN declaredMaximumStepSeconds=2.50000000e-06 stepRole=FINER_2_5_US_REFERENCE cleanup=true elapsedMillis=0
Q30_STEP_SEED_CLEANUP seed=14 cleanup=true elapsedMillis=0
PASS: Q30 production solver step sensitivity assertions=1704 seed=14 support=COMPACT_33 faults=1 referenceMaximumStepSeconds=2.50000000e-06 productionCandidateMaximumStepSeconds=5.00000000e-06 candidateKind=PRODUCTION_5_US elapsedMillis=32501

node 11 unconnected
converged after 25 iterations, timeStep = 2.5E-6
converged after 9 iterations, timeStep = 2.5E-6
node 11 unconnected
node 11 unconnected
converged after 14 iterations, timeStep = 2.5E-6
node 11 unconnected
converged after 15 iterations, timeStep = 2.5E-6
node 11 unconnected
converged after 14 iterations, timeStep = 2.5E-6
node 11 unconnected
converged after 15 iterations, timeStep = 2.5E-6
node 11 unconnected
converged after 14 iterations, timeStep = 2.5E-6
node 11 unconnected
converged after 15 iterations, timeStep = 2.5E-6
node 11 unconnected
converged after 14 iterations, timeStep = 2.5E-6
node 11 unconnected
converged after 15 iterations, timeStep = 2.5E-6
node 11 unconnected
converged after 14 iterations, timeStep = 2.5E-6
node 11 unconnected
converged after 15 iterations, timeStep = 2.5E-6
node 11 unconnected
converged after 14 iterations, timeStep = 2.5E-6
node 11 unconnected
converged after 15 iterations, timeStep = 2.5E-6
node 11 unconnected
converged after 14 iterations, timeStep = 2.5E-6
node 11 unconnected
converged after 15 iterations, timeStep = 2.5E-6
node 11 unconnected
node 11 unconnected
node 11 unconnected
node 11 unconnected
node 11 unconnected
node 11 unconnected
node 52 unconnected
node 55 unconnected
node 58 unconnected
node 11 unconnected
node 11 unconnected
converged after 23 iterations, timeStep = 2.5E-6
converged after 7 iterations, timeStep = 2.5E-6
node 11 unconnected
node 11 unconnected
converged after 14 iterations, timeStep = 2.5E-6
node 11 unconnected
converged after 15 iterations, timeStep = 2.5E-6
node 11 unconnected
converged after 14 iterations, timeStep = 2.5E-6
node 11 unconnected
converged after 15 iterations, timeStep = 2.5E-6
node 11 unconnected
node 11 unconnected
node 11 unconnected
node 11 unconnected
node 11 unconnected
node 11 unconnected
node 52 unconnected
node 55 unconnected
node 58 unconnected
node 11 unconnected
node 52 unconnected
node 55 unconnected
node 11 unconnected
node 52 unconnected
node 55 unconnected
converged after 23 iterations, timeStep = 2.5E-6
converged after 7 iterations, timeStep = 2.5E-6
node 11 unconnected
node 52 unconnected
node 55 unconnected
node 11 unconnected
node 52 unconnected
node 55 unconnected
converged after 14 iterations, timeStep = 2.5E-6
node 11 unconnected
node 52 unconnected
node 55 unconnected
converged after 15 iterations, timeStep = 2.5E-6
node 11 unconnected
node 52 unconnected
node 55 unconnected
converged after 14 iterations, timeStep = 2.5E-6
node 11 unconnected
converged after 25 iterations, timeStep = 5.0E-6
converged after 6 iterations, timeStep = 5.0E-6
node 11 unconnected
node 11 unconnected
converged after 14 iterations, timeStep = 5.0E-6
node 11 unconnected
converged after 15 iterations, timeStep = 5.0E-6
node 11 unconnected
converged after 14 iterations, timeStep = 5.0E-6
node 11 unconnected
converged after 15 iterations, timeStep = 5.0E-6
node 11 unconnected
converged after 14 iterations, timeStep = 5.0E-6
node 11 unconnected
converged after 15 iterations, timeStep = 5.0E-6
node 11 unconnected
converged after 14 iterations, timeStep = 5.0E-6
node 11 unconnected
converged after 15 iterations, timeStep = 5.0E-6
node 11 unconnected
converged after 14 iterations, timeStep = 5.0E-6
node 11 unconnected
converged after 15 iterations, timeStep = 5.0E-6
node 11 unconnected
converged after 14 iterations, timeStep = 5.0E-6
node 11 unconnected
converged after 15 iterations, timeStep = 5.0E-6
node 11 unconnected
converged after 14 iterations, timeStep = 5.0E-6
node 11 unconnected
converged after 15 iterations, timeStep = 5.0E-6
node 11 unconnected
node 11 unconnected
node 11 unconnected
node 11 unconnected
node 11 unconnected
node 11 unconnected
node 52 unconnected
node 55 unconnected
node 58 unconnected
node 11 unconnected
node 11 unconnected
converged after 23 iterations, timeStep = 5.0E-6
node 11 unconnected
node 11 unconnected
converged after 14 iterations, timeStep = 5.0E-6
node 11 unconnected
converged after 15 iterations, timeStep = 5.0E-6
node 11 unconnected
converged after 14 iterations, timeStep = 5.0E-6
node 11 unconnected
converged after 15 iterations, timeStep = 5.0E-6
node 11 unconnected
node 11 unconnected
node 11 unconnected
node 11 unconnected
node 11 unconnected
node 11 unconnected
node 52 unconnected
node 55 unconnected
node 58 unconnected
node 11 unconnected
node 52 unconnected
node 55 unconnected
node 11 unconnected
node 52 unconnected
node 55 unconnected
converged after 23 iterations, timeStep = 5.0E-6
node 11 unconnected
node 52 unconnected
node 55 unconnected
node 11 unconnected
node 52 unconnected
node 55 unconnected
converged after 14 iterations, timeStep = 5.0E-6
node 11 unconnected
node 52 unconnected
node 55 unconnected
converged after 15 iterations, timeStep = 5.0E-6
node 11 unconnected
node 52 unconnected
node 55 unconnected
converged after 14 iterations, timeStep = 5.0E-6

Q30_STEP_PROFILE seed=43 fault=DREV_OPEN profile=initial-electrical-settle boundary=BEGIN stepRole=FINER_2_5_US_REFERENCE declaredMaximumStepSeconds=2.50000000e-06 configuredMaximumStepSeconds=2.50000000e-06 actualCurrentStepSeconds=2.50000000e-06 observedMinimumStepSeconds=2.50000000e-06 observedMaximumStepSeconds=2.50000000e-06 minimumTimeStepSeconds=5.00000000e-11 adaptive=true
Q30_STEP_PROFILE seed=43 fault=DREV_OPEN profile=initial-electrical-settle boundary=END stepRole=FINER_2_5_US_REFERENCE declaredMaximumStepSeconds=2.50000000e-06 configuredMaximumStepSeconds=2.50000000e-06 actualCurrentStepSeconds=2.50000000e-06 observedMinimumStepSeconds=2.50000000e-06 observedMaximumStepSeconds=2.50000000e-06 minimumTimeStepSeconds=5.00000000e-11 adaptive=true
Q30_STEP_PROFILE seed=43 fault=DREV_OPEN profile=healthy-preparation boundary=BEGIN stepRole=FINER_2_5_US_REFERENCE declaredMaximumStepSeconds=2.50000000e-06 configuredMaximumStepSeconds=2.50000000e-06 actualCurrentStepSeconds=2.50000000e-06 observedMinimumStepSeconds=2.50000000e-06 observedMaximumStepSeconds=2.50000000e-06 minimumTimeStepSeconds=5.00000000e-11 adaptive=true
Q30_STEP_PROFILE seed=43 fault=DREV_OPEN profile=healthy-preparation boundary=END stepRole=FINER_2_5_US_REFERENCE declaredMaximumStepSeconds=2.50000000e-06 configuredMaximumStepSeconds=2.50000000e-06 actualCurrentStepSeconds=2.50000000e-06 observedMinimumStepSeconds=2.50000000e-06 observedMaximumStepSeconds=2.50000000e-06 minimumTimeStepSeconds=5.00000000e-11 adaptive=true
Q30_STEP_PROFILE seed=43 fault=DREV_OPEN profile=fault-profile-preparation boundary=BEGIN stepRole=FINER_2_5_US_REFERENCE declaredMaximumStepSeconds=2.50000000e-06 configuredMaximumStepSeconds=2.50000000e-06 actualCurrentStepSeconds=2.50000000e-06 observedMinimumStepSeconds=2.50000000e-06 observedMaximumStepSeconds=2.50000000e-06 minimumTimeStepSeconds=5.00000000e-11 adaptive=true
Q30_STEP_PROFILE seed=43 fault=DREV_OPEN profile=fault-profile-preparation boundary=END stepRole=FINER_2_5_US_REFERENCE declaredMaximumStepSeconds=2.50000000e-06 configuredMaximumStepSeconds=2.50000000e-06 actualCurrentStepSeconds=2.50000000e-06 observedMinimumStepSeconds=2.50000000e-06 observedMaximumStepSeconds=2.50000000e-06 minimumTimeStepSeconds=5.00000000e-11 adaptive=true
Q30_STEP_PROFILE seed=43 fault=DREV_OPEN profile=faulted-four-input-profile boundary=BEGIN stepRole=FINER_2_5_US_REFERENCE declaredMaximumStepSeconds=2.50000000e-06 configuredMaximumStepSeconds=2.50000000e-06 actualCurrentStepSeconds=2.50000000e-06 observedMinimumStepSeconds=2.50000000e-06 observedMaximumStepSeconds=2.50000000e-06 minimumTimeStepSeconds=5.00000000e-11 adaptive=true
Q30_STEP_PROFILE seed=43 fault=DREV_OPEN profile=faulted-four-input-profile boundary=END stepRole=FINER_2_5_US_REFERENCE declaredMaximumStepSeconds=2.50000000e-06 configuredMaximumStepSeconds=2.50000000e-06 actualCurrentStepSeconds=2.50000000e-06 observedMinimumStepSeconds=2.50000000e-06 observedMaximumStepSeconds=2.50000000e-06 minimumTimeStepSeconds=5.00000000e-11 adaptive=true
Q30_STEP_PROFILE seed=43 fault=DREV_OPEN profile=unrepaired-customer-retest boundary=BEGIN stepRole=FINER_2_5_US_REFERENCE declaredMaximumStepSeconds=2.50000000e-06 configuredMaximumStepSeconds=2.50000000e-06 actualCurrentStepSeconds=2.50000000e-06 observedMinimumStepSeconds=2.50000000e-06 observedMaximumStepSeconds=2.50000000e-06 minimumTimeStepSeconds=5.00000000e-11 adaptive=true
Q30_STEP_PROFILE seed=43 fault=DREV_OPEN profile=unrepaired-customer-retest boundary=END stepRole=FINER_2_5_US_REFERENCE declaredMaximumStepSeconds=2.50000000e-06 configuredMaximumStepSeconds=2.50000000e-06 actualCurrentStepSeconds=2.50000000e-06 observedMinimumStepSeconds=2.50000000e-06 observedMaximumStepSeconds=2.50000000e-06 minimumTimeStepSeconds=5.00000000e-11 adaptive=true
Q30_STEP_PROFILE seed=43 fault=DREV_OPEN profile=service-power-off-wait boundary=BEGIN stepRole=FINER_2_5_US_REFERENCE declaredMaximumStepSeconds=2.50000000e-06 configuredMaximumStepSeconds=2.50000000e-06 actualCurrentStepSeconds=2.50000000e-06 observedMinimumStepSeconds=2.50000000e-06 observedMaximumStepSeconds=2.50000000e-06 minimumTimeStepSeconds=5.00000000e-11 adaptive=true
Q30_STEP_PROFILE seed=43 fault=DREV_OPEN profile=service-power-off-wait boundary=END stepRole=FINER_2_5_US_REFERENCE declaredMaximumStepSeconds=2.50000000e-06 configuredMaximumStepSeconds=2.50000000e-06 actualCurrentStepSeconds=2.50000000e-06 observedMinimumStepSeconds=2.50000000e-06 observedMaximumStepSeconds=2.50000000e-06 minimumTimeStepSeconds=5.00000000e-11 adaptive=true
Q30_STEP_PROFILE seed=43 fault=DREV_OPEN profile=reinstalled-original-customer-retest boundary=BEGIN stepRole=FINER_2_5_US_REFERENCE declaredMaximumStepSeconds=2.50000000e-06 configuredMaximumStepSeconds=2.50000000e-06 actualCurrentStepSeconds=2.50000000e-06 observedMinimumStepSeconds=2.50000000e-06 observedMaximumStepSeconds=2.50000000e-06 minimumTimeStepSeconds=5.00000000e-11 adaptive=true
Q30_STEP_PROFILE seed=43 fault=DREV_OPEN profile=reinstalled-original-customer-retest boundary=END stepRole=FINER_2_5_US_REFERENCE declaredMaximumStepSeconds=2.50000000e-06 configuredMaximumStepSeconds=2.50000000e-06 actualCurrentStepSeconds=2.50000000e-06 observedMinimumStepSeconds=2.50000000e-06 observedMaximumStepSeconds=2.50000000e-06 minimumTimeStepSeconds=5.00000000e-11 adaptive=true
Q30_STEP_PROFILE seed=43 fault=DREV_OPEN profile=service-power-off-wait boundary=BEGIN stepRole=FINER_2_5_US_REFERENCE declaredMaximumStepSeconds=2.50000000e-06 configuredMaximumStepSeconds=2.50000000e-06 actualCurrentStepSeconds=2.50000000e-06 observedMinimumStepSeconds=2.50000000e-06 observedMaximumStepSeconds=2.50000000e-06 minimumTimeStepSeconds=5.00000000e-11 adaptive=true
Q30_STEP_PROFILE seed=43 fault=DREV_OPEN profile=service-power-off-wait boundary=END stepRole=FINER_2_5_US_REFERENCE declaredMaximumStepSeconds=2.50000000e-06 configuredMaximumStepSeconds=2.50000000e-06 actualCurrentStepSeconds=2.50000000e-06 observedMinimumStepSeconds=2.50000000e-06 observedMaximumStepSeconds=2.50000000e-06 minimumTimeStepSeconds=5.00000000e-11 adaptive=true
Q30_STEP_PROFILE seed=43 fault=DREV_OPEN profile=repaired-customer-retest boundary=BEGIN stepRole=FINER_2_5_US_REFERENCE declaredMaximumStepSeconds=2.50000000e-06 configuredMaximumStepSeconds=2.50000000e-06 actualCurrentStepSeconds=2.50000000e-06 observedMinimumStepSeconds=2.50000000e-06 observedMaximumStepSeconds=2.50000000e-06 minimumTimeStepSeconds=5.00000000e-11 adaptive=true
Q30_STEP_PROFILE seed=43 fault=DREV_OPEN profile=repaired-customer-retest boundary=END stepRole=FINER_2_5_US_REFERENCE declaredMaximumStepSeconds=2.50000000e-06 configuredMaximumStepSeconds=2.50000000e-06 actualCurrentStepSeconds=2.50000000e-06 observedMinimumStepSeconds=2.50000000e-06 observedMaximumStepSeconds=2.50000000e-06 minimumTimeStepSeconds=5.00000000e-11 adaptive=true
Q30_STEP_OWNER_CLEANUP seed=43 fault=DREV_OPEN declaredMaximumStepSeconds=2.50000000e-06 stepRole=FINER_2_5_US_REFERENCE cleanup=true elapsedMillis=0
Q30_STEP_PROFILE seed=43 fault=DREV_OPEN profile=initial-electrical-settle boundary=BEGIN stepRole=PRODUCTION_5_US declaredMaximumStepSeconds=5.00000000e-06 configuredMaximumStepSeconds=5.00000000e-06 actualCurrentStepSeconds=5.00000000e-06 observedMinimumStepSeconds=5.00000000e-06 observedMaximumStepSeconds=5.00000000e-06 minimumTimeStepSeconds=5.00000000e-11 adaptive=true
Q30_STEP_PROFILE seed=43 fault=DREV_OPEN profile=initial-electrical-settle boundary=END stepRole=PRODUCTION_5_US declaredMaximumStepSeconds=5.00000000e-06 configuredMaximumStepSeconds=5.00000000e-06 actualCurrentStepSeconds=5.00000000e-06 observedMinimumStepSeconds=5.00000000e-06 observedMaximumStepSeconds=5.00000000e-06 minimumTimeStepSeconds=5.00000000e-11 adaptive=true
Q30_STEP_PROFILE seed=43 fault=DREV_OPEN profile=healthy-preparation boundary=BEGIN stepRole=PRODUCTION_5_US declaredMaximumStepSeconds=5.00000000e-06 configuredMaximumStepSeconds=5.00000000e-06 actualCurrentStepSeconds=5.00000000e-06 observedMinimumStepSeconds=5.00000000e-06 observedMaximumStepSeconds=5.00000000e-06 minimumTimeStepSeconds=5.00000000e-11 adaptive=true
Q30_STEP_PROFILE seed=43 fault=DREV_OPEN profile=healthy-preparation boundary=END stepRole=PRODUCTION_5_US declaredMaximumStepSeconds=5.00000000e-06 configuredMaximumStepSeconds=5.00000000e-06 actualCurrentStepSeconds=5.00000000e-06 observedMinimumStepSeconds=5.00000000e-06 observedMaximumStepSeconds=5.00000000e-06 minimumTimeStepSeconds=5.00000000e-11 adaptive=true
Q30_STEP_PROFILE seed=43 fault=DREV_OPEN profile=fault-profile-preparation boundary=BEGIN stepRole=PRODUCTION_5_US declaredMaximumStepSeconds=5.00000000e-06 configuredMaximumStepSeconds=5.00000000e-06 actualCurrentStepSeconds=5.00000000e-06 observedMinimumStepSeconds=5.00000000e-06 observedMaximumStepSeconds=5.00000000e-06 minimumTimeStepSeconds=5.00000000e-11 adaptive=true
Q30_STEP_PROFILE seed=43 fault=DREV_OPEN profile=fault-profile-preparation boundary=END stepRole=PRODUCTION_5_US declaredMaximumStepSeconds=5.00000000e-06 configuredMaximumStepSeconds=5.00000000e-06 actualCurrentStepSeconds=5.00000000e-06 observedMinimumStepSeconds=5.00000000e-06 observedMaximumStepSeconds=5.00000000e-06 minimumTimeStepSeconds=5.00000000e-11 adaptive=true
Q30_STEP_PROFILE seed=43 fault=DREV_OPEN profile=faulted-four-input-profile boundary=BEGIN stepRole=PRODUCTION_5_US declaredMaximumStepSeconds=5.00000000e-06 configuredMaximumStepSeconds=5.00000000e-06 actualCurrentStepSeconds=5.00000000e-06 observedMinimumStepSeconds=5.00000000e-06 observedMaximumStepSeconds=5.00000000e-06 minimumTimeStepSeconds=5.00000000e-11 adaptive=true
Q30_STEP_PROFILE seed=43 fault=DREV_OPEN profile=faulted-four-input-profile boundary=END stepRole=PRODUCTION_5_US declaredMaximumStepSeconds=5.00000000e-06 configuredMaximumStepSeconds=5.00000000e-06 actualCurrentStepSeconds=5.00000000e-06 observedMinimumStepSeconds=5.00000000e-06 observedMaximumStepSeconds=5.00000000e-06 minimumTimeStepSeconds=5.00000000e-11 adaptive=true
Q30_STEP_PROFILE seed=43 fault=DREV_OPEN profile=unrepaired-customer-retest boundary=BEGIN stepRole=PRODUCTION_5_US declaredMaximumStepSeconds=5.00000000e-06 configuredMaximumStepSeconds=5.00000000e-06 actualCurrentStepSeconds=5.00000000e-06 observedMinimumStepSeconds=5.00000000e-06 observedMaximumStepSeconds=5.00000000e-06 minimumTimeStepSeconds=5.00000000e-11 adaptive=true
Q30_STEP_PROFILE seed=43 fault=DREV_OPEN profile=unrepaired-customer-retest boundary=END stepRole=PRODUCTION_5_US declaredMaximumStepSeconds=5.00000000e-06 configuredMaximumStepSeconds=5.00000000e-06 actualCurrentStepSeconds=5.00000000e-06 observedMinimumStepSeconds=5.00000000e-06 observedMaximumStepSeconds=5.00000000e-06 minimumTimeStepSeconds=5.00000000e-11 adaptive=true
Q30_STEP_PROFILE seed=43 fault=DREV_OPEN profile=service-power-off-wait boundary=BEGIN stepRole=PRODUCTION_5_US declaredMaximumStepSeconds=5.00000000e-06 configuredMaximumStepSeconds=5.00000000e-06 actualCurrentStepSeconds=5.00000000e-06 observedMinimumStepSeconds=5.00000000e-06 observedMaximumStepSeconds=5.00000000e-06 minimumTimeStepSeconds=5.00000000e-11 adaptive=true
Q30_STEP_PROFILE seed=43 fault=DREV_OPEN profile=service-power-off-wait boundary=END stepRole=PRODUCTION_5_US declaredMaximumStepSeconds=5.00000000e-06 configuredMaximumStepSeconds=5.00000000e-06 actualCurrentStepSeconds=5.00000000e-06 observedMinimumStepSeconds=5.00000000e-06 observedMaximumStepSeconds=5.00000000e-06 minimumTimeStepSeconds=5.00000000e-11 adaptive=true
Q30_STEP_PROFILE seed=43 fault=DREV_OPEN profile=reinstalled-original-customer-retest boundary=BEGIN stepRole=PRODUCTION_5_US declaredMaximumStepSeconds=5.00000000e-06 configuredMaximumStepSeconds=5.00000000e-06 actualCurrentStepSeconds=5.00000000e-06 observedMinimumStepSeconds=5.00000000e-06 observedMaximumStepSeconds=5.00000000e-06 minimumTimeStepSeconds=5.00000000e-11 adaptive=true
Q30_STEP_PROFILE seed=43 fault=DREV_OPEN profile=reinstalled-original-customer-retest boundary=END stepRole=PRODUCTION_5_US declaredMaximumStepSeconds=5.00000000e-06 configuredMaximumStepSeconds=5.00000000e-06 actualCurrentStepSeconds=5.00000000e-06 observedMinimumStepSeconds=5.00000000e-06 observedMaximumStepSeconds=5.00000000e-06 minimumTimeStepSeconds=5.00000000e-11 adaptive=true
Q30_STEP_PROFILE seed=43 fault=DREV_OPEN profile=service-power-off-wait boundary=BEGIN stepRole=PRODUCTION_5_US declaredMaximumStepSeconds=5.00000000e-06 configuredMaximumStepSeconds=5.00000000e-06 actualCurrentStepSeconds=5.00000000e-06 observedMinimumStepSeconds=5.00000000e-06 observedMaximumStepSeconds=5.00000000e-06 minimumTimeStepSeconds=5.00000000e-11 adaptive=true
Q30_STEP_PROFILE seed=43 fault=DREV_OPEN profile=service-power-off-wait boundary=END stepRole=PRODUCTION_5_US declaredMaximumStepSeconds=5.00000000e-06 configuredMaximumStepSeconds=5.00000000e-06 actualCurrentStepSeconds=5.00000000e-06 observedMinimumStepSeconds=5.00000000e-06 observedMaximumStepSeconds=5.00000000e-06 minimumTimeStepSeconds=5.00000000e-11 adaptive=true
Q30_STEP_PROFILE seed=43 fault=DREV_OPEN profile=repaired-customer-retest boundary=BEGIN stepRole=PRODUCTION_5_US declaredMaximumStepSeconds=5.00000000e-06 configuredMaximumStepSeconds=5.00000000e-06 actualCurrentStepSeconds=5.00000000e-06 observedMinimumStepSeconds=5.00000000e-06 observedMaximumStepSeconds=5.00000000e-06 minimumTimeStepSeconds=5.00000000e-11 adaptive=true
Q30_STEP_PROFILE seed=43 fault=DREV_OPEN profile=repaired-customer-retest boundary=END stepRole=PRODUCTION_5_US declaredMaximumStepSeconds=5.00000000e-06 configuredMaximumStepSeconds=5.00000000e-06 actualCurrentStepSeconds=5.00000000e-06 observedMinimumStepSeconds=5.00000000e-06 observedMaximumStepSeconds=5.00000000e-06 minimumTimeStepSeconds=5.00000000e-11 adaptive=true
Q30_STEP_OWNER_CLEANUP seed=43 fault=DREV_OPEN declaredMaximumStepSeconds=5.00000000e-06 stepRole=PRODUCTION_5_US cleanup=true elapsedMillis=0
Q30_STEP_PAIR seed=43 support=STANDARD_35 fault=DREV_OPEN referenceMaximumStepSeconds=2.50000000e-06 productionCandidateMaximumStepSeconds=5.00000000e-06 candidateKind=PRODUCTION_5_US maxDeltaVolts=0.00214594894 toleranceVolts=0.0155927883 phase=faulted sample=SENSORS_LOW/U1.OUTPUT-J1.2 referenceElapsedMillis=17986 productionCandidateElapsedMillis=9287 referenceSimSeconds=1.16019250 productionCandidateSimSeconds=1.16036000 referenceCleanupMillis=0 productionCandidateCleanupMillis=0 cleanup=true
Q30_STEP_SEED seed=43 support=STANDARD_35 referenceMaximumStepSeconds=2.50000000e-06 productionCandidateMaximumStepSeconds=5.00000000e-06 candidateKind=PRODUCTION_5_US routeTopology=RB30_SHARED_HYSTERETIC_A_BJT_B_BJT_STANDARD_35 routeAndPairsElapsedMillis=31389
Q30_STEP_SEED_CLEANUP seed=43 cleanup=true elapsedMillis=0
PASS: Q30 production solver step sensitivity assertions=1478 seed=43 support=STANDARD_35 faults=1 referenceMaximumStepSeconds=2.50000000e-06 productionCandidateMaximumStepSeconds=5.00000000e-06 candidateKind=PRODUCTION_5_US elapsedMillis=31389

node 11 unconnected
converged after 25 iterations, timeStep = 2.5E-6
converged after 9 iterations, timeStep = 2.5E-6
node 11 unconnected
node 11 unconnected
converged after 10 iterations, timeStep = 2.5E-6
node 11 unconnected
converged after 10 iterations, timeStep = 2.5E-6
node 11 unconnected
converged after 9 iterations, timeStep = 2.5E-6
node 11 unconnected
converged after 10 iterations, timeStep = 2.5E-6
node 11 unconnected
converged after 15 iterations, timeStep = 2.5E-6
converged after 9 iterations, timeStep = 2.5E-6
node 11 unconnected
node 11 unconnected
node 11 unconnected
node 11 unconnected
node 11 unconnected
node 11 unconnected
node 11 unconnected
node 11 unconnected
node 11 unconnected
node 11 unconnected
node 11 unconnected
node 11 unconnected
node 11 unconnected
node 11 unconnected
node 11 unconnected
node 16 unconnected
node 20 unconnected
node 11 unconnected
node 11 unconnected
node 11 unconnected
node 11 unconnected
node 11 unconnected
node 11 unconnected
node 11 unconnected
node 11 unconnected
node 11 unconnected
node 11 unconnected
node 11 unconnected
node 11 unconnected
node 11 unconnected
node 16 unconnected
node 20 unconnected
node 11 unconnected
node 16 unconnected
node 20 unconnected
converged after 6 iterations, timeStep = 2.5E-6
converged after 7 iterations, timeStep = 2.5E-6
node 11 unconnected
node 16 unconnected
node 20 unconnected
converged after 40 iterations, timeStep = 2.5E-6
node 11 unconnected
node 16 unconnected
node 20 unconnected
converged after 9 iterations, timeStep = 2.5E-6
node 11 unconnected
node 16 unconnected
node 20 unconnected
converged after 10 iterations, timeStep = 2.5E-6
node 11 unconnected
node 16 unconnected
node 20 unconnected
converged after 10 iterations, timeStep = 2.5E-6
node 11 unconnected
node 16 unconnected
node 20 unconnected
converged after 9 iterations, timeStep = 2.5E-6
node 11 unconnected
converged after 25 iterations, timeStep = 5.0E-6
converged after 6 iterations, timeStep = 5.0E-6
node 11 unconnected
node 11 unconnected
converged after 16 iterations, timeStep = 5.0E-6
node 11 unconnected
converged after 19 iterations, timeStep = 5.0E-6
node 11 unconnected
converged after 19 iterations, timeStep = 5.0E-6
node 11 unconnected
converged after 9 iterations, timeStep = 5.0E-6
node 11 unconnected
converged after 16 iterations, timeStep = 5.0E-6
converged after 17 iterations, timeStep = 5.0E-6
node 11 unconnected
node 11 unconnected
node 11 unconnected
node 11 unconnected
node 11 unconnected
node 11 unconnected
node 11 unconnected
node 11 unconnected
node 11 unconnected
node 11 unconnected
node 11 unconnected
node 11 unconnected
node 11 unconnected
node 11 unconnected
node 11 unconnected
node 16 unconnected
node 20 unconnected
node 11 unconnected
node 11 unconnected
node 11 unconnected
node 11 unconnected
node 11 unconnected
node 11 unconnected
node 11 unconnected
node 11 unconnected
node 11 unconnected
node 11 unconnected
node 11 unconnected
node 11 unconnected
node 11 unconnected
node 16 unconnected
node 20 unconnected
node 11 unconnected
node 16 unconnected
node 20 unconnected
converged after 6 iterations, timeStep = 5.0E-6
converged after 6 iterations, timeStep = 5.0E-6
node 11 unconnected
node 16 unconnected
node 20 unconnected
converged after 40 iterations, timeStep = 5.0E-6
node 11 unconnected
node 16 unconnected
node 20 unconnected
converged after 10 iterations, timeStep = 5.0E-6
node 11 unconnected
node 16 unconnected
node 20 unconnected
converged after 16 iterations, timeStep = 5.0E-6
node 11 unconnected
node 16 unconnected
node 20 unconnected
converged after 17 iterations, timeStep = 5.0E-6
node 11 unconnected
node 16 unconnected
node 20 unconnected
converged after 18 iterations, timeStep = 5.0E-6

Q30_STEP_PROFILE seed=43 fault=REN_OPEN profile=initial-electrical-settle boundary=BEGIN stepRole=FINER_2_5_US_REFERENCE declaredMaximumStepSeconds=2.50000000e-06 configuredMaximumStepSeconds=2.50000000e-06 actualCurrentStepSeconds=2.50000000e-06 observedMinimumStepSeconds=2.50000000e-06 observedMaximumStepSeconds=2.50000000e-06 minimumTimeStepSeconds=5.00000000e-11 adaptive=true
Q30_STEP_PROFILE seed=43 fault=REN_OPEN profile=initial-electrical-settle boundary=END stepRole=FINER_2_5_US_REFERENCE declaredMaximumStepSeconds=2.50000000e-06 configuredMaximumStepSeconds=2.50000000e-06 actualCurrentStepSeconds=2.50000000e-06 observedMinimumStepSeconds=2.50000000e-06 observedMaximumStepSeconds=2.50000000e-06 minimumTimeStepSeconds=5.00000000e-11 adaptive=true
Q30_STEP_PROFILE seed=43 fault=REN_OPEN profile=healthy-preparation boundary=BEGIN stepRole=FINER_2_5_US_REFERENCE declaredMaximumStepSeconds=2.50000000e-06 configuredMaximumStepSeconds=2.50000000e-06 actualCurrentStepSeconds=2.50000000e-06 observedMinimumStepSeconds=2.50000000e-06 observedMaximumStepSeconds=2.50000000e-06 minimumTimeStepSeconds=5.00000000e-11 adaptive=true
Q30_STEP_PROFILE seed=43 fault=REN_OPEN profile=healthy-preparation boundary=END stepRole=FINER_2_5_US_REFERENCE declaredMaximumStepSeconds=2.50000000e-06 configuredMaximumStepSeconds=2.50000000e-06 actualCurrentStepSeconds=2.50000000e-06 observedMinimumStepSeconds=2.50000000e-06 observedMaximumStepSeconds=2.50000000e-06 minimumTimeStepSeconds=5.00000000e-11 adaptive=true
Q30_STEP_PROFILE seed=43 fault=REN_OPEN profile=fault-profile-preparation boundary=BEGIN stepRole=FINER_2_5_US_REFERENCE declaredMaximumStepSeconds=2.50000000e-06 configuredMaximumStepSeconds=2.50000000e-06 actualCurrentStepSeconds=2.50000000e-06 observedMinimumStepSeconds=2.50000000e-06 observedMaximumStepSeconds=2.50000000e-06 minimumTimeStepSeconds=5.00000000e-11 adaptive=true
Q30_STEP_PROFILE seed=43 fault=REN_OPEN profile=fault-profile-preparation boundary=END stepRole=FINER_2_5_US_REFERENCE declaredMaximumStepSeconds=2.50000000e-06 configuredMaximumStepSeconds=2.50000000e-06 actualCurrentStepSeconds=2.50000000e-06 observedMinimumStepSeconds=6.25000000e-07 observedMaximumStepSeconds=2.50000000e-06 minimumTimeStepSeconds=5.00000000e-11 adaptive=true
Q30_STEP_PROFILE seed=43 fault=REN_OPEN profile=faulted-four-input-profile boundary=BEGIN stepRole=FINER_2_5_US_REFERENCE declaredMaximumStepSeconds=2.50000000e-06 configuredMaximumStepSeconds=2.50000000e-06 actualCurrentStepSeconds=2.50000000e-06 observedMinimumStepSeconds=2.50000000e-06 observedMaximumStepSeconds=2.50000000e-06 minimumTimeStepSeconds=5.00000000e-11 adaptive=true
Q30_STEP_PROFILE seed=43 fault=REN_OPEN profile=faulted-four-input-profile boundary=END stepRole=FINER_2_5_US_REFERENCE declaredMaximumStepSeconds=2.50000000e-06 configuredMaximumStepSeconds=2.50000000e-06 actualCurrentStepSeconds=2.50000000e-06 observedMinimumStepSeconds=2.50000000e-06 observedMaximumStepSeconds=2.50000000e-06 minimumTimeStepSeconds=5.00000000e-11 adaptive=true
Q30_STEP_PROFILE seed=43 fault=REN_OPEN profile=unrepaired-customer-retest boundary=BEGIN stepRole=FINER_2_5_US_REFERENCE declaredMaximumStepSeconds=2.50000000e-06 configuredMaximumStepSeconds=2.50000000e-06 actualCurrentStepSeconds=2.50000000e-06 observedMinimumStepSeconds=2.50000000e-06 observedMaximumStepSeconds=2.50000000e-06 minimumTimeStepSeconds=5.00000000e-11 adaptive=true
Q30_STEP_PROFILE seed=43 fault=REN_OPEN profile=unrepaired-customer-retest boundary=END stepRole=FINER_2_5_US_REFERENCE declaredMaximumStepSeconds=2.50000000e-06 configuredMaximumStepSeconds=2.50000000e-06 actualCurrentStepSeconds=2.50000000e-06 observedMinimumStepSeconds=2.50000000e-06 observedMaximumStepSeconds=2.50000000e-06 minimumTimeStepSeconds=5.00000000e-11 adaptive=true
Q30_STEP_PROFILE seed=43 fault=REN_OPEN profile=service-power-off-wait boundary=BEGIN stepRole=FINER_2_5_US_REFERENCE declaredMaximumStepSeconds=2.50000000e-06 configuredMaximumStepSeconds=2.50000000e-06 actualCurrentStepSeconds=2.50000000e-06 observedMinimumStepSeconds=2.50000000e-06 observedMaximumStepSeconds=2.50000000e-06 minimumTimeStepSeconds=5.00000000e-11 adaptive=true
Q30_STEP_PROFILE seed=43 fault=REN_OPEN profile=service-power-off-wait boundary=END stepRole=FINER_2_5_US_REFERENCE declaredMaximumStepSeconds=2.50000000e-06 configuredMaximumStepSeconds=2.50000000e-06 actualCurrentStepSeconds=2.50000000e-06 observedMinimumStepSeconds=2.50000000e-06 observedMaximumStepSeconds=2.50000000e-06 minimumTimeStepSeconds=5.00000000e-11 adaptive=true
Q30_STEP_PROFILE seed=43 fault=REN_OPEN profile=reinstalled-original-customer-retest boundary=BEGIN stepRole=FINER_2_5_US_REFERENCE declaredMaximumStepSeconds=2.50000000e-06 configuredMaximumStepSeconds=2.50000000e-06 actualCurrentStepSeconds=2.50000000e-06 observedMinimumStepSeconds=2.50000000e-06 observedMaximumStepSeconds=2.50000000e-06 minimumTimeStepSeconds=5.00000000e-11 adaptive=true
Q30_STEP_PROFILE seed=43 fault=REN_OPEN profile=reinstalled-original-customer-retest boundary=END stepRole=FINER_2_5_US_REFERENCE declaredMaximumStepSeconds=2.50000000e-06 configuredMaximumStepSeconds=2.50000000e-06 actualCurrentStepSeconds=2.50000000e-06 observedMinimumStepSeconds=2.50000000e-06 observedMaximumStepSeconds=2.50000000e-06 minimumTimeStepSeconds=5.00000000e-11 adaptive=true
Q30_STEP_PROFILE seed=43 fault=REN_OPEN profile=service-power-off-wait boundary=BEGIN stepRole=FINER_2_5_US_REFERENCE declaredMaximumStepSeconds=2.50000000e-06 configuredMaximumStepSeconds=2.50000000e-06 actualCurrentStepSeconds=2.50000000e-06 observedMinimumStepSeconds=2.50000000e-06 observedMaximumStepSeconds=2.50000000e-06 minimumTimeStepSeconds=5.00000000e-11 adaptive=true
Q30_STEP_PROFILE seed=43 fault=REN_OPEN profile=service-power-off-wait boundary=END stepRole=FINER_2_5_US_REFERENCE declaredMaximumStepSeconds=2.50000000e-06 configuredMaximumStepSeconds=2.50000000e-06 actualCurrentStepSeconds=2.50000000e-06 observedMinimumStepSeconds=2.50000000e-06 observedMaximumStepSeconds=2.50000000e-06 minimumTimeStepSeconds=5.00000000e-11 adaptive=true
Q30_STEP_PROFILE seed=43 fault=REN_OPEN profile=repaired-customer-retest boundary=BEGIN stepRole=FINER_2_5_US_REFERENCE declaredMaximumStepSeconds=2.50000000e-06 configuredMaximumStepSeconds=2.50000000e-06 actualCurrentStepSeconds=2.50000000e-06 observedMinimumStepSeconds=2.50000000e-06 observedMaximumStepSeconds=2.50000000e-06 minimumTimeStepSeconds=5.00000000e-11 adaptive=true
Q30_STEP_PROFILE seed=43 fault=REN_OPEN profile=repaired-customer-retest boundary=END stepRole=FINER_2_5_US_REFERENCE declaredMaximumStepSeconds=2.50000000e-06 configuredMaximumStepSeconds=2.50000000e-06 actualCurrentStepSeconds=2.50000000e-06 observedMinimumStepSeconds=2.50000000e-06 observedMaximumStepSeconds=2.50000000e-06 minimumTimeStepSeconds=5.00000000e-11 adaptive=true
Q30_STEP_OWNER_CLEANUP seed=43 fault=REN_OPEN declaredMaximumStepSeconds=2.50000000e-06 stepRole=FINER_2_5_US_REFERENCE cleanup=true elapsedMillis=0
Q30_STEP_PROFILE seed=43 fault=REN_OPEN profile=initial-electrical-settle boundary=BEGIN stepRole=PRODUCTION_5_US declaredMaximumStepSeconds=5.00000000e-06 configuredMaximumStepSeconds=5.00000000e-06 actualCurrentStepSeconds=5.00000000e-06 observedMinimumStepSeconds=5.00000000e-06 observedMaximumStepSeconds=5.00000000e-06 minimumTimeStepSeconds=5.00000000e-11 adaptive=true
Q30_STEP_PROFILE seed=43 fault=REN_OPEN profile=initial-electrical-settle boundary=END stepRole=PRODUCTION_5_US declaredMaximumStepSeconds=5.00000000e-06 configuredMaximumStepSeconds=5.00000000e-06 actualCurrentStepSeconds=5.00000000e-06 observedMinimumStepSeconds=5.00000000e-06 observedMaximumStepSeconds=5.00000000e-06 minimumTimeStepSeconds=5.00000000e-11 adaptive=true
Q30_STEP_PROFILE seed=43 fault=REN_OPEN profile=healthy-preparation boundary=BEGIN stepRole=PRODUCTION_5_US declaredMaximumStepSeconds=5.00000000e-06 configuredMaximumStepSeconds=5.00000000e-06 actualCurrentStepSeconds=5.00000000e-06 observedMinimumStepSeconds=5.00000000e-06 observedMaximumStepSeconds=5.00000000e-06 minimumTimeStepSeconds=5.00000000e-11 adaptive=true
Q30_STEP_PROFILE seed=43 fault=REN_OPEN profile=healthy-preparation boundary=END stepRole=PRODUCTION_5_US declaredMaximumStepSeconds=5.00000000e-06 configuredMaximumStepSeconds=5.00000000e-06 actualCurrentStepSeconds=5.00000000e-06 observedMinimumStepSeconds=5.00000000e-06 observedMaximumStepSeconds=5.00000000e-06 minimumTimeStepSeconds=5.00000000e-11 adaptive=true
Q30_STEP_PROFILE seed=43 fault=REN_OPEN profile=fault-profile-preparation boundary=BEGIN stepRole=PRODUCTION_5_US declaredMaximumStepSeconds=5.00000000e-06 configuredMaximumStepSeconds=5.00000000e-06 actualCurrentStepSeconds=5.00000000e-06 observedMinimumStepSeconds=5.00000000e-06 observedMaximumStepSeconds=5.00000000e-06 minimumTimeStepSeconds=5.00000000e-11 adaptive=true
Q30_STEP_PROFILE seed=43 fault=REN_OPEN profile=fault-profile-preparation boundary=END stepRole=PRODUCTION_5_US declaredMaximumStepSeconds=5.00000000e-06 configuredMaximumStepSeconds=5.00000000e-06 actualCurrentStepSeconds=5.00000000e-06 observedMinimumStepSeconds=5.00000000e-06 observedMaximumStepSeconds=5.00000000e-06 minimumTimeStepSeconds=5.00000000e-11 adaptive=true
Q30_STEP_PROFILE seed=43 fault=REN_OPEN profile=faulted-four-input-profile boundary=BEGIN stepRole=PRODUCTION_5_US declaredMaximumStepSeconds=5.00000000e-06 configuredMaximumStepSeconds=5.00000000e-06 actualCurrentStepSeconds=5.00000000e-06 observedMinimumStepSeconds=5.00000000e-06 observedMaximumStepSeconds=5.00000000e-06 minimumTimeStepSeconds=5.00000000e-11 adaptive=true
Q30_STEP_PROFILE seed=43 fault=REN_OPEN profile=faulted-four-input-profile boundary=END stepRole=PRODUCTION_5_US declaredMaximumStepSeconds=5.00000000e-06 configuredMaximumStepSeconds=5.00000000e-06 actualCurrentStepSeconds=5.00000000e-06 observedMinimumStepSeconds=5.00000000e-06 observedMaximumStepSeconds=5.00000000e-06 minimumTimeStepSeconds=5.00000000e-11 adaptive=true
Q30_STEP_PROFILE seed=43 fault=REN_OPEN profile=unrepaired-customer-retest boundary=BEGIN stepRole=PRODUCTION_5_US declaredMaximumStepSeconds=5.00000000e-06 configuredMaximumStepSeconds=5.00000000e-06 actualCurrentStepSeconds=5.00000000e-06 observedMinimumStepSeconds=5.00000000e-06 observedMaximumStepSeconds=5.00000000e-06 minimumTimeStepSeconds=5.00000000e-11 adaptive=true
Q30_STEP_PROFILE seed=43 fault=REN_OPEN profile=unrepaired-customer-retest boundary=END stepRole=PRODUCTION_5_US declaredMaximumStepSeconds=5.00000000e-06 configuredMaximumStepSeconds=5.00000000e-06 actualCurrentStepSeconds=5.00000000e-06 observedMinimumStepSeconds=5.00000000e-06 observedMaximumStepSeconds=5.00000000e-06 minimumTimeStepSeconds=5.00000000e-11 adaptive=true
Q30_STEP_PROFILE seed=43 fault=REN_OPEN profile=service-power-off-wait boundary=BEGIN stepRole=PRODUCTION_5_US declaredMaximumStepSeconds=5.00000000e-06 configuredMaximumStepSeconds=5.00000000e-06 actualCurrentStepSeconds=5.00000000e-06 observedMinimumStepSeconds=5.00000000e-06 observedMaximumStepSeconds=5.00000000e-06 minimumTimeStepSeconds=5.00000000e-11 adaptive=true
Q30_STEP_PROFILE seed=43 fault=REN_OPEN profile=service-power-off-wait boundary=END stepRole=PRODUCTION_5_US declaredMaximumStepSeconds=5.00000000e-06 configuredMaximumStepSeconds=5.00000000e-06 actualCurrentStepSeconds=5.00000000e-06 observedMinimumStepSeconds=5.00000000e-06 observedMaximumStepSeconds=5.00000000e-06 minimumTimeStepSeconds=5.00000000e-11 adaptive=true
Q30_STEP_PROFILE seed=43 fault=REN_OPEN profile=reinstalled-original-customer-retest boundary=BEGIN stepRole=PRODUCTION_5_US declaredMaximumStepSeconds=5.00000000e-06 configuredMaximumStepSeconds=5.00000000e-06 actualCurrentStepSeconds=5.00000000e-06 observedMinimumStepSeconds=5.00000000e-06 observedMaximumStepSeconds=5.00000000e-06 minimumTimeStepSeconds=5.00000000e-11 adaptive=true
Q30_STEP_PROFILE seed=43 fault=REN_OPEN profile=reinstalled-original-customer-retest boundary=END stepRole=PRODUCTION_5_US declaredMaximumStepSeconds=5.00000000e-06 configuredMaximumStepSeconds=5.00000000e-06 actualCurrentStepSeconds=5.00000000e-06 observedMinimumStepSeconds=5.00000000e-06 observedMaximumStepSeconds=5.00000000e-06 minimumTimeStepSeconds=5.00000000e-11 adaptive=true
Q30_STEP_PROFILE seed=43 fault=REN_OPEN profile=service-power-off-wait boundary=BEGIN stepRole=PRODUCTION_5_US declaredMaximumStepSeconds=5.00000000e-06 configuredMaximumStepSeconds=5.00000000e-06 actualCurrentStepSeconds=5.00000000e-06 observedMinimumStepSeconds=5.00000000e-06 observedMaximumStepSeconds=5.00000000e-06 minimumTimeStepSeconds=5.00000000e-11 adaptive=true
Q30_STEP_PROFILE seed=43 fault=REN_OPEN profile=service-power-off-wait boundary=END stepRole=PRODUCTION_5_US declaredMaximumStepSeconds=5.00000000e-06 configuredMaximumStepSeconds=5.00000000e-06 actualCurrentStepSeconds=5.00000000e-06 observedMinimumStepSeconds=5.00000000e-06 observedMaximumStepSeconds=5.00000000e-06 minimumTimeStepSeconds=5.00000000e-11 adaptive=true
Q30_STEP_PROFILE seed=43 fault=REN_OPEN profile=repaired-customer-retest boundary=BEGIN stepRole=PRODUCTION_5_US declaredMaximumStepSeconds=5.00000000e-06 configuredMaximumStepSeconds=5.00000000e-06 actualCurrentStepSeconds=5.00000000e-06 observedMinimumStepSeconds=5.00000000e-06 observedMaximumStepSeconds=5.00000000e-06 minimumTimeStepSeconds=5.00000000e-11 adaptive=true
Q30_STEP_PROFILE seed=43 fault=REN_OPEN profile=repaired-customer-retest boundary=END stepRole=PRODUCTION_5_US declaredMaximumStepSeconds=5.00000000e-06 configuredMaximumStepSeconds=5.00000000e-06 actualCurrentStepSeconds=5.00000000e-06 observedMinimumStepSeconds=5.00000000e-06 observedMaximumStepSeconds=5.00000000e-06 minimumTimeStepSeconds=5.00000000e-11 adaptive=true
Q30_STEP_OWNER_CLEANUP seed=43 fault=REN_OPEN declaredMaximumStepSeconds=5.00000000e-06 stepRole=PRODUCTION_5_US cleanup=true elapsedMillis=0
Q30_STEP_PAIR seed=43 support=STANDARD_35 fault=REN_OPEN referenceMaximumStepSeconds=2.50000000e-06 productionCandidateMaximumStepSeconds=5.00000000e-06 candidateKind=PRODUCTION_5_US maxDeltaVolts=2.47158581e-05 toleranceVolts=0.0108710366 phase=faulted sample=SENSORS_LOW/U1.OUTPUT-J1.2 referenceElapsedMillis=16279 productionCandidateElapsedMillis=8250 referenceSimSeconds=1.16019250 productionCandidateSimSeconds=1.16036000 referenceCleanupMillis=0 productionCandidateCleanupMillis=0 cleanup=true
Q30_STEP_SEED seed=43 support=STANDARD_35 referenceMaximumStepSeconds=2.50000000e-06 productionCandidateMaximumStepSeconds=5.00000000e-06 candidateKind=PRODUCTION_5_US routeTopology=RB30_SHARED_HYSTERETIC_A_BJT_B_BJT_STANDARD_35 routeAndPairsElapsedMillis=28616
Q30_STEP_OWNER_CLEANUP seed=43 fault=DREV_OPEN declaredMaximumStepSeconds=2.50000000e-06 stepRole=FINER_2_5_US_REFERENCE cleanup=true elapsedMillis=0
Q30_STEP_SEED_CLEANUP seed=43 cleanup=true elapsedMillis=0
PASS: Q30 production solver step sensitivity assertions=1734 seed=43 support=STANDARD_35 faults=1 referenceMaximumStepSeconds=2.50000000e-06 productionCandidateMaximumStepSeconds=5.00000000e-06 candidateKind=PRODUCTION_5_US elapsedMillis=28616

node 11 unconnected
converged after 25 iterations, timeStep = 2.5E-6
converged after 9 iterations, timeStep = 2.5E-6
node 11 unconnected
node 11 unconnected
converged after 10 iterations, timeStep = 2.5E-6
node 11 unconnected
converged after 10 iterations, timeStep = 2.5E-6
node 11 unconnected
converged after 9 iterations, timeStep = 2.5E-6
node 11 unconnected
converged after 10 iterations, timeStep = 2.5E-6
node 11 unconnected
node 20 unconnected
converged after 12 iterations, timeStep = 2.5E-6
timestep down to 1.25E-6 at 0.15022499999997502
timestep down to 6.25E-7 at 0.15022499999997502
converged after 2 iterations, timeStep = 6.25E-7
converged after 2 iterations, timeStep = 6.25E-7
converged after 10 iterations, timeStep = 6.25E-7
converged after 2 iterations, timeStep = 6.25E-7
converged after 2 iterations, timeStep = 6.25E-7
converged after 2 iterations, timeStep = 6.25E-7
timestep up = 1.25E-6 at 0.15022874999997504
converged after 2 iterations, timeStep = 1.25E-6
converged after 2 iterations, timeStep = 1.25E-6
converged after 2 iterations, timeStep = 1.25E-6
timestep up = 2.5E-6 at 0.15023249999997507
node 11 unconnected
node 20 unconnected
node 11 unconnected
node 20 unconnected
node 11 unconnected
node 20 unconnected
node 11 unconnected
node 20 unconnected
node 11 unconnected
node 20 unconnected
node 11 unconnected
node 20 unconnected
node 11 unconnected
node 20 unconnected
node 11 unconnected
node 20 unconnected
node 11 unconnected
node 20 unconnected
node 11 unconnected
node 20 unconnected
node 11 unconnected
node 20 unconnected
node 11 unconnected
node 20 unconnected
node 11 unconnected
node 20 unconnected
node 11 unconnected
node 20 unconnected
node 11 unconnected
node 20 unconnected
node 21 unconnected
node 23 unconnected
node 11 unconnected
node 20 unconnected
node 11 unconnected
node 20 unconnected
converged after 6 iterations, timeStep = 2.5E-6
node 11 unconnected
node 20 unconnected
node 11 unconnected
node 20 unconnected
node 11 unconnected
node 20 unconnected
node 11 unconnected
node 20 unconnected
node 11 unconnected
node 20 unconnected
node 11 unconnected
node 20 unconnected
node 11 unconnected
node 20 unconnected
node 11 unconnected
node 20 unconnected
node 11 unconnected
node 20 unconnected
node 11 unconnected
node 20 unconnected
node 11 unconnected
node 20 unconnected
node 21 unconnected
node 23 unconnected
node 11 unconnected
node 21 unconnected
node 23 unconnected
converged after 13 iterations, timeStep = 2.5E-6
node 11 unconnected
node 21 unconnected
node 23 unconnected
converged after 16 iterations, timeStep = 2.5E-6
converged after 7 iterations, timeStep = 2.5E-6
node 11 unconnected
node 21 unconnected
node 23 unconnected
converged after 9 iterations, timeStep = 2.5E-6
node 11 unconnected
node 21 unconnected
node 23 unconnected
converged after 10 iterations, timeStep = 2.5E-6
node 11 unconnected
node 21 unconnected
node 23 unconnected
converged after 10 iterations, timeStep = 2.5E-6
node 11 unconnected
node 21 unconnected
node 23 unconnected
converged after 9 iterations, timeStep = 2.5E-6
node 11 unconnected
converged after 25 iterations, timeStep = 5.0E-6
converged after 6 iterations, timeStep = 5.0E-6
node 11 unconnected
node 11 unconnected
converged after 16 iterations, timeStep = 5.0E-6
node 11 unconnected
converged after 19 iterations, timeStep = 5.0E-6
node 11 unconnected
converged after 19 iterations, timeStep = 5.0E-6
node 11 unconnected
converged after 9 iterations, timeStep = 5.0E-6
node 11 unconnected
node 20 unconnected
converged after 17 iterations, timeStep = 5.0E-6
converged after 10 iterations, timeStep = 5.0E-6
node 11 unconnected
node 20 unconnected
node 11 unconnected
node 20 unconnected
node 11 unconnected
node 20 unconnected
node 11 unconnected
node 20 unconnected
node 11 unconnected
node 20 unconnected
node 11 unconnected
node 20 unconnected
node 11 unconnected
node 20 unconnected
node 11 unconnected
node 20 unconnected
node 11 unconnected
node 20 unconnected
node 11 unconnected
node 20 unconnected
node 11 unconnected
node 20 unconnected
node 11 unconnected
node 20 unconnected
node 11 unconnected
node 20 unconnected
node 11 unconnected
node 20 unconnected
node 11 unconnected
node 20 unconnected
node 21 unconnected
node 23 unconnected
node 11 unconnected
node 20 unconnected
node 11 unconnected
node 20 unconnected
converged after 6 iterations, timeStep = 5.0E-6
node 11 unconnected
node 20 unconnected
node 11 unconnected
node 20 unconnected
node 11 unconnected
node 20 unconnected
node 11 unconnected
node 20 unconnected
node 11 unconnected
node 20 unconnected
node 11 unconnected
node 20 unconnected
node 11 unconnected
node 20 unconnected
node 11 unconnected
node 20 unconnected
node 11 unconnected
node 20 unconnected
node 11 unconnected
node 20 unconnected
node 11 unconnected
node 20 unconnected
node 21 unconnected
node 23 unconnected
node 11 unconnected
node 21 unconnected
node 23 unconnected
converged after 13 iterations, timeStep = 5.0E-6
node 11 unconnected
node 21 unconnected
node 23 unconnected
converged after 16 iterations, timeStep = 5.0E-6
converged after 7 iterations, timeStep = 5.0E-6
node 11 unconnected
node 21 unconnected
node 23 unconnected
converged after 9 iterations, timeStep = 5.0E-6
node 11 unconnected
node 21 unconnected
node 23 unconnected
converged after 16 iterations, timeStep = 5.0E-6
node 11 unconnected
node 21 unconnected
node 23 unconnected
converged after 19 iterations, timeStep = 5.0E-6
node 11 unconnected
node 21 unconnected
node 23 unconnected
converged after 19 iterations, timeStep = 5.0E-6

Q30_STEP_PROFILE seed=43 fault=SENSOR_A_OPEN profile=initial-electrical-settle boundary=BEGIN stepRole=FINER_2_5_US_REFERENCE declaredMaximumStepSeconds=2.50000000e-06 configuredMaximumStepSeconds=2.50000000e-06 actualCurrentStepSeconds=2.50000000e-06 observedMinimumStepSeconds=2.50000000e-06 observedMaximumStepSeconds=2.50000000e-06 minimumTimeStepSeconds=5.00000000e-11 adaptive=true
Q30_STEP_PROFILE seed=43 fault=SENSOR_A_OPEN profile=initial-electrical-settle boundary=END stepRole=FINER_2_5_US_REFERENCE declaredMaximumStepSeconds=2.50000000e-06 configuredMaximumStepSeconds=2.50000000e-06 actualCurrentStepSeconds=2.50000000e-06 observedMinimumStepSeconds=2.50000000e-06 observedMaximumStepSeconds=2.50000000e-06 minimumTimeStepSeconds=5.00000000e-11 adaptive=true
Q30_STEP_PROFILE seed=43 fault=SENSOR_A_OPEN profile=healthy-preparation boundary=BEGIN stepRole=FINER_2_5_US_REFERENCE declaredMaximumStepSeconds=2.50000000e-06 configuredMaximumStepSeconds=2.50000000e-06 actualCurrentStepSeconds=2.50000000e-06 observedMinimumStepSeconds=2.50000000e-06 observedMaximumStepSeconds=2.50000000e-06 minimumTimeStepSeconds=5.00000000e-11 adaptive=true
Q30_STEP_PROFILE seed=43 fault=SENSOR_A_OPEN profile=healthy-preparation boundary=END stepRole=FINER_2_5_US_REFERENCE declaredMaximumStepSeconds=2.50000000e-06 configuredMaximumStepSeconds=2.50000000e-06 actualCurrentStepSeconds=2.50000000e-06 observedMinimumStepSeconds=2.50000000e-06 observedMaximumStepSeconds=2.50000000e-06 minimumTimeStepSeconds=5.00000000e-11 adaptive=true
Q30_STEP_PROFILE seed=43 fault=SENSOR_A_OPEN profile=fault-profile-preparation boundary=BEGIN stepRole=FINER_2_5_US_REFERENCE declaredMaximumStepSeconds=2.50000000e-06 configuredMaximumStepSeconds=2.50000000e-06 actualCurrentStepSeconds=2.50000000e-06 observedMinimumStepSeconds=2.50000000e-06 observedMaximumStepSeconds=2.50000000e-06 minimumTimeStepSeconds=5.00000000e-11 adaptive=true
Q30_STEP_PROFILE seed=43 fault=SENSOR_A_OPEN profile=fault-profile-preparation boundary=END stepRole=FINER_2_5_US_REFERENCE declaredMaximumStepSeconds=2.50000000e-06 configuredMaximumStepSeconds=2.50000000e-06 actualCurrentStepSeconds=2.50000000e-06 observedMinimumStepSeconds=2.50000000e-06 observedMaximumStepSeconds=2.50000000e-06 minimumTimeStepSeconds=5.00000000e-11 adaptive=true
Q30_STEP_PROFILE seed=43 fault=SENSOR_A_OPEN profile=faulted-four-input-profile boundary=BEGIN stepRole=FINER_2_5_US_REFERENCE declaredMaximumStepSeconds=2.50000000e-06 configuredMaximumStepSeconds=2.50000000e-06 actualCurrentStepSeconds=2.50000000e-06 observedMinimumStepSeconds=2.50000000e-06 observedMaximumStepSeconds=2.50000000e-06 minimumTimeStepSeconds=5.00000000e-11 adaptive=true
Q30_STEP_PROFILE seed=43 fault=SENSOR_A_OPEN profile=faulted-four-input-profile boundary=END stepRole=FINER_2_5_US_REFERENCE declaredMaximumStepSeconds=2.50000000e-06 configuredMaximumStepSeconds=2.50000000e-06 actualCurrentStepSeconds=2.50000000e-06 observedMinimumStepSeconds=2.50000000e-06 observedMaximumStepSeconds=2.50000000e-06 minimumTimeStepSeconds=5.00000000e-11 adaptive=true
Q30_STEP_PROFILE seed=43 fault=SENSOR_A_OPEN profile=unrepaired-customer-retest boundary=BEGIN stepRole=FINER_2_5_US_REFERENCE declaredMaximumStepSeconds=2.50000000e-06 configuredMaximumStepSeconds=2.50000000e-06 actualCurrentStepSeconds=2.50000000e-06 observedMinimumStepSeconds=2.50000000e-06 observedMaximumStepSeconds=2.50000000e-06 minimumTimeStepSeconds=5.00000000e-11 adaptive=true
Q30_STEP_PROFILE seed=43 fault=SENSOR_A_OPEN profile=unrepaired-customer-retest boundary=END stepRole=FINER_2_5_US_REFERENCE declaredMaximumStepSeconds=2.50000000e-06 configuredMaximumStepSeconds=2.50000000e-06 actualCurrentStepSeconds=2.50000000e-06 observedMinimumStepSeconds=2.50000000e-06 observedMaximumStepSeconds=2.50000000e-06 minimumTimeStepSeconds=5.00000000e-11 adaptive=true
Q30_STEP_PROFILE seed=43 fault=SENSOR_A_OPEN profile=service-power-off-wait boundary=BEGIN stepRole=FINER_2_5_US_REFERENCE declaredMaximumStepSeconds=2.50000000e-06 configuredMaximumStepSeconds=2.50000000e-06 actualCurrentStepSeconds=2.50000000e-06 observedMinimumStepSeconds=2.50000000e-06 observedMaximumStepSeconds=2.50000000e-06 minimumTimeStepSeconds=5.00000000e-11 adaptive=true
Q30_STEP_PROFILE seed=43 fault=SENSOR_A_OPEN profile=service-power-off-wait boundary=END stepRole=FINER_2_5_US_REFERENCE declaredMaximumStepSeconds=2.50000000e-06 configuredMaximumStepSeconds=2.50000000e-06 actualCurrentStepSeconds=2.50000000e-06 observedMinimumStepSeconds=2.50000000e-06 observedMaximumStepSeconds=2.50000000e-06 minimumTimeStepSeconds=5.00000000e-11 adaptive=true
Q30_STEP_PROFILE seed=43 fault=SENSOR_A_OPEN profile=reinstalled-original-customer-retest boundary=BEGIN stepRole=FINER_2_5_US_REFERENCE declaredMaximumStepSeconds=2.50000000e-06 configuredMaximumStepSeconds=2.50000000e-06 actualCurrentStepSeconds=2.50000000e-06 observedMinimumStepSeconds=2.50000000e-06 observedMaximumStepSeconds=2.50000000e-06 minimumTimeStepSeconds=5.00000000e-11 adaptive=true
Q30_STEP_PROFILE seed=43 fault=SENSOR_A_OPEN profile=reinstalled-original-customer-retest boundary=END stepRole=FINER_2_5_US_REFERENCE declaredMaximumStepSeconds=2.50000000e-06 configuredMaximumStepSeconds=2.50000000e-06 actualCurrentStepSeconds=2.50000000e-06 observedMinimumStepSeconds=2.50000000e-06 observedMaximumStepSeconds=2.50000000e-06 minimumTimeStepSeconds=5.00000000e-11 adaptive=true
Q30_STEP_PROFILE seed=43 fault=SENSOR_A_OPEN profile=service-power-off-wait boundary=BEGIN stepRole=FINER_2_5_US_REFERENCE declaredMaximumStepSeconds=2.50000000e-06 configuredMaximumStepSeconds=2.50000000e-06 actualCurrentStepSeconds=2.50000000e-06 observedMinimumStepSeconds=2.50000000e-06 observedMaximumStepSeconds=2.50000000e-06 minimumTimeStepSeconds=5.00000000e-11 adaptive=true
Q30_STEP_PROFILE seed=43 fault=SENSOR_A_OPEN profile=service-power-off-wait boundary=END stepRole=FINER_2_5_US_REFERENCE declaredMaximumStepSeconds=2.50000000e-06 configuredMaximumStepSeconds=2.50000000e-06 actualCurrentStepSeconds=2.50000000e-06 observedMinimumStepSeconds=2.50000000e-06 observedMaximumStepSeconds=2.50000000e-06 minimumTimeStepSeconds=5.00000000e-11 adaptive=true
Q30_STEP_PROFILE seed=43 fault=SENSOR_A_OPEN profile=repaired-customer-retest boundary=BEGIN stepRole=FINER_2_5_US_REFERENCE declaredMaximumStepSeconds=2.50000000e-06 configuredMaximumStepSeconds=2.50000000e-06 actualCurrentStepSeconds=2.50000000e-06 observedMinimumStepSeconds=2.50000000e-06 observedMaximumStepSeconds=2.50000000e-06 minimumTimeStepSeconds=5.00000000e-11 adaptive=true
Q30_STEP_PROFILE seed=43 fault=SENSOR_A_OPEN profile=repaired-customer-retest boundary=END stepRole=FINER_2_5_US_REFERENCE declaredMaximumStepSeconds=2.50000000e-06 configuredMaximumStepSeconds=2.50000000e-06 actualCurrentStepSeconds=2.50000000e-06 observedMinimumStepSeconds=2.50000000e-06 observedMaximumStepSeconds=2.50000000e-06 minimumTimeStepSeconds=5.00000000e-11 adaptive=true
Q30_STEP_OWNER_CLEANUP seed=43 fault=SENSOR_A_OPEN declaredMaximumStepSeconds=2.50000000e-06 stepRole=FINER_2_5_US_REFERENCE cleanup=true elapsedMillis=0
Q30_STEP_PROFILE seed=43 fault=SENSOR_A_OPEN profile=initial-electrical-settle boundary=BEGIN stepRole=PRODUCTION_5_US declaredMaximumStepSeconds=5.00000000e-06 configuredMaximumStepSeconds=5.00000000e-06 actualCurrentStepSeconds=5.00000000e-06 observedMinimumStepSeconds=5.00000000e-06 observedMaximumStepSeconds=5.00000000e-06 minimumTimeStepSeconds=5.00000000e-11 adaptive=true
Q30_STEP_PROFILE seed=43 fault=SENSOR_A_OPEN profile=initial-electrical-settle boundary=END stepRole=PRODUCTION_5_US declaredMaximumStepSeconds=5.00000000e-06 configuredMaximumStepSeconds=5.00000000e-06 actualCurrentStepSeconds=5.00000000e-06 observedMinimumStepSeconds=5.00000000e-06 observedMaximumStepSeconds=5.00000000e-06 minimumTimeStepSeconds=5.00000000e-11 adaptive=true
Q30_STEP_PROFILE seed=43 fault=SENSOR_A_OPEN profile=healthy-preparation boundary=BEGIN stepRole=PRODUCTION_5_US declaredMaximumStepSeconds=5.00000000e-06 configuredMaximumStepSeconds=5.00000000e-06 actualCurrentStepSeconds=5.00000000e-06 observedMinimumStepSeconds=5.00000000e-06 observedMaximumStepSeconds=5.00000000e-06 minimumTimeStepSeconds=5.00000000e-11 adaptive=true
Q30_STEP_PROFILE seed=43 fault=SENSOR_A_OPEN profile=healthy-preparation boundary=END stepRole=PRODUCTION_5_US declaredMaximumStepSeconds=5.00000000e-06 configuredMaximumStepSeconds=5.00000000e-06 actualCurrentStepSeconds=5.00000000e-06 observedMinimumStepSeconds=5.00000000e-06 observedMaximumStepSeconds=5.00000000e-06 minimumTimeStepSeconds=5.00000000e-11 adaptive=true
Q30_STEP_PROFILE seed=43 fault=SENSOR_A_OPEN profile=fault-profile-preparation boundary=BEGIN stepRole=PRODUCTION_5_US declaredMaximumStepSeconds=5.00000000e-06 configuredMaximumStepSeconds=5.00000000e-06 actualCurrentStepSeconds=5.00000000e-06 observedMinimumStepSeconds=5.00000000e-06 observedMaximumStepSeconds=5.00000000e-06 minimumTimeStepSeconds=5.00000000e-11 adaptive=true
Q30_STEP_PROFILE seed=43 fault=SENSOR_A_OPEN profile=fault-profile-preparation boundary=END stepRole=PRODUCTION_5_US declaredMaximumStepSeconds=5.00000000e-06 configuredMaximumStepSeconds=5.00000000e-06 actualCurrentStepSeconds=5.00000000e-06 observedMinimumStepSeconds=5.00000000e-06 observedMaximumStepSeconds=5.00000000e-06 minimumTimeStepSeconds=5.00000000e-11 adaptive=true
Q30_STEP_PROFILE seed=43 fault=SENSOR_A_OPEN profile=faulted-four-input-profile boundary=BEGIN stepRole=PRODUCTION_5_US declaredMaximumStepSeconds=5.00000000e-06 configuredMaximumStepSeconds=5.00000000e-06 actualCurrentStepSeconds=5.00000000e-06 observedMinimumStepSeconds=5.00000000e-06 observedMaximumStepSeconds=5.00000000e-06 minimumTimeStepSeconds=5.00000000e-11 adaptive=true
Q30_STEP_PROFILE seed=43 fault=SENSOR_A_OPEN profile=faulted-four-input-profile boundary=END stepRole=PRODUCTION_5_US declaredMaximumStepSeconds=5.00000000e-06 configuredMaximumStepSeconds=5.00000000e-06 actualCurrentStepSeconds=5.00000000e-06 observedMinimumStepSeconds=5.00000000e-06 observedMaximumStepSeconds=5.00000000e-06 minimumTimeStepSeconds=5.00000000e-11 adaptive=true
Q30_STEP_PROFILE seed=43 fault=SENSOR_A_OPEN profile=unrepaired-customer-retest boundary=BEGIN stepRole=PRODUCTION_5_US declaredMaximumStepSeconds=5.00000000e-06 configuredMaximumStepSeconds=5.00000000e-06 actualCurrentStepSeconds=5.00000000e-06 observedMinimumStepSeconds=5.00000000e-06 observedMaximumStepSeconds=5.00000000e-06 minimumTimeStepSeconds=5.00000000e-11 adaptive=true
Q30_STEP_PROFILE seed=43 fault=SENSOR_A_OPEN profile=unrepaired-customer-retest boundary=END stepRole=PRODUCTION_5_US declaredMaximumStepSeconds=5.00000000e-06 configuredMaximumStepSeconds=5.00000000e-06 actualCurrentStepSeconds=5.00000000e-06 observedMinimumStepSeconds=5.00000000e-06 observedMaximumStepSeconds=5.00000000e-06 minimumTimeStepSeconds=5.00000000e-11 adaptive=true
Q30_STEP_PROFILE seed=43 fault=SENSOR_A_OPEN profile=service-power-off-wait boundary=BEGIN stepRole=PRODUCTION_5_US declaredMaximumStepSeconds=5.00000000e-06 configuredMaximumStepSeconds=5.00000000e-06 actualCurrentStepSeconds=5.00000000e-06 observedMinimumStepSeconds=5.00000000e-06 observedMaximumStepSeconds=5.00000000e-06 minimumTimeStepSeconds=5.00000000e-11 adaptive=true
Q30_STEP_PROFILE seed=43 fault=SENSOR_A_OPEN profile=service-power-off-wait boundary=END stepRole=PRODUCTION_5_US declaredMaximumStepSeconds=5.00000000e-06 configuredMaximumStepSeconds=5.00000000e-06 actualCurrentStepSeconds=5.00000000e-06 observedMinimumStepSeconds=5.00000000e-06 observedMaximumStepSeconds=5.00000000e-06 minimumTimeStepSeconds=5.00000000e-11 adaptive=true
Q30_STEP_PROFILE seed=43 fault=SENSOR_A_OPEN profile=reinstalled-original-customer-retest boundary=BEGIN stepRole=PRODUCTION_5_US declaredMaximumStepSeconds=5.00000000e-06 configuredMaximumStepSeconds=5.00000000e-06 actualCurrentStepSeconds=5.00000000e-06 observedMinimumStepSeconds=5.00000000e-06 observedMaximumStepSeconds=5.00000000e-06 minimumTimeStepSeconds=5.00000000e-11 adaptive=true
Q30_STEP_PROFILE seed=43 fault=SENSOR_A_OPEN profile=reinstalled-original-customer-retest boundary=END stepRole=PRODUCTION_5_US declaredMaximumStepSeconds=5.00000000e-06 configuredMaximumStepSeconds=5.00000000e-06 actualCurrentStepSeconds=5.00000000e-06 observedMinimumStepSeconds=5.00000000e-06 observedMaximumStepSeconds=5.00000000e-06 minimumTimeStepSeconds=5.00000000e-11 adaptive=true
Q30_STEP_PROFILE seed=43 fault=SENSOR_A_OPEN profile=service-power-off-wait boundary=BEGIN stepRole=PRODUCTION_5_US declaredMaximumStepSeconds=5.00000000e-06 configuredMaximumStepSeconds=5.00000000e-06 actualCurrentStepSeconds=5.00000000e-06 observedMinimumStepSeconds=5.00000000e-06 observedMaximumStepSeconds=5.00000000e-06 minimumTimeStepSeconds=5.00000000e-11 adaptive=true
Q30_STEP_PROFILE seed=43 fault=SENSOR_A_OPEN profile=service-power-off-wait boundary=END stepRole=PRODUCTION_5_US declaredMaximumStepSeconds=5.00000000e-06 configuredMaximumStepSeconds=5.00000000e-06 actualCurrentStepSeconds=5.00000000e-06 observedMinimumStepSeconds=5.00000000e-06 observedMaximumStepSeconds=5.00000000e-06 minimumTimeStepSeconds=5.00000000e-11 adaptive=true
Q30_STEP_PROFILE seed=43 fault=SENSOR_A_OPEN profile=repaired-customer-retest boundary=BEGIN stepRole=PRODUCTION_5_US declaredMaximumStepSeconds=5.00000000e-06 configuredMaximumStepSeconds=5.00000000e-06 actualCurrentStepSeconds=5.00000000e-06 observedMinimumStepSeconds=5.00000000e-06 observedMaximumStepSeconds=5.00000000e-06 minimumTimeStepSeconds=5.00000000e-11 adaptive=true
Q30_STEP_PROFILE seed=43 fault=SENSOR_A_OPEN profile=repaired-customer-retest boundary=END stepRole=PRODUCTION_5_US declaredMaximumStepSeconds=5.00000000e-06 configuredMaximumStepSeconds=5.00000000e-06 actualCurrentStepSeconds=5.00000000e-06 observedMinimumStepSeconds=5.00000000e-06 observedMaximumStepSeconds=5.00000000e-06 minimumTimeStepSeconds=5.00000000e-11 adaptive=true
Q30_STEP_OWNER_CLEANUP seed=43 fault=SENSOR_A_OPEN declaredMaximumStepSeconds=5.00000000e-06 stepRole=PRODUCTION_5_US cleanup=true elapsedMillis=0
Q30_STEP_PAIR seed=43 support=STANDARD_35 fault=SENSOR_A_OPEN referenceMaximumStepSeconds=2.50000000e-06 productionCandidateMaximumStepSeconds=5.00000000e-06 candidateKind=PRODUCTION_5_US maxDeltaVolts=3.80726561e-11 toleranceVolts=0.120635804 phase=healthy sample=SENSORS_A_ONLY/REN.2-J1.2 referenceElapsedMillis=17378 productionCandidateElapsedMillis=9311 referenceSimSeconds=1.16019250 productionCandidateSimSeconds=1.16036000 referenceCleanupMillis=0 productionCandidateCleanupMillis=0 cleanup=true
Q30_STEP_SEED seed=43 support=STANDARD_35 referenceMaximumStepSeconds=2.50000000e-06 productionCandidateMaximumStepSeconds=5.00000000e-06 candidateKind=PRODUCTION_5_US routeTopology=RB30_SHARED_HYSTERETIC_A_BJT_B_BJT_STANDARD_35 routeAndPairsElapsedMillis=31040
Q30_STEP_OWNER_CLEANUP seed=43 fault=DREV_OPEN declaredMaximumStepSeconds=2.50000000e-06 stepRole=FINER_2_5_US_REFERENCE cleanup=true elapsedMillis=0
Q30_STEP_SEED_CLEANUP seed=43 cleanup=true elapsedMillis=0
PASS: Q30 production solver step sensitivity assertions=1734 seed=43 support=STANDARD_35 faults=1 referenceMaximumStepSeconds=2.50000000e-06 productionCandidateMaximumStepSeconds=5.00000000e-06 candidateKind=PRODUCTION_5_US elapsedMillis=31040

node 11 unconnected
converged after 25 iterations, timeStep = 2.5E-6
converged after 9 iterations, timeStep = 2.5E-6
node 11 unconnected
node 11 unconnected
converged after 10 iterations, timeStep = 2.5E-6
node 11 unconnected
converged after 10 iterations, timeStep = 2.5E-6
node 11 unconnected
converged after 9 iterations, timeStep = 2.5E-6
node 11 unconnected
converged after 10 iterations, timeStep = 2.5E-6
node 11 unconnected
converged after 10 iterations, timeStep = 2.5E-6
node 11 unconnected
converged after 10 iterations, timeStep = 2.5E-6
node 11 unconnected
node 11 unconnected
converged after 10 iterations, timeStep = 2.5E-6
node 11 unconnected
node 11 unconnected
converged after 10 iterations, timeStep = 2.5E-6
node 11 unconnected
node 11 unconnected
converged after 10 iterations, timeStep = 2.5E-6
node 11 unconnected
node 11 unconnected
converged after 10 iterations, timeStep = 2.5E-6
node 11 unconnected
node 11 unconnected
node 11 unconnected
node 11 unconnected
node 11 unconnected
node 11 unconnected
node 28 unconnected
node 30 unconnected
node 11 unconnected
node 11 unconnected
converged after 23 iterations, timeStep = 2.5E-6
converged after 8 iterations, timeStep = 2.5E-6
node 11 unconnected
node 11 unconnected
node 11 unconnected
converged after 10 iterations, timeStep = 2.5E-6
node 11 unconnected
node 11 unconnected
converged after 10 iterations, timeStep = 2.5E-6
node 11 unconnected
node 11 unconnected
node 11 unconnected
node 11 unconnected
node 11 unconnected
node 11 unconnected
node 28 unconnected
node 30 unconnected
node 11 unconnected
node 28 unconnected
node 30 unconnected
node 11 unconnected
node 28 unconnected
node 30 unconnected
converged after 23 iterations, timeStep = 2.5E-6
converged after 8 iterations, timeStep = 2.5E-6
node 11 unconnected
node 28 unconnected
node 30 unconnected
node 11 unconnected
node 28 unconnected
node 30 unconnected
converged after 10 iterations, timeStep = 2.5E-6
node 11 unconnected
node 28 unconnected
node 30 unconnected
converged after 10 iterations, timeStep = 2.5E-6
node 11 unconnected
node 28 unconnected
node 30 unconnected
converged after 9 iterations, timeStep = 2.5E-6
node 11 unconnected
converged after 25 iterations, timeStep = 5.0E-6
converged after 6 iterations, timeStep = 5.0E-6
node 11 unconnected
node 11 unconnected
converged after 16 iterations, timeStep = 5.0E-6
node 11 unconnected
converged after 19 iterations, timeStep = 5.0E-6
node 11 unconnected
converged after 19 iterations, timeStep = 5.0E-6
node 11 unconnected
converged after 9 iterations, timeStep = 5.0E-6
node 11 unconnected
converged after 16 iterations, timeStep = 5.0E-6
node 11 unconnected
converged after 9 iterations, timeStep = 5.0E-6
node 11 unconnected
node 11 unconnected
converged after 16 iterations, timeStep = 5.0E-6
node 11 unconnected
node 11 unconnected
converged after 9 iterations, timeStep = 5.0E-6
node 11 unconnected
node 11 unconnected
converged after 16 iterations, timeStep = 5.0E-6
node 11 unconnected
node 11 unconnected
converged after 9 iterations, timeStep = 5.0E-6
node 11 unconnected
node 11 unconnected
node 11 unconnected
node 11 unconnected
node 11 unconnected
node 11 unconnected
node 28 unconnected
node 30 unconnected
node 11 unconnected
node 11 unconnected
converged after 23 iterations, timeStep = 5.0E-6
node 11 unconnected
node 11 unconnected
node 11 unconnected
converged after 16 iterations, timeStep = 5.0E-6
node 11 unconnected
node 11 unconnected
converged after 9 iterations, timeStep = 5.0E-6
node 11 unconnected
node 11 unconnected
node 11 unconnected
node 11 unconnected
node 11 unconnected
node 11 unconnected
node 28 unconnected
node 30 unconnected
node 11 unconnected
node 28 unconnected
node 30 unconnected
node 11 unconnected
node 28 unconnected
node 30 unconnected
converged after 23 iterations, timeStep = 5.0E-6
node 11 unconnected
node 28 unconnected
node 30 unconnected
node 11 unconnected
node 28 unconnected
node 30 unconnected
converged after 16 iterations, timeStep = 5.0E-6
node 11 unconnected
node 28 unconnected
node 30 unconnected
converged after 19 iterations, timeStep = 5.0E-6
node 11 unconnected
node 28 unconnected
node 30 unconnected
converged after 19 iterations, timeStep = 5.0E-6

Q30_STEP_PROFILE seed=43 fault=DRIVE_A_OPEN profile=initial-electrical-settle boundary=BEGIN stepRole=FINER_2_5_US_REFERENCE declaredMaximumStepSeconds=2.50000000e-06 configuredMaximumStepSeconds=2.50000000e-06 actualCurrentStepSeconds=2.50000000e-06 observedMinimumStepSeconds=2.50000000e-06 observedMaximumStepSeconds=2.50000000e-06 minimumTimeStepSeconds=5.00000000e-11 adaptive=true
Q30_STEP_PROFILE seed=43 fault=DRIVE_A_OPEN profile=initial-electrical-settle boundary=END stepRole=FINER_2_5_US_REFERENCE declaredMaximumStepSeconds=2.50000000e-06 configuredMaximumStepSeconds=2.50000000e-06 actualCurrentStepSeconds=2.50000000e-06 observedMinimumStepSeconds=2.50000000e-06 observedMaximumStepSeconds=2.50000000e-06 minimumTimeStepSeconds=5.00000000e-11 adaptive=true
Q30_STEP_PROFILE seed=43 fault=DRIVE_A_OPEN profile=healthy-preparation boundary=BEGIN stepRole=FINER_2_5_US_REFERENCE declaredMaximumStepSeconds=2.50000000e-06 configuredMaximumStepSeconds=2.50000000e-06 actualCurrentStepSeconds=2.50000000e-06 observedMinimumStepSeconds=2.50000000e-06 observedMaximumStepSeconds=2.50000000e-06 minimumTimeStepSeconds=5.00000000e-11 adaptive=true
Q30_STEP_PROFILE seed=43 fault=DRIVE_A_OPEN profile=healthy-preparation boundary=END stepRole=FINER_2_5_US_REFERENCE declaredMaximumStepSeconds=2.50000000e-06 configuredMaximumStepSeconds=2.50000000e-06 actualCurrentStepSeconds=2.50000000e-06 observedMinimumStepSeconds=2.50000000e-06 observedMaximumStepSeconds=2.50000000e-06 minimumTimeStepSeconds=5.00000000e-11 adaptive=true
Q30_STEP_PROFILE seed=43 fault=DRIVE_A_OPEN profile=fault-profile-preparation boundary=BEGIN stepRole=FINER_2_5_US_REFERENCE declaredMaximumStepSeconds=2.50000000e-06 configuredMaximumStepSeconds=2.50000000e-06 actualCurrentStepSeconds=2.50000000e-06 observedMinimumStepSeconds=2.50000000e-06 observedMaximumStepSeconds=2.50000000e-06 minimumTimeStepSeconds=5.00000000e-11 adaptive=true
Q30_STEP_PROFILE seed=43 fault=DRIVE_A_OPEN profile=fault-profile-preparation boundary=END stepRole=FINER_2_5_US_REFERENCE declaredMaximumStepSeconds=2.50000000e-06 configuredMaximumStepSeconds=2.50000000e-06 actualCurrentStepSeconds=2.50000000e-06 observedMinimumStepSeconds=2.50000000e-06 observedMaximumStepSeconds=2.50000000e-06 minimumTimeStepSeconds=5.00000000e-11 adaptive=true
Q30_STEP_PROFILE seed=43 fault=DRIVE_A_OPEN profile=faulted-four-input-profile boundary=BEGIN stepRole=FINER_2_5_US_REFERENCE declaredMaximumStepSeconds=2.50000000e-06 configuredMaximumStepSeconds=2.50000000e-06 actualCurrentStepSeconds=2.50000000e-06 observedMinimumStepSeconds=2.50000000e-06 observedMaximumStepSeconds=2.50000000e-06 minimumTimeStepSeconds=5.00000000e-11 adaptive=true
Q30_STEP_PROFILE seed=43 fault=DRIVE_A_OPEN profile=faulted-four-input-profile boundary=END stepRole=FINER_2_5_US_REFERENCE declaredMaximumStepSeconds=2.50000000e-06 configuredMaximumStepSeconds=2.50000000e-06 actualCurrentStepSeconds=2.50000000e-06 observedMinimumStepSeconds=2.50000000e-06 observedMaximumStepSeconds=2.50000000e-06 minimumTimeStepSeconds=5.00000000e-11 adaptive=true
Q30_STEP_PROFILE seed=43 fault=DRIVE_A_OPEN profile=unrepaired-customer-retest boundary=BEGIN stepRole=FINER_2_5_US_REFERENCE declaredMaximumStepSeconds=2.50000000e-06 configuredMaximumStepSeconds=2.50000000e-06 actualCurrentStepSeconds=2.50000000e-06 observedMinimumStepSeconds=2.50000000e-06 observedMaximumStepSeconds=2.50000000e-06 minimumTimeStepSeconds=5.00000000e-11 adaptive=true
Q30_STEP_PROFILE seed=43 fault=DRIVE_A_OPEN profile=unrepaired-customer-retest boundary=END stepRole=FINER_2_5_US_REFERENCE declaredMaximumStepSeconds=2.50000000e-06 configuredMaximumStepSeconds=2.50000000e-06 actualCurrentStepSeconds=2.50000000e-06 observedMinimumStepSeconds=2.50000000e-06 observedMaximumStepSeconds=2.50000000e-06 minimumTimeStepSeconds=5.00000000e-11 adaptive=true
Q30_STEP_PROFILE seed=43 fault=DRIVE_A_OPEN profile=service-power-off-wait boundary=BEGIN stepRole=FINER_2_5_US_REFERENCE declaredMaximumStepSeconds=2.50000000e-06 configuredMaximumStepSeconds=2.50000000e-06 actualCurrentStepSeconds=2.50000000e-06 observedMinimumStepSeconds=2.50000000e-06 observedMaximumStepSeconds=2.50000000e-06 minimumTimeStepSeconds=5.00000000e-11 adaptive=true
Q30_STEP_PROFILE seed=43 fault=DRIVE_A_OPEN profile=service-power-off-wait boundary=END stepRole=FINER_2_5_US_REFERENCE declaredMaximumStepSeconds=2.50000000e-06 configuredMaximumStepSeconds=2.50000000e-06 actualCurrentStepSeconds=2.50000000e-06 observedMinimumStepSeconds=2.50000000e-06 observedMaximumStepSeconds=2.50000000e-06 minimumTimeStepSeconds=5.00000000e-11 adaptive=true
Q30_STEP_PROFILE seed=43 fault=DRIVE_A_OPEN profile=reinstalled-original-customer-retest boundary=BEGIN stepRole=FINER_2_5_US_REFERENCE declaredMaximumStepSeconds=2.50000000e-06 configuredMaximumStepSeconds=2.50000000e-06 actualCurrentStepSeconds=2.50000000e-06 observedMinimumStepSeconds=2.50000000e-06 observedMaximumStepSeconds=2.50000000e-06 minimumTimeStepSeconds=5.00000000e-11 adaptive=true
Q30_STEP_PROFILE seed=43 fault=DRIVE_A_OPEN profile=reinstalled-original-customer-retest boundary=END stepRole=FINER_2_5_US_REFERENCE declaredMaximumStepSeconds=2.50000000e-06 configuredMaximumStepSeconds=2.50000000e-06 actualCurrentStepSeconds=2.50000000e-06 observedMinimumStepSeconds=2.50000000e-06 observedMaximumStepSeconds=2.50000000e-06 minimumTimeStepSeconds=5.00000000e-11 adaptive=true
Q30_STEP_PROFILE seed=43 fault=DRIVE_A_OPEN profile=service-power-off-wait boundary=BEGIN stepRole=FINER_2_5_US_REFERENCE declaredMaximumStepSeconds=2.50000000e-06 configuredMaximumStepSeconds=2.50000000e-06 actualCurrentStepSeconds=2.50000000e-06 observedMinimumStepSeconds=2.50000000e-06 observedMaximumStepSeconds=2.50000000e-06 minimumTimeStepSeconds=5.00000000e-11 adaptive=true
Q30_STEP_PROFILE seed=43 fault=DRIVE_A_OPEN profile=service-power-off-wait boundary=END stepRole=FINER_2_5_US_REFERENCE declaredMaximumStepSeconds=2.50000000e-06 configuredMaximumStepSeconds=2.50000000e-06 actualCurrentStepSeconds=2.50000000e-06 observedMinimumStepSeconds=2.50000000e-06 observedMaximumStepSeconds=2.50000000e-06 minimumTimeStepSeconds=5.00000000e-11 adaptive=true
Q30_STEP_PROFILE seed=43 fault=DRIVE_A_OPEN profile=repaired-customer-retest boundary=BEGIN stepRole=FINER_2_5_US_REFERENCE declaredMaximumStepSeconds=2.50000000e-06 configuredMaximumStepSeconds=2.50000000e-06 actualCurrentStepSeconds=2.50000000e-06 observedMinimumStepSeconds=2.50000000e-06 observedMaximumStepSeconds=2.50000000e-06 minimumTimeStepSeconds=5.00000000e-11 adaptive=true
Q30_STEP_PROFILE seed=43 fault=DRIVE_A_OPEN profile=repaired-customer-retest boundary=END stepRole=FINER_2_5_US_REFERENCE declaredMaximumStepSeconds=2.50000000e-06 configuredMaximumStepSeconds=2.50000000e-06 actualCurrentStepSeconds=2.50000000e-06 observedMinimumStepSeconds=2.50000000e-06 observedMaximumStepSeconds=2.50000000e-06 minimumTimeStepSeconds=5.00000000e-11 adaptive=true
Q30_STEP_OWNER_CLEANUP seed=43 fault=DRIVE_A_OPEN declaredMaximumStepSeconds=2.50000000e-06 stepRole=FINER_2_5_US_REFERENCE cleanup=true elapsedMillis=0
Q30_STEP_PROFILE seed=43 fault=DRIVE_A_OPEN profile=initial-electrical-settle boundary=BEGIN stepRole=PRODUCTION_5_US declaredMaximumStepSeconds=5.00000000e-06 configuredMaximumStepSeconds=5.00000000e-06 actualCurrentStepSeconds=5.00000000e-06 observedMinimumStepSeconds=5.00000000e-06 observedMaximumStepSeconds=5.00000000e-06 minimumTimeStepSeconds=5.00000000e-11 adaptive=true
Q30_STEP_PROFILE seed=43 fault=DRIVE_A_OPEN profile=initial-electrical-settle boundary=END stepRole=PRODUCTION_5_US declaredMaximumStepSeconds=5.00000000e-06 configuredMaximumStepSeconds=5.00000000e-06 actualCurrentStepSeconds=5.00000000e-06 observedMinimumStepSeconds=5.00000000e-06 observedMaximumStepSeconds=5.00000000e-06 minimumTimeStepSeconds=5.00000000e-11 adaptive=true
Q30_STEP_PROFILE seed=43 fault=DRIVE_A_OPEN profile=healthy-preparation boundary=BEGIN stepRole=PRODUCTION_5_US declaredMaximumStepSeconds=5.00000000e-06 configuredMaximumStepSeconds=5.00000000e-06 actualCurrentStepSeconds=5.00000000e-06 observedMinimumStepSeconds=5.00000000e-06 observedMaximumStepSeconds=5.00000000e-06 minimumTimeStepSeconds=5.00000000e-11 adaptive=true
Q30_STEP_PROFILE seed=43 fault=DRIVE_A_OPEN profile=healthy-preparation boundary=END stepRole=PRODUCTION_5_US declaredMaximumStepSeconds=5.00000000e-06 configuredMaximumStepSeconds=5.00000000e-06 actualCurrentStepSeconds=5.00000000e-06 observedMinimumStepSeconds=5.00000000e-06 observedMaximumStepSeconds=5.00000000e-06 minimumTimeStepSeconds=5.00000000e-11 adaptive=true
Q30_STEP_PROFILE seed=43 fault=DRIVE_A_OPEN profile=fault-profile-preparation boundary=BEGIN stepRole=PRODUCTION_5_US declaredMaximumStepSeconds=5.00000000e-06 configuredMaximumStepSeconds=5.00000000e-06 actualCurrentStepSeconds=5.00000000e-06 observedMinimumStepSeconds=5.00000000e-06 observedMaximumStepSeconds=5.00000000e-06 minimumTimeStepSeconds=5.00000000e-11 adaptive=true
Q30_STEP_PROFILE seed=43 fault=DRIVE_A_OPEN profile=fault-profile-preparation boundary=END stepRole=PRODUCTION_5_US declaredMaximumStepSeconds=5.00000000e-06 configuredMaximumStepSeconds=5.00000000e-06 actualCurrentStepSeconds=5.00000000e-06 observedMinimumStepSeconds=5.00000000e-06 observedMaximumStepSeconds=5.00000000e-06 minimumTimeStepSeconds=5.00000000e-11 adaptive=true
Q30_STEP_PROFILE seed=43 fault=DRIVE_A_OPEN profile=faulted-four-input-profile boundary=BEGIN stepRole=PRODUCTION_5_US declaredMaximumStepSeconds=5.00000000e-06 configuredMaximumStepSeconds=5.00000000e-06 actualCurrentStepSeconds=5.00000000e-06 observedMinimumStepSeconds=5.00000000e-06 observedMaximumStepSeconds=5.00000000e-06 minimumTimeStepSeconds=5.00000000e-11 adaptive=true
Q30_STEP_PROFILE seed=43 fault=DRIVE_A_OPEN profile=faulted-four-input-profile boundary=END stepRole=PRODUCTION_5_US declaredMaximumStepSeconds=5.00000000e-06 configuredMaximumStepSeconds=5.00000000e-06 actualCurrentStepSeconds=5.00000000e-06 observedMinimumStepSeconds=5.00000000e-06 observedMaximumStepSeconds=5.00000000e-06 minimumTimeStepSeconds=5.00000000e-11 adaptive=true
Q30_STEP_PROFILE seed=43 fault=DRIVE_A_OPEN profile=unrepaired-customer-retest boundary=BEGIN stepRole=PRODUCTION_5_US declaredMaximumStepSeconds=5.00000000e-06 configuredMaximumStepSeconds=5.00000000e-06 actualCurrentStepSeconds=5.00000000e-06 observedMinimumStepSeconds=5.00000000e-06 observedMaximumStepSeconds=5.00000000e-06 minimumTimeStepSeconds=5.00000000e-11 adaptive=true
Q30_STEP_PROFILE seed=43 fault=DRIVE_A_OPEN profile=unrepaired-customer-retest boundary=END stepRole=PRODUCTION_5_US declaredMaximumStepSeconds=5.00000000e-06 configuredMaximumStepSeconds=5.00000000e-06 actualCurrentStepSeconds=5.00000000e-06 observedMinimumStepSeconds=5.00000000e-06 observedMaximumStepSeconds=5.00000000e-06 minimumTimeStepSeconds=5.00000000e-11 adaptive=true
Q30_STEP_PROFILE seed=43 fault=DRIVE_A_OPEN profile=service-power-off-wait boundary=BEGIN stepRole=PRODUCTION_5_US declaredMaximumStepSeconds=5.00000000e-06 configuredMaximumStepSeconds=5.00000000e-06 actualCurrentStepSeconds=5.00000000e-06 observedMinimumStepSeconds=5.00000000e-06 observedMaximumStepSeconds=5.00000000e-06 minimumTimeStepSeconds=5.00000000e-11 adaptive=true
Q30_STEP_PROFILE seed=43 fault=DRIVE_A_OPEN profile=service-power-off-wait boundary=END stepRole=PRODUCTION_5_US declaredMaximumStepSeconds=5.00000000e-06 configuredMaximumStepSeconds=5.00000000e-06 actualCurrentStepSeconds=5.00000000e-06 observedMinimumStepSeconds=5.00000000e-06 observedMaximumStepSeconds=5.00000000e-06 minimumTimeStepSeconds=5.00000000e-11 adaptive=true
Q30_STEP_PROFILE seed=43 fault=DRIVE_A_OPEN profile=reinstalled-original-customer-retest boundary=BEGIN stepRole=PRODUCTION_5_US declaredMaximumStepSeconds=5.00000000e-06 configuredMaximumStepSeconds=5.00000000e-06 actualCurrentStepSeconds=5.00000000e-06 observedMinimumStepSeconds=5.00000000e-06 observedMaximumStepSeconds=5.00000000e-06 minimumTimeStepSeconds=5.00000000e-11 adaptive=true
Q30_STEP_PROFILE seed=43 fault=DRIVE_A_OPEN profile=reinstalled-original-customer-retest boundary=END stepRole=PRODUCTION_5_US declaredMaximumStepSeconds=5.00000000e-06 configuredMaximumStepSeconds=5.00000000e-06 actualCurrentStepSeconds=5.00000000e-06 observedMinimumStepSeconds=5.00000000e-06 observedMaximumStepSeconds=5.00000000e-06 minimumTimeStepSeconds=5.00000000e-11 adaptive=true
Q30_STEP_PROFILE seed=43 fault=DRIVE_A_OPEN profile=service-power-off-wait boundary=BEGIN stepRole=PRODUCTION_5_US declaredMaximumStepSeconds=5.00000000e-06 configuredMaximumStepSeconds=5.00000000e-06 actualCurrentStepSeconds=5.00000000e-06 observedMinimumStepSeconds=5.00000000e-06 observedMaximumStepSeconds=5.00000000e-06 minimumTimeStepSeconds=5.00000000e-11 adaptive=true
Q30_STEP_PROFILE seed=43 fault=DRIVE_A_OPEN profile=service-power-off-wait boundary=END stepRole=PRODUCTION_5_US declaredMaximumStepSeconds=5.00000000e-06 configuredMaximumStepSeconds=5.00000000e-06 actualCurrentStepSeconds=5.00000000e-06 observedMinimumStepSeconds=5.00000000e-06 observedMaximumStepSeconds=5.00000000e-06 minimumTimeStepSeconds=5.00000000e-11 adaptive=true
Q30_STEP_PROFILE seed=43 fault=DRIVE_A_OPEN profile=repaired-customer-retest boundary=BEGIN stepRole=PRODUCTION_5_US declaredMaximumStepSeconds=5.00000000e-06 configuredMaximumStepSeconds=5.00000000e-06 actualCurrentStepSeconds=5.00000000e-06 observedMinimumStepSeconds=5.00000000e-06 observedMaximumStepSeconds=5.00000000e-06 minimumTimeStepSeconds=5.00000000e-11 adaptive=true
Q30_STEP_PROFILE seed=43 fault=DRIVE_A_OPEN profile=repaired-customer-retest boundary=END stepRole=PRODUCTION_5_US declaredMaximumStepSeconds=5.00000000e-06 configuredMaximumStepSeconds=5.00000000e-06 actualCurrentStepSeconds=5.00000000e-06 observedMinimumStepSeconds=5.00000000e-06 observedMaximumStepSeconds=5.00000000e-06 minimumTimeStepSeconds=5.00000000e-11 adaptive=true
Q30_STEP_OWNER_CLEANUP seed=43 fault=DRIVE_A_OPEN declaredMaximumStepSeconds=5.00000000e-06 stepRole=PRODUCTION_5_US cleanup=true elapsedMillis=0
Q30_STEP_PAIR seed=43 support=STANDARD_35 fault=DRIVE_A_OPEN referenceMaximumStepSeconds=2.50000000e-06 productionCandidateMaximumStepSeconds=5.00000000e-06 candidateKind=PRODUCTION_5_US maxDeltaVolts=3.80726561e-11 toleranceVolts=0.120635804 phase=healthy sample=SENSORS_A_ONLY/REN.2-J1.2 referenceElapsedMillis=17133 productionCandidateElapsedMillis=9226 referenceSimSeconds=1.16019250 productionCandidateSimSeconds=1.16036000 referenceCleanupMillis=0 productionCandidateCleanupMillis=0 cleanup=true
Q30_STEP_SEED seed=43 support=STANDARD_35 referenceMaximumStepSeconds=2.50000000e-06 productionCandidateMaximumStepSeconds=5.00000000e-06 candidateKind=PRODUCTION_5_US routeTopology=RB30_SHARED_HYSTERETIC_A_BJT_B_BJT_STANDARD_35 routeAndPairsElapsedMillis=30650
Q30_STEP_OWNER_CLEANUP seed=43 fault=DREV_OPEN declaredMaximumStepSeconds=2.50000000e-06 stepRole=FINER_2_5_US_REFERENCE cleanup=true elapsedMillis=0
Q30_STEP_SEED_CLEANUP seed=43 cleanup=true elapsedMillis=0
PASS: Q30 production solver step sensitivity assertions=1734 seed=43 support=STANDARD_35 faults=1 referenceMaximumStepSeconds=2.50000000e-06 productionCandidateMaximumStepSeconds=5.00000000e-06 candidateKind=PRODUCTION_5_US elapsedMillis=30651

node 11 unconnected
converged after 25 iterations, timeStep = 2.5E-6
converged after 9 iterations, timeStep = 2.5E-6
node 11 unconnected
node 11 unconnected
converged after 10 iterations, timeStep = 2.5E-6
node 11 unconnected
converged after 10 iterations, timeStep = 2.5E-6
node 11 unconnected
converged after 9 iterations, timeStep = 2.5E-6
node 11 unconnected
converged after 10 iterations, timeStep = 2.5E-6
node 11 unconnected
converged after 10 iterations, timeStep = 2.5E-6
node 11 unconnected
converged after 10 iterations, timeStep = 2.5E-6
node 11 unconnected
node 11 unconnected
converged after 10 iterations, timeStep = 2.5E-6
node 11 unconnected
node 11 unconnected
converged after 10 iterations, timeStep = 2.5E-6
node 11 unconnected
node 11 unconnected
converged after 10 iterations, timeStep = 2.5E-6
node 11 unconnected
node 11 unconnected
converged after 10 iterations, timeStep = 2.5E-6
node 11 unconnected
node 11 unconnected
node 11 unconnected
node 11 unconnected
node 11 unconnected
node 11 unconnected
node 37 unconnected
node 40 unconnected
node 11 unconnected
node 11 unconnected
converged after 23 iterations, timeStep = 2.5E-6
converged after 8 iterations, timeStep = 2.5E-6
node 11 unconnected
node 11 unconnected
node 11 unconnected
converged after 10 iterations, timeStep = 2.5E-6
node 11 unconnected
node 11 unconnected
converged after 10 iterations, timeStep = 2.5E-6
node 11 unconnected
node 11 unconnected
node 11 unconnected
node 11 unconnected
node 11 unconnected
node 11 unconnected
node 37 unconnected
node 40 unconnected
node 11 unconnected
node 37 unconnected
node 40 unconnected
node 11 unconnected
node 37 unconnected
node 40 unconnected
converged after 23 iterations, timeStep = 2.5E-6
converged after 8 iterations, timeStep = 2.5E-6
node 11 unconnected
node 37 unconnected
node 40 unconnected
node 11 unconnected
node 37 unconnected
node 40 unconnected
converged after 10 iterations, timeStep = 2.5E-6
node 11 unconnected
node 37 unconnected
node 40 unconnected
converged after 10 iterations, timeStep = 2.5E-6
node 11 unconnected
node 37 unconnected
node 40 unconnected
converged after 9 iterations, timeStep = 2.5E-6
node 11 unconnected
converged after 25 iterations, timeStep = 5.0E-6
converged after 6 iterations, timeStep = 5.0E-6
node 11 unconnected
node 11 unconnected
converged after 16 iterations, timeStep = 5.0E-6
node 11 unconnected
converged after 19 iterations, timeStep = 5.0E-6
node 11 unconnected
converged after 19 iterations, timeStep = 5.0E-6
node 11 unconnected
converged after 9 iterations, timeStep = 5.0E-6
node 11 unconnected
converged after 16 iterations, timeStep = 5.0E-6
node 11 unconnected
converged after 9 iterations, timeStep = 5.0E-6
node 11 unconnected
node 11 unconnected
converged after 16 iterations, timeStep = 5.0E-6
node 11 unconnected
node 11 unconnected
converged after 9 iterations, timeStep = 5.0E-6
node 11 unconnected
node 11 unconnected
converged after 16 iterations, timeStep = 5.0E-6
node 11 unconnected
node 11 unconnected
converged after 9 iterations, timeStep = 5.0E-6
node 11 unconnected
node 11 unconnected
node 11 unconnected
node 11 unconnected
node 11 unconnected
node 11 unconnected
node 37 unconnected
node 40 unconnected
node 11 unconnected
node 11 unconnected
converged after 23 iterations, timeStep = 5.0E-6
node 11 unconnected
node 11 unconnected
node 11 unconnected
converged after 16 iterations, timeStep = 5.0E-6
node 11 unconnected
node 11 unconnected
converged after 9 iterations, timeStep = 5.0E-6
node 11 unconnected
node 11 unconnected
node 11 unconnected
node 11 unconnected
node 11 unconnected
node 11 unconnected
node 37 unconnected
node 40 unconnected
node 11 unconnected
node 37 unconnected
node 40 unconnected
node 11 unconnected
node 37 unconnected
node 40 unconnected
converged after 23 iterations, timeStep = 5.0E-6
node 11 unconnected
node 37 unconnected
node 40 unconnected
node 11 unconnected
node 37 unconnected
node 40 unconnected
converged after 16 iterations, timeStep = 5.0E-6
node 11 unconnected
node 37 unconnected
node 40 unconnected
converged after 19 iterations, timeStep = 5.0E-6
node 11 unconnected
node 37 unconnected
node 40 unconnected
converged after 19 iterations, timeStep = 5.0E-6

Q30_STEP_PROFILE seed=43 fault=RELAY_B_COIL_OPEN profile=initial-electrical-settle boundary=BEGIN stepRole=FINER_2_5_US_REFERENCE declaredMaximumStepSeconds=2.50000000e-06 configuredMaximumStepSeconds=2.50000000e-06 actualCurrentStepSeconds=2.50000000e-06 observedMinimumStepSeconds=2.50000000e-06 observedMaximumStepSeconds=2.50000000e-06 minimumTimeStepSeconds=5.00000000e-11 adaptive=true
Q30_STEP_PROFILE seed=43 fault=RELAY_B_COIL_OPEN profile=initial-electrical-settle boundary=END stepRole=FINER_2_5_US_REFERENCE declaredMaximumStepSeconds=2.50000000e-06 configuredMaximumStepSeconds=2.50000000e-06 actualCurrentStepSeconds=2.50000000e-06 observedMinimumStepSeconds=2.50000000e-06 observedMaximumStepSeconds=2.50000000e-06 minimumTimeStepSeconds=5.00000000e-11 adaptive=true
Q30_STEP_PROFILE seed=43 fault=RELAY_B_COIL_OPEN profile=healthy-preparation boundary=BEGIN stepRole=FINER_2_5_US_REFERENCE declaredMaximumStepSeconds=2.50000000e-06 configuredMaximumStepSeconds=2.50000000e-06 actualCurrentStepSeconds=2.50000000e-06 observedMinimumStepSeconds=2.50000000e-06 observedMaximumStepSeconds=2.50000000e-06 minimumTimeStepSeconds=5.00000000e-11 adaptive=true
Q30_STEP_PROFILE seed=43 fault=RELAY_B_COIL_OPEN profile=healthy-preparation boundary=END stepRole=FINER_2_5_US_REFERENCE declaredMaximumStepSeconds=2.50000000e-06 configuredMaximumStepSeconds=2.50000000e-06 actualCurrentStepSeconds=2.50000000e-06 observedMinimumStepSeconds=2.50000000e-06 observedMaximumStepSeconds=2.50000000e-06 minimumTimeStepSeconds=5.00000000e-11 adaptive=true
Q30_STEP_PROFILE seed=43 fault=RELAY_B_COIL_OPEN profile=fault-profile-preparation boundary=BEGIN stepRole=FINER_2_5_US_REFERENCE declaredMaximumStepSeconds=2.50000000e-06 configuredMaximumStepSeconds=2.50000000e-06 actualCurrentStepSeconds=2.50000000e-06 observedMinimumStepSeconds=2.50000000e-06 observedMaximumStepSeconds=2.50000000e-06 minimumTimeStepSeconds=5.00000000e-11 adaptive=true
Q30_STEP_PROFILE seed=43 fault=RELAY_B_COIL_OPEN profile=fault-profile-preparation boundary=END stepRole=FINER_2_5_US_REFERENCE declaredMaximumStepSeconds=2.50000000e-06 configuredMaximumStepSeconds=2.50000000e-06 actualCurrentStepSeconds=2.50000000e-06 observedMinimumStepSeconds=2.50000000e-06 observedMaximumStepSeconds=2.50000000e-06 minimumTimeStepSeconds=5.00000000e-11 adaptive=true
Q30_STEP_PROFILE seed=43 fault=RELAY_B_COIL_OPEN profile=faulted-four-input-profile boundary=BEGIN stepRole=FINER_2_5_US_REFERENCE declaredMaximumStepSeconds=2.50000000e-06 configuredMaximumStepSeconds=2.50000000e-06 actualCurrentStepSeconds=2.50000000e-06 observedMinimumStepSeconds=2.50000000e-06 observedMaximumStepSeconds=2.50000000e-06 minimumTimeStepSeconds=5.00000000e-11 adaptive=true
Q30_STEP_PROFILE seed=43 fault=RELAY_B_COIL_OPEN profile=faulted-four-input-profile boundary=END stepRole=FINER_2_5_US_REFERENCE declaredMaximumStepSeconds=2.50000000e-06 configuredMaximumStepSeconds=2.50000000e-06 actualCurrentStepSeconds=2.50000000e-06 observedMinimumStepSeconds=2.50000000e-06 observedMaximumStepSeconds=2.50000000e-06 minimumTimeStepSeconds=5.00000000e-11 adaptive=true
Q30_STEP_PROFILE seed=43 fault=RELAY_B_COIL_OPEN profile=unrepaired-customer-retest boundary=BEGIN stepRole=FINER_2_5_US_REFERENCE declaredMaximumStepSeconds=2.50000000e-06 configuredMaximumStepSeconds=2.50000000e-06 actualCurrentStepSeconds=2.50000000e-06 observedMinimumStepSeconds=2.50000000e-06 observedMaximumStepSeconds=2.50000000e-06 minimumTimeStepSeconds=5.00000000e-11 adaptive=true
Q30_STEP_PROFILE seed=43 fault=RELAY_B_COIL_OPEN profile=unrepaired-customer-retest boundary=END stepRole=FINER_2_5_US_REFERENCE declaredMaximumStepSeconds=2.50000000e-06 configuredMaximumStepSeconds=2.50000000e-06 actualCurrentStepSeconds=2.50000000e-06 observedMinimumStepSeconds=2.50000000e-06 observedMaximumStepSeconds=2.50000000e-06 minimumTimeStepSeconds=5.00000000e-11 adaptive=true
Q30_STEP_PROFILE seed=43 fault=RELAY_B_COIL_OPEN profile=service-power-off-wait boundary=BEGIN stepRole=FINER_2_5_US_REFERENCE declaredMaximumStepSeconds=2.50000000e-06 configuredMaximumStepSeconds=2.50000000e-06 actualCurrentStepSeconds=2.50000000e-06 observedMinimumStepSeconds=2.50000000e-06 observedMaximumStepSeconds=2.50000000e-06 minimumTimeStepSeconds=5.00000000e-11 adaptive=true
Q30_STEP_PROFILE seed=43 fault=RELAY_B_COIL_OPEN profile=service-power-off-wait boundary=END stepRole=FINER_2_5_US_REFERENCE declaredMaximumStepSeconds=2.50000000e-06 configuredMaximumStepSeconds=2.50000000e-06 actualCurrentStepSeconds=2.50000000e-06 observedMinimumStepSeconds=2.50000000e-06 observedMaximumStepSeconds=2.50000000e-06 minimumTimeStepSeconds=5.00000000e-11 adaptive=true
Q30_STEP_PROFILE seed=43 fault=RELAY_B_COIL_OPEN profile=reinstalled-original-customer-retest boundary=BEGIN stepRole=FINER_2_5_US_REFERENCE declaredMaximumStepSeconds=2.50000000e-06 configuredMaximumStepSeconds=2.50000000e-06 actualCurrentStepSeconds=2.50000000e-06 observedMinimumStepSeconds=2.50000000e-06 observedMaximumStepSeconds=2.50000000e-06 minimumTimeStepSeconds=5.00000000e-11 adaptive=true
Q30_STEP_PROFILE seed=43 fault=RELAY_B_COIL_OPEN profile=reinstalled-original-customer-retest boundary=END stepRole=FINER_2_5_US_REFERENCE declaredMaximumStepSeconds=2.50000000e-06 configuredMaximumStepSeconds=2.50000000e-06 actualCurrentStepSeconds=2.50000000e-06 observedMinimumStepSeconds=2.50000000e-06 observedMaximumStepSeconds=2.50000000e-06 minimumTimeStepSeconds=5.00000000e-11 adaptive=true
Q30_STEP_PROFILE seed=43 fault=RELAY_B_COIL_OPEN profile=service-power-off-wait boundary=BEGIN stepRole=FINER_2_5_US_REFERENCE declaredMaximumStepSeconds=2.50000000e-06 configuredMaximumStepSeconds=2.50000000e-06 actualCurrentStepSeconds=2.50000000e-06 observedMinimumStepSeconds=2.50000000e-06 observedMaximumStepSeconds=2.50000000e-06 minimumTimeStepSeconds=5.00000000e-11 adaptive=true
Q30_STEP_PROFILE seed=43 fault=RELAY_B_COIL_OPEN profile=service-power-off-wait boundary=END stepRole=FINER_2_5_US_REFERENCE declaredMaximumStepSeconds=2.50000000e-06 configuredMaximumStepSeconds=2.50000000e-06 actualCurrentStepSeconds=2.50000000e-06 observedMinimumStepSeconds=2.50000000e-06 observedMaximumStepSeconds=2.50000000e-06 minimumTimeStepSeconds=5.00000000e-11 adaptive=true
Q30_STEP_PROFILE seed=43 fault=RELAY_B_COIL_OPEN profile=repaired-customer-retest boundary=BEGIN stepRole=FINER_2_5_US_REFERENCE declaredMaximumStepSeconds=2.50000000e-06 configuredMaximumStepSeconds=2.50000000e-06 actualCurrentStepSeconds=2.50000000e-06 observedMinimumStepSeconds=2.50000000e-06 observedMaximumStepSeconds=2.50000000e-06 minimumTimeStepSeconds=5.00000000e-11 adaptive=true
Q30_STEP_PROFILE seed=43 fault=RELAY_B_COIL_OPEN profile=repaired-customer-retest boundary=END stepRole=FINER_2_5_US_REFERENCE declaredMaximumStepSeconds=2.50000000e-06 configuredMaximumStepSeconds=2.50000000e-06 actualCurrentStepSeconds=2.50000000e-06 observedMinimumStepSeconds=2.50000000e-06 observedMaximumStepSeconds=2.50000000e-06 minimumTimeStepSeconds=5.00000000e-11 adaptive=true
Q30_STEP_OWNER_CLEANUP seed=43 fault=RELAY_B_COIL_OPEN declaredMaximumStepSeconds=2.50000000e-06 stepRole=FINER_2_5_US_REFERENCE cleanup=true elapsedMillis=0
Q30_STEP_PROFILE seed=43 fault=RELAY_B_COIL_OPEN profile=initial-electrical-settle boundary=BEGIN stepRole=PRODUCTION_5_US declaredMaximumStepSeconds=5.00000000e-06 configuredMaximumStepSeconds=5.00000000e-06 actualCurrentStepSeconds=5.00000000e-06 observedMinimumStepSeconds=5.00000000e-06 observedMaximumStepSeconds=5.00000000e-06 minimumTimeStepSeconds=5.00000000e-11 adaptive=true
Q30_STEP_PROFILE seed=43 fault=RELAY_B_COIL_OPEN profile=initial-electrical-settle boundary=END stepRole=PRODUCTION_5_US declaredMaximumStepSeconds=5.00000000e-06 configuredMaximumStepSeconds=5.00000000e-06 actualCurrentStepSeconds=5.00000000e-06 observedMinimumStepSeconds=5.00000000e-06 observedMaximumStepSeconds=5.00000000e-06 minimumTimeStepSeconds=5.00000000e-11 adaptive=true
Q30_STEP_PROFILE seed=43 fault=RELAY_B_COIL_OPEN profile=healthy-preparation boundary=BEGIN stepRole=PRODUCTION_5_US declaredMaximumStepSeconds=5.00000000e-06 configuredMaximumStepSeconds=5.00000000e-06 actualCurrentStepSeconds=5.00000000e-06 observedMinimumStepSeconds=5.00000000e-06 observedMaximumStepSeconds=5.00000000e-06 minimumTimeStepSeconds=5.00000000e-11 adaptive=true
Q30_STEP_PROFILE seed=43 fault=RELAY_B_COIL_OPEN profile=healthy-preparation boundary=END stepRole=PRODUCTION_5_US declaredMaximumStepSeconds=5.00000000e-06 configuredMaximumStepSeconds=5.00000000e-06 actualCurrentStepSeconds=5.00000000e-06 observedMinimumStepSeconds=5.00000000e-06 observedMaximumStepSeconds=5.00000000e-06 minimumTimeStepSeconds=5.00000000e-11 adaptive=true
Q30_STEP_PROFILE seed=43 fault=RELAY_B_COIL_OPEN profile=fault-profile-preparation boundary=BEGIN stepRole=PRODUCTION_5_US declaredMaximumStepSeconds=5.00000000e-06 configuredMaximumStepSeconds=5.00000000e-06 actualCurrentStepSeconds=5.00000000e-06 observedMinimumStepSeconds=5.00000000e-06 observedMaximumStepSeconds=5.00000000e-06 minimumTimeStepSeconds=5.00000000e-11 adaptive=true
Q30_STEP_PROFILE seed=43 fault=RELAY_B_COIL_OPEN profile=fault-profile-preparation boundary=END stepRole=PRODUCTION_5_US declaredMaximumStepSeconds=5.00000000e-06 configuredMaximumStepSeconds=5.00000000e-06 actualCurrentStepSeconds=5.00000000e-06 observedMinimumStepSeconds=5.00000000e-06 observedMaximumStepSeconds=5.00000000e-06 minimumTimeStepSeconds=5.00000000e-11 adaptive=true
Q30_STEP_PROFILE seed=43 fault=RELAY_B_COIL_OPEN profile=faulted-four-input-profile boundary=BEGIN stepRole=PRODUCTION_5_US declaredMaximumStepSeconds=5.00000000e-06 configuredMaximumStepSeconds=5.00000000e-06 actualCurrentStepSeconds=5.00000000e-06 observedMinimumStepSeconds=5.00000000e-06 observedMaximumStepSeconds=5.00000000e-06 minimumTimeStepSeconds=5.00000000e-11 adaptive=true
Q30_STEP_PROFILE seed=43 fault=RELAY_B_COIL_OPEN profile=faulted-four-input-profile boundary=END stepRole=PRODUCTION_5_US declaredMaximumStepSeconds=5.00000000e-06 configuredMaximumStepSeconds=5.00000000e-06 actualCurrentStepSeconds=5.00000000e-06 observedMinimumStepSeconds=5.00000000e-06 observedMaximumStepSeconds=5.00000000e-06 minimumTimeStepSeconds=5.00000000e-11 adaptive=true
Q30_STEP_PROFILE seed=43 fault=RELAY_B_COIL_OPEN profile=unrepaired-customer-retest boundary=BEGIN stepRole=PRODUCTION_5_US declaredMaximumStepSeconds=5.00000000e-06 configuredMaximumStepSeconds=5.00000000e-06 actualCurrentStepSeconds=5.00000000e-06 observedMinimumStepSeconds=5.00000000e-06 observedMaximumStepSeconds=5.00000000e-06 minimumTimeStepSeconds=5.00000000e-11 adaptive=true
Q30_STEP_PROFILE seed=43 fault=RELAY_B_COIL_OPEN profile=unrepaired-customer-retest boundary=END stepRole=PRODUCTION_5_US declaredMaximumStepSeconds=5.00000000e-06 configuredMaximumStepSeconds=5.00000000e-06 actualCurrentStepSeconds=5.00000000e-06 observedMinimumStepSeconds=5.00000000e-06 observedMaximumStepSeconds=5.00000000e-06 minimumTimeStepSeconds=5.00000000e-11 adaptive=true
Q30_STEP_PROFILE seed=43 fault=RELAY_B_COIL_OPEN profile=service-power-off-wait boundary=BEGIN stepRole=PRODUCTION_5_US declaredMaximumStepSeconds=5.00000000e-06 configuredMaximumStepSeconds=5.00000000e-06 actualCurrentStepSeconds=5.00000000e-06 observedMinimumStepSeconds=5.00000000e-06 observedMaximumStepSeconds=5.00000000e-06 minimumTimeStepSeconds=5.00000000e-11 adaptive=true
Q30_STEP_PROFILE seed=43 fault=RELAY_B_COIL_OPEN profile=service-power-off-wait boundary=END stepRole=PRODUCTION_5_US declaredMaximumStepSeconds=5.00000000e-06 configuredMaximumStepSeconds=5.00000000e-06 actualCurrentStepSeconds=5.00000000e-06 observedMinimumStepSeconds=5.00000000e-06 observedMaximumStepSeconds=5.00000000e-06 minimumTimeStepSeconds=5.00000000e-11 adaptive=true
Q30_STEP_PROFILE seed=43 fault=RELAY_B_COIL_OPEN profile=reinstalled-original-customer-retest boundary=BEGIN stepRole=PRODUCTION_5_US declaredMaximumStepSeconds=5.00000000e-06 configuredMaximumStepSeconds=5.00000000e-06 actualCurrentStepSeconds=5.00000000e-06 observedMinimumStepSeconds=5.00000000e-06 observedMaximumStepSeconds=5.00000000e-06 minimumTimeStepSeconds=5.00000000e-11 adaptive=true
Q30_STEP_PROFILE seed=43 fault=RELAY_B_COIL_OPEN profile=reinstalled-original-customer-retest boundary=END stepRole=PRODUCTION_5_US declaredMaximumStepSeconds=5.00000000e-06 configuredMaximumStepSeconds=5.00000000e-06 actualCurrentStepSeconds=5.00000000e-06 observedMinimumStepSeconds=5.00000000e-06 observedMaximumStepSeconds=5.00000000e-06 minimumTimeStepSeconds=5.00000000e-11 adaptive=true
Q30_STEP_PROFILE seed=43 fault=RELAY_B_COIL_OPEN profile=service-power-off-wait boundary=BEGIN stepRole=PRODUCTION_5_US declaredMaximumStepSeconds=5.00000000e-06 configuredMaximumStepSeconds=5.00000000e-06 actualCurrentStepSeconds=5.00000000e-06 observedMinimumStepSeconds=5.00000000e-06 observedMaximumStepSeconds=5.00000000e-06 minimumTimeStepSeconds=5.00000000e-11 adaptive=true
Q30_STEP_PROFILE seed=43 fault=RELAY_B_COIL_OPEN profile=service-power-off-wait boundary=END stepRole=PRODUCTION_5_US declaredMaximumStepSeconds=5.00000000e-06 configuredMaximumStepSeconds=5.00000000e-06 actualCurrentStepSeconds=5.00000000e-06 observedMinimumStepSeconds=5.00000000e-06 observedMaximumStepSeconds=5.00000000e-06 minimumTimeStepSeconds=5.00000000e-11 adaptive=true
Q30_STEP_PROFILE seed=43 fault=RELAY_B_COIL_OPEN profile=repaired-customer-retest boundary=BEGIN stepRole=PRODUCTION_5_US declaredMaximumStepSeconds=5.00000000e-06 configuredMaximumStepSeconds=5.00000000e-06 actualCurrentStepSeconds=5.00000000e-06 observedMinimumStepSeconds=5.00000000e-06 observedMaximumStepSeconds=5.00000000e-06 minimumTimeStepSeconds=5.00000000e-11 adaptive=true
Q30_STEP_PROFILE seed=43 fault=RELAY_B_COIL_OPEN profile=repaired-customer-retest boundary=END stepRole=PRODUCTION_5_US declaredMaximumStepSeconds=5.00000000e-06 configuredMaximumStepSeconds=5.00000000e-06 actualCurrentStepSeconds=5.00000000e-06 observedMinimumStepSeconds=5.00000000e-06 observedMaximumStepSeconds=5.00000000e-06 minimumTimeStepSeconds=5.00000000e-11 adaptive=true
Q30_STEP_OWNER_CLEANUP seed=43 fault=RELAY_B_COIL_OPEN declaredMaximumStepSeconds=5.00000000e-06 stepRole=PRODUCTION_5_US cleanup=true elapsedMillis=0
Q30_STEP_PAIR seed=43 support=STANDARD_35 fault=RELAY_B_COIL_OPEN referenceMaximumStepSeconds=2.50000000e-06 productionCandidateMaximumStepSeconds=5.00000000e-06 candidateKind=PRODUCTION_5_US maxDeltaVolts=4.36806147e-11 toleranceVolts=0.122358695 phase=faulted sample=SENSORS_B_ONLY/REN.2-J1.2 referenceElapsedMillis=19058 productionCandidateElapsedMillis=10160 referenceSimSeconds=1.16019250 productionCandidateSimSeconds=1.16036000 referenceCleanupMillis=0 productionCandidateCleanupMillis=0 cleanup=true
Q30_STEP_SEED seed=43 support=STANDARD_35 referenceMaximumStepSeconds=2.50000000e-06 productionCandidateMaximumStepSeconds=5.00000000e-06 candidateKind=PRODUCTION_5_US routeTopology=RB30_SHARED_HYSTERETIC_A_BJT_B_BJT_STANDARD_35 routeAndPairsElapsedMillis=33223
Q30_STEP_OWNER_CLEANUP seed=43 fault=DREV_OPEN declaredMaximumStepSeconds=2.50000000e-06 stepRole=FINER_2_5_US_REFERENCE cleanup=true elapsedMillis=0
Q30_STEP_SEED_CLEANUP seed=43 cleanup=true elapsedMillis=0
PASS: Q30 production solver step sensitivity assertions=1734 seed=43 support=STANDARD_35 faults=1 referenceMaximumStepSeconds=2.50000000e-06 productionCandidateMaximumStepSeconds=5.00000000e-06 candidateKind=PRODUCTION_5_US elapsedMillis=33223

node 11 unconnected
converged after 25 iterations, timeStep = 2.5E-6
converged after 9 iterations, timeStep = 2.5E-6
node 11 unconnected
node 11 unconnected
converged after 10 iterations, timeStep = 2.5E-6
node 11 unconnected
converged after 10 iterations, timeStep = 2.5E-6
node 11 unconnected
converged after 9 iterations, timeStep = 2.5E-6
node 11 unconnected
converged after 10 iterations, timeStep = 2.5E-6
node 11 unconnected
converged after 13 iterations, timeStep = 2.5E-6
node 11 unconnected
converged after 13 iterations, timeStep = 2.5E-6
node 11 unconnected
converged after 10 iterations, timeStep = 2.5E-6
node 11 unconnected
converged after 13 iterations, timeStep = 2.5E-6
node 11 unconnected
converged after 10 iterations, timeStep = 2.5E-6
node 11 unconnected
converged after 13 iterations, timeStep = 2.5E-6
node 11 unconnected
converged after 10 iterations, timeStep = 2.5E-6
node 11 unconnected
converged after 13 iterations, timeStep = 2.5E-6
node 11 unconnected
converged after 10 iterations, timeStep = 2.5E-6
node 11 unconnected
converged after 13 iterations, timeStep = 2.5E-6
node 11 unconnected
node 11 unconnected
node 11 unconnected
node 11 unconnected
node 11 unconnected
node 11 unconnected
node 51 unconnected
node 54 unconnected
node 57 unconnected
node 11 unconnected
node 11 unconnected
converged after 23 iterations, timeStep = 2.5E-6
converged after 8 iterations, timeStep = 2.5E-6
node 11 unconnected
node 11 unconnected
converged after 10 iterations, timeStep = 2.5E-6
node 11 unconnected
converged after 13 iterations, timeStep = 2.5E-6
node 11 unconnected
converged after 10 iterations, timeStep = 2.5E-6
node 11 unconnected
converged after 13 iterations, timeStep = 2.5E-6
node 11 unconnected
node 11 unconnected
node 11 unconnected
node 11 unconnected
node 11 unconnected
node 11 unconnected
node 51 unconnected
node 54 unconnected
node 57 unconnected
node 11 unconnected
node 51 unconnected
node 54 unconnected
node 11 unconnected
node 51 unconnected
node 54 unconnected
converged after 23 iterations, timeStep = 2.5E-6
converged after 8 iterations, timeStep = 2.5E-6
node 11 unconnected
node 51 unconnected
node 54 unconnected
node 11 unconnected
node 51 unconnected
node 54 unconnected
converged after 10 iterations, timeStep = 2.5E-6
node 11 unconnected
node 51 unconnected
node 54 unconnected
converged after 10 iterations, timeStep = 2.5E-6
node 11 unconnected
node 51 unconnected
node 54 unconnected
converged after 9 iterations, timeStep = 2.5E-6
node 11 unconnected
converged after 25 iterations, timeStep = 5.0E-6
converged after 6 iterations, timeStep = 5.0E-6
node 11 unconnected
node 11 unconnected
converged after 16 iterations, timeStep = 5.0E-6
node 11 unconnected
converged after 19 iterations, timeStep = 5.0E-6
node 11 unconnected
converged after 19 iterations, timeStep = 5.0E-6
node 11 unconnected
converged after 9 iterations, timeStep = 5.0E-6
node 11 unconnected
converged after 16 iterations, timeStep = 5.0E-6
node 11 unconnected
converged after 13 iterations, timeStep = 5.0E-6
node 11 unconnected
converged after 16 iterations, timeStep = 5.0E-6
node 11 unconnected
converged after 13 iterations, timeStep = 5.0E-6
node 11 unconnected
converged after 16 iterations, timeStep = 5.0E-6
node 11 unconnected
converged after 13 iterations, timeStep = 5.0E-6
node 11 unconnected
converged after 16 iterations, timeStep = 5.0E-6
node 11 unconnected
converged after 13 iterations, timeStep = 5.0E-6
node 11 unconnected
converged after 16 iterations, timeStep = 5.0E-6
node 11 unconnected
converged after 13 iterations, timeStep = 5.0E-6
node 11 unconnected
node 11 unconnected
node 11 unconnected
node 11 unconnected
node 11 unconnected
node 11 unconnected
node 51 unconnected
node 54 unconnected
node 57 unconnected
node 11 unconnected
node 11 unconnected
converged after 23 iterations, timeStep = 5.0E-6
node 11 unconnected
node 11 unconnected
converged after 16 iterations, timeStep = 5.0E-6
node 11 unconnected
converged after 13 iterations, timeStep = 5.0E-6
node 11 unconnected
converged after 16 iterations, timeStep = 5.0E-6
node 11 unconnected
converged after 13 iterations, timeStep = 5.0E-6
node 11 unconnected
node 11 unconnected
node 11 unconnected
node 11 unconnected
node 11 unconnected
node 11 unconnected
node 51 unconnected
node 54 unconnected
node 57 unconnected
node 11 unconnected
node 51 unconnected
node 54 unconnected
node 11 unconnected
node 51 unconnected
node 54 unconnected
converged after 23 iterations, timeStep = 5.0E-6
node 11 unconnected
node 51 unconnected
node 54 unconnected
node 11 unconnected
node 51 unconnected
node 54 unconnected
converged after 16 iterations, timeStep = 5.0E-6
node 11 unconnected
node 51 unconnected
node 54 unconnected
converged after 19 iterations, timeStep = 5.0E-6
node 11 unconnected
node 51 unconnected
node 54 unconnected
converged after 19 iterations, timeStep = 5.0E-6

Q30_STEP_PROFILE seed=3 fault=DREV_OPEN profile=initial-electrical-settle boundary=BEGIN stepRole=FINER_2_5_US_REFERENCE declaredMaximumStepSeconds=2.50000000e-06 configuredMaximumStepSeconds=2.50000000e-06 actualCurrentStepSeconds=2.50000000e-06 observedMinimumStepSeconds=2.50000000e-06 observedMaximumStepSeconds=2.50000000e-06 minimumTimeStepSeconds=5.00000000e-11 adaptive=true
Q30_STEP_PROFILE seed=3 fault=DREV_OPEN profile=initial-electrical-settle boundary=END stepRole=FINER_2_5_US_REFERENCE declaredMaximumStepSeconds=2.50000000e-06 configuredMaximumStepSeconds=2.50000000e-06 actualCurrentStepSeconds=2.50000000e-06 observedMinimumStepSeconds=2.50000000e-06 observedMaximumStepSeconds=2.50000000e-06 minimumTimeStepSeconds=5.00000000e-11 adaptive=true
Q30_STEP_PROFILE seed=3 fault=DREV_OPEN profile=healthy-preparation boundary=BEGIN stepRole=FINER_2_5_US_REFERENCE declaredMaximumStepSeconds=2.50000000e-06 configuredMaximumStepSeconds=2.50000000e-06 actualCurrentStepSeconds=2.50000000e-06 observedMinimumStepSeconds=2.50000000e-06 observedMaximumStepSeconds=2.50000000e-06 minimumTimeStepSeconds=5.00000000e-11 adaptive=true
Q30_STEP_PROFILE seed=3 fault=DREV_OPEN profile=healthy-preparation boundary=END stepRole=FINER_2_5_US_REFERENCE declaredMaximumStepSeconds=2.50000000e-06 configuredMaximumStepSeconds=2.50000000e-06 actualCurrentStepSeconds=2.50000000e-06 observedMinimumStepSeconds=2.50000000e-06 observedMaximumStepSeconds=2.50000000e-06 minimumTimeStepSeconds=5.00000000e-11 adaptive=true
Q30_STEP_PROFILE seed=3 fault=DREV_OPEN profile=fault-profile-preparation boundary=BEGIN stepRole=FINER_2_5_US_REFERENCE declaredMaximumStepSeconds=2.50000000e-06 configuredMaximumStepSeconds=2.50000000e-06 actualCurrentStepSeconds=2.50000000e-06 observedMinimumStepSeconds=2.50000000e-06 observedMaximumStepSeconds=2.50000000e-06 minimumTimeStepSeconds=5.00000000e-11 adaptive=true
Q30_STEP_PROFILE seed=3 fault=DREV_OPEN profile=fault-profile-preparation boundary=END stepRole=FINER_2_5_US_REFERENCE declaredMaximumStepSeconds=2.50000000e-06 configuredMaximumStepSeconds=2.50000000e-06 actualCurrentStepSeconds=2.50000000e-06 observedMinimumStepSeconds=2.50000000e-06 observedMaximumStepSeconds=2.50000000e-06 minimumTimeStepSeconds=5.00000000e-11 adaptive=true
Q30_STEP_PROFILE seed=3 fault=DREV_OPEN profile=faulted-four-input-profile boundary=BEGIN stepRole=FINER_2_5_US_REFERENCE declaredMaximumStepSeconds=2.50000000e-06 configuredMaximumStepSeconds=2.50000000e-06 actualCurrentStepSeconds=2.50000000e-06 observedMinimumStepSeconds=2.50000000e-06 observedMaximumStepSeconds=2.50000000e-06 minimumTimeStepSeconds=5.00000000e-11 adaptive=true
Q30_STEP_PROFILE seed=3 fault=DREV_OPEN profile=faulted-four-input-profile boundary=END stepRole=FINER_2_5_US_REFERENCE declaredMaximumStepSeconds=2.50000000e-06 configuredMaximumStepSeconds=2.50000000e-06 actualCurrentStepSeconds=2.50000000e-06 observedMinimumStepSeconds=2.50000000e-06 observedMaximumStepSeconds=2.50000000e-06 minimumTimeStepSeconds=5.00000000e-11 adaptive=true
Q30_STEP_PROFILE seed=3 fault=DREV_OPEN profile=unrepaired-customer-retest boundary=BEGIN stepRole=FINER_2_5_US_REFERENCE declaredMaximumStepSeconds=2.50000000e-06 configuredMaximumStepSeconds=2.50000000e-06 actualCurrentStepSeconds=2.50000000e-06 observedMinimumStepSeconds=2.50000000e-06 observedMaximumStepSeconds=2.50000000e-06 minimumTimeStepSeconds=5.00000000e-11 adaptive=true
Q30_STEP_PROFILE seed=3 fault=DREV_OPEN profile=unrepaired-customer-retest boundary=END stepRole=FINER_2_5_US_REFERENCE declaredMaximumStepSeconds=2.50000000e-06 configuredMaximumStepSeconds=2.50000000e-06 actualCurrentStepSeconds=2.50000000e-06 observedMinimumStepSeconds=2.50000000e-06 observedMaximumStepSeconds=2.50000000e-06 minimumTimeStepSeconds=5.00000000e-11 adaptive=true
Q30_STEP_PROFILE seed=3 fault=DREV_OPEN profile=service-power-off-wait boundary=BEGIN stepRole=FINER_2_5_US_REFERENCE declaredMaximumStepSeconds=2.50000000e-06 configuredMaximumStepSeconds=2.50000000e-06 actualCurrentStepSeconds=2.50000000e-06 observedMinimumStepSeconds=2.50000000e-06 observedMaximumStepSeconds=2.50000000e-06 minimumTimeStepSeconds=5.00000000e-11 adaptive=true
Q30_STEP_PROFILE seed=3 fault=DREV_OPEN profile=service-power-off-wait boundary=END stepRole=FINER_2_5_US_REFERENCE declaredMaximumStepSeconds=2.50000000e-06 configuredMaximumStepSeconds=2.50000000e-06 actualCurrentStepSeconds=2.50000000e-06 observedMinimumStepSeconds=2.50000000e-06 observedMaximumStepSeconds=2.50000000e-06 minimumTimeStepSeconds=5.00000000e-11 adaptive=true
Q30_STEP_PROFILE seed=3 fault=DREV_OPEN profile=reinstalled-original-customer-retest boundary=BEGIN stepRole=FINER_2_5_US_REFERENCE declaredMaximumStepSeconds=2.50000000e-06 configuredMaximumStepSeconds=2.50000000e-06 actualCurrentStepSeconds=2.50000000e-06 observedMinimumStepSeconds=2.50000000e-06 observedMaximumStepSeconds=2.50000000e-06 minimumTimeStepSeconds=5.00000000e-11 adaptive=true
Q30_STEP_PROFILE seed=3 fault=DREV_OPEN profile=reinstalled-original-customer-retest boundary=END stepRole=FINER_2_5_US_REFERENCE declaredMaximumStepSeconds=2.50000000e-06 configuredMaximumStepSeconds=2.50000000e-06 actualCurrentStepSeconds=2.50000000e-06 observedMinimumStepSeconds=2.50000000e-06 observedMaximumStepSeconds=2.50000000e-06 minimumTimeStepSeconds=5.00000000e-11 adaptive=true
Q30_STEP_PROFILE seed=3 fault=DREV_OPEN profile=service-power-off-wait boundary=BEGIN stepRole=FINER_2_5_US_REFERENCE declaredMaximumStepSeconds=2.50000000e-06 configuredMaximumStepSeconds=2.50000000e-06 actualCurrentStepSeconds=2.50000000e-06 observedMinimumStepSeconds=2.50000000e-06 observedMaximumStepSeconds=2.50000000e-06 minimumTimeStepSeconds=5.00000000e-11 adaptive=true
Q30_STEP_PROFILE seed=3 fault=DREV_OPEN profile=service-power-off-wait boundary=END stepRole=FINER_2_5_US_REFERENCE declaredMaximumStepSeconds=2.50000000e-06 configuredMaximumStepSeconds=2.50000000e-06 actualCurrentStepSeconds=2.50000000e-06 observedMinimumStepSeconds=2.50000000e-06 observedMaximumStepSeconds=2.50000000e-06 minimumTimeStepSeconds=5.00000000e-11 adaptive=true
Q30_STEP_PROFILE seed=3 fault=DREV_OPEN profile=repaired-customer-retest boundary=BEGIN stepRole=FINER_2_5_US_REFERENCE declaredMaximumStepSeconds=2.50000000e-06 configuredMaximumStepSeconds=2.50000000e-06 actualCurrentStepSeconds=2.50000000e-06 observedMinimumStepSeconds=2.50000000e-06 observedMaximumStepSeconds=2.50000000e-06 minimumTimeStepSeconds=5.00000000e-11 adaptive=true
Q30_STEP_PROFILE seed=3 fault=DREV_OPEN profile=repaired-customer-retest boundary=END stepRole=FINER_2_5_US_REFERENCE declaredMaximumStepSeconds=2.50000000e-06 configuredMaximumStepSeconds=2.50000000e-06 actualCurrentStepSeconds=2.50000000e-06 observedMinimumStepSeconds=2.50000000e-06 observedMaximumStepSeconds=2.50000000e-06 minimumTimeStepSeconds=5.00000000e-11 adaptive=true
Q30_STEP_OWNER_CLEANUP seed=3 fault=DREV_OPEN declaredMaximumStepSeconds=2.50000000e-06 stepRole=FINER_2_5_US_REFERENCE cleanup=true elapsedMillis=0
Q30_STEP_PROFILE seed=3 fault=DREV_OPEN profile=initial-electrical-settle boundary=BEGIN stepRole=PRODUCTION_5_US declaredMaximumStepSeconds=5.00000000e-06 configuredMaximumStepSeconds=5.00000000e-06 actualCurrentStepSeconds=5.00000000e-06 observedMinimumStepSeconds=5.00000000e-06 observedMaximumStepSeconds=5.00000000e-06 minimumTimeStepSeconds=5.00000000e-11 adaptive=true
Q30_STEP_PROFILE seed=3 fault=DREV_OPEN profile=initial-electrical-settle boundary=END stepRole=PRODUCTION_5_US declaredMaximumStepSeconds=5.00000000e-06 configuredMaximumStepSeconds=5.00000000e-06 actualCurrentStepSeconds=5.00000000e-06 observedMinimumStepSeconds=5.00000000e-06 observedMaximumStepSeconds=5.00000000e-06 minimumTimeStepSeconds=5.00000000e-11 adaptive=true
Q30_STEP_PROFILE seed=3 fault=DREV_OPEN profile=healthy-preparation boundary=BEGIN stepRole=PRODUCTION_5_US declaredMaximumStepSeconds=5.00000000e-06 configuredMaximumStepSeconds=5.00000000e-06 actualCurrentStepSeconds=5.00000000e-06 observedMinimumStepSeconds=5.00000000e-06 observedMaximumStepSeconds=5.00000000e-06 minimumTimeStepSeconds=5.00000000e-11 adaptive=true
Q30_STEP_PROFILE seed=3 fault=DREV_OPEN profile=healthy-preparation boundary=END stepRole=PRODUCTION_5_US declaredMaximumStepSeconds=5.00000000e-06 configuredMaximumStepSeconds=5.00000000e-06 actualCurrentStepSeconds=5.00000000e-06 observedMinimumStepSeconds=5.00000000e-06 observedMaximumStepSeconds=5.00000000e-06 minimumTimeStepSeconds=5.00000000e-11 adaptive=true
Q30_STEP_PROFILE seed=3 fault=DREV_OPEN profile=fault-profile-preparation boundary=BEGIN stepRole=PRODUCTION_5_US declaredMaximumStepSeconds=5.00000000e-06 configuredMaximumStepSeconds=5.00000000e-06 actualCurrentStepSeconds=5.00000000e-06 observedMinimumStepSeconds=5.00000000e-06 observedMaximumStepSeconds=5.00000000e-06 minimumTimeStepSeconds=5.00000000e-11 adaptive=true
Q30_STEP_PROFILE seed=3 fault=DREV_OPEN profile=fault-profile-preparation boundary=END stepRole=PRODUCTION_5_US declaredMaximumStepSeconds=5.00000000e-06 configuredMaximumStepSeconds=5.00000000e-06 actualCurrentStepSeconds=5.00000000e-06 observedMinimumStepSeconds=5.00000000e-06 observedMaximumStepSeconds=5.00000000e-06 minimumTimeStepSeconds=5.00000000e-11 adaptive=true
Q30_STEP_PROFILE seed=3 fault=DREV_OPEN profile=faulted-four-input-profile boundary=BEGIN stepRole=PRODUCTION_5_US declaredMaximumStepSeconds=5.00000000e-06 configuredMaximumStepSeconds=5.00000000e-06 actualCurrentStepSeconds=5.00000000e-06 observedMinimumStepSeconds=5.00000000e-06 observedMaximumStepSeconds=5.00000000e-06 minimumTimeStepSeconds=5.00000000e-11 adaptive=true
Q30_STEP_PROFILE seed=3 fault=DREV_OPEN profile=faulted-four-input-profile boundary=END stepRole=PRODUCTION_5_US declaredMaximumStepSeconds=5.00000000e-06 configuredMaximumStepSeconds=5.00000000e-06 actualCurrentStepSeconds=5.00000000e-06 observedMinimumStepSeconds=5.00000000e-06 observedMaximumStepSeconds=5.00000000e-06 minimumTimeStepSeconds=5.00000000e-11 adaptive=true
Q30_STEP_PROFILE seed=3 fault=DREV_OPEN profile=unrepaired-customer-retest boundary=BEGIN stepRole=PRODUCTION_5_US declaredMaximumStepSeconds=5.00000000e-06 configuredMaximumStepSeconds=5.00000000e-06 actualCurrentStepSeconds=5.00000000e-06 observedMinimumStepSeconds=5.00000000e-06 observedMaximumStepSeconds=5.00000000e-06 minimumTimeStepSeconds=5.00000000e-11 adaptive=true
Q30_STEP_PROFILE seed=3 fault=DREV_OPEN profile=unrepaired-customer-retest boundary=END stepRole=PRODUCTION_5_US declaredMaximumStepSeconds=5.00000000e-06 configuredMaximumStepSeconds=5.00000000e-06 actualCurrentStepSeconds=5.00000000e-06 observedMinimumStepSeconds=5.00000000e-06 observedMaximumStepSeconds=5.00000000e-06 minimumTimeStepSeconds=5.00000000e-11 adaptive=true
Q30_STEP_PROFILE seed=3 fault=DREV_OPEN profile=service-power-off-wait boundary=BEGIN stepRole=PRODUCTION_5_US declaredMaximumStepSeconds=5.00000000e-06 configuredMaximumStepSeconds=5.00000000e-06 actualCurrentStepSeconds=5.00000000e-06 observedMinimumStepSeconds=5.00000000e-06 observedMaximumStepSeconds=5.00000000e-06 minimumTimeStepSeconds=5.00000000e-11 adaptive=true
Q30_STEP_PROFILE seed=3 fault=DREV_OPEN profile=service-power-off-wait boundary=END stepRole=PRODUCTION_5_US declaredMaximumStepSeconds=5.00000000e-06 configuredMaximumStepSeconds=5.00000000e-06 actualCurrentStepSeconds=5.00000000e-06 observedMinimumStepSeconds=5.00000000e-06 observedMaximumStepSeconds=5.00000000e-06 minimumTimeStepSeconds=5.00000000e-11 adaptive=true
Q30_STEP_PROFILE seed=3 fault=DREV_OPEN profile=reinstalled-original-customer-retest boundary=BEGIN stepRole=PRODUCTION_5_US declaredMaximumStepSeconds=5.00000000e-06 configuredMaximumStepSeconds=5.00000000e-06 actualCurrentStepSeconds=5.00000000e-06 observedMinimumStepSeconds=5.00000000e-06 observedMaximumStepSeconds=5.00000000e-06 minimumTimeStepSeconds=5.00000000e-11 adaptive=true
Q30_STEP_PROFILE seed=3 fault=DREV_OPEN profile=reinstalled-original-customer-retest boundary=END stepRole=PRODUCTION_5_US declaredMaximumStepSeconds=5.00000000e-06 configuredMaximumStepSeconds=5.00000000e-06 actualCurrentStepSeconds=5.00000000e-06 observedMinimumStepSeconds=5.00000000e-06 observedMaximumStepSeconds=5.00000000e-06 minimumTimeStepSeconds=5.00000000e-11 adaptive=true
Q30_STEP_PROFILE seed=3 fault=DREV_OPEN profile=service-power-off-wait boundary=BEGIN stepRole=PRODUCTION_5_US declaredMaximumStepSeconds=5.00000000e-06 configuredMaximumStepSeconds=5.00000000e-06 actualCurrentStepSeconds=5.00000000e-06 observedMinimumStepSeconds=5.00000000e-06 observedMaximumStepSeconds=5.00000000e-06 minimumTimeStepSeconds=5.00000000e-11 adaptive=true
Q30_STEP_PROFILE seed=3 fault=DREV_OPEN profile=service-power-off-wait boundary=END stepRole=PRODUCTION_5_US declaredMaximumStepSeconds=5.00000000e-06 configuredMaximumStepSeconds=5.00000000e-06 actualCurrentStepSeconds=5.00000000e-06 observedMinimumStepSeconds=5.00000000e-06 observedMaximumStepSeconds=5.00000000e-06 minimumTimeStepSeconds=5.00000000e-11 adaptive=true
Q30_STEP_PROFILE seed=3 fault=DREV_OPEN profile=repaired-customer-retest boundary=BEGIN stepRole=PRODUCTION_5_US declaredMaximumStepSeconds=5.00000000e-06 configuredMaximumStepSeconds=5.00000000e-06 actualCurrentStepSeconds=5.00000000e-06 observedMinimumStepSeconds=5.00000000e-06 observedMaximumStepSeconds=5.00000000e-06 minimumTimeStepSeconds=5.00000000e-11 adaptive=true
Q30_STEP_PROFILE seed=3 fault=DREV_OPEN profile=repaired-customer-retest boundary=END stepRole=PRODUCTION_5_US declaredMaximumStepSeconds=5.00000000e-06 configuredMaximumStepSeconds=5.00000000e-06 actualCurrentStepSeconds=5.00000000e-06 observedMinimumStepSeconds=5.00000000e-06 observedMaximumStepSeconds=5.00000000e-06 minimumTimeStepSeconds=5.00000000e-11 adaptive=true
Q30_STEP_OWNER_CLEANUP seed=3 fault=DREV_OPEN declaredMaximumStepSeconds=5.00000000e-06 stepRole=PRODUCTION_5_US cleanup=true elapsedMillis=0
Q30_STEP_PAIR seed=3 support=FILTERED_37 fault=DREV_OPEN referenceMaximumStepSeconds=2.50000000e-06 productionCandidateMaximumStepSeconds=5.00000000e-06 candidateKind=PRODUCTION_5_US maxDeltaVolts=0.00227759538 toleranceVolts=0.0159193687 phase=faulted sample=SENSORS_LOW/U1.OUTPUT-J1.2 referenceElapsedMillis=18334 productionCandidateElapsedMillis=9307 referenceSimSeconds=1.16019250 productionCandidateSimSeconds=1.16036000 referenceCleanupMillis=0 productionCandidateCleanupMillis=0 cleanup=true
Q30_STEP_SEED seed=3 support=FILTERED_37 referenceMaximumStepSeconds=2.50000000e-06 productionCandidateMaximumStepSeconds=5.00000000e-06 candidateKind=PRODUCTION_5_US routeTopology=RB30_SHARED_HYSTERETIC_A_NMOS_B_BJT_FILTERED_37 routeAndPairsElapsedMillis=33276
Q30_STEP_SEED_CLEANUP seed=3 cleanup=true elapsedMillis=0
PASS: Q30 production solver step sensitivity assertions=1496 seed=3 support=FILTERED_37 faults=1 referenceMaximumStepSeconds=2.50000000e-06 productionCandidateMaximumStepSeconds=5.00000000e-06 candidateKind=PRODUCTION_5_US elapsedMillis=33276

node 11 unconnected
converged after 25 iterations, timeStep = 2.5E-6
converged after 9 iterations, timeStep = 2.5E-6
node 11 unconnected
node 11 unconnected
converged after 14 iterations, timeStep = 2.5E-6
node 11 unconnected
converged after 10 iterations, timeStep = 2.5E-6
converged after 15 iterations, timeStep = 2.5E-6
node 11 unconnected
converged after 14 iterations, timeStep = 2.5E-6
node 11 unconnected
converged after 15 iterations, timeStep = 2.5E-6
node 11 unconnected
converged after 15 iterations, timeStep = 2.5E-6
converged after 15 iterations, timeStep = 2.5E-6
converged after 13 iterations, timeStep = 2.5E-6
node 11 unconnected
node 11 unconnected
node 11 unconnected
node 11 unconnected
node 11 unconnected
node 11 unconnected
node 11 unconnected
node 11 unconnected
node 11 unconnected
node 11 unconnected
node 11 unconnected
node 11 unconnected
node 11 unconnected
node 11 unconnected
node 11 unconnected
node 16 unconnected
node 20 unconnected
node 11 unconnected
node 11 unconnected
node 11 unconnected
node 11 unconnected
node 11 unconnected
node 11 unconnected
node 11 unconnected
node 11 unconnected
node 11 unconnected
node 11 unconnected
node 11 unconnected
node 11 unconnected
node 11 unconnected
node 16 unconnected
node 20 unconnected
node 11 unconnected
node 16 unconnected
node 20 unconnected
converged after 7 iterations, timeStep = 2.5E-6
converged after 7 iterations, timeStep = 2.5E-6
node 11 unconnected
node 16 unconnected
node 20 unconnected
converged after 40 iterations, timeStep = 2.5E-6
node 11 unconnected
node 16 unconnected
node 20 unconnected
converged after 9 iterations, timeStep = 2.5E-6
node 11 unconnected
node 16 unconnected
node 20 unconnected
converged after 14 iterations, timeStep = 2.5E-6
node 11 unconnected
node 16 unconnected
node 20 unconnected
converged after 10 iterations, timeStep = 2.5E-6
converged after 15 iterations, timeStep = 2.5E-6
node 11 unconnected
node 16 unconnected
node 20 unconnected
converged after 14 iterations, timeStep = 2.5E-6
node 11 unconnected
converged after 25 iterations, timeStep = 5.0E-6
converged after 6 iterations, timeStep = 5.0E-6
node 11 unconnected
node 11 unconnected
converged after 14 iterations, timeStep = 5.0E-6
node 11 unconnected
converged after 22 iterations, timeStep = 5.0E-6
node 11 unconnected
converged after 14 iterations, timeStep = 5.0E-6
node 11 unconnected
converged after 15 iterations, timeStep = 5.0E-6
node 11 unconnected
converged after 15 iterations, timeStep = 5.0E-6
converged after 20 iterations, timeStep = 5.0E-6
converged after 15 iterations, timeStep = 5.0E-6
node 11 unconnected
node 11 unconnected
node 11 unconnected
node 11 unconnected
node 11 unconnected
node 11 unconnected
node 11 unconnected
node 11 unconnected
node 11 unconnected
node 11 unconnected
node 11 unconnected
node 11 unconnected
node 11 unconnected
node 11 unconnected
node 11 unconnected
node 16 unconnected
node 20 unconnected
node 11 unconnected
node 11 unconnected
node 11 unconnected
node 11 unconnected
node 11 unconnected
node 11 unconnected
node 11 unconnected
node 11 unconnected
node 11 unconnected
node 11 unconnected
node 11 unconnected
node 11 unconnected
node 11 unconnected
node 16 unconnected
node 20 unconnected
node 11 unconnected
node 16 unconnected
node 20 unconnected
converged after 7 iterations, timeStep = 5.0E-6
converged after 6 iterations, timeStep = 5.0E-6
node 11 unconnected
node 16 unconnected
node 20 unconnected
converged after 40 iterations, timeStep = 5.0E-6
node 11 unconnected
node 16 unconnected
node 20 unconnected
converged after 10 iterations, timeStep = 5.0E-6
node 11 unconnected
node 16 unconnected
node 20 unconnected
converged after 14 iterations, timeStep = 5.0E-6
node 11 unconnected
node 16 unconnected
node 20 unconnected
converged after 22 iterations, timeStep = 5.0E-6
node 11 unconnected
node 16 unconnected
node 20 unconnected
converged after 14 iterations, timeStep = 5.0E-6

Q30_STEP_PROFILE seed=3 fault=REN_OPEN profile=initial-electrical-settle boundary=BEGIN stepRole=FINER_2_5_US_REFERENCE declaredMaximumStepSeconds=2.50000000e-06 configuredMaximumStepSeconds=2.50000000e-06 actualCurrentStepSeconds=2.50000000e-06 observedMinimumStepSeconds=2.50000000e-06 observedMaximumStepSeconds=2.50000000e-06 minimumTimeStepSeconds=5.00000000e-11 adaptive=true
Q30_STEP_PROFILE seed=3 fault=REN_OPEN profile=initial-electrical-settle boundary=END stepRole=FINER_2_5_US_REFERENCE declaredMaximumStepSeconds=2.50000000e-06 configuredMaximumStepSeconds=2.50000000e-06 actualCurrentStepSeconds=2.50000000e-06 observedMinimumStepSeconds=2.50000000e-06 observedMaximumStepSeconds=2.50000000e-06 minimumTimeStepSeconds=5.00000000e-11 adaptive=true
Q30_STEP_PROFILE seed=3 fault=REN_OPEN profile=healthy-preparation boundary=BEGIN stepRole=FINER_2_5_US_REFERENCE declaredMaximumStepSeconds=2.50000000e-06 configuredMaximumStepSeconds=2.50000000e-06 actualCurrentStepSeconds=2.50000000e-06 observedMinimumStepSeconds=2.50000000e-06 observedMaximumStepSeconds=2.50000000e-06 minimumTimeStepSeconds=5.00000000e-11 adaptive=true
Q30_STEP_PROFILE seed=3 fault=REN_OPEN profile=healthy-preparation boundary=END stepRole=FINER_2_5_US_REFERENCE declaredMaximumStepSeconds=2.50000000e-06 configuredMaximumStepSeconds=2.50000000e-06 actualCurrentStepSeconds=2.50000000e-06 observedMinimumStepSeconds=2.50000000e-06 observedMaximumStepSeconds=2.50000000e-06 minimumTimeStepSeconds=5.00000000e-11 adaptive=true
Q30_STEP_PROFILE seed=3 fault=REN_OPEN profile=fault-profile-preparation boundary=BEGIN stepRole=FINER_2_5_US_REFERENCE declaredMaximumStepSeconds=2.50000000e-06 configuredMaximumStepSeconds=2.50000000e-06 actualCurrentStepSeconds=2.50000000e-06 observedMinimumStepSeconds=2.50000000e-06 observedMaximumStepSeconds=2.50000000e-06 minimumTimeStepSeconds=5.00000000e-11 adaptive=true
Q30_STEP_PROFILE seed=3 fault=REN_OPEN profile=fault-profile-preparation boundary=END stepRole=FINER_2_5_US_REFERENCE declaredMaximumStepSeconds=2.50000000e-06 configuredMaximumStepSeconds=2.50000000e-06 actualCurrentStepSeconds=2.50000000e-06 observedMinimumStepSeconds=2.50000000e-06 observedMaximumStepSeconds=2.50000000e-06 minimumTimeStepSeconds=5.00000000e-11 adaptive=true
Q30_STEP_PROFILE seed=3 fault=REN_OPEN profile=faulted-four-input-profile boundary=BEGIN stepRole=FINER_2_5_US_REFERENCE declaredMaximumStepSeconds=2.50000000e-06 configuredMaximumStepSeconds=2.50000000e-06 actualCurrentStepSeconds=2.50000000e-06 observedMinimumStepSeconds=2.50000000e-06 observedMaximumStepSeconds=2.50000000e-06 minimumTimeStepSeconds=5.00000000e-11 adaptive=true
Q30_STEP_PROFILE seed=3 fault=REN_OPEN profile=faulted-four-input-profile boundary=END stepRole=FINER_2_5_US_REFERENCE declaredMaximumStepSeconds=2.50000000e-06 configuredMaximumStepSeconds=2.50000000e-06 actualCurrentStepSeconds=2.50000000e-06 observedMinimumStepSeconds=2.50000000e-06 observedMaximumStepSeconds=2.50000000e-06 minimumTimeStepSeconds=5.00000000e-11 adaptive=true
Q30_STEP_PROFILE seed=3 fault=REN_OPEN profile=unrepaired-customer-retest boundary=BEGIN stepRole=FINER_2_5_US_REFERENCE declaredMaximumStepSeconds=2.50000000e-06 configuredMaximumStepSeconds=2.50000000e-06 actualCurrentStepSeconds=2.50000000e-06 observedMinimumStepSeconds=2.50000000e-06 observedMaximumStepSeconds=2.50000000e-06 minimumTimeStepSeconds=5.00000000e-11 adaptive=true
Q30_STEP_PROFILE seed=3 fault=REN_OPEN profile=unrepaired-customer-retest boundary=END stepRole=FINER_2_5_US_REFERENCE declaredMaximumStepSeconds=2.50000000e-06 configuredMaximumStepSeconds=2.50000000e-06 actualCurrentStepSeconds=2.50000000e-06 observedMinimumStepSeconds=2.50000000e-06 observedMaximumStepSeconds=2.50000000e-06 minimumTimeStepSeconds=5.00000000e-11 adaptive=true
Q30_STEP_PROFILE seed=3 fault=REN_OPEN profile=service-power-off-wait boundary=BEGIN stepRole=FINER_2_5_US_REFERENCE declaredMaximumStepSeconds=2.50000000e-06 configuredMaximumStepSeconds=2.50000000e-06 actualCurrentStepSeconds=2.50000000e-06 observedMinimumStepSeconds=2.50000000e-06 observedMaximumStepSeconds=2.50000000e-06 minimumTimeStepSeconds=5.00000000e-11 adaptive=true
Q30_STEP_PROFILE seed=3 fault=REN_OPEN profile=service-power-off-wait boundary=END stepRole=FINER_2_5_US_REFERENCE declaredMaximumStepSeconds=2.50000000e-06 configuredMaximumStepSeconds=2.50000000e-06 actualCurrentStepSeconds=2.50000000e-06 observedMinimumStepSeconds=2.50000000e-06 observedMaximumStepSeconds=2.50000000e-06 minimumTimeStepSeconds=5.00000000e-11 adaptive=true
Q30_STEP_PROFILE seed=3 fault=REN_OPEN profile=reinstalled-original-customer-retest boundary=BEGIN stepRole=FINER_2_5_US_REFERENCE declaredMaximumStepSeconds=2.50000000e-06 configuredMaximumStepSeconds=2.50000000e-06 actualCurrentStepSeconds=2.50000000e-06 observedMinimumStepSeconds=2.50000000e-06 observedMaximumStepSeconds=2.50000000e-06 minimumTimeStepSeconds=5.00000000e-11 adaptive=true
Q30_STEP_PROFILE seed=3 fault=REN_OPEN profile=reinstalled-original-customer-retest boundary=END stepRole=FINER_2_5_US_REFERENCE declaredMaximumStepSeconds=2.50000000e-06 configuredMaximumStepSeconds=2.50000000e-06 actualCurrentStepSeconds=2.50000000e-06 observedMinimumStepSeconds=2.50000000e-06 observedMaximumStepSeconds=2.50000000e-06 minimumTimeStepSeconds=5.00000000e-11 adaptive=true
Q30_STEP_PROFILE seed=3 fault=REN_OPEN profile=service-power-off-wait boundary=BEGIN stepRole=FINER_2_5_US_REFERENCE declaredMaximumStepSeconds=2.50000000e-06 configuredMaximumStepSeconds=2.50000000e-06 actualCurrentStepSeconds=2.50000000e-06 observedMinimumStepSeconds=2.50000000e-06 observedMaximumStepSeconds=2.50000000e-06 minimumTimeStepSeconds=5.00000000e-11 adaptive=true
Q30_STEP_PROFILE seed=3 fault=REN_OPEN profile=service-power-off-wait boundary=END stepRole=FINER_2_5_US_REFERENCE declaredMaximumStepSeconds=2.50000000e-06 configuredMaximumStepSeconds=2.50000000e-06 actualCurrentStepSeconds=2.50000000e-06 observedMinimumStepSeconds=2.50000000e-06 observedMaximumStepSeconds=2.50000000e-06 minimumTimeStepSeconds=5.00000000e-11 adaptive=true
Q30_STEP_PROFILE seed=3 fault=REN_OPEN profile=repaired-customer-retest boundary=BEGIN stepRole=FINER_2_5_US_REFERENCE declaredMaximumStepSeconds=2.50000000e-06 configuredMaximumStepSeconds=2.50000000e-06 actualCurrentStepSeconds=2.50000000e-06 observedMinimumStepSeconds=2.50000000e-06 observedMaximumStepSeconds=2.50000000e-06 minimumTimeStepSeconds=5.00000000e-11 adaptive=true
Q30_STEP_PROFILE seed=3 fault=REN_OPEN profile=repaired-customer-retest boundary=END stepRole=FINER_2_5_US_REFERENCE declaredMaximumStepSeconds=2.50000000e-06 configuredMaximumStepSeconds=2.50000000e-06 actualCurrentStepSeconds=2.50000000e-06 observedMinimumStepSeconds=2.50000000e-06 observedMaximumStepSeconds=2.50000000e-06 minimumTimeStepSeconds=5.00000000e-11 adaptive=true
Q30_STEP_OWNER_CLEANUP seed=3 fault=REN_OPEN declaredMaximumStepSeconds=2.50000000e-06 stepRole=FINER_2_5_US_REFERENCE cleanup=true elapsedMillis=0
Q30_STEP_PROFILE seed=3 fault=REN_OPEN profile=initial-electrical-settle boundary=BEGIN stepRole=PRODUCTION_5_US declaredMaximumStepSeconds=5.00000000e-06 configuredMaximumStepSeconds=5.00000000e-06 actualCurrentStepSeconds=5.00000000e-06 observedMinimumStepSeconds=5.00000000e-06 observedMaximumStepSeconds=5.00000000e-06 minimumTimeStepSeconds=5.00000000e-11 adaptive=true
Q30_STEP_PROFILE seed=3 fault=REN_OPEN profile=initial-electrical-settle boundary=END stepRole=PRODUCTION_5_US declaredMaximumStepSeconds=5.00000000e-06 configuredMaximumStepSeconds=5.00000000e-06 actualCurrentStepSeconds=5.00000000e-06 observedMinimumStepSeconds=5.00000000e-06 observedMaximumStepSeconds=5.00000000e-06 minimumTimeStepSeconds=5.00000000e-11 adaptive=true
Q30_STEP_PROFILE seed=3 fault=REN_OPEN profile=healthy-preparation boundary=BEGIN stepRole=PRODUCTION_5_US declaredMaximumStepSeconds=5.00000000e-06 configuredMaximumStepSeconds=5.00000000e-06 actualCurrentStepSeconds=5.00000000e-06 observedMinimumStepSeconds=5.00000000e-06 observedMaximumStepSeconds=5.00000000e-06 minimumTimeStepSeconds=5.00000000e-11 adaptive=true
Q30_STEP_PROFILE seed=3 fault=REN_OPEN profile=healthy-preparation boundary=END stepRole=PRODUCTION_5_US declaredMaximumStepSeconds=5.00000000e-06 configuredMaximumStepSeconds=5.00000000e-06 actualCurrentStepSeconds=5.00000000e-06 observedMinimumStepSeconds=5.00000000e-06 observedMaximumStepSeconds=5.00000000e-06 minimumTimeStepSeconds=5.00000000e-11 adaptive=true
Q30_STEP_PROFILE seed=3 fault=REN_OPEN profile=fault-profile-preparation boundary=BEGIN stepRole=PRODUCTION_5_US declaredMaximumStepSeconds=5.00000000e-06 configuredMaximumStepSeconds=5.00000000e-06 actualCurrentStepSeconds=5.00000000e-06 observedMinimumStepSeconds=5.00000000e-06 observedMaximumStepSeconds=5.00000000e-06 minimumTimeStepSeconds=5.00000000e-11 adaptive=true
Q30_STEP_PROFILE seed=3 fault=REN_OPEN profile=fault-profile-preparation boundary=END stepRole=PRODUCTION_5_US declaredMaximumStepSeconds=5.00000000e-06 configuredMaximumStepSeconds=5.00000000e-06 actualCurrentStepSeconds=5.00000000e-06 observedMinimumStepSeconds=5.00000000e-06 observedMaximumStepSeconds=5.00000000e-06 minimumTimeStepSeconds=5.00000000e-11 adaptive=true
Q30_STEP_PROFILE seed=3 fault=REN_OPEN profile=faulted-four-input-profile boundary=BEGIN stepRole=PRODUCTION_5_US declaredMaximumStepSeconds=5.00000000e-06 configuredMaximumStepSeconds=5.00000000e-06 actualCurrentStepSeconds=5.00000000e-06 observedMinimumStepSeconds=5.00000000e-06 observedMaximumStepSeconds=5.00000000e-06 minimumTimeStepSeconds=5.00000000e-11 adaptive=true
Q30_STEP_PROFILE seed=3 fault=REN_OPEN profile=faulted-four-input-profile boundary=END stepRole=PRODUCTION_5_US declaredMaximumStepSeconds=5.00000000e-06 configuredMaximumStepSeconds=5.00000000e-06 actualCurrentStepSeconds=5.00000000e-06 observedMinimumStepSeconds=5.00000000e-06 observedMaximumStepSeconds=5.00000000e-06 minimumTimeStepSeconds=5.00000000e-11 adaptive=true
Q30_STEP_PROFILE seed=3 fault=REN_OPEN profile=unrepaired-customer-retest boundary=BEGIN stepRole=PRODUCTION_5_US declaredMaximumStepSeconds=5.00000000e-06 configuredMaximumStepSeconds=5.00000000e-06 actualCurrentStepSeconds=5.00000000e-06 observedMinimumStepSeconds=5.00000000e-06 observedMaximumStepSeconds=5.00000000e-06 minimumTimeStepSeconds=5.00000000e-11 adaptive=true
Q30_STEP_PROFILE seed=3 fault=REN_OPEN profile=unrepaired-customer-retest boundary=END stepRole=PRODUCTION_5_US declaredMaximumStepSeconds=5.00000000e-06 configuredMaximumStepSeconds=5.00000000e-06 actualCurrentStepSeconds=5.00000000e-06 observedMinimumStepSeconds=5.00000000e-06 observedMaximumStepSeconds=5.00000000e-06 minimumTimeStepSeconds=5.00000000e-11 adaptive=true
Q30_STEP_PROFILE seed=3 fault=REN_OPEN profile=service-power-off-wait boundary=BEGIN stepRole=PRODUCTION_5_US declaredMaximumStepSeconds=5.00000000e-06 configuredMaximumStepSeconds=5.00000000e-06 actualCurrentStepSeconds=5.00000000e-06 observedMinimumStepSeconds=5.00000000e-06 observedMaximumStepSeconds=5.00000000e-06 minimumTimeStepSeconds=5.00000000e-11 adaptive=true
Q30_STEP_PROFILE seed=3 fault=REN_OPEN profile=service-power-off-wait boundary=END stepRole=PRODUCTION_5_US declaredMaximumStepSeconds=5.00000000e-06 configuredMaximumStepSeconds=5.00000000e-06 actualCurrentStepSeconds=5.00000000e-06 observedMinimumStepSeconds=5.00000000e-06 observedMaximumStepSeconds=5.00000000e-06 minimumTimeStepSeconds=5.00000000e-11 adaptive=true
Q30_STEP_PROFILE seed=3 fault=REN_OPEN profile=reinstalled-original-customer-retest boundary=BEGIN stepRole=PRODUCTION_5_US declaredMaximumStepSeconds=5.00000000e-06 configuredMaximumStepSeconds=5.00000000e-06 actualCurrentStepSeconds=5.00000000e-06 observedMinimumStepSeconds=5.00000000e-06 observedMaximumStepSeconds=5.00000000e-06 minimumTimeStepSeconds=5.00000000e-11 adaptive=true
Q30_STEP_PROFILE seed=3 fault=REN_OPEN profile=reinstalled-original-customer-retest boundary=END stepRole=PRODUCTION_5_US declaredMaximumStepSeconds=5.00000000e-06 configuredMaximumStepSeconds=5.00000000e-06 actualCurrentStepSeconds=5.00000000e-06 observedMinimumStepSeconds=5.00000000e-06 observedMaximumStepSeconds=5.00000000e-06 minimumTimeStepSeconds=5.00000000e-11 adaptive=true
Q30_STEP_PROFILE seed=3 fault=REN_OPEN profile=service-power-off-wait boundary=BEGIN stepRole=PRODUCTION_5_US declaredMaximumStepSeconds=5.00000000e-06 configuredMaximumStepSeconds=5.00000000e-06 actualCurrentStepSeconds=5.00000000e-06 observedMinimumStepSeconds=5.00000000e-06 observedMaximumStepSeconds=5.00000000e-06 minimumTimeStepSeconds=5.00000000e-11 adaptive=true
Q30_STEP_PROFILE seed=3 fault=REN_OPEN profile=service-power-off-wait boundary=END stepRole=PRODUCTION_5_US declaredMaximumStepSeconds=5.00000000e-06 configuredMaximumStepSeconds=5.00000000e-06 actualCurrentStepSeconds=5.00000000e-06 observedMinimumStepSeconds=5.00000000e-06 observedMaximumStepSeconds=5.00000000e-06 minimumTimeStepSeconds=5.00000000e-11 adaptive=true
Q30_STEP_PROFILE seed=3 fault=REN_OPEN profile=repaired-customer-retest boundary=BEGIN stepRole=PRODUCTION_5_US declaredMaximumStepSeconds=5.00000000e-06 configuredMaximumStepSeconds=5.00000000e-06 actualCurrentStepSeconds=5.00000000e-06 observedMinimumStepSeconds=5.00000000e-06 observedMaximumStepSeconds=5.00000000e-06 minimumTimeStepSeconds=5.00000000e-11 adaptive=true
Q30_STEP_PROFILE seed=3 fault=REN_OPEN profile=repaired-customer-retest boundary=END stepRole=PRODUCTION_5_US declaredMaximumStepSeconds=5.00000000e-06 configuredMaximumStepSeconds=5.00000000e-06 actualCurrentStepSeconds=5.00000000e-06 observedMinimumStepSeconds=5.00000000e-06 observedMaximumStepSeconds=5.00000000e-06 minimumTimeStepSeconds=5.00000000e-11 adaptive=true
Q30_STEP_OWNER_CLEANUP seed=3 fault=REN_OPEN declaredMaximumStepSeconds=5.00000000e-06 stepRole=PRODUCTION_5_US cleanup=true elapsedMillis=0
Q30_STEP_PAIR seed=3 support=FILTERED_37 fault=REN_OPEN referenceMaximumStepSeconds=2.50000000e-06 productionCandidateMaximumStepSeconds=5.00000000e-06 candidateKind=PRODUCTION_5_US maxDeltaVolts=1.61318044e-05 toleranceVolts=0.0108732476 phase=faulted sample=SENSORS_LOW/U1.OUTPUT-J1.2 referenceElapsedMillis=16491 productionCandidateElapsedMillis=8325 referenceSimSeconds=1.16019250 productionCandidateSimSeconds=1.16036000 referenceCleanupMillis=0 productionCandidateCleanupMillis=0 cleanup=true
Q30_STEP_SEED seed=3 support=FILTERED_37 referenceMaximumStepSeconds=2.50000000e-06 productionCandidateMaximumStepSeconds=5.00000000e-06 candidateKind=PRODUCTION_5_US routeTopology=RB30_SHARED_HYSTERETIC_A_NMOS_B_BJT_FILTERED_37 routeAndPairsElapsedMillis=30477
Q30_STEP_OWNER_CLEANUP seed=3 fault=DREV_OPEN declaredMaximumStepSeconds=2.50000000e-06 stepRole=FINER_2_5_US_REFERENCE cleanup=true elapsedMillis=0
Q30_STEP_SEED_CLEANUP seed=3 cleanup=true elapsedMillis=0
PASS: Q30 production solver step sensitivity assertions=1762 seed=3 support=FILTERED_37 faults=1 referenceMaximumStepSeconds=2.50000000e-06 productionCandidateMaximumStepSeconds=5.00000000e-06 candidateKind=PRODUCTION_5_US elapsedMillis=30477

node 11 unconnected
converged after 25 iterations, timeStep = 2.5E-6
converged after 9 iterations, timeStep = 2.5E-6
node 11 unconnected
node 11 unconnected
converged after 14 iterations, timeStep = 2.5E-6
node 11 unconnected
converged after 10 iterations, timeStep = 2.5E-6
converged after 15 iterations, timeStep = 2.5E-6
node 11 unconnected
converged after 14 iterations, timeStep = 2.5E-6
node 11 unconnected
converged after 15 iterations, timeStep = 2.5E-6
node 11 unconnected
node 20 unconnected
converged after 12 iterations, timeStep = 2.5E-6
converged after 20 iterations, timeStep = 2.5E-6
converged after 12 iterations, timeStep = 2.5E-6
node 11 unconnected
node 20 unconnected
node 11 unconnected
node 20 unconnected
node 11 unconnected
node 20 unconnected
node 11 unconnected
node 20 unconnected
node 11 unconnected
node 20 unconnected
node 11 unconnected
node 20 unconnected
node 11 unconnected
node 20 unconnected
node 11 unconnected
node 20 unconnected
node 11 unconnected
node 20 unconnected
node 11 unconnected
node 20 unconnected
node 11 unconnected
node 20 unconnected
node 11 unconnected
node 20 unconnected
node 11 unconnected
node 20 unconnected
node 11 unconnected
node 20 unconnected
node 11 unconnected
node 20 unconnected
node 21 unconnected
node 23 unconnected
node 11 unconnected
node 20 unconnected
node 11 unconnected
node 20 unconnected
converged after 6 iterations, timeStep = 2.5E-6
node 11 unconnected
node 20 unconnected
node 11 unconnected
node 20 unconnected
node 11 unconnected
node 20 unconnected
node 11 unconnected
node 20 unconnected
node 11 unconnected
node 20 unconnected
node 11 unconnected
node 20 unconnected
node 11 unconnected
node 20 unconnected
node 11 unconnected
node 20 unconnected
node 11 unconnected
node 20 unconnected
node 11 unconnected
node 20 unconnected
node 11 unconnected
node 20 unconnected
node 21 unconnected
node 23 unconnected
node 11 unconnected
node 21 unconnected
node 23 unconnected
converged after 13 iterations, timeStep = 2.5E-6
node 11 unconnected
node 21 unconnected
node 23 unconnected
converged after 7 iterations, timeStep = 2.5E-6
node 11 unconnected
node 21 unconnected
node 23 unconnected
node 11 unconnected
node 21 unconnected
node 23 unconnected
converged after 14 iterations, timeStep = 2.5E-6
node 11 unconnected
node 21 unconnected
node 23 unconnected
converged after 10 iterations, timeStep = 2.5E-6
converged after 15 iterations, timeStep = 2.5E-6
node 11 unconnected
node 21 unconnected
node 23 unconnected
converged after 14 iterations, timeStep = 2.5E-6
node 11 unconnected
converged after 25 iterations, timeStep = 5.0E-6
converged after 6 iterations, timeStep = 5.0E-6
node 11 unconnected
node 11 unconnected
converged after 14 iterations, timeStep = 5.0E-6
node 11 unconnected
converged after 22 iterations, timeStep = 5.0E-6
node 11 unconnected
converged after 14 iterations, timeStep = 5.0E-6
node 11 unconnected
converged after 15 iterations, timeStep = 5.0E-6
node 11 unconnected
node 20 unconnected
converged after 12 iterations, timeStep = 5.0E-6
converged after 20 iterations, timeStep = 5.0E-6
converged after 12 iterations, timeStep = 5.0E-6
node 11 unconnected
node 20 unconnected
node 11 unconnected
node 20 unconnected
node 11 unconnected
node 20 unconnected
node 11 unconnected
node 20 unconnected
node 11 unconnected
node 20 unconnected
node 11 unconnected
node 20 unconnected
node 11 unconnected
node 20 unconnected
node 11 unconnected
node 20 unconnected
node 11 unconnected
node 20 unconnected
node 11 unconnected
node 20 unconnected
node 11 unconnected
node 20 unconnected
node 11 unconnected
node 20 unconnected
node 11 unconnected
node 20 unconnected
node 11 unconnected
node 20 unconnected
node 11 unconnected
node 20 unconnected
node 21 unconnected
node 23 unconnected
node 11 unconnected
node 20 unconnected
node 11 unconnected
node 20 unconnected
converged after 6 iterations, timeStep = 5.0E-6
node 11 unconnected
node 20 unconnected
node 11 unconnected
node 20 unconnected
node 11 unconnected
node 20 unconnected
node 11 unconnected
node 20 unconnected
node 11 unconnected
node 20 unconnected
node 11 unconnected
node 20 unconnected
node 11 unconnected
node 20 unconnected
node 11 unconnected
node 20 unconnected
node 11 unconnected
node 20 unconnected
node 11 unconnected
node 20 unconnected
node 11 unconnected
node 20 unconnected
node 21 unconnected
node 23 unconnected
node 11 unconnected
node 21 unconnected
node 23 unconnected
converged after 13 iterations, timeStep = 5.0E-6
node 11 unconnected
node 21 unconnected
node 23 unconnected
converged after 7 iterations, timeStep = 5.0E-6
node 11 unconnected
node 21 unconnected
node 23 unconnected
node 11 unconnected
node 21 unconnected
node 23 unconnected
converged after 14 iterations, timeStep = 5.0E-6
node 11 unconnected
node 21 unconnected
node 23 unconnected
converged after 22 iterations, timeStep = 5.0E-6
node 11 unconnected
node 21 unconnected
node 23 unconnected
converged after 14 iterations, timeStep = 5.0E-6

Q30_STEP_PROFILE seed=3 fault=SENSOR_A_OPEN profile=initial-electrical-settle boundary=BEGIN stepRole=FINER_2_5_US_REFERENCE declaredMaximumStepSeconds=2.50000000e-06 configuredMaximumStepSeconds=2.50000000e-06 actualCurrentStepSeconds=2.50000000e-06 observedMinimumStepSeconds=2.50000000e-06 observedMaximumStepSeconds=2.50000000e-06 minimumTimeStepSeconds=5.00000000e-11 adaptive=true
Q30_STEP_PROFILE seed=3 fault=SENSOR_A_OPEN profile=initial-electrical-settle boundary=END stepRole=FINER_2_5_US_REFERENCE declaredMaximumStepSeconds=2.50000000e-06 configuredMaximumStepSeconds=2.50000000e-06 actualCurrentStepSeconds=2.50000000e-06 observedMinimumStepSeconds=2.50000000e-06 observedMaximumStepSeconds=2.50000000e-06 minimumTimeStepSeconds=5.00000000e-11 adaptive=true
Q30_STEP_PROFILE seed=3 fault=SENSOR_A_OPEN profile=healthy-preparation boundary=BEGIN stepRole=FINER_2_5_US_REFERENCE declaredMaximumStepSeconds=2.50000000e-06 configuredMaximumStepSeconds=2.50000000e-06 actualCurrentStepSeconds=2.50000000e-06 observedMinimumStepSeconds=2.50000000e-06 observedMaximumStepSeconds=2.50000000e-06 minimumTimeStepSeconds=5.00000000e-11 adaptive=true
Q30_STEP_PROFILE seed=3 fault=SENSOR_A_OPEN profile=healthy-preparation boundary=END stepRole=FINER_2_5_US_REFERENCE declaredMaximumStepSeconds=2.50000000e-06 configuredMaximumStepSeconds=2.50000000e-06 actualCurrentStepSeconds=2.50000000e-06 observedMinimumStepSeconds=2.50000000e-06 observedMaximumStepSeconds=2.50000000e-06 minimumTimeStepSeconds=5.00000000e-11 adaptive=true
Q30_STEP_PROFILE seed=3 fault=SENSOR_A_OPEN profile=fault-profile-preparation boundary=BEGIN stepRole=FINER_2_5_US_REFERENCE declaredMaximumStepSeconds=2.50000000e-06 configuredMaximumStepSeconds=2.50000000e-06 actualCurrentStepSeconds=2.50000000e-06 observedMinimumStepSeconds=2.50000000e-06 observedMaximumStepSeconds=2.50000000e-06 minimumTimeStepSeconds=5.00000000e-11 adaptive=true
Q30_STEP_PROFILE seed=3 fault=SENSOR_A_OPEN profile=fault-profile-preparation boundary=END stepRole=FINER_2_5_US_REFERENCE declaredMaximumStepSeconds=2.50000000e-06 configuredMaximumStepSeconds=2.50000000e-06 actualCurrentStepSeconds=2.50000000e-06 observedMinimumStepSeconds=2.50000000e-06 observedMaximumStepSeconds=2.50000000e-06 minimumTimeStepSeconds=5.00000000e-11 adaptive=true
Q30_STEP_PROFILE seed=3 fault=SENSOR_A_OPEN profile=faulted-four-input-profile boundary=BEGIN stepRole=FINER_2_5_US_REFERENCE declaredMaximumStepSeconds=2.50000000e-06 configuredMaximumStepSeconds=2.50000000e-06 actualCurrentStepSeconds=2.50000000e-06 observedMinimumStepSeconds=2.50000000e-06 observedMaximumStepSeconds=2.50000000e-06 minimumTimeStepSeconds=5.00000000e-11 adaptive=true
Q30_STEP_PROFILE seed=3 fault=SENSOR_A_OPEN profile=faulted-four-input-profile boundary=END stepRole=FINER_2_5_US_REFERENCE declaredMaximumStepSeconds=2.50000000e-06 configuredMaximumStepSeconds=2.50000000e-06 actualCurrentStepSeconds=2.50000000e-06 observedMinimumStepSeconds=2.50000000e-06 observedMaximumStepSeconds=2.50000000e-06 minimumTimeStepSeconds=5.00000000e-11 adaptive=true
Q30_STEP_PROFILE seed=3 fault=SENSOR_A_OPEN profile=unrepaired-customer-retest boundary=BEGIN stepRole=FINER_2_5_US_REFERENCE declaredMaximumStepSeconds=2.50000000e-06 configuredMaximumStepSeconds=2.50000000e-06 actualCurrentStepSeconds=2.50000000e-06 observedMinimumStepSeconds=2.50000000e-06 observedMaximumStepSeconds=2.50000000e-06 minimumTimeStepSeconds=5.00000000e-11 adaptive=true
Q30_STEP_PROFILE seed=3 fault=SENSOR_A_OPEN profile=unrepaired-customer-retest boundary=END stepRole=FINER_2_5_US_REFERENCE declaredMaximumStepSeconds=2.50000000e-06 configuredMaximumStepSeconds=2.50000000e-06 actualCurrentStepSeconds=2.50000000e-06 observedMinimumStepSeconds=2.50000000e-06 observedMaximumStepSeconds=2.50000000e-06 minimumTimeStepSeconds=5.00000000e-11 adaptive=true
Q30_STEP_PROFILE seed=3 fault=SENSOR_A_OPEN profile=service-power-off-wait boundary=BEGIN stepRole=FINER_2_5_US_REFERENCE declaredMaximumStepSeconds=2.50000000e-06 configuredMaximumStepSeconds=2.50000000e-06 actualCurrentStepSeconds=2.50000000e-06 observedMinimumStepSeconds=2.50000000e-06 observedMaximumStepSeconds=2.50000000e-06 minimumTimeStepSeconds=5.00000000e-11 adaptive=true
Q30_STEP_PROFILE seed=3 fault=SENSOR_A_OPEN profile=service-power-off-wait boundary=END stepRole=FINER_2_5_US_REFERENCE declaredMaximumStepSeconds=2.50000000e-06 configuredMaximumStepSeconds=2.50000000e-06 actualCurrentStepSeconds=2.50000000e-06 observedMinimumStepSeconds=2.50000000e-06 observedMaximumStepSeconds=2.50000000e-06 minimumTimeStepSeconds=5.00000000e-11 adaptive=true
Q30_STEP_PROFILE seed=3 fault=SENSOR_A_OPEN profile=reinstalled-original-customer-retest boundary=BEGIN stepRole=FINER_2_5_US_REFERENCE declaredMaximumStepSeconds=2.50000000e-06 configuredMaximumStepSeconds=2.50000000e-06 actualCurrentStepSeconds=2.50000000e-06 observedMinimumStepSeconds=2.50000000e-06 observedMaximumStepSeconds=2.50000000e-06 minimumTimeStepSeconds=5.00000000e-11 adaptive=true
Q30_STEP_PROFILE seed=3 fault=SENSOR_A_OPEN profile=reinstalled-original-customer-retest boundary=END stepRole=FINER_2_5_US_REFERENCE declaredMaximumStepSeconds=2.50000000e-06 configuredMaximumStepSeconds=2.50000000e-06 actualCurrentStepSeconds=2.50000000e-06 observedMinimumStepSeconds=2.50000000e-06 observedMaximumStepSeconds=2.50000000e-06 minimumTimeStepSeconds=5.00000000e-11 adaptive=true
Q30_STEP_PROFILE seed=3 fault=SENSOR_A_OPEN profile=service-power-off-wait boundary=BEGIN stepRole=FINER_2_5_US_REFERENCE declaredMaximumStepSeconds=2.50000000e-06 configuredMaximumStepSeconds=2.50000000e-06 actualCurrentStepSeconds=2.50000000e-06 observedMinimumStepSeconds=2.50000000e-06 observedMaximumStepSeconds=2.50000000e-06 minimumTimeStepSeconds=5.00000000e-11 adaptive=true
Q30_STEP_PROFILE seed=3 fault=SENSOR_A_OPEN profile=service-power-off-wait boundary=END stepRole=FINER_2_5_US_REFERENCE declaredMaximumStepSeconds=2.50000000e-06 configuredMaximumStepSeconds=2.50000000e-06 actualCurrentStepSeconds=2.50000000e-06 observedMinimumStepSeconds=2.50000000e-06 observedMaximumStepSeconds=2.50000000e-06 minimumTimeStepSeconds=5.00000000e-11 adaptive=true
Q30_STEP_PROFILE seed=3 fault=SENSOR_A_OPEN profile=repaired-customer-retest boundary=BEGIN stepRole=FINER_2_5_US_REFERENCE declaredMaximumStepSeconds=2.50000000e-06 configuredMaximumStepSeconds=2.50000000e-06 actualCurrentStepSeconds=2.50000000e-06 observedMinimumStepSeconds=2.50000000e-06 observedMaximumStepSeconds=2.50000000e-06 minimumTimeStepSeconds=5.00000000e-11 adaptive=true
Q30_STEP_PROFILE seed=3 fault=SENSOR_A_OPEN profile=repaired-customer-retest boundary=END stepRole=FINER_2_5_US_REFERENCE declaredMaximumStepSeconds=2.50000000e-06 configuredMaximumStepSeconds=2.50000000e-06 actualCurrentStepSeconds=2.50000000e-06 observedMinimumStepSeconds=2.50000000e-06 observedMaximumStepSeconds=2.50000000e-06 minimumTimeStepSeconds=5.00000000e-11 adaptive=true
Q30_STEP_OWNER_CLEANUP seed=3 fault=SENSOR_A_OPEN declaredMaximumStepSeconds=2.50000000e-06 stepRole=FINER_2_5_US_REFERENCE cleanup=true elapsedMillis=0
Q30_STEP_PROFILE seed=3 fault=SENSOR_A_OPEN profile=initial-electrical-settle boundary=BEGIN stepRole=PRODUCTION_5_US declaredMaximumStepSeconds=5.00000000e-06 configuredMaximumStepSeconds=5.00000000e-06 actualCurrentStepSeconds=5.00000000e-06 observedMinimumStepSeconds=5.00000000e-06 observedMaximumStepSeconds=5.00000000e-06 minimumTimeStepSeconds=5.00000000e-11 adaptive=true
Q30_STEP_PROFILE seed=3 fault=SENSOR_A_OPEN profile=initial-electrical-settle boundary=END stepRole=PRODUCTION_5_US declaredMaximumStepSeconds=5.00000000e-06 configuredMaximumStepSeconds=5.00000000e-06 actualCurrentStepSeconds=5.00000000e-06 observedMinimumStepSeconds=5.00000000e-06 observedMaximumStepSeconds=5.00000000e-06 minimumTimeStepSeconds=5.00000000e-11 adaptive=true
Q30_STEP_PROFILE seed=3 fault=SENSOR_A_OPEN profile=healthy-preparation boundary=BEGIN stepRole=PRODUCTION_5_US declaredMaximumStepSeconds=5.00000000e-06 configuredMaximumStepSeconds=5.00000000e-06 actualCurrentStepSeconds=5.00000000e-06 observedMinimumStepSeconds=5.00000000e-06 observedMaximumStepSeconds=5.00000000e-06 minimumTimeStepSeconds=5.00000000e-11 adaptive=true
Q30_STEP_PROFILE seed=3 fault=SENSOR_A_OPEN profile=healthy-preparation boundary=END stepRole=PRODUCTION_5_US declaredMaximumStepSeconds=5.00000000e-06 configuredMaximumStepSeconds=5.00000000e-06 actualCurrentStepSeconds=5.00000000e-06 observedMinimumStepSeconds=5.00000000e-06 observedMaximumStepSeconds=5.00000000e-06 minimumTimeStepSeconds=5.00000000e-11 adaptive=true
Q30_STEP_PROFILE seed=3 fault=SENSOR_A_OPEN profile=fault-profile-preparation boundary=BEGIN stepRole=PRODUCTION_5_US declaredMaximumStepSeconds=5.00000000e-06 configuredMaximumStepSeconds=5.00000000e-06 actualCurrentStepSeconds=5.00000000e-06 observedMinimumStepSeconds=5.00000000e-06 observedMaximumStepSeconds=5.00000000e-06 minimumTimeStepSeconds=5.00000000e-11 adaptive=true
Q30_STEP_PROFILE seed=3 fault=SENSOR_A_OPEN profile=fault-profile-preparation boundary=END stepRole=PRODUCTION_5_US declaredMaximumStepSeconds=5.00000000e-06 configuredMaximumStepSeconds=5.00000000e-06 actualCurrentStepSeconds=5.00000000e-06 observedMinimumStepSeconds=5.00000000e-06 observedMaximumStepSeconds=5.00000000e-06 minimumTimeStepSeconds=5.00000000e-11 adaptive=true
Q30_STEP_PROFILE seed=3 fault=SENSOR_A_OPEN profile=faulted-four-input-profile boundary=BEGIN stepRole=PRODUCTION_5_US declaredMaximumStepSeconds=5.00000000e-06 configuredMaximumStepSeconds=5.00000000e-06 actualCurrentStepSeconds=5.00000000e-06 observedMinimumStepSeconds=5.00000000e-06 observedMaximumStepSeconds=5.00000000e-06 minimumTimeStepSeconds=5.00000000e-11 adaptive=true
Q30_STEP_PROFILE seed=3 fault=SENSOR_A_OPEN profile=faulted-four-input-profile boundary=END stepRole=PRODUCTION_5_US declaredMaximumStepSeconds=5.00000000e-06 configuredMaximumStepSeconds=5.00000000e-06 actualCurrentStepSeconds=5.00000000e-06 observedMinimumStepSeconds=5.00000000e-06 observedMaximumStepSeconds=5.00000000e-06 minimumTimeStepSeconds=5.00000000e-11 adaptive=true
Q30_STEP_PROFILE seed=3 fault=SENSOR_A_OPEN profile=unrepaired-customer-retest boundary=BEGIN stepRole=PRODUCTION_5_US declaredMaximumStepSeconds=5.00000000e-06 configuredMaximumStepSeconds=5.00000000e-06 actualCurrentStepSeconds=5.00000000e-06 observedMinimumStepSeconds=5.00000000e-06 observedMaximumStepSeconds=5.00000000e-06 minimumTimeStepSeconds=5.00000000e-11 adaptive=true
Q30_STEP_PROFILE seed=3 fault=SENSOR_A_OPEN profile=unrepaired-customer-retest boundary=END stepRole=PRODUCTION_5_US declaredMaximumStepSeconds=5.00000000e-06 configuredMaximumStepSeconds=5.00000000e-06 actualCurrentStepSeconds=5.00000000e-06 observedMinimumStepSeconds=5.00000000e-06 observedMaximumStepSeconds=5.00000000e-06 minimumTimeStepSeconds=5.00000000e-11 adaptive=true
Q30_STEP_PROFILE seed=3 fault=SENSOR_A_OPEN profile=service-power-off-wait boundary=BEGIN stepRole=PRODUCTION_5_US declaredMaximumStepSeconds=5.00000000e-06 configuredMaximumStepSeconds=5.00000000e-06 actualCurrentStepSeconds=5.00000000e-06 observedMinimumStepSeconds=5.00000000e-06 observedMaximumStepSeconds=5.00000000e-06 minimumTimeStepSeconds=5.00000000e-11 adaptive=true
Q30_STEP_PROFILE seed=3 fault=SENSOR_A_OPEN profile=service-power-off-wait boundary=END stepRole=PRODUCTION_5_US declaredMaximumStepSeconds=5.00000000e-06 configuredMaximumStepSeconds=5.00000000e-06 actualCurrentStepSeconds=5.00000000e-06 observedMinimumStepSeconds=5.00000000e-06 observedMaximumStepSeconds=5.00000000e-06 minimumTimeStepSeconds=5.00000000e-11 adaptive=true
Q30_STEP_PROFILE seed=3 fault=SENSOR_A_OPEN profile=reinstalled-original-customer-retest boundary=BEGIN stepRole=PRODUCTION_5_US declaredMaximumStepSeconds=5.00000000e-06 configuredMaximumStepSeconds=5.00000000e-06 actualCurrentStepSeconds=5.00000000e-06 observedMinimumStepSeconds=5.00000000e-06 observedMaximumStepSeconds=5.00000000e-06 minimumTimeStepSeconds=5.00000000e-11 adaptive=true
Q30_STEP_PROFILE seed=3 fault=SENSOR_A_OPEN profile=reinstalled-original-customer-retest boundary=END stepRole=PRODUCTION_5_US declaredMaximumStepSeconds=5.00000000e-06 configuredMaximumStepSeconds=5.00000000e-06 actualCurrentStepSeconds=5.00000000e-06 observedMinimumStepSeconds=5.00000000e-06 observedMaximumStepSeconds=5.00000000e-06 minimumTimeStepSeconds=5.00000000e-11 adaptive=true
Q30_STEP_PROFILE seed=3 fault=SENSOR_A_OPEN profile=service-power-off-wait boundary=BEGIN stepRole=PRODUCTION_5_US declaredMaximumStepSeconds=5.00000000e-06 configuredMaximumStepSeconds=5.00000000e-06 actualCurrentStepSeconds=5.00000000e-06 observedMinimumStepSeconds=5.00000000e-06 observedMaximumStepSeconds=5.00000000e-06 minimumTimeStepSeconds=5.00000000e-11 adaptive=true
Q30_STEP_PROFILE seed=3 fault=SENSOR_A_OPEN profile=service-power-off-wait boundary=END stepRole=PRODUCTION_5_US declaredMaximumStepSeconds=5.00000000e-06 configuredMaximumStepSeconds=5.00000000e-06 actualCurrentStepSeconds=5.00000000e-06 observedMinimumStepSeconds=5.00000000e-06 observedMaximumStepSeconds=5.00000000e-06 minimumTimeStepSeconds=5.00000000e-11 adaptive=true
Q30_STEP_PROFILE seed=3 fault=SENSOR_A_OPEN profile=repaired-customer-retest boundary=BEGIN stepRole=PRODUCTION_5_US declaredMaximumStepSeconds=5.00000000e-06 configuredMaximumStepSeconds=5.00000000e-06 actualCurrentStepSeconds=5.00000000e-06 observedMinimumStepSeconds=5.00000000e-06 observedMaximumStepSeconds=5.00000000e-06 minimumTimeStepSeconds=5.00000000e-11 adaptive=true
Q30_STEP_PROFILE seed=3 fault=SENSOR_A_OPEN profile=repaired-customer-retest boundary=END stepRole=PRODUCTION_5_US declaredMaximumStepSeconds=5.00000000e-06 configuredMaximumStepSeconds=5.00000000e-06 actualCurrentStepSeconds=5.00000000e-06 observedMinimumStepSeconds=5.00000000e-06 observedMaximumStepSeconds=5.00000000e-06 minimumTimeStepSeconds=5.00000000e-11 adaptive=true
Q30_STEP_OWNER_CLEANUP seed=3 fault=SENSOR_A_OPEN declaredMaximumStepSeconds=5.00000000e-06 stepRole=PRODUCTION_5_US cleanup=true elapsedMillis=0
Q30_STEP_PAIR seed=3 support=FILTERED_37 fault=SENSOR_A_OPEN referenceMaximumStepSeconds=2.50000000e-06 productionCandidateMaximumStepSeconds=5.00000000e-06 candidateKind=PRODUCTION_5_US maxDeltaVolts=5.44755352e-11 toleranceVolts=0.120625926 phase=customer-retest sample=SENSORS_A_ONLY/REN.2-J1.2 referenceElapsedMillis=18597 productionCandidateElapsedMillis=9479 referenceSimSeconds=1.16019250 productionCandidateSimSeconds=1.16036000 referenceCleanupMillis=0 productionCandidateCleanupMillis=0 cleanup=true
Q30_STEP_SEED seed=3 support=FILTERED_37 referenceMaximumStepSeconds=2.50000000e-06 productionCandidateMaximumStepSeconds=5.00000000e-06 candidateKind=PRODUCTION_5_US routeTopology=RB30_SHARED_HYSTERETIC_A_NMOS_B_BJT_FILTERED_37 routeAndPairsElapsedMillis=33923
Q30_STEP_OWNER_CLEANUP seed=3 fault=DREV_OPEN declaredMaximumStepSeconds=2.50000000e-06 stepRole=FINER_2_5_US_REFERENCE cleanup=true elapsedMillis=0
Q30_STEP_SEED_CLEANUP seed=3 cleanup=true elapsedMillis=0
PASS: Q30 production solver step sensitivity assertions=1762 seed=3 support=FILTERED_37 faults=1 referenceMaximumStepSeconds=2.50000000e-06 productionCandidateMaximumStepSeconds=5.00000000e-06 candidateKind=PRODUCTION_5_US elapsedMillis=33924

node 11 unconnected
converged after 25 iterations, timeStep = 2.5E-6
converged after 9 iterations, timeStep = 2.5E-6
node 11 unconnected
node 11 unconnected
converged after 14 iterations, timeStep = 2.5E-6
node 11 unconnected
converged after 10 iterations, timeStep = 2.5E-6
converged after 15 iterations, timeStep = 2.5E-6
node 11 unconnected
converged after 14 iterations, timeStep = 2.5E-6
node 11 unconnected
converged after 15 iterations, timeStep = 2.5E-6
node 11 unconnected
converged after 10 iterations, timeStep = 2.5E-6
node 11 unconnected
converged after 10 iterations, timeStep = 2.5E-6
node 11 unconnected
node 11 unconnected
converged after 10 iterations, timeStep = 2.5E-6
node 11 unconnected
node 11 unconnected
converged after 10 iterations, timeStep = 2.5E-6
node 11 unconnected
node 11 unconnected
converged after 10 iterations, timeStep = 2.5E-6
node 11 unconnected
node 11 unconnected
node 11 unconnected
converged after 10 iterations, timeStep = 2.5E-6
node 11 unconnected
node 11 unconnected
node 11 unconnected
node 11 unconnected
node 11 unconnected
node 28 unconnected
node 30 unconnected
node 11 unconnected
node 11 unconnected
converged after 23 iterations, timeStep = 2.5E-6
converged after 8 iterations, timeStep = 2.5E-6
node 11 unconnected
node 11 unconnected
node 11 unconnected
converged after 10 iterations, timeStep = 2.5E-6
node 11 unconnected
node 11 unconnected
node 11 unconnected
converged after 10 iterations, timeStep = 2.5E-6
node 11 unconnected
node 11 unconnected
node 11 unconnected
node 11 unconnected
node 11 unconnected
node 28 unconnected
node 30 unconnected
node 11 unconnected
node 28 unconnected
node 30 unconnected
node 11 unconnected
node 28 unconnected
node 30 unconnected
converged after 23 iterations, timeStep = 2.5E-6
converged after 8 iterations, timeStep = 2.5E-6
node 11 unconnected
node 28 unconnected
node 30 unconnected
node 11 unconnected
node 28 unconnected
node 30 unconnected
converged after 14 iterations, timeStep = 2.5E-6
node 11 unconnected
node 28 unconnected
node 30 unconnected
converged after 10 iterations, timeStep = 2.5E-6
converged after 15 iterations, timeStep = 2.5E-6
node 11 unconnected
node 28 unconnected
node 30 unconnected
converged after 14 iterations, timeStep = 2.5E-6
node 11 unconnected
converged after 25 iterations, timeStep = 5.0E-6
converged after 6 iterations, timeStep = 5.0E-6
node 11 unconnected
node 11 unconnected
converged after 14 iterations, timeStep = 5.0E-6
node 11 unconnected
converged after 22 iterations, timeStep = 5.0E-6
node 11 unconnected
converged after 14 iterations, timeStep = 5.0E-6
node 11 unconnected
converged after 15 iterations, timeStep = 5.0E-6
node 11 unconnected
converged after 16 iterations, timeStep = 5.0E-6
node 11 unconnected
converged after 9 iterations, timeStep = 5.0E-6
node 11 unconnected
node 11 unconnected
converged after 16 iterations, timeStep = 5.0E-6
node 11 unconnected
node 11 unconnected
converged after 9 iterations, timeStep = 5.0E-6
node 11 unconnected
node 11 unconnected
converged after 16 iterations, timeStep = 5.0E-6
node 11 unconnected
node 11 unconnected
node 11 unconnected
converged after 9 iterations, timeStep = 5.0E-6
node 11 unconnected
node 11 unconnected
node 11 unconnected
node 11 unconnected
node 11 unconnected
node 28 unconnected
node 30 unconnected
node 11 unconnected
node 11 unconnected
converged after 23 iterations, timeStep = 5.0E-6
node 11 unconnected
node 11 unconnected
node 11 unconnected
converged after 16 iterations, timeStep = 5.0E-6
node 11 unconnected
node 11 unconnected
node 11 unconnected
converged after 9 iterations, timeStep = 5.0E-6
node 11 unconnected
node 11 unconnected
node 11 unconnected
node 11 unconnected
node 11 unconnected
node 28 unconnected
node 30 unconnected
node 11 unconnected
node 28 unconnected
node 30 unconnected
node 11 unconnected
node 28 unconnected
node 30 unconnected
converged after 23 iterations, timeStep = 5.0E-6
node 11 unconnected
node 28 unconnected
node 30 unconnected
node 11 unconnected
node 28 unconnected
node 30 unconnected
converged after 14 iterations, timeStep = 5.0E-6
node 11 unconnected
node 28 unconnected
node 30 unconnected
converged after 22 iterations, timeStep = 5.0E-6
node 11 unconnected
node 28 unconnected
node 30 unconnected
converged after 14 iterations, timeStep = 5.0E-6

Q30_STEP_PROFILE seed=3 fault=DRIVE_A_OPEN profile=initial-electrical-settle boundary=BEGIN stepRole=FINER_2_5_US_REFERENCE declaredMaximumStepSeconds=2.50000000e-06 configuredMaximumStepSeconds=2.50000000e-06 actualCurrentStepSeconds=2.50000000e-06 observedMinimumStepSeconds=2.50000000e-06 observedMaximumStepSeconds=2.50000000e-06 minimumTimeStepSeconds=5.00000000e-11 adaptive=true
Q30_STEP_PROFILE seed=3 fault=DRIVE_A_OPEN profile=initial-electrical-settle boundary=END stepRole=FINER_2_5_US_REFERENCE declaredMaximumStepSeconds=2.50000000e-06 configuredMaximumStepSeconds=2.50000000e-06 actualCurrentStepSeconds=2.50000000e-06 observedMinimumStepSeconds=2.50000000e-06 observedMaximumStepSeconds=2.50000000e-06 minimumTimeStepSeconds=5.00000000e-11 adaptive=true
Q30_STEP_PROFILE seed=3 fault=DRIVE_A_OPEN profile=healthy-preparation boundary=BEGIN stepRole=FINER_2_5_US_REFERENCE declaredMaximumStepSeconds=2.50000000e-06 configuredMaximumStepSeconds=2.50000000e-06 actualCurrentStepSeconds=2.50000000e-06 observedMinimumStepSeconds=2.50000000e-06 observedMaximumStepSeconds=2.50000000e-06 minimumTimeStepSeconds=5.00000000e-11 adaptive=true
Q30_STEP_PROFILE seed=3 fault=DRIVE_A_OPEN profile=healthy-preparation boundary=END stepRole=FINER_2_5_US_REFERENCE declaredMaximumStepSeconds=2.50000000e-06 configuredMaximumStepSeconds=2.50000000e-06 actualCurrentStepSeconds=2.50000000e-06 observedMinimumStepSeconds=2.50000000e-06 observedMaximumStepSeconds=2.50000000e-06 minimumTimeStepSeconds=5.00000000e-11 adaptive=true
Q30_STEP_PROFILE seed=3 fault=DRIVE_A_OPEN profile=fault-profile-preparation boundary=BEGIN stepRole=FINER_2_5_US_REFERENCE declaredMaximumStepSeconds=2.50000000e-06 configuredMaximumStepSeconds=2.50000000e-06 actualCurrentStepSeconds=2.50000000e-06 observedMinimumStepSeconds=2.50000000e-06 observedMaximumStepSeconds=2.50000000e-06 minimumTimeStepSeconds=5.00000000e-11 adaptive=true
Q30_STEP_PROFILE seed=3 fault=DRIVE_A_OPEN profile=fault-profile-preparation boundary=END stepRole=FINER_2_5_US_REFERENCE declaredMaximumStepSeconds=2.50000000e-06 configuredMaximumStepSeconds=2.50000000e-06 actualCurrentStepSeconds=2.50000000e-06 observedMinimumStepSeconds=2.50000000e-06 observedMaximumStepSeconds=2.50000000e-06 minimumTimeStepSeconds=5.00000000e-11 adaptive=true
Q30_STEP_PROFILE seed=3 fault=DRIVE_A_OPEN profile=faulted-four-input-profile boundary=BEGIN stepRole=FINER_2_5_US_REFERENCE declaredMaximumStepSeconds=2.50000000e-06 configuredMaximumStepSeconds=2.50000000e-06 actualCurrentStepSeconds=2.50000000e-06 observedMinimumStepSeconds=2.50000000e-06 observedMaximumStepSeconds=2.50000000e-06 minimumTimeStepSeconds=5.00000000e-11 adaptive=true
Q30_STEP_PROFILE seed=3 fault=DRIVE_A_OPEN profile=faulted-four-input-profile boundary=END stepRole=FINER_2_5_US_REFERENCE declaredMaximumStepSeconds=2.50000000e-06 configuredMaximumStepSeconds=2.50000000e-06 actualCurrentStepSeconds=2.50000000e-06 observedMinimumStepSeconds=2.50000000e-06 observedMaximumStepSeconds=2.50000000e-06 minimumTimeStepSeconds=5.00000000e-11 adaptive=true
Q30_STEP_PROFILE seed=3 fault=DRIVE_A_OPEN profile=unrepaired-customer-retest boundary=BEGIN stepRole=FINER_2_5_US_REFERENCE declaredMaximumStepSeconds=2.50000000e-06 configuredMaximumStepSeconds=2.50000000e-06 actualCurrentStepSeconds=2.50000000e-06 observedMinimumStepSeconds=2.50000000e-06 observedMaximumStepSeconds=2.50000000e-06 minimumTimeStepSeconds=5.00000000e-11 adaptive=true
Q30_STEP_PROFILE seed=3 fault=DRIVE_A_OPEN profile=unrepaired-customer-retest boundary=END stepRole=FINER_2_5_US_REFERENCE declaredMaximumStepSeconds=2.50000000e-06 configuredMaximumStepSeconds=2.50000000e-06 actualCurrentStepSeconds=2.50000000e-06 observedMinimumStepSeconds=2.50000000e-06 observedMaximumStepSeconds=2.50000000e-06 minimumTimeStepSeconds=5.00000000e-11 adaptive=true
Q30_STEP_PROFILE seed=3 fault=DRIVE_A_OPEN profile=service-power-off-wait boundary=BEGIN stepRole=FINER_2_5_US_REFERENCE declaredMaximumStepSeconds=2.50000000e-06 configuredMaximumStepSeconds=2.50000000e-06 actualCurrentStepSeconds=2.50000000e-06 observedMinimumStepSeconds=2.50000000e-06 observedMaximumStepSeconds=2.50000000e-06 minimumTimeStepSeconds=5.00000000e-11 adaptive=true
Q30_STEP_PROFILE seed=3 fault=DRIVE_A_OPEN profile=service-power-off-wait boundary=END stepRole=FINER_2_5_US_REFERENCE declaredMaximumStepSeconds=2.50000000e-06 configuredMaximumStepSeconds=2.50000000e-06 actualCurrentStepSeconds=2.50000000e-06 observedMinimumStepSeconds=2.50000000e-06 observedMaximumStepSeconds=2.50000000e-06 minimumTimeStepSeconds=5.00000000e-11 adaptive=true
Q30_STEP_PROFILE seed=3 fault=DRIVE_A_OPEN profile=reinstalled-original-customer-retest boundary=BEGIN stepRole=FINER_2_5_US_REFERENCE declaredMaximumStepSeconds=2.50000000e-06 configuredMaximumStepSeconds=2.50000000e-06 actualCurrentStepSeconds=2.50000000e-06 observedMinimumStepSeconds=2.50000000e-06 observedMaximumStepSeconds=2.50000000e-06 minimumTimeStepSeconds=5.00000000e-11 adaptive=true
Q30_STEP_PROFILE seed=3 fault=DRIVE_A_OPEN profile=reinstalled-original-customer-retest boundary=END stepRole=FINER_2_5_US_REFERENCE declaredMaximumStepSeconds=2.50000000e-06 configuredMaximumStepSeconds=2.50000000e-06 actualCurrentStepSeconds=2.50000000e-06 observedMinimumStepSeconds=2.50000000e-06 observedMaximumStepSeconds=2.50000000e-06 minimumTimeStepSeconds=5.00000000e-11 adaptive=true
Q30_STEP_PROFILE seed=3 fault=DRIVE_A_OPEN profile=service-power-off-wait boundary=BEGIN stepRole=FINER_2_5_US_REFERENCE declaredMaximumStepSeconds=2.50000000e-06 configuredMaximumStepSeconds=2.50000000e-06 actualCurrentStepSeconds=2.50000000e-06 observedMinimumStepSeconds=2.50000000e-06 observedMaximumStepSeconds=2.50000000e-06 minimumTimeStepSeconds=5.00000000e-11 adaptive=true
Q30_STEP_PROFILE seed=3 fault=DRIVE_A_OPEN profile=service-power-off-wait boundary=END stepRole=FINER_2_5_US_REFERENCE declaredMaximumStepSeconds=2.50000000e-06 configuredMaximumStepSeconds=2.50000000e-06 actualCurrentStepSeconds=2.50000000e-06 observedMinimumStepSeconds=2.50000000e-06 observedMaximumStepSeconds=2.50000000e-06 minimumTimeStepSeconds=5.00000000e-11 adaptive=true
Q30_STEP_PROFILE seed=3 fault=DRIVE_A_OPEN profile=repaired-customer-retest boundary=BEGIN stepRole=FINER_2_5_US_REFERENCE declaredMaximumStepSeconds=2.50000000e-06 configuredMaximumStepSeconds=2.50000000e-06 actualCurrentStepSeconds=2.50000000e-06 observedMinimumStepSeconds=2.50000000e-06 observedMaximumStepSeconds=2.50000000e-06 minimumTimeStepSeconds=5.00000000e-11 adaptive=true
Q30_STEP_PROFILE seed=3 fault=DRIVE_A_OPEN profile=repaired-customer-retest boundary=END stepRole=FINER_2_5_US_REFERENCE declaredMaximumStepSeconds=2.50000000e-06 configuredMaximumStepSeconds=2.50000000e-06 actualCurrentStepSeconds=2.50000000e-06 observedMinimumStepSeconds=2.50000000e-06 observedMaximumStepSeconds=2.50000000e-06 minimumTimeStepSeconds=5.00000000e-11 adaptive=true
Q30_STEP_OWNER_CLEANUP seed=3 fault=DRIVE_A_OPEN declaredMaximumStepSeconds=2.50000000e-06 stepRole=FINER_2_5_US_REFERENCE cleanup=true elapsedMillis=0
Q30_STEP_PROFILE seed=3 fault=DRIVE_A_OPEN profile=initial-electrical-settle boundary=BEGIN stepRole=PRODUCTION_5_US declaredMaximumStepSeconds=5.00000000e-06 configuredMaximumStepSeconds=5.00000000e-06 actualCurrentStepSeconds=5.00000000e-06 observedMinimumStepSeconds=5.00000000e-06 observedMaximumStepSeconds=5.00000000e-06 minimumTimeStepSeconds=5.00000000e-11 adaptive=true
Q30_STEP_PROFILE seed=3 fault=DRIVE_A_OPEN profile=initial-electrical-settle boundary=END stepRole=PRODUCTION_5_US declaredMaximumStepSeconds=5.00000000e-06 configuredMaximumStepSeconds=5.00000000e-06 actualCurrentStepSeconds=5.00000000e-06 observedMinimumStepSeconds=5.00000000e-06 observedMaximumStepSeconds=5.00000000e-06 minimumTimeStepSeconds=5.00000000e-11 adaptive=true
Q30_STEP_PROFILE seed=3 fault=DRIVE_A_OPEN profile=healthy-preparation boundary=BEGIN stepRole=PRODUCTION_5_US declaredMaximumStepSeconds=5.00000000e-06 configuredMaximumStepSeconds=5.00000000e-06 actualCurrentStepSeconds=5.00000000e-06 observedMinimumStepSeconds=5.00000000e-06 observedMaximumStepSeconds=5.00000000e-06 minimumTimeStepSeconds=5.00000000e-11 adaptive=true
Q30_STEP_PROFILE seed=3 fault=DRIVE_A_OPEN profile=healthy-preparation boundary=END stepRole=PRODUCTION_5_US declaredMaximumStepSeconds=5.00000000e-06 configuredMaximumStepSeconds=5.00000000e-06 actualCurrentStepSeconds=5.00000000e-06 observedMinimumStepSeconds=5.00000000e-06 observedMaximumStepSeconds=5.00000000e-06 minimumTimeStepSeconds=5.00000000e-11 adaptive=true
Q30_STEP_PROFILE seed=3 fault=DRIVE_A_OPEN profile=fault-profile-preparation boundary=BEGIN stepRole=PRODUCTION_5_US declaredMaximumStepSeconds=5.00000000e-06 configuredMaximumStepSeconds=5.00000000e-06 actualCurrentStepSeconds=5.00000000e-06 observedMinimumStepSeconds=5.00000000e-06 observedMaximumStepSeconds=5.00000000e-06 minimumTimeStepSeconds=5.00000000e-11 adaptive=true
Q30_STEP_PROFILE seed=3 fault=DRIVE_A_OPEN profile=fault-profile-preparation boundary=END stepRole=PRODUCTION_5_US declaredMaximumStepSeconds=5.00000000e-06 configuredMaximumStepSeconds=5.00000000e-06 actualCurrentStepSeconds=5.00000000e-06 observedMinimumStepSeconds=5.00000000e-06 observedMaximumStepSeconds=5.00000000e-06 minimumTimeStepSeconds=5.00000000e-11 adaptive=true
Q30_STEP_PROFILE seed=3 fault=DRIVE_A_OPEN profile=faulted-four-input-profile boundary=BEGIN stepRole=PRODUCTION_5_US declaredMaximumStepSeconds=5.00000000e-06 configuredMaximumStepSeconds=5.00000000e-06 actualCurrentStepSeconds=5.00000000e-06 observedMinimumStepSeconds=5.00000000e-06 observedMaximumStepSeconds=5.00000000e-06 minimumTimeStepSeconds=5.00000000e-11 adaptive=true
Q30_STEP_PROFILE seed=3 fault=DRIVE_A_OPEN profile=faulted-four-input-profile boundary=END stepRole=PRODUCTION_5_US declaredMaximumStepSeconds=5.00000000e-06 configuredMaximumStepSeconds=5.00000000e-06 actualCurrentStepSeconds=5.00000000e-06 observedMinimumStepSeconds=5.00000000e-06 observedMaximumStepSeconds=5.00000000e-06 minimumTimeStepSeconds=5.00000000e-11 adaptive=true
Q30_STEP_PROFILE seed=3 fault=DRIVE_A_OPEN profile=unrepaired-customer-retest boundary=BEGIN stepRole=PRODUCTION_5_US declaredMaximumStepSeconds=5.00000000e-06 configuredMaximumStepSeconds=5.00000000e-06 actualCurrentStepSeconds=5.00000000e-06 observedMinimumStepSeconds=5.00000000e-06 observedMaximumStepSeconds=5.00000000e-06 minimumTimeStepSeconds=5.00000000e-11 adaptive=true
Q30_STEP_PROFILE seed=3 fault=DRIVE_A_OPEN profile=unrepaired-customer-retest boundary=END stepRole=PRODUCTION_5_US declaredMaximumStepSeconds=5.00000000e-06 configuredMaximumStepSeconds=5.00000000e-06 actualCurrentStepSeconds=5.00000000e-06 observedMinimumStepSeconds=5.00000000e-06 observedMaximumStepSeconds=5.00000000e-06 minimumTimeStepSeconds=5.00000000e-11 adaptive=true
Q30_STEP_PROFILE seed=3 fault=DRIVE_A_OPEN profile=service-power-off-wait boundary=BEGIN stepRole=PRODUCTION_5_US declaredMaximumStepSeconds=5.00000000e-06 configuredMaximumStepSeconds=5.00000000e-06 actualCurrentStepSeconds=5.00000000e-06 observedMinimumStepSeconds=5.00000000e-06 observedMaximumStepSeconds=5.00000000e-06 minimumTimeStepSeconds=5.00000000e-11 adaptive=true
Q30_STEP_PROFILE seed=3 fault=DRIVE_A_OPEN profile=service-power-off-wait boundary=END stepRole=PRODUCTION_5_US declaredMaximumStepSeconds=5.00000000e-06 configuredMaximumStepSeconds=5.00000000e-06 actualCurrentStepSeconds=5.00000000e-06 observedMinimumStepSeconds=5.00000000e-06 observedMaximumStepSeconds=5.00000000e-06 minimumTimeStepSeconds=5.00000000e-11 adaptive=true
Q30_STEP_PROFILE seed=3 fault=DRIVE_A_OPEN profile=reinstalled-original-customer-retest boundary=BEGIN stepRole=PRODUCTION_5_US declaredMaximumStepSeconds=5.00000000e-06 configuredMaximumStepSeconds=5.00000000e-06 actualCurrentStepSeconds=5.00000000e-06 observedMinimumStepSeconds=5.00000000e-06 observedMaximumStepSeconds=5.00000000e-06 minimumTimeStepSeconds=5.00000000e-11 adaptive=true
Q30_STEP_PROFILE seed=3 fault=DRIVE_A_OPEN profile=reinstalled-original-customer-retest boundary=END stepRole=PRODUCTION_5_US declaredMaximumStepSeconds=5.00000000e-06 configuredMaximumStepSeconds=5.00000000e-06 actualCurrentStepSeconds=5.00000000e-06 observedMinimumStepSeconds=5.00000000e-06 observedMaximumStepSeconds=5.00000000e-06 minimumTimeStepSeconds=5.00000000e-11 adaptive=true
Q30_STEP_PROFILE seed=3 fault=DRIVE_A_OPEN profile=service-power-off-wait boundary=BEGIN stepRole=PRODUCTION_5_US declaredMaximumStepSeconds=5.00000000e-06 configuredMaximumStepSeconds=5.00000000e-06 actualCurrentStepSeconds=5.00000000e-06 observedMinimumStepSeconds=5.00000000e-06 observedMaximumStepSeconds=5.00000000e-06 minimumTimeStepSeconds=5.00000000e-11 adaptive=true
Q30_STEP_PROFILE seed=3 fault=DRIVE_A_OPEN profile=service-power-off-wait boundary=END stepRole=PRODUCTION_5_US declaredMaximumStepSeconds=5.00000000e-06 configuredMaximumStepSeconds=5.00000000e-06 actualCurrentStepSeconds=5.00000000e-06 observedMinimumStepSeconds=5.00000000e-06 observedMaximumStepSeconds=5.00000000e-06 minimumTimeStepSeconds=5.00000000e-11 adaptive=true
Q30_STEP_PROFILE seed=3 fault=DRIVE_A_OPEN profile=repaired-customer-retest boundary=BEGIN stepRole=PRODUCTION_5_US declaredMaximumStepSeconds=5.00000000e-06 configuredMaximumStepSeconds=5.00000000e-06 actualCurrentStepSeconds=5.00000000e-06 observedMinimumStepSeconds=5.00000000e-06 observedMaximumStepSeconds=5.00000000e-06 minimumTimeStepSeconds=5.00000000e-11 adaptive=true
Q30_STEP_PROFILE seed=3 fault=DRIVE_A_OPEN profile=repaired-customer-retest boundary=END stepRole=PRODUCTION_5_US declaredMaximumStepSeconds=5.00000000e-06 configuredMaximumStepSeconds=5.00000000e-06 actualCurrentStepSeconds=5.00000000e-06 observedMinimumStepSeconds=5.00000000e-06 observedMaximumStepSeconds=5.00000000e-06 minimumTimeStepSeconds=5.00000000e-11 adaptive=true
Q30_STEP_OWNER_CLEANUP seed=3 fault=DRIVE_A_OPEN declaredMaximumStepSeconds=5.00000000e-06 stepRole=PRODUCTION_5_US cleanup=true elapsedMillis=0
Q30_STEP_PAIR seed=3 support=FILTERED_37 fault=DRIVE_A_OPEN referenceMaximumStepSeconds=2.50000000e-06 productionCandidateMaximumStepSeconds=5.00000000e-06 candidateKind=PRODUCTION_5_US maxDeltaVolts=6.88658019e-11 toleranceVolts=0.120625926 phase=customer-retest sample=SENSORS_A_ONLY/REN.2-J1.2 referenceElapsedMillis=18073 productionCandidateElapsedMillis=9179 referenceSimSeconds=1.16019250 productionCandidateSimSeconds=1.16036000 referenceCleanupMillis=0 productionCandidateCleanupMillis=0 cleanup=true
Q30_STEP_SEED seed=3 support=FILTERED_37 referenceMaximumStepSeconds=2.50000000e-06 productionCandidateMaximumStepSeconds=5.00000000e-06 candidateKind=PRODUCTION_5_US routeTopology=RB30_SHARED_HYSTERETIC_A_NMOS_B_BJT_FILTERED_37 routeAndPairsElapsedMillis=32995
Q30_STEP_OWNER_CLEANUP seed=3 fault=DREV_OPEN declaredMaximumStepSeconds=2.50000000e-06 stepRole=FINER_2_5_US_REFERENCE cleanup=true elapsedMillis=0
Q30_STEP_SEED_CLEANUP seed=3 cleanup=true elapsedMillis=0
PASS: Q30 production solver step sensitivity assertions=1762 seed=3 support=FILTERED_37 faults=1 referenceMaximumStepSeconds=2.50000000e-06 productionCandidateMaximumStepSeconds=5.00000000e-06 candidateKind=PRODUCTION_5_US elapsedMillis=32996

node 11 unconnected
converged after 25 iterations, timeStep = 2.5E-6
converged after 9 iterations, timeStep = 2.5E-6
node 11 unconnected
node 11 unconnected
converged after 14 iterations, timeStep = 2.5E-6
node 11 unconnected
converged after 10 iterations, timeStep = 2.5E-6
converged after 15 iterations, timeStep = 2.5E-6
node 11 unconnected
converged after 14 iterations, timeStep = 2.5E-6
node 11 unconnected
converged after 15 iterations, timeStep = 2.5E-6
node 11 unconnected
converged after 10 iterations, timeStep = 2.5E-6
node 11 unconnected
converged after 10 iterations, timeStep = 2.5E-6
node 11 unconnected
node 11 unconnected
converged after 10 iterations, timeStep = 2.5E-6
node 11 unconnected
node 11 unconnected
converged after 10 iterations, timeStep = 2.5E-6
node 11 unconnected
node 11 unconnected
converged after 10 iterations, timeStep = 2.5E-6
node 11 unconnected
node 11 unconnected
node 11 unconnected
converged after 10 iterations, timeStep = 2.5E-6
node 11 unconnected
node 11 unconnected
node 11 unconnected
node 11 unconnected
node 11 unconnected
node 37 unconnected
node 40 unconnected
node 11 unconnected
node 11 unconnected
converged after 23 iterations, timeStep = 2.5E-6
converged after 8 iterations, timeStep = 2.5E-6
node 11 unconnected
node 11 unconnected
node 11 unconnected
converged after 10 iterations, timeStep = 2.5E-6
node 11 unconnected
node 11 unconnected
node 11 unconnected
converged after 10 iterations, timeStep = 2.5E-6
node 11 unconnected
node 11 unconnected
node 11 unconnected
node 11 unconnected
node 11 unconnected
node 37 unconnected
node 40 unconnected
node 11 unconnected
node 37 unconnected
node 40 unconnected
node 11 unconnected
node 37 unconnected
node 40 unconnected
converged after 23 iterations, timeStep = 2.5E-6
converged after 8 iterations, timeStep = 2.5E-6
node 11 unconnected
node 37 unconnected
node 40 unconnected
node 11 unconnected
node 37 unconnected
node 40 unconnected
converged after 14 iterations, timeStep = 2.5E-6
node 11 unconnected
node 37 unconnected
node 40 unconnected
converged after 10 iterations, timeStep = 2.5E-6
converged after 15 iterations, timeStep = 2.5E-6
node 11 unconnected
node 37 unconnected
node 40 unconnected
converged after 14 iterations, timeStep = 2.5E-6
node 11 unconnected
converged after 25 iterations, timeStep = 5.0E-6
converged after 6 iterations, timeStep = 5.0E-6
node 11 unconnected
node 11 unconnected
converged after 14 iterations, timeStep = 5.0E-6
node 11 unconnected
converged after 22 iterations, timeStep = 5.0E-6
node 11 unconnected
converged after 14 iterations, timeStep = 5.0E-6
node 11 unconnected
converged after 15 iterations, timeStep = 5.0E-6
node 11 unconnected
converged after 16 iterations, timeStep = 5.0E-6
node 11 unconnected
converged after 9 iterations, timeStep = 5.0E-6
node 11 unconnected
node 11 unconnected
converged after 16 iterations, timeStep = 5.0E-6
node 11 unconnected
node 11 unconnected
converged after 9 iterations, timeStep = 5.0E-6
node 11 unconnected
node 11 unconnected
converged after 16 iterations, timeStep = 5.0E-6
node 11 unconnected
node 11 unconnected
node 11 unconnected
converged after 9 iterations, timeStep = 5.0E-6
node 11 unconnected
node 11 unconnected
node 11 unconnected
node 11 unconnected
node 11 unconnected
node 37 unconnected
node 40 unconnected
node 11 unconnected
node 11 unconnected
converged after 23 iterations, timeStep = 5.0E-6
node 11 unconnected
node 11 unconnected
node 11 unconnected
converged after 16 iterations, timeStep = 5.0E-6
node 11 unconnected
node 11 unconnected
node 11 unconnected
converged after 9 iterations, timeStep = 5.0E-6
node 11 unconnected
node 11 unconnected
node 11 unconnected
node 11 unconnected
node 11 unconnected
node 37 unconnected
node 40 unconnected
node 11 unconnected
node 37 unconnected
node 40 unconnected
node 11 unconnected
node 37 unconnected
node 40 unconnected
converged after 23 iterations, timeStep = 5.0E-6
node 11 unconnected
node 37 unconnected
node 40 unconnected
node 11 unconnected
node 37 unconnected
node 40 unconnected
converged after 14 iterations, timeStep = 5.0E-6
node 11 unconnected
node 37 unconnected
node 40 unconnected
converged after 22 iterations, timeStep = 5.0E-6
node 11 unconnected
node 37 unconnected
node 40 unconnected
converged after 14 iterations, timeStep = 5.0E-6

Q30_STEP_PROFILE seed=3 fault=RELAY_B_COIL_OPEN profile=initial-electrical-settle boundary=BEGIN stepRole=FINER_2_5_US_REFERENCE declaredMaximumStepSeconds=2.50000000e-06 configuredMaximumStepSeconds=2.50000000e-06 actualCurrentStepSeconds=2.50000000e-06 observedMinimumStepSeconds=2.50000000e-06 observedMaximumStepSeconds=2.50000000e-06 minimumTimeStepSeconds=5.00000000e-11 adaptive=true
Q30_STEP_PROFILE seed=3 fault=RELAY_B_COIL_OPEN profile=initial-electrical-settle boundary=END stepRole=FINER_2_5_US_REFERENCE declaredMaximumStepSeconds=2.50000000e-06 configuredMaximumStepSeconds=2.50000000e-06 actualCurrentStepSeconds=2.50000000e-06 observedMinimumStepSeconds=2.50000000e-06 observedMaximumStepSeconds=2.50000000e-06 minimumTimeStepSeconds=5.00000000e-11 adaptive=true
Q30_STEP_PROFILE seed=3 fault=RELAY_B_COIL_OPEN profile=healthy-preparation boundary=BEGIN stepRole=FINER_2_5_US_REFERENCE declaredMaximumStepSeconds=2.50000000e-06 configuredMaximumStepSeconds=2.50000000e-06 actualCurrentStepSeconds=2.50000000e-06 observedMinimumStepSeconds=2.50000000e-06 observedMaximumStepSeconds=2.50000000e-06 minimumTimeStepSeconds=5.00000000e-11 adaptive=true
Q30_STEP_PROFILE seed=3 fault=RELAY_B_COIL_OPEN profile=healthy-preparation boundary=END stepRole=FINER_2_5_US_REFERENCE declaredMaximumStepSeconds=2.50000000e-06 configuredMaximumStepSeconds=2.50000000e-06 actualCurrentStepSeconds=2.50000000e-06 observedMinimumStepSeconds=2.50000000e-06 observedMaximumStepSeconds=2.50000000e-06 minimumTimeStepSeconds=5.00000000e-11 adaptive=true
Q30_STEP_PROFILE seed=3 fault=RELAY_B_COIL_OPEN profile=fault-profile-preparation boundary=BEGIN stepRole=FINER_2_5_US_REFERENCE declaredMaximumStepSeconds=2.50000000e-06 configuredMaximumStepSeconds=2.50000000e-06 actualCurrentStepSeconds=2.50000000e-06 observedMinimumStepSeconds=2.50000000e-06 observedMaximumStepSeconds=2.50000000e-06 minimumTimeStepSeconds=5.00000000e-11 adaptive=true
Q30_STEP_PROFILE seed=3 fault=RELAY_B_COIL_OPEN profile=fault-profile-preparation boundary=END stepRole=FINER_2_5_US_REFERENCE declaredMaximumStepSeconds=2.50000000e-06 configuredMaximumStepSeconds=2.50000000e-06 actualCurrentStepSeconds=2.50000000e-06 observedMinimumStepSeconds=2.50000000e-06 observedMaximumStepSeconds=2.50000000e-06 minimumTimeStepSeconds=5.00000000e-11 adaptive=true
Q30_STEP_PROFILE seed=3 fault=RELAY_B_COIL_OPEN profile=faulted-four-input-profile boundary=BEGIN stepRole=FINER_2_5_US_REFERENCE declaredMaximumStepSeconds=2.50000000e-06 configuredMaximumStepSeconds=2.50000000e-06 actualCurrentStepSeconds=2.50000000e-06 observedMinimumStepSeconds=2.50000000e-06 observedMaximumStepSeconds=2.50000000e-06 minimumTimeStepSeconds=5.00000000e-11 adaptive=true
Q30_STEP_PROFILE seed=3 fault=RELAY_B_COIL_OPEN profile=faulted-four-input-profile boundary=END stepRole=FINER_2_5_US_REFERENCE declaredMaximumStepSeconds=2.50000000e-06 configuredMaximumStepSeconds=2.50000000e-06 actualCurrentStepSeconds=2.50000000e-06 observedMinimumStepSeconds=2.50000000e-06 observedMaximumStepSeconds=2.50000000e-06 minimumTimeStepSeconds=5.00000000e-11 adaptive=true
Q30_STEP_PROFILE seed=3 fault=RELAY_B_COIL_OPEN profile=unrepaired-customer-retest boundary=BEGIN stepRole=FINER_2_5_US_REFERENCE declaredMaximumStepSeconds=2.50000000e-06 configuredMaximumStepSeconds=2.50000000e-06 actualCurrentStepSeconds=2.50000000e-06 observedMinimumStepSeconds=2.50000000e-06 observedMaximumStepSeconds=2.50000000e-06 minimumTimeStepSeconds=5.00000000e-11 adaptive=true
Q30_STEP_PROFILE seed=3 fault=RELAY_B_COIL_OPEN profile=unrepaired-customer-retest boundary=END stepRole=FINER_2_5_US_REFERENCE declaredMaximumStepSeconds=2.50000000e-06 configuredMaximumStepSeconds=2.50000000e-06 actualCurrentStepSeconds=2.50000000e-06 observedMinimumStepSeconds=2.50000000e-06 observedMaximumStepSeconds=2.50000000e-06 minimumTimeStepSeconds=5.00000000e-11 adaptive=true
Q30_STEP_PROFILE seed=3 fault=RELAY_B_COIL_OPEN profile=service-power-off-wait boundary=BEGIN stepRole=FINER_2_5_US_REFERENCE declaredMaximumStepSeconds=2.50000000e-06 configuredMaximumStepSeconds=2.50000000e-06 actualCurrentStepSeconds=2.50000000e-06 observedMinimumStepSeconds=2.50000000e-06 observedMaximumStepSeconds=2.50000000e-06 minimumTimeStepSeconds=5.00000000e-11 adaptive=true
Q30_STEP_PROFILE seed=3 fault=RELAY_B_COIL_OPEN profile=service-power-off-wait boundary=END stepRole=FINER_2_5_US_REFERENCE declaredMaximumStepSeconds=2.50000000e-06 configuredMaximumStepSeconds=2.50000000e-06 actualCurrentStepSeconds=2.50000000e-06 observedMinimumStepSeconds=2.50000000e-06 observedMaximumStepSeconds=2.50000000e-06 minimumTimeStepSeconds=5.00000000e-11 adaptive=true
Q30_STEP_PROFILE seed=3 fault=RELAY_B_COIL_OPEN profile=reinstalled-original-customer-retest boundary=BEGIN stepRole=FINER_2_5_US_REFERENCE declaredMaximumStepSeconds=2.50000000e-06 configuredMaximumStepSeconds=2.50000000e-06 actualCurrentStepSeconds=2.50000000e-06 observedMinimumStepSeconds=2.50000000e-06 observedMaximumStepSeconds=2.50000000e-06 minimumTimeStepSeconds=5.00000000e-11 adaptive=true
Q30_STEP_PROFILE seed=3 fault=RELAY_B_COIL_OPEN profile=reinstalled-original-customer-retest boundary=END stepRole=FINER_2_5_US_REFERENCE declaredMaximumStepSeconds=2.50000000e-06 configuredMaximumStepSeconds=2.50000000e-06 actualCurrentStepSeconds=2.50000000e-06 observedMinimumStepSeconds=2.50000000e-06 observedMaximumStepSeconds=2.50000000e-06 minimumTimeStepSeconds=5.00000000e-11 adaptive=true
Q30_STEP_PROFILE seed=3 fault=RELAY_B_COIL_OPEN profile=service-power-off-wait boundary=BEGIN stepRole=FINER_2_5_US_REFERENCE declaredMaximumStepSeconds=2.50000000e-06 configuredMaximumStepSeconds=2.50000000e-06 actualCurrentStepSeconds=2.50000000e-06 observedMinimumStepSeconds=2.50000000e-06 observedMaximumStepSeconds=2.50000000e-06 minimumTimeStepSeconds=5.00000000e-11 adaptive=true
Q30_STEP_PROFILE seed=3 fault=RELAY_B_COIL_OPEN profile=service-power-off-wait boundary=END stepRole=FINER_2_5_US_REFERENCE declaredMaximumStepSeconds=2.50000000e-06 configuredMaximumStepSeconds=2.50000000e-06 actualCurrentStepSeconds=2.50000000e-06 observedMinimumStepSeconds=2.50000000e-06 observedMaximumStepSeconds=2.50000000e-06 minimumTimeStepSeconds=5.00000000e-11 adaptive=true
Q30_STEP_PROFILE seed=3 fault=RELAY_B_COIL_OPEN profile=repaired-customer-retest boundary=BEGIN stepRole=FINER_2_5_US_REFERENCE declaredMaximumStepSeconds=2.50000000e-06 configuredMaximumStepSeconds=2.50000000e-06 actualCurrentStepSeconds=2.50000000e-06 observedMinimumStepSeconds=2.50000000e-06 observedMaximumStepSeconds=2.50000000e-06 minimumTimeStepSeconds=5.00000000e-11 adaptive=true
Q30_STEP_PROFILE seed=3 fault=RELAY_B_COIL_OPEN profile=repaired-customer-retest boundary=END stepRole=FINER_2_5_US_REFERENCE declaredMaximumStepSeconds=2.50000000e-06 configuredMaximumStepSeconds=2.50000000e-06 actualCurrentStepSeconds=2.50000000e-06 observedMinimumStepSeconds=2.50000000e-06 observedMaximumStepSeconds=2.50000000e-06 minimumTimeStepSeconds=5.00000000e-11 adaptive=true
Q30_STEP_OWNER_CLEANUP seed=3 fault=RELAY_B_COIL_OPEN declaredMaximumStepSeconds=2.50000000e-06 stepRole=FINER_2_5_US_REFERENCE cleanup=true elapsedMillis=0
Q30_STEP_PROFILE seed=3 fault=RELAY_B_COIL_OPEN profile=initial-electrical-settle boundary=BEGIN stepRole=PRODUCTION_5_US declaredMaximumStepSeconds=5.00000000e-06 configuredMaximumStepSeconds=5.00000000e-06 actualCurrentStepSeconds=5.00000000e-06 observedMinimumStepSeconds=5.00000000e-06 observedMaximumStepSeconds=5.00000000e-06 minimumTimeStepSeconds=5.00000000e-11 adaptive=true
Q30_STEP_PROFILE seed=3 fault=RELAY_B_COIL_OPEN profile=initial-electrical-settle boundary=END stepRole=PRODUCTION_5_US declaredMaximumStepSeconds=5.00000000e-06 configuredMaximumStepSeconds=5.00000000e-06 actualCurrentStepSeconds=5.00000000e-06 observedMinimumStepSeconds=5.00000000e-06 observedMaximumStepSeconds=5.00000000e-06 minimumTimeStepSeconds=5.00000000e-11 adaptive=true
Q30_STEP_PROFILE seed=3 fault=RELAY_B_COIL_OPEN profile=healthy-preparation boundary=BEGIN stepRole=PRODUCTION_5_US declaredMaximumStepSeconds=5.00000000e-06 configuredMaximumStepSeconds=5.00000000e-06 actualCurrentStepSeconds=5.00000000e-06 observedMinimumStepSeconds=5.00000000e-06 observedMaximumStepSeconds=5.00000000e-06 minimumTimeStepSeconds=5.00000000e-11 adaptive=true
Q30_STEP_PROFILE seed=3 fault=RELAY_B_COIL_OPEN profile=healthy-preparation boundary=END stepRole=PRODUCTION_5_US declaredMaximumStepSeconds=5.00000000e-06 configuredMaximumStepSeconds=5.00000000e-06 actualCurrentStepSeconds=5.00000000e-06 observedMinimumStepSeconds=5.00000000e-06 observedMaximumStepSeconds=5.00000000e-06 minimumTimeStepSeconds=5.00000000e-11 adaptive=true
Q30_STEP_PROFILE seed=3 fault=RELAY_B_COIL_OPEN profile=fault-profile-preparation boundary=BEGIN stepRole=PRODUCTION_5_US declaredMaximumStepSeconds=5.00000000e-06 configuredMaximumStepSeconds=5.00000000e-06 actualCurrentStepSeconds=5.00000000e-06 observedMinimumStepSeconds=5.00000000e-06 observedMaximumStepSeconds=5.00000000e-06 minimumTimeStepSeconds=5.00000000e-11 adaptive=true
Q30_STEP_PROFILE seed=3 fault=RELAY_B_COIL_OPEN profile=fault-profile-preparation boundary=END stepRole=PRODUCTION_5_US declaredMaximumStepSeconds=5.00000000e-06 configuredMaximumStepSeconds=5.00000000e-06 actualCurrentStepSeconds=5.00000000e-06 observedMinimumStepSeconds=5.00000000e-06 observedMaximumStepSeconds=5.00000000e-06 minimumTimeStepSeconds=5.00000000e-11 adaptive=true
Q30_STEP_PROFILE seed=3 fault=RELAY_B_COIL_OPEN profile=faulted-four-input-profile boundary=BEGIN stepRole=PRODUCTION_5_US declaredMaximumStepSeconds=5.00000000e-06 configuredMaximumStepSeconds=5.00000000e-06 actualCurrentStepSeconds=5.00000000e-06 observedMinimumStepSeconds=5.00000000e-06 observedMaximumStepSeconds=5.00000000e-06 minimumTimeStepSeconds=5.00000000e-11 adaptive=true
Q30_STEP_PROFILE seed=3 fault=RELAY_B_COIL_OPEN profile=faulted-four-input-profile boundary=END stepRole=PRODUCTION_5_US declaredMaximumStepSeconds=5.00000000e-06 configuredMaximumStepSeconds=5.00000000e-06 actualCurrentStepSeconds=5.00000000e-06 observedMinimumStepSeconds=5.00000000e-06 observedMaximumStepSeconds=5.00000000e-06 minimumTimeStepSeconds=5.00000000e-11 adaptive=true
Q30_STEP_PROFILE seed=3 fault=RELAY_B_COIL_OPEN profile=unrepaired-customer-retest boundary=BEGIN stepRole=PRODUCTION_5_US declaredMaximumStepSeconds=5.00000000e-06 configuredMaximumStepSeconds=5.00000000e-06 actualCurrentStepSeconds=5.00000000e-06 observedMinimumStepSeconds=5.00000000e-06 observedMaximumStepSeconds=5.00000000e-06 minimumTimeStepSeconds=5.00000000e-11 adaptive=true
Q30_STEP_PROFILE seed=3 fault=RELAY_B_COIL_OPEN profile=unrepaired-customer-retest boundary=END stepRole=PRODUCTION_5_US declaredMaximumStepSeconds=5.00000000e-06 configuredMaximumStepSeconds=5.00000000e-06 actualCurrentStepSeconds=5.00000000e-06 observedMinimumStepSeconds=5.00000000e-06 observedMaximumStepSeconds=5.00000000e-06 minimumTimeStepSeconds=5.00000000e-11 adaptive=true
Q30_STEP_PROFILE seed=3 fault=RELAY_B_COIL_OPEN profile=service-power-off-wait boundary=BEGIN stepRole=PRODUCTION_5_US declaredMaximumStepSeconds=5.00000000e-06 configuredMaximumStepSeconds=5.00000000e-06 actualCurrentStepSeconds=5.00000000e-06 observedMinimumStepSeconds=5.00000000e-06 observedMaximumStepSeconds=5.00000000e-06 minimumTimeStepSeconds=5.00000000e-11 adaptive=true
Q30_STEP_PROFILE seed=3 fault=RELAY_B_COIL_OPEN profile=service-power-off-wait boundary=END stepRole=PRODUCTION_5_US declaredMaximumStepSeconds=5.00000000e-06 configuredMaximumStepSeconds=5.00000000e-06 actualCurrentStepSeconds=5.00000000e-06 observedMinimumStepSeconds=5.00000000e-06 observedMaximumStepSeconds=5.00000000e-06 minimumTimeStepSeconds=5.00000000e-11 adaptive=true
Q30_STEP_PROFILE seed=3 fault=RELAY_B_COIL_OPEN profile=reinstalled-original-customer-retest boundary=BEGIN stepRole=PRODUCTION_5_US declaredMaximumStepSeconds=5.00000000e-06 configuredMaximumStepSeconds=5.00000000e-06 actualCurrentStepSeconds=5.00000000e-06 observedMinimumStepSeconds=5.00000000e-06 observedMaximumStepSeconds=5.00000000e-06 minimumTimeStepSeconds=5.00000000e-11 adaptive=true
Q30_STEP_PROFILE seed=3 fault=RELAY_B_COIL_OPEN profile=reinstalled-original-customer-retest boundary=END stepRole=PRODUCTION_5_US declaredMaximumStepSeconds=5.00000000e-06 configuredMaximumStepSeconds=5.00000000e-06 actualCurrentStepSeconds=5.00000000e-06 observedMinimumStepSeconds=5.00000000e-06 observedMaximumStepSeconds=5.00000000e-06 minimumTimeStepSeconds=5.00000000e-11 adaptive=true
Q30_STEP_PROFILE seed=3 fault=RELAY_B_COIL_OPEN profile=service-power-off-wait boundary=BEGIN stepRole=PRODUCTION_5_US declaredMaximumStepSeconds=5.00000000e-06 configuredMaximumStepSeconds=5.00000000e-06 actualCurrentStepSeconds=5.00000000e-06 observedMinimumStepSeconds=5.00000000e-06 observedMaximumStepSeconds=5.00000000e-06 minimumTimeStepSeconds=5.00000000e-11 adaptive=true
Q30_STEP_PROFILE seed=3 fault=RELAY_B_COIL_OPEN profile=service-power-off-wait boundary=END stepRole=PRODUCTION_5_US declaredMaximumStepSeconds=5.00000000e-06 configuredMaximumStepSeconds=5.00000000e-06 actualCurrentStepSeconds=5.00000000e-06 observedMinimumStepSeconds=5.00000000e-06 observedMaximumStepSeconds=5.00000000e-06 minimumTimeStepSeconds=5.00000000e-11 adaptive=true
Q30_STEP_PROFILE seed=3 fault=RELAY_B_COIL_OPEN profile=repaired-customer-retest boundary=BEGIN stepRole=PRODUCTION_5_US declaredMaximumStepSeconds=5.00000000e-06 configuredMaximumStepSeconds=5.00000000e-06 actualCurrentStepSeconds=5.00000000e-06 observedMinimumStepSeconds=5.00000000e-06 observedMaximumStepSeconds=5.00000000e-06 minimumTimeStepSeconds=5.00000000e-11 adaptive=true
Q30_STEP_PROFILE seed=3 fault=RELAY_B_COIL_OPEN profile=repaired-customer-retest boundary=END stepRole=PRODUCTION_5_US declaredMaximumStepSeconds=5.00000000e-06 configuredMaximumStepSeconds=5.00000000e-06 actualCurrentStepSeconds=5.00000000e-06 observedMinimumStepSeconds=5.00000000e-06 observedMaximumStepSeconds=5.00000000e-06 minimumTimeStepSeconds=5.00000000e-11 adaptive=true
Q30_STEP_OWNER_CLEANUP seed=3 fault=RELAY_B_COIL_OPEN declaredMaximumStepSeconds=5.00000000e-06 stepRole=PRODUCTION_5_US cleanup=true elapsedMillis=0
Q30_STEP_PAIR seed=3 support=FILTERED_37 fault=RELAY_B_COIL_OPEN referenceMaximumStepSeconds=2.50000000e-06 productionCandidateMaximumStepSeconds=5.00000000e-06 candidateKind=PRODUCTION_5_US maxDeltaVolts=6.22684126e-11 toleranceVolts=0.120625926 phase=customer-retest sample=SENSORS_A_ONLY/REN.2-J1.2 referenceElapsedMillis=20260 productionCandidateElapsedMillis=10345 referenceSimSeconds=1.16019250 productionCandidateSimSeconds=1.16036000 referenceCleanupMillis=0 productionCandidateCleanupMillis=0 cleanup=true
Q30_STEP_SEED seed=3 support=FILTERED_37 referenceMaximumStepSeconds=2.50000000e-06 productionCandidateMaximumStepSeconds=5.00000000e-06 candidateKind=PRODUCTION_5_US routeTopology=RB30_SHARED_HYSTERETIC_A_NMOS_B_BJT_FILTERED_37 routeAndPairsElapsedMillis=36285
Q30_STEP_OWNER_CLEANUP seed=3 fault=DREV_OPEN declaredMaximumStepSeconds=2.50000000e-06 stepRole=FINER_2_5_US_REFERENCE cleanup=true elapsedMillis=0
Q30_STEP_SEED_CLEANUP seed=3 cleanup=true elapsedMillis=0
PASS: Q30 production solver step sensitivity assertions=1762 seed=3 support=FILTERED_37 faults=1 referenceMaximumStepSeconds=2.50000000e-06 productionCandidateMaximumStepSeconds=5.00000000e-06 candidateKind=PRODUCTION_5_US elapsedMillis=36285

node 11 unconnected
converged after 25 iterations, timeStep = 2.5E-6
converged after 9 iterations, timeStep = 2.5E-6
node 11 unconnected
node 11 unconnected
converged after 14 iterations, timeStep = 2.5E-6
node 11 unconnected
converged after 10 iterations, timeStep = 2.5E-6
converged after 15 iterations, timeStep = 2.5E-6
node 11 unconnected
converged after 14 iterations, timeStep = 2.5E-6
node 11 unconnected
converged after 15 iterations, timeStep = 2.5E-6
node 11 unconnected
converged after 18 iterations, timeStep = 2.5E-6
node 11 unconnected
converged after 15 iterations, timeStep = 2.5E-6
node 11 unconnected
converged after 14 iterations, timeStep = 2.5E-6
node 11 unconnected
converged after 13 iterations, timeStep = 2.5E-6
converged after 15 iterations, timeStep = 2.5E-6
node 11 unconnected
converged after 14 iterations, timeStep = 2.5E-6
node 11 unconnected
converged after 15 iterations, timeStep = 2.5E-6
node 11 unconnected
converged after 14 iterations, timeStep = 2.5E-6
node 11 unconnected
converged after 13 iterations, timeStep = 2.5E-6
converged after 15 iterations, timeStep = 2.5E-6
node 11 unconnected
converged after 14 iterations, timeStep = 2.5E-6
node 11 unconnected
node 11 unconnected
converged after 15 iterations, timeStep = 2.5E-6
node 11 unconnected
node 11 unconnected
node 11 unconnected
node 11 unconnected
node 11 unconnected
node 51 unconnected
node 54 unconnected
node 57 unconnected
node 11 unconnected
node 11 unconnected
converged after 23 iterations, timeStep = 2.5E-6
converged after 8 iterations, timeStep = 2.5E-6
node 11 unconnected
node 11 unconnected
converged after 14 iterations, timeStep = 2.5E-6
node 11 unconnected
converged after 13 iterations, timeStep = 2.5E-6
converged after 15 iterations, timeStep = 2.5E-6
node 11 unconnected
converged after 14 iterations, timeStep = 2.5E-6
node 11 unconnected
node 11 unconnected
converged after 15 iterations, timeStep = 2.5E-6
node 11 unconnected
node 11 unconnected
node 11 unconnected
node 11 unconnected
node 11 unconnected
node 51 unconnected
node 54 unconnected
node 57 unconnected
node 11 unconnected
node 51 unconnected
node 54 unconnected
node 11 unconnected
node 51 unconnected
node 54 unconnected
converged after 23 iterations, timeStep = 2.5E-6
converged after 8 iterations, timeStep = 2.5E-6
node 11 unconnected
node 51 unconnected
node 54 unconnected
node 11 unconnected
node 51 unconnected
node 54 unconnected
converged after 14 iterations, timeStep = 2.5E-6
node 11 unconnected
node 51 unconnected
node 54 unconnected
converged after 10 iterations, timeStep = 2.5E-6
converged after 15 iterations, timeStep = 2.5E-6
node 11 unconnected
node 51 unconnected
node 54 unconnected
converged after 14 iterations, timeStep = 2.5E-6
node 11 unconnected
converged after 25 iterations, timeStep = 5.0E-6
converged after 6 iterations, timeStep = 5.0E-6
node 11 unconnected
node 11 unconnected
converged after 14 iterations, timeStep = 5.0E-6
node 11 unconnected
converged after 22 iterations, timeStep = 5.0E-6
node 11 unconnected
converged after 14 iterations, timeStep = 5.0E-6
node 11 unconnected
converged after 15 iterations, timeStep = 5.0E-6
node 11 unconnected
converged after 14 iterations, timeStep = 5.0E-6
node 11 unconnected
converged after 15 iterations, timeStep = 5.0E-6
node 11 unconnected
converged after 14 iterations, timeStep = 5.0E-6
node 11 unconnected
converged after 13 iterations, timeStep = 5.0E-6
converged after 15 iterations, timeStep = 5.0E-6
node 11 unconnected
converged after 14 iterations, timeStep = 5.0E-6
node 11 unconnected
converged after 15 iterations, timeStep = 5.0E-6
node 11 unconnected
converged after 14 iterations, timeStep = 5.0E-6
node 11 unconnected
converged after 13 iterations, timeStep = 5.0E-6
converged after 15 iterations, timeStep = 5.0E-6
node 11 unconnected
converged after 14 iterations, timeStep = 5.0E-6
node 11 unconnected
node 11 unconnected
converged after 15 iterations, timeStep = 5.0E-6
node 11 unconnected
node 11 unconnected
node 11 unconnected
node 11 unconnected
node 11 unconnected
node 51 unconnected
node 54 unconnected
node 57 unconnected
node 11 unconnected
node 11 unconnected
converged after 23 iterations, timeStep = 5.0E-6
node 11 unconnected
node 11 unconnected
converged after 14 iterations, timeStep = 5.0E-6
node 11 unconnected
converged after 13 iterations, timeStep = 5.0E-6
converged after 15 iterations, timeStep = 5.0E-6
node 11 unconnected
converged after 14 iterations, timeStep = 5.0E-6
node 11 unconnected
node 11 unconnected
converged after 15 iterations, timeStep = 5.0E-6
node 11 unconnected
node 11 unconnected
node 11 unconnected
node 11 unconnected
node 11 unconnected
node 51 unconnected
node 54 unconnected
node 57 unconnected
node 11 unconnected
node 51 unconnected
node 54 unconnected
node 11 unconnected
node 51 unconnected
node 54 unconnected
converged after 23 iterations, timeStep = 5.0E-6
node 11 unconnected
node 51 unconnected
node 54 unconnected
node 11 unconnected
node 51 unconnected
node 54 unconnected
converged after 14 iterations, timeStep = 5.0E-6
node 11 unconnected
node 51 unconnected
node 54 unconnected
converged after 22 iterations, timeStep = 5.0E-6
node 11 unconnected
node 51 unconnected
node 54 unconnected
converged after 14 iterations, timeStep = 5.0E-6

Q30_STEP_PROFILE seed=10 fault=DREV_OPEN profile=initial-electrical-settle boundary=BEGIN stepRole=FINER_2_5_US_REFERENCE declaredMaximumStepSeconds=2.50000000e-06 configuredMaximumStepSeconds=2.50000000e-06 actualCurrentStepSeconds=2.50000000e-06 observedMinimumStepSeconds=2.50000000e-06 observedMaximumStepSeconds=2.50000000e-06 minimumTimeStepSeconds=5.00000000e-11 adaptive=true
Q30_STEP_PROFILE seed=10 fault=DREV_OPEN profile=initial-electrical-settle boundary=END stepRole=FINER_2_5_US_REFERENCE declaredMaximumStepSeconds=2.50000000e-06 configuredMaximumStepSeconds=2.50000000e-06 actualCurrentStepSeconds=2.50000000e-06 observedMinimumStepSeconds=2.50000000e-06 observedMaximumStepSeconds=2.50000000e-06 minimumTimeStepSeconds=5.00000000e-11 adaptive=true
Q30_STEP_PROFILE seed=10 fault=DREV_OPEN profile=healthy-preparation boundary=BEGIN stepRole=FINER_2_5_US_REFERENCE declaredMaximumStepSeconds=2.50000000e-06 configuredMaximumStepSeconds=2.50000000e-06 actualCurrentStepSeconds=2.50000000e-06 observedMinimumStepSeconds=2.50000000e-06 observedMaximumStepSeconds=2.50000000e-06 minimumTimeStepSeconds=5.00000000e-11 adaptive=true
Q30_STEP_PROFILE seed=10 fault=DREV_OPEN profile=healthy-preparation boundary=END stepRole=FINER_2_5_US_REFERENCE declaredMaximumStepSeconds=2.50000000e-06 configuredMaximumStepSeconds=2.50000000e-06 actualCurrentStepSeconds=2.50000000e-06 observedMinimumStepSeconds=2.50000000e-06 observedMaximumStepSeconds=2.50000000e-06 minimumTimeStepSeconds=5.00000000e-11 adaptive=true
Q30_STEP_PROFILE seed=10 fault=DREV_OPEN profile=fault-profile-preparation boundary=BEGIN stepRole=FINER_2_5_US_REFERENCE declaredMaximumStepSeconds=2.50000000e-06 configuredMaximumStepSeconds=2.50000000e-06 actualCurrentStepSeconds=2.50000000e-06 observedMinimumStepSeconds=2.50000000e-06 observedMaximumStepSeconds=2.50000000e-06 minimumTimeStepSeconds=5.00000000e-11 adaptive=true
Q30_STEP_PROFILE seed=10 fault=DREV_OPEN profile=fault-profile-preparation boundary=END stepRole=FINER_2_5_US_REFERENCE declaredMaximumStepSeconds=2.50000000e-06 configuredMaximumStepSeconds=2.50000000e-06 actualCurrentStepSeconds=2.50000000e-06 observedMinimumStepSeconds=2.50000000e-06 observedMaximumStepSeconds=2.50000000e-06 minimumTimeStepSeconds=5.00000000e-11 adaptive=true
Q30_STEP_PROFILE seed=10 fault=DREV_OPEN profile=faulted-four-input-profile boundary=BEGIN stepRole=FINER_2_5_US_REFERENCE declaredMaximumStepSeconds=2.50000000e-06 configuredMaximumStepSeconds=2.50000000e-06 actualCurrentStepSeconds=2.50000000e-06 observedMinimumStepSeconds=2.50000000e-06 observedMaximumStepSeconds=2.50000000e-06 minimumTimeStepSeconds=5.00000000e-11 adaptive=true
Q30_STEP_PROFILE seed=10 fault=DREV_OPEN profile=faulted-four-input-profile boundary=END stepRole=FINER_2_5_US_REFERENCE declaredMaximumStepSeconds=2.50000000e-06 configuredMaximumStepSeconds=2.50000000e-06 actualCurrentStepSeconds=2.50000000e-06 observedMinimumStepSeconds=2.50000000e-06 observedMaximumStepSeconds=2.50000000e-06 minimumTimeStepSeconds=5.00000000e-11 adaptive=true
Q30_STEP_PROFILE seed=10 fault=DREV_OPEN profile=unrepaired-customer-retest boundary=BEGIN stepRole=FINER_2_5_US_REFERENCE declaredMaximumStepSeconds=2.50000000e-06 configuredMaximumStepSeconds=2.50000000e-06 actualCurrentStepSeconds=2.50000000e-06 observedMinimumStepSeconds=2.50000000e-06 observedMaximumStepSeconds=2.50000000e-06 minimumTimeStepSeconds=5.00000000e-11 adaptive=true
Q30_STEP_PROFILE seed=10 fault=DREV_OPEN profile=unrepaired-customer-retest boundary=END stepRole=FINER_2_5_US_REFERENCE declaredMaximumStepSeconds=2.50000000e-06 configuredMaximumStepSeconds=2.50000000e-06 actualCurrentStepSeconds=2.50000000e-06 observedMinimumStepSeconds=2.50000000e-06 observedMaximumStepSeconds=2.50000000e-06 minimumTimeStepSeconds=5.00000000e-11 adaptive=true
Q30_STEP_PROFILE seed=10 fault=DREV_OPEN profile=service-power-off-wait boundary=BEGIN stepRole=FINER_2_5_US_REFERENCE declaredMaximumStepSeconds=2.50000000e-06 configuredMaximumStepSeconds=2.50000000e-06 actualCurrentStepSeconds=2.50000000e-06 observedMinimumStepSeconds=2.50000000e-06 observedMaximumStepSeconds=2.50000000e-06 minimumTimeStepSeconds=5.00000000e-11 adaptive=true
Q30_STEP_PROFILE seed=10 fault=DREV_OPEN profile=service-power-off-wait boundary=END stepRole=FINER_2_5_US_REFERENCE declaredMaximumStepSeconds=2.50000000e-06 configuredMaximumStepSeconds=2.50000000e-06 actualCurrentStepSeconds=2.50000000e-06 observedMinimumStepSeconds=2.50000000e-06 observedMaximumStepSeconds=2.50000000e-06 minimumTimeStepSeconds=5.00000000e-11 adaptive=true
Q30_STEP_PROFILE seed=10 fault=DREV_OPEN profile=reinstalled-original-customer-retest boundary=BEGIN stepRole=FINER_2_5_US_REFERENCE declaredMaximumStepSeconds=2.50000000e-06 configuredMaximumStepSeconds=2.50000000e-06 actualCurrentStepSeconds=2.50000000e-06 observedMinimumStepSeconds=2.50000000e-06 observedMaximumStepSeconds=2.50000000e-06 minimumTimeStepSeconds=5.00000000e-11 adaptive=true
Q30_STEP_PROFILE seed=10 fault=DREV_OPEN profile=reinstalled-original-customer-retest boundary=END stepRole=FINER_2_5_US_REFERENCE declaredMaximumStepSeconds=2.50000000e-06 configuredMaximumStepSeconds=2.50000000e-06 actualCurrentStepSeconds=2.50000000e-06 observedMinimumStepSeconds=2.50000000e-06 observedMaximumStepSeconds=2.50000000e-06 minimumTimeStepSeconds=5.00000000e-11 adaptive=true
Q30_STEP_PROFILE seed=10 fault=DREV_OPEN profile=service-power-off-wait boundary=BEGIN stepRole=FINER_2_5_US_REFERENCE declaredMaximumStepSeconds=2.50000000e-06 configuredMaximumStepSeconds=2.50000000e-06 actualCurrentStepSeconds=2.50000000e-06 observedMinimumStepSeconds=2.50000000e-06 observedMaximumStepSeconds=2.50000000e-06 minimumTimeStepSeconds=5.00000000e-11 adaptive=true
Q30_STEP_PROFILE seed=10 fault=DREV_OPEN profile=service-power-off-wait boundary=END stepRole=FINER_2_5_US_REFERENCE declaredMaximumStepSeconds=2.50000000e-06 configuredMaximumStepSeconds=2.50000000e-06 actualCurrentStepSeconds=2.50000000e-06 observedMinimumStepSeconds=2.50000000e-06 observedMaximumStepSeconds=2.50000000e-06 minimumTimeStepSeconds=5.00000000e-11 adaptive=true
Q30_STEP_PROFILE seed=10 fault=DREV_OPEN profile=repaired-customer-retest boundary=BEGIN stepRole=FINER_2_5_US_REFERENCE declaredMaximumStepSeconds=2.50000000e-06 configuredMaximumStepSeconds=2.50000000e-06 actualCurrentStepSeconds=2.50000000e-06 observedMinimumStepSeconds=2.50000000e-06 observedMaximumStepSeconds=2.50000000e-06 minimumTimeStepSeconds=5.00000000e-11 adaptive=true
Q30_STEP_PROFILE seed=10 fault=DREV_OPEN profile=repaired-customer-retest boundary=END stepRole=FINER_2_5_US_REFERENCE declaredMaximumStepSeconds=2.50000000e-06 configuredMaximumStepSeconds=2.50000000e-06 actualCurrentStepSeconds=2.50000000e-06 observedMinimumStepSeconds=2.50000000e-06 observedMaximumStepSeconds=2.50000000e-06 minimumTimeStepSeconds=5.00000000e-11 adaptive=true
Q30_STEP_OWNER_CLEANUP seed=10 fault=DREV_OPEN declaredMaximumStepSeconds=2.50000000e-06 stepRole=FINER_2_5_US_REFERENCE cleanup=true elapsedMillis=0
Q30_STEP_PROFILE seed=10 fault=DREV_OPEN profile=initial-electrical-settle boundary=BEGIN stepRole=PRODUCTION_5_US declaredMaximumStepSeconds=5.00000000e-06 configuredMaximumStepSeconds=5.00000000e-06 actualCurrentStepSeconds=5.00000000e-06 observedMinimumStepSeconds=5.00000000e-06 observedMaximumStepSeconds=5.00000000e-06 minimumTimeStepSeconds=5.00000000e-11 adaptive=true
Q30_STEP_PROFILE seed=10 fault=DREV_OPEN profile=initial-electrical-settle boundary=END stepRole=PRODUCTION_5_US declaredMaximumStepSeconds=5.00000000e-06 configuredMaximumStepSeconds=5.00000000e-06 actualCurrentStepSeconds=5.00000000e-06 observedMinimumStepSeconds=5.00000000e-06 observedMaximumStepSeconds=5.00000000e-06 minimumTimeStepSeconds=5.00000000e-11 adaptive=true
Q30_STEP_PROFILE seed=10 fault=DREV_OPEN profile=healthy-preparation boundary=BEGIN stepRole=PRODUCTION_5_US declaredMaximumStepSeconds=5.00000000e-06 configuredMaximumStepSeconds=5.00000000e-06 actualCurrentStepSeconds=5.00000000e-06 observedMinimumStepSeconds=5.00000000e-06 observedMaximumStepSeconds=5.00000000e-06 minimumTimeStepSeconds=5.00000000e-11 adaptive=true
Q30_STEP_PROFILE seed=10 fault=DREV_OPEN profile=healthy-preparation boundary=END stepRole=PRODUCTION_5_US declaredMaximumStepSeconds=5.00000000e-06 configuredMaximumStepSeconds=5.00000000e-06 actualCurrentStepSeconds=5.00000000e-06 observedMinimumStepSeconds=5.00000000e-06 observedMaximumStepSeconds=5.00000000e-06 minimumTimeStepSeconds=5.00000000e-11 adaptive=true
Q30_STEP_PROFILE seed=10 fault=DREV_OPEN profile=fault-profile-preparation boundary=BEGIN stepRole=PRODUCTION_5_US declaredMaximumStepSeconds=5.00000000e-06 configuredMaximumStepSeconds=5.00000000e-06 actualCurrentStepSeconds=5.00000000e-06 observedMinimumStepSeconds=5.00000000e-06 observedMaximumStepSeconds=5.00000000e-06 minimumTimeStepSeconds=5.00000000e-11 adaptive=true
Q30_STEP_PROFILE seed=10 fault=DREV_OPEN profile=fault-profile-preparation boundary=END stepRole=PRODUCTION_5_US declaredMaximumStepSeconds=5.00000000e-06 configuredMaximumStepSeconds=5.00000000e-06 actualCurrentStepSeconds=5.00000000e-06 observedMinimumStepSeconds=5.00000000e-06 observedMaximumStepSeconds=5.00000000e-06 minimumTimeStepSeconds=5.00000000e-11 adaptive=true
Q30_STEP_PROFILE seed=10 fault=DREV_OPEN profile=faulted-four-input-profile boundary=BEGIN stepRole=PRODUCTION_5_US declaredMaximumStepSeconds=5.00000000e-06 configuredMaximumStepSeconds=5.00000000e-06 actualCurrentStepSeconds=5.00000000e-06 observedMinimumStepSeconds=5.00000000e-06 observedMaximumStepSeconds=5.00000000e-06 minimumTimeStepSeconds=5.00000000e-11 adaptive=true
Q30_STEP_PROFILE seed=10 fault=DREV_OPEN profile=faulted-four-input-profile boundary=END stepRole=PRODUCTION_5_US declaredMaximumStepSeconds=5.00000000e-06 configuredMaximumStepSeconds=5.00000000e-06 actualCurrentStepSeconds=5.00000000e-06 observedMinimumStepSeconds=5.00000000e-06 observedMaximumStepSeconds=5.00000000e-06 minimumTimeStepSeconds=5.00000000e-11 adaptive=true
Q30_STEP_PROFILE seed=10 fault=DREV_OPEN profile=unrepaired-customer-retest boundary=BEGIN stepRole=PRODUCTION_5_US declaredMaximumStepSeconds=5.00000000e-06 configuredMaximumStepSeconds=5.00000000e-06 actualCurrentStepSeconds=5.00000000e-06 observedMinimumStepSeconds=5.00000000e-06 observedMaximumStepSeconds=5.00000000e-06 minimumTimeStepSeconds=5.00000000e-11 adaptive=true
Q30_STEP_PROFILE seed=10 fault=DREV_OPEN profile=unrepaired-customer-retest boundary=END stepRole=PRODUCTION_5_US declaredMaximumStepSeconds=5.00000000e-06 configuredMaximumStepSeconds=5.00000000e-06 actualCurrentStepSeconds=5.00000000e-06 observedMinimumStepSeconds=5.00000000e-06 observedMaximumStepSeconds=5.00000000e-06 minimumTimeStepSeconds=5.00000000e-11 adaptive=true
Q30_STEP_PROFILE seed=10 fault=DREV_OPEN profile=service-power-off-wait boundary=BEGIN stepRole=PRODUCTION_5_US declaredMaximumStepSeconds=5.00000000e-06 configuredMaximumStepSeconds=5.00000000e-06 actualCurrentStepSeconds=5.00000000e-06 observedMinimumStepSeconds=5.00000000e-06 observedMaximumStepSeconds=5.00000000e-06 minimumTimeStepSeconds=5.00000000e-11 adaptive=true
Q30_STEP_PROFILE seed=10 fault=DREV_OPEN profile=service-power-off-wait boundary=END stepRole=PRODUCTION_5_US declaredMaximumStepSeconds=5.00000000e-06 configuredMaximumStepSeconds=5.00000000e-06 actualCurrentStepSeconds=5.00000000e-06 observedMinimumStepSeconds=5.00000000e-06 observedMaximumStepSeconds=5.00000000e-06 minimumTimeStepSeconds=5.00000000e-11 adaptive=true
Q30_STEP_PROFILE seed=10 fault=DREV_OPEN profile=reinstalled-original-customer-retest boundary=BEGIN stepRole=PRODUCTION_5_US declaredMaximumStepSeconds=5.00000000e-06 configuredMaximumStepSeconds=5.00000000e-06 actualCurrentStepSeconds=5.00000000e-06 observedMinimumStepSeconds=5.00000000e-06 observedMaximumStepSeconds=5.00000000e-06 minimumTimeStepSeconds=5.00000000e-11 adaptive=true
Q30_STEP_PROFILE seed=10 fault=DREV_OPEN profile=reinstalled-original-customer-retest boundary=END stepRole=PRODUCTION_5_US declaredMaximumStepSeconds=5.00000000e-06 configuredMaximumStepSeconds=5.00000000e-06 actualCurrentStepSeconds=5.00000000e-06 observedMinimumStepSeconds=5.00000000e-06 observedMaximumStepSeconds=5.00000000e-06 minimumTimeStepSeconds=5.00000000e-11 adaptive=true
Q30_STEP_PROFILE seed=10 fault=DREV_OPEN profile=service-power-off-wait boundary=BEGIN stepRole=PRODUCTION_5_US declaredMaximumStepSeconds=5.00000000e-06 configuredMaximumStepSeconds=5.00000000e-06 actualCurrentStepSeconds=5.00000000e-06 observedMinimumStepSeconds=5.00000000e-06 observedMaximumStepSeconds=5.00000000e-06 minimumTimeStepSeconds=5.00000000e-11 adaptive=true
Q30_STEP_PROFILE seed=10 fault=DREV_OPEN profile=service-power-off-wait boundary=END stepRole=PRODUCTION_5_US declaredMaximumStepSeconds=5.00000000e-06 configuredMaximumStepSeconds=5.00000000e-06 actualCurrentStepSeconds=5.00000000e-06 observedMinimumStepSeconds=5.00000000e-06 observedMaximumStepSeconds=5.00000000e-06 minimumTimeStepSeconds=5.00000000e-11 adaptive=true
Q30_STEP_PROFILE seed=10 fault=DREV_OPEN profile=repaired-customer-retest boundary=BEGIN stepRole=PRODUCTION_5_US declaredMaximumStepSeconds=5.00000000e-06 configuredMaximumStepSeconds=5.00000000e-06 actualCurrentStepSeconds=5.00000000e-06 observedMinimumStepSeconds=5.00000000e-06 observedMaximumStepSeconds=5.00000000e-06 minimumTimeStepSeconds=5.00000000e-11 adaptive=true
Q30_STEP_PROFILE seed=10 fault=DREV_OPEN profile=repaired-customer-retest boundary=END stepRole=PRODUCTION_5_US declaredMaximumStepSeconds=5.00000000e-06 configuredMaximumStepSeconds=5.00000000e-06 actualCurrentStepSeconds=5.00000000e-06 observedMinimumStepSeconds=5.00000000e-06 observedMaximumStepSeconds=5.00000000e-06 minimumTimeStepSeconds=5.00000000e-11 adaptive=true
Q30_STEP_OWNER_CLEANUP seed=10 fault=DREV_OPEN declaredMaximumStepSeconds=5.00000000e-06 stepRole=PRODUCTION_5_US cleanup=true elapsedMillis=0
Q30_STEP_PAIR seed=10 support=COMPACT_33 fault=DREV_OPEN referenceMaximumStepSeconds=2.50000000e-06 productionCandidateMaximumStepSeconds=5.00000000e-06 candidateKind=PRODUCTION_5_US maxDeltaVolts=0.00606753517 toleranceVolts=0.0199476366 phase=faulted sample=SENSORS_LOW/U1.OUTPUT-J1.2 referenceElapsedMillis=16681 productionCandidateElapsedMillis=8369 referenceSimSeconds=1.16019250 productionCandidateSimSeconds=1.16036000 referenceCleanupMillis=0 productionCandidateCleanupMillis=0 cleanup=true
Q30_STEP_SEED seed=10 support=COMPACT_33 referenceMaximumStepSeconds=2.50000000e-06 productionCandidateMaximumStepSeconds=5.00000000e-06 candidateKind=PRODUCTION_5_US routeTopology=RB30_SHARED_HYSTERETIC_A_BJT_B_NMOS_COMPACT_33 routeAndPairsElapsedMillis=28585
Q30_STEP_SEED_CLEANUP seed=10 cleanup=true elapsedMillis=0
PASS: Q30 production solver step sensitivity assertions=1459 seed=10 support=COMPACT_33 faults=1 referenceMaximumStepSeconds=2.50000000e-06 productionCandidateMaximumStepSeconds=5.00000000e-06 candidateKind=PRODUCTION_5_US elapsedMillis=28585

node 11 unconnected
converged after 25 iterations, timeStep = 2.5E-6
converged after 9 iterations, timeStep = 2.5E-6
node 11 unconnected
node 11 unconnected
converged after 10 iterations, timeStep = 2.5E-6
node 11 unconnected
converged after 14 iterations, timeStep = 2.5E-6
node 11 unconnected
converged after 10 iterations, timeStep = 2.5E-6
node 11 unconnected
converged after 15 iterations, timeStep = 2.5E-6
node 11 unconnected
converged after 15 iterations, timeStep = 2.5E-6
converged after 13 iterations, timeStep = 2.5E-6
node 11 unconnected
node 11 unconnected
node 11 unconnected
node 11 unconnected
node 11 unconnected
node 11 unconnected
node 11 unconnected
node 11 unconnected
node 11 unconnected
node 11 unconnected
node 11 unconnected
node 11 unconnected
node 11 unconnected
node 11 unconnected
node 11 unconnected
node 16 unconnected
node 20 unconnected
node 11 unconnected
node 11 unconnected
node 11 unconnected
node 11 unconnected
node 11 unconnected
node 11 unconnected
node 11 unconnected
node 11 unconnected
node 11 unconnected
node 11 unconnected
node 11 unconnected
node 11 unconnected
node 11 unconnected
node 16 unconnected
node 20 unconnected
node 11 unconnected
node 16 unconnected
node 20 unconnected
converged after 7 iterations, timeStep = 2.5E-6
converged after 7 iterations, timeStep = 2.5E-6
node 11 unconnected
node 16 unconnected
node 20 unconnected
converged after 40 iterations, timeStep = 2.5E-6
node 11 unconnected
node 16 unconnected
node 20 unconnected
converged after 9 iterations, timeStep = 2.5E-6
node 11 unconnected
node 16 unconnected
node 20 unconnected
converged after 10 iterations, timeStep = 2.5E-6
node 11 unconnected
node 16 unconnected
node 20 unconnected
converged after 14 iterations, timeStep = 2.5E-6
node 11 unconnected
node 16 unconnected
node 20 unconnected
converged after 10 iterations, timeStep = 2.5E-6
node 11 unconnected
converged after 25 iterations, timeStep = 5.0E-6
converged after 6 iterations, timeStep = 5.0E-6
node 11 unconnected
node 11 unconnected
converged after 16 iterations, timeStep = 5.0E-6
node 11 unconnected
converged after 14 iterations, timeStep = 5.0E-6
node 11 unconnected
converged after 19 iterations, timeStep = 5.0E-6
node 11 unconnected
converged after 15 iterations, timeStep = 5.0E-6
node 11 unconnected
converged after 20 iterations, timeStep = 5.0E-6
converged after 15 iterations, timeStep = 5.0E-6
node 11 unconnected
node 11 unconnected
node 11 unconnected
node 11 unconnected
node 11 unconnected
node 11 unconnected
node 11 unconnected
node 11 unconnected
node 11 unconnected
node 11 unconnected
node 11 unconnected
node 11 unconnected
node 11 unconnected
node 11 unconnected
node 11 unconnected
node 16 unconnected
node 20 unconnected
node 11 unconnected
node 11 unconnected
node 11 unconnected
node 11 unconnected
node 11 unconnected
node 11 unconnected
node 11 unconnected
node 11 unconnected
node 11 unconnected
node 11 unconnected
node 11 unconnected
node 11 unconnected
node 11 unconnected
node 16 unconnected
node 20 unconnected
node 11 unconnected
node 16 unconnected
node 20 unconnected
converged after 7 iterations, timeStep = 5.0E-6
converged after 6 iterations, timeStep = 5.0E-6
node 11 unconnected
node 16 unconnected
node 20 unconnected
converged after 40 iterations, timeStep = 5.0E-6
node 11 unconnected
node 16 unconnected
node 20 unconnected
converged after 10 iterations, timeStep = 5.0E-6
node 11 unconnected
node 16 unconnected
node 20 unconnected
converged after 16 iterations, timeStep = 5.0E-6
node 11 unconnected
node 16 unconnected
node 20 unconnected
converged after 14 iterations, timeStep = 5.0E-6
node 11 unconnected
node 16 unconnected
node 20 unconnected
converged after 18 iterations, timeStep = 5.0E-6

Q30_STEP_PROFILE seed=10 fault=REN_OPEN profile=initial-electrical-settle boundary=BEGIN stepRole=FINER_2_5_US_REFERENCE declaredMaximumStepSeconds=2.50000000e-06 configuredMaximumStepSeconds=2.50000000e-06 actualCurrentStepSeconds=2.50000000e-06 observedMinimumStepSeconds=2.50000000e-06 observedMaximumStepSeconds=2.50000000e-06 minimumTimeStepSeconds=5.00000000e-11 adaptive=true
Q30_STEP_PROFILE seed=10 fault=REN_OPEN profile=initial-electrical-settle boundary=END stepRole=FINER_2_5_US_REFERENCE declaredMaximumStepSeconds=2.50000000e-06 configuredMaximumStepSeconds=2.50000000e-06 actualCurrentStepSeconds=2.50000000e-06 observedMinimumStepSeconds=2.50000000e-06 observedMaximumStepSeconds=2.50000000e-06 minimumTimeStepSeconds=5.00000000e-11 adaptive=true
Q30_STEP_PROFILE seed=10 fault=REN_OPEN profile=healthy-preparation boundary=BEGIN stepRole=FINER_2_5_US_REFERENCE declaredMaximumStepSeconds=2.50000000e-06 configuredMaximumStepSeconds=2.50000000e-06 actualCurrentStepSeconds=2.50000000e-06 observedMinimumStepSeconds=2.50000000e-06 observedMaximumStepSeconds=2.50000000e-06 minimumTimeStepSeconds=5.00000000e-11 adaptive=true
Q30_STEP_PROFILE seed=10 fault=REN_OPEN profile=healthy-preparation boundary=END stepRole=FINER_2_5_US_REFERENCE declaredMaximumStepSeconds=2.50000000e-06 configuredMaximumStepSeconds=2.50000000e-06 actualCurrentStepSeconds=2.50000000e-06 observedMinimumStepSeconds=2.50000000e-06 observedMaximumStepSeconds=2.50000000e-06 minimumTimeStepSeconds=5.00000000e-11 adaptive=true
Q30_STEP_PROFILE seed=10 fault=REN_OPEN profile=fault-profile-preparation boundary=BEGIN stepRole=FINER_2_5_US_REFERENCE declaredMaximumStepSeconds=2.50000000e-06 configuredMaximumStepSeconds=2.50000000e-06 actualCurrentStepSeconds=2.50000000e-06 observedMinimumStepSeconds=2.50000000e-06 observedMaximumStepSeconds=2.50000000e-06 minimumTimeStepSeconds=5.00000000e-11 adaptive=true
Q30_STEP_PROFILE seed=10 fault=REN_OPEN profile=fault-profile-preparation boundary=END stepRole=FINER_2_5_US_REFERENCE declaredMaximumStepSeconds=2.50000000e-06 configuredMaximumStepSeconds=2.50000000e-06 actualCurrentStepSeconds=2.50000000e-06 observedMinimumStepSeconds=1.25000000e-06 observedMaximumStepSeconds=2.50000000e-06 minimumTimeStepSeconds=5.00000000e-11 adaptive=true
Q30_STEP_PROFILE seed=10 fault=REN_OPEN profile=faulted-four-input-profile boundary=BEGIN stepRole=FINER_2_5_US_REFERENCE declaredMaximumStepSeconds=2.50000000e-06 configuredMaximumStepSeconds=2.50000000e-06 actualCurrentStepSeconds=2.50000000e-06 observedMinimumStepSeconds=2.50000000e-06 observedMaximumStepSeconds=2.50000000e-06 minimumTimeStepSeconds=5.00000000e-11 adaptive=true
Q30_STEP_PROFILE seed=10 fault=REN_OPEN profile=faulted-four-input-profile boundary=END stepRole=FINER_2_5_US_REFERENCE declaredMaximumStepSeconds=2.50000000e-06 configuredMaximumStepSeconds=2.50000000e-06 actualCurrentStepSeconds=2.50000000e-06 observedMinimumStepSeconds=2.50000000e-06 observedMaximumStepSeconds=2.50000000e-06 minimumTimeStepSeconds=5.00000000e-11 adaptive=true
Q30_STEP_PROFILE seed=10 fault=REN_OPEN profile=unrepaired-customer-retest boundary=BEGIN stepRole=FINER_2_5_US_REFERENCE declaredMaximumStepSeconds=2.50000000e-06 configuredMaximumStepSeconds=2.50000000e-06 actualCurrentStepSeconds=2.50000000e-06 observedMinimumStepSeconds=2.50000000e-06 observedMaximumStepSeconds=2.50000000e-06 minimumTimeStepSeconds=5.00000000e-11 adaptive=true
Q30_STEP_PROFILE seed=10 fault=REN_OPEN profile=unrepaired-customer-retest boundary=END stepRole=FINER_2_5_US_REFERENCE declaredMaximumStepSeconds=2.50000000e-06 configuredMaximumStepSeconds=2.50000000e-06 actualCurrentStepSeconds=2.50000000e-06 observedMinimumStepSeconds=2.50000000e-06 observedMaximumStepSeconds=2.50000000e-06 minimumTimeStepSeconds=5.00000000e-11 adaptive=true
Q30_STEP_PROFILE seed=10 fault=REN_OPEN profile=service-power-off-wait boundary=BEGIN stepRole=FINER_2_5_US_REFERENCE declaredMaximumStepSeconds=2.50000000e-06 configuredMaximumStepSeconds=2.50000000e-06 actualCurrentStepSeconds=2.50000000e-06 observedMinimumStepSeconds=2.50000000e-06 observedMaximumStepSeconds=2.50000000e-06 minimumTimeStepSeconds=5.00000000e-11 adaptive=true
Q30_STEP_PROFILE seed=10 fault=REN_OPEN profile=service-power-off-wait boundary=END stepRole=FINER_2_5_US_REFERENCE declaredMaximumStepSeconds=2.50000000e-06 configuredMaximumStepSeconds=2.50000000e-06 actualCurrentStepSeconds=2.50000000e-06 observedMinimumStepSeconds=2.50000000e-06 observedMaximumStepSeconds=2.50000000e-06 minimumTimeStepSeconds=5.00000000e-11 adaptive=true
Q30_STEP_PROFILE seed=10 fault=REN_OPEN profile=reinstalled-original-customer-retest boundary=BEGIN stepRole=FINER_2_5_US_REFERENCE declaredMaximumStepSeconds=2.50000000e-06 configuredMaximumStepSeconds=2.50000000e-06 actualCurrentStepSeconds=2.50000000e-06 observedMinimumStepSeconds=2.50000000e-06 observedMaximumStepSeconds=2.50000000e-06 minimumTimeStepSeconds=5.00000000e-11 adaptive=true
Q30_STEP_PROFILE seed=10 fault=REN_OPEN profile=reinstalled-original-customer-retest boundary=END stepRole=FINER_2_5_US_REFERENCE declaredMaximumStepSeconds=2.50000000e-06 configuredMaximumStepSeconds=2.50000000e-06 actualCurrentStepSeconds=2.50000000e-06 observedMinimumStepSeconds=2.50000000e-06 observedMaximumStepSeconds=2.50000000e-06 minimumTimeStepSeconds=5.00000000e-11 adaptive=true
Q30_STEP_PROFILE seed=10 fault=REN_OPEN profile=service-power-off-wait boundary=BEGIN stepRole=FINER_2_5_US_REFERENCE declaredMaximumStepSeconds=2.50000000e-06 configuredMaximumStepSeconds=2.50000000e-06 actualCurrentStepSeconds=2.50000000e-06 observedMinimumStepSeconds=2.50000000e-06 observedMaximumStepSeconds=2.50000000e-06 minimumTimeStepSeconds=5.00000000e-11 adaptive=true
Q30_STEP_PROFILE seed=10 fault=REN_OPEN profile=service-power-off-wait boundary=END stepRole=FINER_2_5_US_REFERENCE declaredMaximumStepSeconds=2.50000000e-06 configuredMaximumStepSeconds=2.50000000e-06 actualCurrentStepSeconds=2.50000000e-06 observedMinimumStepSeconds=2.50000000e-06 observedMaximumStepSeconds=2.50000000e-06 minimumTimeStepSeconds=5.00000000e-11 adaptive=true
Q30_STEP_PROFILE seed=10 fault=REN_OPEN profile=repaired-customer-retest boundary=BEGIN stepRole=FINER_2_5_US_REFERENCE declaredMaximumStepSeconds=2.50000000e-06 configuredMaximumStepSeconds=2.50000000e-06 actualCurrentStepSeconds=2.50000000e-06 observedMinimumStepSeconds=2.50000000e-06 observedMaximumStepSeconds=2.50000000e-06 minimumTimeStepSeconds=5.00000000e-11 adaptive=true
Q30_STEP_PROFILE seed=10 fault=REN_OPEN profile=repaired-customer-retest boundary=END stepRole=FINER_2_5_US_REFERENCE declaredMaximumStepSeconds=2.50000000e-06 configuredMaximumStepSeconds=2.50000000e-06 actualCurrentStepSeconds=2.50000000e-06 observedMinimumStepSeconds=2.50000000e-06 observedMaximumStepSeconds=2.50000000e-06 minimumTimeStepSeconds=5.00000000e-11 adaptive=true
Q30_STEP_OWNER_CLEANUP seed=10 fault=REN_OPEN declaredMaximumStepSeconds=2.50000000e-06 stepRole=FINER_2_5_US_REFERENCE cleanup=true elapsedMillis=0
Q30_STEP_PROFILE seed=10 fault=REN_OPEN profile=initial-electrical-settle boundary=BEGIN stepRole=PRODUCTION_5_US declaredMaximumStepSeconds=5.00000000e-06 configuredMaximumStepSeconds=5.00000000e-06 actualCurrentStepSeconds=5.00000000e-06 observedMinimumStepSeconds=5.00000000e-06 observedMaximumStepSeconds=5.00000000e-06 minimumTimeStepSeconds=5.00000000e-11 adaptive=true
Q30_STEP_PROFILE seed=10 fault=REN_OPEN profile=initial-electrical-settle boundary=END stepRole=PRODUCTION_5_US declaredMaximumStepSeconds=5.00000000e-06 configuredMaximumStepSeconds=5.00000000e-06 actualCurrentStepSeconds=5.00000000e-06 observedMinimumStepSeconds=5.00000000e-06 observedMaximumStepSeconds=5.00000000e-06 minimumTimeStepSeconds=5.00000000e-11 adaptive=true
Q30_STEP_PROFILE seed=10 fault=REN_OPEN profile=healthy-preparation boundary=BEGIN stepRole=PRODUCTION_5_US declaredMaximumStepSeconds=5.00000000e-06 configuredMaximumStepSeconds=5.00000000e-06 actualCurrentStepSeconds=5.00000000e-06 observedMinimumStepSeconds=5.00000000e-06 observedMaximumStepSeconds=5.00000000e-06 minimumTimeStepSeconds=5.00000000e-11 adaptive=true
Q30_STEP_PROFILE seed=10 fault=REN_OPEN profile=healthy-preparation boundary=END stepRole=PRODUCTION_5_US declaredMaximumStepSeconds=5.00000000e-06 configuredMaximumStepSeconds=5.00000000e-06 actualCurrentStepSeconds=5.00000000e-06 observedMinimumStepSeconds=5.00000000e-06 observedMaximumStepSeconds=5.00000000e-06 minimumTimeStepSeconds=5.00000000e-11 adaptive=true
Q30_STEP_PROFILE seed=10 fault=REN_OPEN profile=fault-profile-preparation boundary=BEGIN stepRole=PRODUCTION_5_US declaredMaximumStepSeconds=5.00000000e-06 configuredMaximumStepSeconds=5.00000000e-06 actualCurrentStepSeconds=5.00000000e-06 observedMinimumStepSeconds=5.00000000e-06 observedMaximumStepSeconds=5.00000000e-06 minimumTimeStepSeconds=5.00000000e-11 adaptive=true
Q30_STEP_PROFILE seed=10 fault=REN_OPEN profile=fault-profile-preparation boundary=END stepRole=PRODUCTION_5_US declaredMaximumStepSeconds=5.00000000e-06 configuredMaximumStepSeconds=5.00000000e-06 actualCurrentStepSeconds=5.00000000e-06 observedMinimumStepSeconds=5.00000000e-06 observedMaximumStepSeconds=5.00000000e-06 minimumTimeStepSeconds=5.00000000e-11 adaptive=true
Q30_STEP_PROFILE seed=10 fault=REN_OPEN profile=faulted-four-input-profile boundary=BEGIN stepRole=PRODUCTION_5_US declaredMaximumStepSeconds=5.00000000e-06 configuredMaximumStepSeconds=5.00000000e-06 actualCurrentStepSeconds=5.00000000e-06 observedMinimumStepSeconds=5.00000000e-06 observedMaximumStepSeconds=5.00000000e-06 minimumTimeStepSeconds=5.00000000e-11 adaptive=true
Q30_STEP_PROFILE seed=10 fault=REN_OPEN profile=faulted-four-input-profile boundary=END stepRole=PRODUCTION_5_US declaredMaximumStepSeconds=5.00000000e-06 configuredMaximumStepSeconds=5.00000000e-06 actualCurrentStepSeconds=5.00000000e-06 observedMinimumStepSeconds=5.00000000e-06 observedMaximumStepSeconds=5.00000000e-06 minimumTimeStepSeconds=5.00000000e-11 adaptive=true
Q30_STEP_PROFILE seed=10 fault=REN_OPEN profile=unrepaired-customer-retest boundary=BEGIN stepRole=PRODUCTION_5_US declaredMaximumStepSeconds=5.00000000e-06 configuredMaximumStepSeconds=5.00000000e-06 actualCurrentStepSeconds=5.00000000e-06 observedMinimumStepSeconds=5.00000000e-06 observedMaximumStepSeconds=5.00000000e-06 minimumTimeStepSeconds=5.00000000e-11 adaptive=true
Q30_STEP_PROFILE seed=10 fault=REN_OPEN profile=unrepaired-customer-retest boundary=END stepRole=PRODUCTION_5_US declaredMaximumStepSeconds=5.00000000e-06 configuredMaximumStepSeconds=5.00000000e-06 actualCurrentStepSeconds=5.00000000e-06 observedMinimumStepSeconds=5.00000000e-06 observedMaximumStepSeconds=5.00000000e-06 minimumTimeStepSeconds=5.00000000e-11 adaptive=true
Q30_STEP_PROFILE seed=10 fault=REN_OPEN profile=service-power-off-wait boundary=BEGIN stepRole=PRODUCTION_5_US declaredMaximumStepSeconds=5.00000000e-06 configuredMaximumStepSeconds=5.00000000e-06 actualCurrentStepSeconds=5.00000000e-06 observedMinimumStepSeconds=5.00000000e-06 observedMaximumStepSeconds=5.00000000e-06 minimumTimeStepSeconds=5.00000000e-11 adaptive=true
Q30_STEP_PROFILE seed=10 fault=REN_OPEN profile=service-power-off-wait boundary=END stepRole=PRODUCTION_5_US declaredMaximumStepSeconds=5.00000000e-06 configuredMaximumStepSeconds=5.00000000e-06 actualCurrentStepSeconds=5.00000000e-06 observedMinimumStepSeconds=5.00000000e-06 observedMaximumStepSeconds=5.00000000e-06 minimumTimeStepSeconds=5.00000000e-11 adaptive=true
Q30_STEP_PROFILE seed=10 fault=REN_OPEN profile=reinstalled-original-customer-retest boundary=BEGIN stepRole=PRODUCTION_5_US declaredMaximumStepSeconds=5.00000000e-06 configuredMaximumStepSeconds=5.00000000e-06 actualCurrentStepSeconds=5.00000000e-06 observedMinimumStepSeconds=5.00000000e-06 observedMaximumStepSeconds=5.00000000e-06 minimumTimeStepSeconds=5.00000000e-11 adaptive=true
Q30_STEP_PROFILE seed=10 fault=REN_OPEN profile=reinstalled-original-customer-retest boundary=END stepRole=PRODUCTION_5_US declaredMaximumStepSeconds=5.00000000e-06 configuredMaximumStepSeconds=5.00000000e-06 actualCurrentStepSeconds=5.00000000e-06 observedMinimumStepSeconds=5.00000000e-06 observedMaximumStepSeconds=5.00000000e-06 minimumTimeStepSeconds=5.00000000e-11 adaptive=true
Q30_STEP_PROFILE seed=10 fault=REN_OPEN profile=service-power-off-wait boundary=BEGIN stepRole=PRODUCTION_5_US declaredMaximumStepSeconds=5.00000000e-06 configuredMaximumStepSeconds=5.00000000e-06 actualCurrentStepSeconds=5.00000000e-06 observedMinimumStepSeconds=5.00000000e-06 observedMaximumStepSeconds=5.00000000e-06 minimumTimeStepSeconds=5.00000000e-11 adaptive=true
Q30_STEP_PROFILE seed=10 fault=REN_OPEN profile=service-power-off-wait boundary=END stepRole=PRODUCTION_5_US declaredMaximumStepSeconds=5.00000000e-06 configuredMaximumStepSeconds=5.00000000e-06 actualCurrentStepSeconds=5.00000000e-06 observedMinimumStepSeconds=5.00000000e-06 observedMaximumStepSeconds=5.00000000e-06 minimumTimeStepSeconds=5.00000000e-11 adaptive=true
Q30_STEP_PROFILE seed=10 fault=REN_OPEN profile=repaired-customer-retest boundary=BEGIN stepRole=PRODUCTION_5_US declaredMaximumStepSeconds=5.00000000e-06 configuredMaximumStepSeconds=5.00000000e-06 actualCurrentStepSeconds=5.00000000e-06 observedMinimumStepSeconds=5.00000000e-06 observedMaximumStepSeconds=5.00000000e-06 minimumTimeStepSeconds=5.00000000e-11 adaptive=true
Q30_STEP_PROFILE seed=10 fault=REN_OPEN profile=repaired-customer-retest boundary=END stepRole=PRODUCTION_5_US declaredMaximumStepSeconds=5.00000000e-06 configuredMaximumStepSeconds=5.00000000e-06 actualCurrentStepSeconds=5.00000000e-06 observedMinimumStepSeconds=5.00000000e-06 observedMaximumStepSeconds=5.00000000e-06 minimumTimeStepSeconds=5.00000000e-11 adaptive=true
Q30_STEP_OWNER_CLEANUP seed=10 fault=REN_OPEN declaredMaximumStepSeconds=5.00000000e-06 stepRole=PRODUCTION_5_US cleanup=true elapsedMillis=0
Q30_STEP_PAIR seed=10 support=COMPACT_33 fault=REN_OPEN referenceMaximumStepSeconds=2.50000000e-06 productionCandidateMaximumStepSeconds=5.00000000e-06 candidateKind=PRODUCTION_5_US maxDeltaVolts=0.00130093944 toleranceVolts=0.0117710287 phase=faulted sample=SENSORS_LOW/U1.OUTPUT-J1.2 referenceElapsedMillis=14725 productionCandidateElapsedMillis=7427 referenceSimSeconds=1.16019250 productionCandidateSimSeconds=1.16036000 referenceCleanupMillis=0 productionCandidateCleanupMillis=0 cleanup=true
Q30_STEP_SEED seed=10 support=COMPACT_33 referenceMaximumStepSeconds=2.50000000e-06 productionCandidateMaximumStepSeconds=5.00000000e-06 candidateKind=PRODUCTION_5_US routeTopology=RB30_SHARED_HYSTERETIC_A_BJT_B_NMOS_COMPACT_33 routeAndPairsElapsedMillis=25888
Q30_STEP_OWNER_CLEANUP seed=10 fault=DREV_OPEN declaredMaximumStepSeconds=2.50000000e-06 stepRole=FINER_2_5_US_REFERENCE cleanup=true elapsedMillis=0
Q30_STEP_SEED_CLEANUP seed=10 cleanup=true elapsedMillis=0
PASS: Q30 production solver step sensitivity assertions=1704 seed=10 support=COMPACT_33 faults=1 referenceMaximumStepSeconds=2.50000000e-06 productionCandidateMaximumStepSeconds=5.00000000e-06 candidateKind=PRODUCTION_5_US elapsedMillis=25889

node 11 unconnected
converged after 25 iterations, timeStep = 2.5E-6
converged after 9 iterations, timeStep = 2.5E-6
node 11 unconnected
node 11 unconnected
converged after 10 iterations, timeStep = 2.5E-6
node 11 unconnected
converged after 14 iterations, timeStep = 2.5E-6
node 11 unconnected
converged after 10 iterations, timeStep = 2.5E-6
node 11 unconnected
converged after 15 iterations, timeStep = 2.5E-6
node 11 unconnected
node 20 unconnected
converged after 14 iterations, timeStep = 2.5E-6
timestep down to 1.25E-6 at 0.15024249999997494
converged after 12 iterations, timeStep = 1.25E-6
converged after 3 iterations, timeStep = 1.25E-6
converged after 12 iterations, timeStep = 1.25E-6
converged after 2 iterations, timeStep = 1.25E-6
converged after 2 iterations, timeStep = 1.25E-6
converged after 2 iterations, timeStep = 1.25E-6
timestep up = 2.5E-6 at 0.150249999999975
node 11 unconnected
node 20 unconnected
node 11 unconnected
node 20 unconnected
node 11 unconnected
node 20 unconnected
node 11 unconnected
node 20 unconnected
node 11 unconnected
node 20 unconnected
node 11 unconnected
node 20 unconnected
node 11 unconnected
node 20 unconnected
node 11 unconnected
node 20 unconnected
node 11 unconnected
node 20 unconnected
node 11 unconnected
node 20 unconnected
node 11 unconnected
node 20 unconnected
node 11 unconnected
node 20 unconnected
node 11 unconnected
node 20 unconnected
node 11 unconnected
node 20 unconnected
node 11 unconnected
node 20 unconnected
node 21 unconnected
node 23 unconnected
node 11 unconnected
node 20 unconnected
node 11 unconnected
node 20 unconnected
converged after 6 iterations, timeStep = 2.5E-6
node 11 unconnected
node 20 unconnected
node 11 unconnected
node 20 unconnected
node 11 unconnected
node 20 unconnected
node 11 unconnected
node 20 unconnected
node 11 unconnected
node 20 unconnected
node 11 unconnected
node 20 unconnected
node 11 unconnected
node 20 unconnected
node 11 unconnected
node 20 unconnected
node 11 unconnected
node 20 unconnected
node 11 unconnected
node 20 unconnected
node 11 unconnected
node 20 unconnected
node 21 unconnected
node 23 unconnected
node 11 unconnected
node 21 unconnected
node 23 unconnected
converged after 13 iterations, timeStep = 2.5E-6
node 11 unconnected
node 21 unconnected
node 23 unconnected
converged after 20 iterations, timeStep = 2.5E-6
converged after 7 iterations, timeStep = 2.5E-6
node 11 unconnected
node 21 unconnected
node 23 unconnected
converged after 15 iterations, timeStep = 2.5E-6
node 11 unconnected
node 21 unconnected
node 23 unconnected
converged after 10 iterations, timeStep = 2.5E-6
node 11 unconnected
node 21 unconnected
node 23 unconnected
converged after 14 iterations, timeStep = 2.5E-6
node 11 unconnected
node 21 unconnected
node 23 unconnected
converged after 10 iterations, timeStep = 2.5E-6
node 11 unconnected
converged after 25 iterations, timeStep = 5.0E-6
converged after 6 iterations, timeStep = 5.0E-6
node 11 unconnected
node 11 unconnected
converged after 16 iterations, timeStep = 5.0E-6
node 11 unconnected
converged after 14 iterations, timeStep = 5.0E-6
node 11 unconnected
converged after 19 iterations, timeStep = 5.0E-6
node 11 unconnected
converged after 15 iterations, timeStep = 5.0E-6
node 11 unconnected
node 20 unconnected
converged after 20 iterations, timeStep = 5.0E-6
converged after 20 iterations, timeStep = 5.0E-6
node 11 unconnected
node 20 unconnected
node 11 unconnected
node 20 unconnected
node 11 unconnected
node 20 unconnected
node 11 unconnected
node 20 unconnected
node 11 unconnected
node 20 unconnected
node 11 unconnected
node 20 unconnected
node 11 unconnected
node 20 unconnected
node 11 unconnected
node 20 unconnected
node 11 unconnected
node 20 unconnected
node 11 unconnected
node 20 unconnected
node 11 unconnected
node 20 unconnected
node 11 unconnected
node 20 unconnected
node 11 unconnected
node 20 unconnected
node 11 unconnected
node 20 unconnected
node 11 unconnected
node 20 unconnected
node 21 unconnected
node 23 unconnected
node 11 unconnected
node 20 unconnected
node 11 unconnected
node 20 unconnected
converged after 6 iterations, timeStep = 5.0E-6
node 11 unconnected
node 20 unconnected
node 11 unconnected
node 20 unconnected
node 11 unconnected
node 20 unconnected
node 11 unconnected
node 20 unconnected
node 11 unconnected
node 20 unconnected
node 11 unconnected
node 20 unconnected
node 11 unconnected
node 20 unconnected
node 11 unconnected
node 20 unconnected
node 11 unconnected
node 20 unconnected
node 11 unconnected
node 20 unconnected
node 11 unconnected
node 20 unconnected
node 21 unconnected
node 23 unconnected
node 11 unconnected
node 21 unconnected
node 23 unconnected
converged after 13 iterations, timeStep = 5.0E-6
node 11 unconnected
node 21 unconnected
node 23 unconnected
converged after 20 iterations, timeStep = 5.0E-6
converged after 7 iterations, timeStep = 5.0E-6
node 11 unconnected
node 21 unconnected
node 23 unconnected
converged after 15 iterations, timeStep = 5.0E-6
node 11 unconnected
node 21 unconnected
node 23 unconnected
converged after 16 iterations, timeStep = 5.0E-6
node 11 unconnected
node 21 unconnected
node 23 unconnected
converged after 14 iterations, timeStep = 5.0E-6
node 11 unconnected
node 21 unconnected
node 23 unconnected
converged after 19 iterations, timeStep = 5.0E-6

Q30_STEP_PROFILE seed=10 fault=SENSOR_A_OPEN profile=initial-electrical-settle boundary=BEGIN stepRole=FINER_2_5_US_REFERENCE declaredMaximumStepSeconds=2.50000000e-06 configuredMaximumStepSeconds=2.50000000e-06 actualCurrentStepSeconds=2.50000000e-06 observedMinimumStepSeconds=2.50000000e-06 observedMaximumStepSeconds=2.50000000e-06 minimumTimeStepSeconds=5.00000000e-11 adaptive=true
Q30_STEP_PROFILE seed=10 fault=SENSOR_A_OPEN profile=initial-electrical-settle boundary=END stepRole=FINER_2_5_US_REFERENCE declaredMaximumStepSeconds=2.50000000e-06 configuredMaximumStepSeconds=2.50000000e-06 actualCurrentStepSeconds=2.50000000e-06 observedMinimumStepSeconds=2.50000000e-06 observedMaximumStepSeconds=2.50000000e-06 minimumTimeStepSeconds=5.00000000e-11 adaptive=true
Q30_STEP_PROFILE seed=10 fault=SENSOR_A_OPEN profile=healthy-preparation boundary=BEGIN stepRole=FINER_2_5_US_REFERENCE declaredMaximumStepSeconds=2.50000000e-06 configuredMaximumStepSeconds=2.50000000e-06 actualCurrentStepSeconds=2.50000000e-06 observedMinimumStepSeconds=2.50000000e-06 observedMaximumStepSeconds=2.50000000e-06 minimumTimeStepSeconds=5.00000000e-11 adaptive=true
Q30_STEP_PROFILE seed=10 fault=SENSOR_A_OPEN profile=healthy-preparation boundary=END stepRole=FINER_2_5_US_REFERENCE declaredMaximumStepSeconds=2.50000000e-06 configuredMaximumStepSeconds=2.50000000e-06 actualCurrentStepSeconds=2.50000000e-06 observedMinimumStepSeconds=2.50000000e-06 observedMaximumStepSeconds=2.50000000e-06 minimumTimeStepSeconds=5.00000000e-11 adaptive=true
Q30_STEP_PROFILE seed=10 fault=SENSOR_A_OPEN profile=fault-profile-preparation boundary=BEGIN stepRole=FINER_2_5_US_REFERENCE declaredMaximumStepSeconds=2.50000000e-06 configuredMaximumStepSeconds=2.50000000e-06 actualCurrentStepSeconds=2.50000000e-06 observedMinimumStepSeconds=2.50000000e-06 observedMaximumStepSeconds=2.50000000e-06 minimumTimeStepSeconds=5.00000000e-11 adaptive=true
Q30_STEP_PROFILE seed=10 fault=SENSOR_A_OPEN profile=fault-profile-preparation boundary=END stepRole=FINER_2_5_US_REFERENCE declaredMaximumStepSeconds=2.50000000e-06 configuredMaximumStepSeconds=2.50000000e-06 actualCurrentStepSeconds=2.50000000e-06 observedMinimumStepSeconds=2.50000000e-06 observedMaximumStepSeconds=2.50000000e-06 minimumTimeStepSeconds=5.00000000e-11 adaptive=true
Q30_STEP_PROFILE seed=10 fault=SENSOR_A_OPEN profile=faulted-four-input-profile boundary=BEGIN stepRole=FINER_2_5_US_REFERENCE declaredMaximumStepSeconds=2.50000000e-06 configuredMaximumStepSeconds=2.50000000e-06 actualCurrentStepSeconds=2.50000000e-06 observedMinimumStepSeconds=2.50000000e-06 observedMaximumStepSeconds=2.50000000e-06 minimumTimeStepSeconds=5.00000000e-11 adaptive=true
Q30_STEP_PROFILE seed=10 fault=SENSOR_A_OPEN profile=faulted-four-input-profile boundary=END stepRole=FINER_2_5_US_REFERENCE declaredMaximumStepSeconds=2.50000000e-06 configuredMaximumStepSeconds=2.50000000e-06 actualCurrentStepSeconds=2.50000000e-06 observedMinimumStepSeconds=2.50000000e-06 observedMaximumStepSeconds=2.50000000e-06 minimumTimeStepSeconds=5.00000000e-11 adaptive=true
Q30_STEP_PROFILE seed=10 fault=SENSOR_A_OPEN profile=unrepaired-customer-retest boundary=BEGIN stepRole=FINER_2_5_US_REFERENCE declaredMaximumStepSeconds=2.50000000e-06 configuredMaximumStepSeconds=2.50000000e-06 actualCurrentStepSeconds=2.50000000e-06 observedMinimumStepSeconds=2.50000000e-06 observedMaximumStepSeconds=2.50000000e-06 minimumTimeStepSeconds=5.00000000e-11 adaptive=true
Q30_STEP_PROFILE seed=10 fault=SENSOR_A_OPEN profile=unrepaired-customer-retest boundary=END stepRole=FINER_2_5_US_REFERENCE declaredMaximumStepSeconds=2.50000000e-06 configuredMaximumStepSeconds=2.50000000e-06 actualCurrentStepSeconds=2.50000000e-06 observedMinimumStepSeconds=2.50000000e-06 observedMaximumStepSeconds=2.50000000e-06 minimumTimeStepSeconds=5.00000000e-11 adaptive=true
Q30_STEP_PROFILE seed=10 fault=SENSOR_A_OPEN profile=service-power-off-wait boundary=BEGIN stepRole=FINER_2_5_US_REFERENCE declaredMaximumStepSeconds=2.50000000e-06 configuredMaximumStepSeconds=2.50000000e-06 actualCurrentStepSeconds=2.50000000e-06 observedMinimumStepSeconds=2.50000000e-06 observedMaximumStepSeconds=2.50000000e-06 minimumTimeStepSeconds=5.00000000e-11 adaptive=true
Q30_STEP_PROFILE seed=10 fault=SENSOR_A_OPEN profile=service-power-off-wait boundary=END stepRole=FINER_2_5_US_REFERENCE declaredMaximumStepSeconds=2.50000000e-06 configuredMaximumStepSeconds=2.50000000e-06 actualCurrentStepSeconds=2.50000000e-06 observedMinimumStepSeconds=2.50000000e-06 observedMaximumStepSeconds=2.50000000e-06 minimumTimeStepSeconds=5.00000000e-11 adaptive=true
Q30_STEP_PROFILE seed=10 fault=SENSOR_A_OPEN profile=reinstalled-original-customer-retest boundary=BEGIN stepRole=FINER_2_5_US_REFERENCE declaredMaximumStepSeconds=2.50000000e-06 configuredMaximumStepSeconds=2.50000000e-06 actualCurrentStepSeconds=2.50000000e-06 observedMinimumStepSeconds=2.50000000e-06 observedMaximumStepSeconds=2.50000000e-06 minimumTimeStepSeconds=5.00000000e-11 adaptive=true
Q30_STEP_PROFILE seed=10 fault=SENSOR_A_OPEN profile=reinstalled-original-customer-retest boundary=END stepRole=FINER_2_5_US_REFERENCE declaredMaximumStepSeconds=2.50000000e-06 configuredMaximumStepSeconds=2.50000000e-06 actualCurrentStepSeconds=2.50000000e-06 observedMinimumStepSeconds=2.50000000e-06 observedMaximumStepSeconds=2.50000000e-06 minimumTimeStepSeconds=5.00000000e-11 adaptive=true
Q30_STEP_PROFILE seed=10 fault=SENSOR_A_OPEN profile=service-power-off-wait boundary=BEGIN stepRole=FINER_2_5_US_REFERENCE declaredMaximumStepSeconds=2.50000000e-06 configuredMaximumStepSeconds=2.50000000e-06 actualCurrentStepSeconds=2.50000000e-06 observedMinimumStepSeconds=2.50000000e-06 observedMaximumStepSeconds=2.50000000e-06 minimumTimeStepSeconds=5.00000000e-11 adaptive=true
Q30_STEP_PROFILE seed=10 fault=SENSOR_A_OPEN profile=service-power-off-wait boundary=END stepRole=FINER_2_5_US_REFERENCE declaredMaximumStepSeconds=2.50000000e-06 configuredMaximumStepSeconds=2.50000000e-06 actualCurrentStepSeconds=2.50000000e-06 observedMinimumStepSeconds=2.50000000e-06 observedMaximumStepSeconds=2.50000000e-06 minimumTimeStepSeconds=5.00000000e-11 adaptive=true
Q30_STEP_PROFILE seed=10 fault=SENSOR_A_OPEN profile=repaired-customer-retest boundary=BEGIN stepRole=FINER_2_5_US_REFERENCE declaredMaximumStepSeconds=2.50000000e-06 configuredMaximumStepSeconds=2.50000000e-06 actualCurrentStepSeconds=2.50000000e-06 observedMinimumStepSeconds=2.50000000e-06 observedMaximumStepSeconds=2.50000000e-06 minimumTimeStepSeconds=5.00000000e-11 adaptive=true
Q30_STEP_PROFILE seed=10 fault=SENSOR_A_OPEN profile=repaired-customer-retest boundary=END stepRole=FINER_2_5_US_REFERENCE declaredMaximumStepSeconds=2.50000000e-06 configuredMaximumStepSeconds=2.50000000e-06 actualCurrentStepSeconds=2.50000000e-06 observedMinimumStepSeconds=2.50000000e-06 observedMaximumStepSeconds=2.50000000e-06 minimumTimeStepSeconds=5.00000000e-11 adaptive=true
Q30_STEP_OWNER_CLEANUP seed=10 fault=SENSOR_A_OPEN declaredMaximumStepSeconds=2.50000000e-06 stepRole=FINER_2_5_US_REFERENCE cleanup=true elapsedMillis=0
Q30_STEP_PROFILE seed=10 fault=SENSOR_A_OPEN profile=initial-electrical-settle boundary=BEGIN stepRole=PRODUCTION_5_US declaredMaximumStepSeconds=5.00000000e-06 configuredMaximumStepSeconds=5.00000000e-06 actualCurrentStepSeconds=5.00000000e-06 observedMinimumStepSeconds=5.00000000e-06 observedMaximumStepSeconds=5.00000000e-06 minimumTimeStepSeconds=5.00000000e-11 adaptive=true
Q30_STEP_PROFILE seed=10 fault=SENSOR_A_OPEN profile=initial-electrical-settle boundary=END stepRole=PRODUCTION_5_US declaredMaximumStepSeconds=5.00000000e-06 configuredMaximumStepSeconds=5.00000000e-06 actualCurrentStepSeconds=5.00000000e-06 observedMinimumStepSeconds=5.00000000e-06 observedMaximumStepSeconds=5.00000000e-06 minimumTimeStepSeconds=5.00000000e-11 adaptive=true
Q30_STEP_PROFILE seed=10 fault=SENSOR_A_OPEN profile=healthy-preparation boundary=BEGIN stepRole=PRODUCTION_5_US declaredMaximumStepSeconds=5.00000000e-06 configuredMaximumStepSeconds=5.00000000e-06 actualCurrentStepSeconds=5.00000000e-06 observedMinimumStepSeconds=5.00000000e-06 observedMaximumStepSeconds=5.00000000e-06 minimumTimeStepSeconds=5.00000000e-11 adaptive=true
Q30_STEP_PROFILE seed=10 fault=SENSOR_A_OPEN profile=healthy-preparation boundary=END stepRole=PRODUCTION_5_US declaredMaximumStepSeconds=5.00000000e-06 configuredMaximumStepSeconds=5.00000000e-06 actualCurrentStepSeconds=5.00000000e-06 observedMinimumStepSeconds=5.00000000e-06 observedMaximumStepSeconds=5.00000000e-06 minimumTimeStepSeconds=5.00000000e-11 adaptive=true
Q30_STEP_PROFILE seed=10 fault=SENSOR_A_OPEN profile=fault-profile-preparation boundary=BEGIN stepRole=PRODUCTION_5_US declaredMaximumStepSeconds=5.00000000e-06 configuredMaximumStepSeconds=5.00000000e-06 actualCurrentStepSeconds=5.00000000e-06 observedMinimumStepSeconds=5.00000000e-06 observedMaximumStepSeconds=5.00000000e-06 minimumTimeStepSeconds=5.00000000e-11 adaptive=true
Q30_STEP_PROFILE seed=10 fault=SENSOR_A_OPEN profile=fault-profile-preparation boundary=END stepRole=PRODUCTION_5_US declaredMaximumStepSeconds=5.00000000e-06 configuredMaximumStepSeconds=5.00000000e-06 actualCurrentStepSeconds=5.00000000e-06 observedMinimumStepSeconds=5.00000000e-06 observedMaximumStepSeconds=5.00000000e-06 minimumTimeStepSeconds=5.00000000e-11 adaptive=true
Q30_STEP_PROFILE seed=10 fault=SENSOR_A_OPEN profile=faulted-four-input-profile boundary=BEGIN stepRole=PRODUCTION_5_US declaredMaximumStepSeconds=5.00000000e-06 configuredMaximumStepSeconds=5.00000000e-06 actualCurrentStepSeconds=5.00000000e-06 observedMinimumStepSeconds=5.00000000e-06 observedMaximumStepSeconds=5.00000000e-06 minimumTimeStepSeconds=5.00000000e-11 adaptive=true
Q30_STEP_PROFILE seed=10 fault=SENSOR_A_OPEN profile=faulted-four-input-profile boundary=END stepRole=PRODUCTION_5_US declaredMaximumStepSeconds=5.00000000e-06 configuredMaximumStepSeconds=5.00000000e-06 actualCurrentStepSeconds=5.00000000e-06 observedMinimumStepSeconds=5.00000000e-06 observedMaximumStepSeconds=5.00000000e-06 minimumTimeStepSeconds=5.00000000e-11 adaptive=true
Q30_STEP_PROFILE seed=10 fault=SENSOR_A_OPEN profile=unrepaired-customer-retest boundary=BEGIN stepRole=PRODUCTION_5_US declaredMaximumStepSeconds=5.00000000e-06 configuredMaximumStepSeconds=5.00000000e-06 actualCurrentStepSeconds=5.00000000e-06 observedMinimumStepSeconds=5.00000000e-06 observedMaximumStepSeconds=5.00000000e-06 minimumTimeStepSeconds=5.00000000e-11 adaptive=true
Q30_STEP_PROFILE seed=10 fault=SENSOR_A_OPEN profile=unrepaired-customer-retest boundary=END stepRole=PRODUCTION_5_US declaredMaximumStepSeconds=5.00000000e-06 configuredMaximumStepSeconds=5.00000000e-06 actualCurrentStepSeconds=5.00000000e-06 observedMinimumStepSeconds=5.00000000e-06 observedMaximumStepSeconds=5.00000000e-06 minimumTimeStepSeconds=5.00000000e-11 adaptive=true
Q30_STEP_PROFILE seed=10 fault=SENSOR_A_OPEN profile=service-power-off-wait boundary=BEGIN stepRole=PRODUCTION_5_US declaredMaximumStepSeconds=5.00000000e-06 configuredMaximumStepSeconds=5.00000000e-06 actualCurrentStepSeconds=5.00000000e-06 observedMinimumStepSeconds=5.00000000e-06 observedMaximumStepSeconds=5.00000000e-06 minimumTimeStepSeconds=5.00000000e-11 adaptive=true
Q30_STEP_PROFILE seed=10 fault=SENSOR_A_OPEN profile=service-power-off-wait boundary=END stepRole=PRODUCTION_5_US declaredMaximumStepSeconds=5.00000000e-06 configuredMaximumStepSeconds=5.00000000e-06 actualCurrentStepSeconds=5.00000000e-06 observedMinimumStepSeconds=5.00000000e-06 observedMaximumStepSeconds=5.00000000e-06 minimumTimeStepSeconds=5.00000000e-11 adaptive=true
Q30_STEP_PROFILE seed=10 fault=SENSOR_A_OPEN profile=reinstalled-original-customer-retest boundary=BEGIN stepRole=PRODUCTION_5_US declaredMaximumStepSeconds=5.00000000e-06 configuredMaximumStepSeconds=5.00000000e-06 actualCurrentStepSeconds=5.00000000e-06 observedMinimumStepSeconds=5.00000000e-06 observedMaximumStepSeconds=5.00000000e-06 minimumTimeStepSeconds=5.00000000e-11 adaptive=true
Q30_STEP_PROFILE seed=10 fault=SENSOR_A_OPEN profile=reinstalled-original-customer-retest boundary=END stepRole=PRODUCTION_5_US declaredMaximumStepSeconds=5.00000000e-06 configuredMaximumStepSeconds=5.00000000e-06 actualCurrentStepSeconds=5.00000000e-06 observedMinimumStepSeconds=5.00000000e-06 observedMaximumStepSeconds=5.00000000e-06 minimumTimeStepSeconds=5.00000000e-11 adaptive=true
Q30_STEP_PROFILE seed=10 fault=SENSOR_A_OPEN profile=service-power-off-wait boundary=BEGIN stepRole=PRODUCTION_5_US declaredMaximumStepSeconds=5.00000000e-06 configuredMaximumStepSeconds=5.00000000e-06 actualCurrentStepSeconds=5.00000000e-06 observedMinimumStepSeconds=5.00000000e-06 observedMaximumStepSeconds=5.00000000e-06 minimumTimeStepSeconds=5.00000000e-11 adaptive=true
Q30_STEP_PROFILE seed=10 fault=SENSOR_A_OPEN profile=service-power-off-wait boundary=END stepRole=PRODUCTION_5_US declaredMaximumStepSeconds=5.00000000e-06 configuredMaximumStepSeconds=5.00000000e-06 actualCurrentStepSeconds=5.00000000e-06 observedMinimumStepSeconds=5.00000000e-06 observedMaximumStepSeconds=5.00000000e-06 minimumTimeStepSeconds=5.00000000e-11 adaptive=true
Q30_STEP_PROFILE seed=10 fault=SENSOR_A_OPEN profile=repaired-customer-retest boundary=BEGIN stepRole=PRODUCTION_5_US declaredMaximumStepSeconds=5.00000000e-06 configuredMaximumStepSeconds=5.00000000e-06 actualCurrentStepSeconds=5.00000000e-06 observedMinimumStepSeconds=5.00000000e-06 observedMaximumStepSeconds=5.00000000e-06 minimumTimeStepSeconds=5.00000000e-11 adaptive=true
Q30_STEP_PROFILE seed=10 fault=SENSOR_A_OPEN profile=repaired-customer-retest boundary=END stepRole=PRODUCTION_5_US declaredMaximumStepSeconds=5.00000000e-06 configuredMaximumStepSeconds=5.00000000e-06 actualCurrentStepSeconds=5.00000000e-06 observedMinimumStepSeconds=5.00000000e-06 observedMaximumStepSeconds=5.00000000e-06 minimumTimeStepSeconds=5.00000000e-11 adaptive=true
Q30_STEP_OWNER_CLEANUP seed=10 fault=SENSOR_A_OPEN declaredMaximumStepSeconds=5.00000000e-06 stepRole=PRODUCTION_5_US cleanup=true elapsedMillis=0
Q30_STEP_PAIR seed=10 support=COMPACT_33 fault=SENSOR_A_OPEN referenceMaximumStepSeconds=2.50000000e-06 productionCandidateMaximumStepSeconds=5.00000000e-06 candidateKind=PRODUCTION_5_US maxDeltaVolts=4.13091783e-11 toleranceVolts=0.120646256 phase=customer-retest sample=SENSORS_B_ONLY/REN.2-J1.2 referenceElapsedMillis=16598 productionCandidateElapsedMillis=8402 referenceSimSeconds=1.16019250 productionCandidateSimSeconds=1.16036000 referenceCleanupMillis=0 productionCandidateCleanupMillis=0 cleanup=true
Q30_STEP_SEED seed=10 support=COMPACT_33 referenceMaximumStepSeconds=2.50000000e-06 productionCandidateMaximumStepSeconds=5.00000000e-06 candidateKind=PRODUCTION_5_US routeTopology=RB30_SHARED_HYSTERETIC_A_BJT_B_NMOS_COMPACT_33 routeAndPairsElapsedMillis=28587
Q30_STEP_OWNER_CLEANUP seed=10 fault=DREV_OPEN declaredMaximumStepSeconds=2.50000000e-06 stepRole=FINER_2_5_US_REFERENCE cleanup=true elapsedMillis=0
Q30_STEP_SEED_CLEANUP seed=10 cleanup=true elapsedMillis=0
PASS: Q30 production solver step sensitivity assertions=1704 seed=10 support=COMPACT_33 faults=1 referenceMaximumStepSeconds=2.50000000e-06 productionCandidateMaximumStepSeconds=5.00000000e-06 candidateKind=PRODUCTION_5_US elapsedMillis=28588

node 11 unconnected
converged after 25 iterations, timeStep = 2.5E-6
converged after 9 iterations, timeStep = 2.5E-6
node 11 unconnected
node 11 unconnected
converged after 10 iterations, timeStep = 2.5E-6
node 11 unconnected
converged after 14 iterations, timeStep = 2.5E-6
node 11 unconnected
converged after 10 iterations, timeStep = 2.5E-6
node 11 unconnected
converged after 15 iterations, timeStep = 2.5E-6
node 11 unconnected
converged after 14 iterations, timeStep = 2.5E-6
node 11 unconnected
converged after 15 iterations, timeStep = 2.5E-6
node 11 unconnected
node 11 unconnected
converged after 14 iterations, timeStep = 2.5E-6
node 11 unconnected
node 11 unconnected
converged after 15 iterations, timeStep = 2.5E-6
node 11 unconnected
node 11 unconnected
converged after 14 iterations, timeStep = 2.5E-6
node 11 unconnected
node 11 unconnected
converged after 15 iterations, timeStep = 2.5E-6
node 11 unconnected
node 11 unconnected
node 11 unconnected
node 11 unconnected
node 11 unconnected
node 11 unconnected
node 28 unconnected
node 30 unconnected
node 11 unconnected
node 11 unconnected
converged after 23 iterations, timeStep = 2.5E-6
converged after 6 iterations, timeStep = 2.5E-6
node 11 unconnected
node 11 unconnected
node 11 unconnected
converged after 14 iterations, timeStep = 2.5E-6
node 11 unconnected
node 11 unconnected
converged after 15 iterations, timeStep = 2.5E-6
node 11 unconnected
node 11 unconnected
node 11 unconnected
node 11 unconnected
node 11 unconnected
node 11 unconnected
node 28 unconnected
node 30 unconnected
node 11 unconnected
node 28 unconnected
node 30 unconnected
node 11 unconnected
node 28 unconnected
node 30 unconnected
converged after 23 iterations, timeStep = 2.5E-6
converged after 6 iterations, timeStep = 2.5E-6
node 11 unconnected
node 28 unconnected
node 30 unconnected
node 11 unconnected
node 28 unconnected
node 30 unconnected
converged after 10 iterations, timeStep = 2.5E-6
node 11 unconnected
node 28 unconnected
node 30 unconnected
converged after 14 iterations, timeStep = 2.5E-6
node 11 unconnected
node 28 unconnected
node 30 unconnected
converged after 10 iterations, timeStep = 2.5E-6
node 11 unconnected
converged after 25 iterations, timeStep = 5.0E-6
converged after 6 iterations, timeStep = 5.0E-6
node 11 unconnected
node 11 unconnected
converged after 16 iterations, timeStep = 5.0E-6
node 11 unconnected
converged after 14 iterations, timeStep = 5.0E-6
node 11 unconnected
converged after 19 iterations, timeStep = 5.0E-6
node 11 unconnected
converged after 15 iterations, timeStep = 5.0E-6
node 11 unconnected
converged after 14 iterations, timeStep = 5.0E-6
node 11 unconnected
converged after 15 iterations, timeStep = 5.0E-6
node 11 unconnected
node 11 unconnected
converged after 14 iterations, timeStep = 5.0E-6
node 11 unconnected
node 11 unconnected
converged after 15 iterations, timeStep = 5.0E-6
node 11 unconnected
node 11 unconnected
converged after 14 iterations, timeStep = 5.0E-6
node 11 unconnected
node 11 unconnected
converged after 15 iterations, timeStep = 5.0E-6
node 11 unconnected
node 11 unconnected
node 11 unconnected
node 11 unconnected
node 11 unconnected
node 11 unconnected
node 28 unconnected
node 30 unconnected
node 11 unconnected
node 11 unconnected
converged after 23 iterations, timeStep = 5.0E-6
node 11 unconnected
node 11 unconnected
node 11 unconnected
converged after 14 iterations, timeStep = 5.0E-6
node 11 unconnected
node 11 unconnected
converged after 15 iterations, timeStep = 5.0E-6
node 11 unconnected
node 11 unconnected
node 11 unconnected
node 11 unconnected
node 11 unconnected
node 11 unconnected
node 28 unconnected
node 30 unconnected
node 11 unconnected
node 28 unconnected
node 30 unconnected
node 11 unconnected
node 28 unconnected
node 30 unconnected
converged after 23 iterations, timeStep = 5.0E-6
node 11 unconnected
node 28 unconnected
node 30 unconnected
node 11 unconnected
node 28 unconnected
node 30 unconnected
converged after 16 iterations, timeStep = 5.0E-6
node 11 unconnected
node 28 unconnected
node 30 unconnected
converged after 14 iterations, timeStep = 5.0E-6
node 11 unconnected
node 28 unconnected
node 30 unconnected
converged after 19 iterations, timeStep = 5.0E-6

Q30_STEP_PROFILE seed=10 fault=DRIVE_A_OPEN profile=initial-electrical-settle boundary=BEGIN stepRole=FINER_2_5_US_REFERENCE declaredMaximumStepSeconds=2.50000000e-06 configuredMaximumStepSeconds=2.50000000e-06 actualCurrentStepSeconds=2.50000000e-06 observedMinimumStepSeconds=2.50000000e-06 observedMaximumStepSeconds=2.50000000e-06 minimumTimeStepSeconds=5.00000000e-11 adaptive=true
Q30_STEP_PROFILE seed=10 fault=DRIVE_A_OPEN profile=initial-electrical-settle boundary=END stepRole=FINER_2_5_US_REFERENCE declaredMaximumStepSeconds=2.50000000e-06 configuredMaximumStepSeconds=2.50000000e-06 actualCurrentStepSeconds=2.50000000e-06 observedMinimumStepSeconds=2.50000000e-06 observedMaximumStepSeconds=2.50000000e-06 minimumTimeStepSeconds=5.00000000e-11 adaptive=true
Q30_STEP_PROFILE seed=10 fault=DRIVE_A_OPEN profile=healthy-preparation boundary=BEGIN stepRole=FINER_2_5_US_REFERENCE declaredMaximumStepSeconds=2.50000000e-06 configuredMaximumStepSeconds=2.50000000e-06 actualCurrentStepSeconds=2.50000000e-06 observedMinimumStepSeconds=2.50000000e-06 observedMaximumStepSeconds=2.50000000e-06 minimumTimeStepSeconds=5.00000000e-11 adaptive=true
Q30_STEP_PROFILE seed=10 fault=DRIVE_A_OPEN profile=healthy-preparation boundary=END stepRole=FINER_2_5_US_REFERENCE declaredMaximumStepSeconds=2.50000000e-06 configuredMaximumStepSeconds=2.50000000e-06 actualCurrentStepSeconds=2.50000000e-06 observedMinimumStepSeconds=2.50000000e-06 observedMaximumStepSeconds=2.50000000e-06 minimumTimeStepSeconds=5.00000000e-11 adaptive=true
Q30_STEP_PROFILE seed=10 fault=DRIVE_A_OPEN profile=fault-profile-preparation boundary=BEGIN stepRole=FINER_2_5_US_REFERENCE declaredMaximumStepSeconds=2.50000000e-06 configuredMaximumStepSeconds=2.50000000e-06 actualCurrentStepSeconds=2.50000000e-06 observedMinimumStepSeconds=2.50000000e-06 observedMaximumStepSeconds=2.50000000e-06 minimumTimeStepSeconds=5.00000000e-11 adaptive=true
Q30_STEP_PROFILE seed=10 fault=DRIVE_A_OPEN profile=fault-profile-preparation boundary=END stepRole=FINER_2_5_US_REFERENCE declaredMaximumStepSeconds=2.50000000e-06 configuredMaximumStepSeconds=2.50000000e-06 actualCurrentStepSeconds=2.50000000e-06 observedMinimumStepSeconds=2.50000000e-06 observedMaximumStepSeconds=2.50000000e-06 minimumTimeStepSeconds=5.00000000e-11 adaptive=true
Q30_STEP_PROFILE seed=10 fault=DRIVE_A_OPEN profile=faulted-four-input-profile boundary=BEGIN stepRole=FINER_2_5_US_REFERENCE declaredMaximumStepSeconds=2.50000000e-06 configuredMaximumStepSeconds=2.50000000e-06 actualCurrentStepSeconds=2.50000000e-06 observedMinimumStepSeconds=2.50000000e-06 observedMaximumStepSeconds=2.50000000e-06 minimumTimeStepSeconds=5.00000000e-11 adaptive=true
Q30_STEP_PROFILE seed=10 fault=DRIVE_A_OPEN profile=faulted-four-input-profile boundary=END stepRole=FINER_2_5_US_REFERENCE declaredMaximumStepSeconds=2.50000000e-06 configuredMaximumStepSeconds=2.50000000e-06 actualCurrentStepSeconds=2.50000000e-06 observedMinimumStepSeconds=2.50000000e-06 observedMaximumStepSeconds=2.50000000e-06 minimumTimeStepSeconds=5.00000000e-11 adaptive=true
Q30_STEP_PROFILE seed=10 fault=DRIVE_A_OPEN profile=unrepaired-customer-retest boundary=BEGIN stepRole=FINER_2_5_US_REFERENCE declaredMaximumStepSeconds=2.50000000e-06 configuredMaximumStepSeconds=2.50000000e-06 actualCurrentStepSeconds=2.50000000e-06 observedMinimumStepSeconds=2.50000000e-06 observedMaximumStepSeconds=2.50000000e-06 minimumTimeStepSeconds=5.00000000e-11 adaptive=true
Q30_STEP_PROFILE seed=10 fault=DRIVE_A_OPEN profile=unrepaired-customer-retest boundary=END stepRole=FINER_2_5_US_REFERENCE declaredMaximumStepSeconds=2.50000000e-06 configuredMaximumStepSeconds=2.50000000e-06 actualCurrentStepSeconds=2.50000000e-06 observedMinimumStepSeconds=2.50000000e-06 observedMaximumStepSeconds=2.50000000e-06 minimumTimeStepSeconds=5.00000000e-11 adaptive=true
Q30_STEP_PROFILE seed=10 fault=DRIVE_A_OPEN profile=service-power-off-wait boundary=BEGIN stepRole=FINER_2_5_US_REFERENCE declaredMaximumStepSeconds=2.50000000e-06 configuredMaximumStepSeconds=2.50000000e-06 actualCurrentStepSeconds=2.50000000e-06 observedMinimumStepSeconds=2.50000000e-06 observedMaximumStepSeconds=2.50000000e-06 minimumTimeStepSeconds=5.00000000e-11 adaptive=true
Q30_STEP_PROFILE seed=10 fault=DRIVE_A_OPEN profile=service-power-off-wait boundary=END stepRole=FINER_2_5_US_REFERENCE declaredMaximumStepSeconds=2.50000000e-06 configuredMaximumStepSeconds=2.50000000e-06 actualCurrentStepSeconds=2.50000000e-06 observedMinimumStepSeconds=2.50000000e-06 observedMaximumStepSeconds=2.50000000e-06 minimumTimeStepSeconds=5.00000000e-11 adaptive=true
Q30_STEP_PROFILE seed=10 fault=DRIVE_A_OPEN profile=reinstalled-original-customer-retest boundary=BEGIN stepRole=FINER_2_5_US_REFERENCE declaredMaximumStepSeconds=2.50000000e-06 configuredMaximumStepSeconds=2.50000000e-06 actualCurrentStepSeconds=2.50000000e-06 observedMinimumStepSeconds=2.50000000e-06 observedMaximumStepSeconds=2.50000000e-06 minimumTimeStepSeconds=5.00000000e-11 adaptive=true
Q30_STEP_PROFILE seed=10 fault=DRIVE_A_OPEN profile=reinstalled-original-customer-retest boundary=END stepRole=FINER_2_5_US_REFERENCE declaredMaximumStepSeconds=2.50000000e-06 configuredMaximumStepSeconds=2.50000000e-06 actualCurrentStepSeconds=2.50000000e-06 observedMinimumStepSeconds=2.50000000e-06 observedMaximumStepSeconds=2.50000000e-06 minimumTimeStepSeconds=5.00000000e-11 adaptive=true
Q30_STEP_PROFILE seed=10 fault=DRIVE_A_OPEN profile=service-power-off-wait boundary=BEGIN stepRole=FINER_2_5_US_REFERENCE declaredMaximumStepSeconds=2.50000000e-06 configuredMaximumStepSeconds=2.50000000e-06 actualCurrentStepSeconds=2.50000000e-06 observedMinimumStepSeconds=2.50000000e-06 observedMaximumStepSeconds=2.50000000e-06 minimumTimeStepSeconds=5.00000000e-11 adaptive=true
Q30_STEP_PROFILE seed=10 fault=DRIVE_A_OPEN profile=service-power-off-wait boundary=END stepRole=FINER_2_5_US_REFERENCE declaredMaximumStepSeconds=2.50000000e-06 configuredMaximumStepSeconds=2.50000000e-06 actualCurrentStepSeconds=2.50000000e-06 observedMinimumStepSeconds=2.50000000e-06 observedMaximumStepSeconds=2.50000000e-06 minimumTimeStepSeconds=5.00000000e-11 adaptive=true
Q30_STEP_PROFILE seed=10 fault=DRIVE_A_OPEN profile=repaired-customer-retest boundary=BEGIN stepRole=FINER_2_5_US_REFERENCE declaredMaximumStepSeconds=2.50000000e-06 configuredMaximumStepSeconds=2.50000000e-06 actualCurrentStepSeconds=2.50000000e-06 observedMinimumStepSeconds=2.50000000e-06 observedMaximumStepSeconds=2.50000000e-06 minimumTimeStepSeconds=5.00000000e-11 adaptive=true
Q30_STEP_PROFILE seed=10 fault=DRIVE_A_OPEN profile=repaired-customer-retest boundary=END stepRole=FINER_2_5_US_REFERENCE declaredMaximumStepSeconds=2.50000000e-06 configuredMaximumStepSeconds=2.50000000e-06 actualCurrentStepSeconds=2.50000000e-06 observedMinimumStepSeconds=2.50000000e-06 observedMaximumStepSeconds=2.50000000e-06 minimumTimeStepSeconds=5.00000000e-11 adaptive=true
Q30_STEP_OWNER_CLEANUP seed=10 fault=DRIVE_A_OPEN declaredMaximumStepSeconds=2.50000000e-06 stepRole=FINER_2_5_US_REFERENCE cleanup=true elapsedMillis=0
Q30_STEP_PROFILE seed=10 fault=DRIVE_A_OPEN profile=initial-electrical-settle boundary=BEGIN stepRole=PRODUCTION_5_US declaredMaximumStepSeconds=5.00000000e-06 configuredMaximumStepSeconds=5.00000000e-06 actualCurrentStepSeconds=5.00000000e-06 observedMinimumStepSeconds=5.00000000e-06 observedMaximumStepSeconds=5.00000000e-06 minimumTimeStepSeconds=5.00000000e-11 adaptive=true
Q30_STEP_PROFILE seed=10 fault=DRIVE_A_OPEN profile=initial-electrical-settle boundary=END stepRole=PRODUCTION_5_US declaredMaximumStepSeconds=5.00000000e-06 configuredMaximumStepSeconds=5.00000000e-06 actualCurrentStepSeconds=5.00000000e-06 observedMinimumStepSeconds=5.00000000e-06 observedMaximumStepSeconds=5.00000000e-06 minimumTimeStepSeconds=5.00000000e-11 adaptive=true
Q30_STEP_PROFILE seed=10 fault=DRIVE_A_OPEN profile=healthy-preparation boundary=BEGIN stepRole=PRODUCTION_5_US declaredMaximumStepSeconds=5.00000000e-06 configuredMaximumStepSeconds=5.00000000e-06 actualCurrentStepSeconds=5.00000000e-06 observedMinimumStepSeconds=5.00000000e-06 observedMaximumStepSeconds=5.00000000e-06 minimumTimeStepSeconds=5.00000000e-11 adaptive=true
Q30_STEP_PROFILE seed=10 fault=DRIVE_A_OPEN profile=healthy-preparation boundary=END stepRole=PRODUCTION_5_US declaredMaximumStepSeconds=5.00000000e-06 configuredMaximumStepSeconds=5.00000000e-06 actualCurrentStepSeconds=5.00000000e-06 observedMinimumStepSeconds=5.00000000e-06 observedMaximumStepSeconds=5.00000000e-06 minimumTimeStepSeconds=5.00000000e-11 adaptive=true
Q30_STEP_PROFILE seed=10 fault=DRIVE_A_OPEN profile=fault-profile-preparation boundary=BEGIN stepRole=PRODUCTION_5_US declaredMaximumStepSeconds=5.00000000e-06 configuredMaximumStepSeconds=5.00000000e-06 actualCurrentStepSeconds=5.00000000e-06 observedMinimumStepSeconds=5.00000000e-06 observedMaximumStepSeconds=5.00000000e-06 minimumTimeStepSeconds=5.00000000e-11 adaptive=true
Q30_STEP_PROFILE seed=10 fault=DRIVE_A_OPEN profile=fault-profile-preparation boundary=END stepRole=PRODUCTION_5_US declaredMaximumStepSeconds=5.00000000e-06 configuredMaximumStepSeconds=5.00000000e-06 actualCurrentStepSeconds=5.00000000e-06 observedMinimumStepSeconds=5.00000000e-06 observedMaximumStepSeconds=5.00000000e-06 minimumTimeStepSeconds=5.00000000e-11 adaptive=true
Q30_STEP_PROFILE seed=10 fault=DRIVE_A_OPEN profile=faulted-four-input-profile boundary=BEGIN stepRole=PRODUCTION_5_US declaredMaximumStepSeconds=5.00000000e-06 configuredMaximumStepSeconds=5.00000000e-06 actualCurrentStepSeconds=5.00000000e-06 observedMinimumStepSeconds=5.00000000e-06 observedMaximumStepSeconds=5.00000000e-06 minimumTimeStepSeconds=5.00000000e-11 adaptive=true
Q30_STEP_PROFILE seed=10 fault=DRIVE_A_OPEN profile=faulted-four-input-profile boundary=END stepRole=PRODUCTION_5_US declaredMaximumStepSeconds=5.00000000e-06 configuredMaximumStepSeconds=5.00000000e-06 actualCurrentStepSeconds=5.00000000e-06 observedMinimumStepSeconds=5.00000000e-06 observedMaximumStepSeconds=5.00000000e-06 minimumTimeStepSeconds=5.00000000e-11 adaptive=true
Q30_STEP_PROFILE seed=10 fault=DRIVE_A_OPEN profile=unrepaired-customer-retest boundary=BEGIN stepRole=PRODUCTION_5_US declaredMaximumStepSeconds=5.00000000e-06 configuredMaximumStepSeconds=5.00000000e-06 actualCurrentStepSeconds=5.00000000e-06 observedMinimumStepSeconds=5.00000000e-06 observedMaximumStepSeconds=5.00000000e-06 minimumTimeStepSeconds=5.00000000e-11 adaptive=true
Q30_STEP_PROFILE seed=10 fault=DRIVE_A_OPEN profile=unrepaired-customer-retest boundary=END stepRole=PRODUCTION_5_US declaredMaximumStepSeconds=5.00000000e-06 configuredMaximumStepSeconds=5.00000000e-06 actualCurrentStepSeconds=5.00000000e-06 observedMinimumStepSeconds=5.00000000e-06 observedMaximumStepSeconds=5.00000000e-06 minimumTimeStepSeconds=5.00000000e-11 adaptive=true
Q30_STEP_PROFILE seed=10 fault=DRIVE_A_OPEN profile=service-power-off-wait boundary=BEGIN stepRole=PRODUCTION_5_US declaredMaximumStepSeconds=5.00000000e-06 configuredMaximumStepSeconds=5.00000000e-06 actualCurrentStepSeconds=5.00000000e-06 observedMinimumStepSeconds=5.00000000e-06 observedMaximumStepSeconds=5.00000000e-06 minimumTimeStepSeconds=5.00000000e-11 adaptive=true
Q30_STEP_PROFILE seed=10 fault=DRIVE_A_OPEN profile=service-power-off-wait boundary=END stepRole=PRODUCTION_5_US declaredMaximumStepSeconds=5.00000000e-06 configuredMaximumStepSeconds=5.00000000e-06 actualCurrentStepSeconds=5.00000000e-06 observedMinimumStepSeconds=5.00000000e-06 observedMaximumStepSeconds=5.00000000e-06 minimumTimeStepSeconds=5.00000000e-11 adaptive=true
Q30_STEP_PROFILE seed=10 fault=DRIVE_A_OPEN profile=reinstalled-original-customer-retest boundary=BEGIN stepRole=PRODUCTION_5_US declaredMaximumStepSeconds=5.00000000e-06 configuredMaximumStepSeconds=5.00000000e-06 actualCurrentStepSeconds=5.00000000e-06 observedMinimumStepSeconds=5.00000000e-06 observedMaximumStepSeconds=5.00000000e-06 minimumTimeStepSeconds=5.00000000e-11 adaptive=true
Q30_STEP_PROFILE seed=10 fault=DRIVE_A_OPEN profile=reinstalled-original-customer-retest boundary=END stepRole=PRODUCTION_5_US declaredMaximumStepSeconds=5.00000000e-06 configuredMaximumStepSeconds=5.00000000e-06 actualCurrentStepSeconds=5.00000000e-06 observedMinimumStepSeconds=5.00000000e-06 observedMaximumStepSeconds=5.00000000e-06 minimumTimeStepSeconds=5.00000000e-11 adaptive=true
Q30_STEP_PROFILE seed=10 fault=DRIVE_A_OPEN profile=service-power-off-wait boundary=BEGIN stepRole=PRODUCTION_5_US declaredMaximumStepSeconds=5.00000000e-06 configuredMaximumStepSeconds=5.00000000e-06 actualCurrentStepSeconds=5.00000000e-06 observedMinimumStepSeconds=5.00000000e-06 observedMaximumStepSeconds=5.00000000e-06 minimumTimeStepSeconds=5.00000000e-11 adaptive=true
Q30_STEP_PROFILE seed=10 fault=DRIVE_A_OPEN profile=service-power-off-wait boundary=END stepRole=PRODUCTION_5_US declaredMaximumStepSeconds=5.00000000e-06 configuredMaximumStepSeconds=5.00000000e-06 actualCurrentStepSeconds=5.00000000e-06 observedMinimumStepSeconds=5.00000000e-06 observedMaximumStepSeconds=5.00000000e-06 minimumTimeStepSeconds=5.00000000e-11 adaptive=true
Q30_STEP_PROFILE seed=10 fault=DRIVE_A_OPEN profile=repaired-customer-retest boundary=BEGIN stepRole=PRODUCTION_5_US declaredMaximumStepSeconds=5.00000000e-06 configuredMaximumStepSeconds=5.00000000e-06 actualCurrentStepSeconds=5.00000000e-06 observedMinimumStepSeconds=5.00000000e-06 observedMaximumStepSeconds=5.00000000e-06 minimumTimeStepSeconds=5.00000000e-11 adaptive=true
Q30_STEP_PROFILE seed=10 fault=DRIVE_A_OPEN profile=repaired-customer-retest boundary=END stepRole=PRODUCTION_5_US declaredMaximumStepSeconds=5.00000000e-06 configuredMaximumStepSeconds=5.00000000e-06 actualCurrentStepSeconds=5.00000000e-06 observedMinimumStepSeconds=5.00000000e-06 observedMaximumStepSeconds=5.00000000e-06 minimumTimeStepSeconds=5.00000000e-11 adaptive=true
Q30_STEP_OWNER_CLEANUP seed=10 fault=DRIVE_A_OPEN declaredMaximumStepSeconds=5.00000000e-06 stepRole=PRODUCTION_5_US cleanup=true elapsedMillis=0
Q30_STEP_PAIR seed=10 support=COMPACT_33 fault=DRIVE_A_OPEN referenceMaximumStepSeconds=2.50000000e-06 productionCandidateMaximumStepSeconds=5.00000000e-06 candidateKind=PRODUCTION_5_US maxDeltaVolts=3.84510201e-11 toleranceVolts=0.120646256 phase=customer-retest sample=SENSORS_B_ONLY/REN.2-J1.2 referenceElapsedMillis=16463 productionCandidateElapsedMillis=8346 referenceSimSeconds=1.16019250 productionCandidateSimSeconds=1.16036000 referenceCleanupMillis=0 productionCandidateCleanupMillis=0 cleanup=true
Q30_STEP_SEED seed=10 support=COMPACT_33 referenceMaximumStepSeconds=2.50000000e-06 productionCandidateMaximumStepSeconds=5.00000000e-06 candidateKind=PRODUCTION_5_US routeTopology=RB30_SHARED_HYSTERETIC_A_BJT_B_NMOS_COMPACT_33 routeAndPairsElapsedMillis=28418
Q30_STEP_OWNER_CLEANUP seed=10 fault=DREV_OPEN declaredMaximumStepSeconds=2.50000000e-06 stepRole=FINER_2_5_US_REFERENCE cleanup=true elapsedMillis=0
Q30_STEP_SEED_CLEANUP seed=10 cleanup=true elapsedMillis=0
PASS: Q30 production solver step sensitivity assertions=1704 seed=10 support=COMPACT_33 faults=1 referenceMaximumStepSeconds=2.50000000e-06 productionCandidateMaximumStepSeconds=5.00000000e-06 candidateKind=PRODUCTION_5_US elapsedMillis=28418

node 11 unconnected
converged after 25 iterations, timeStep = 2.5E-6
converged after 9 iterations, timeStep = 2.5E-6
node 11 unconnected
node 11 unconnected
converged after 10 iterations, timeStep = 2.5E-6
node 11 unconnected
converged after 14 iterations, timeStep = 2.5E-6
node 11 unconnected
converged after 10 iterations, timeStep = 2.5E-6
node 11 unconnected
converged after 15 iterations, timeStep = 2.5E-6
node 11 unconnected
converged after 14 iterations, timeStep = 2.5E-6
node 11 unconnected
converged after 15 iterations, timeStep = 2.5E-6
node 11 unconnected
node 11 unconnected
converged after 14 iterations, timeStep = 2.5E-6
node 11 unconnected
node 11 unconnected
converged after 15 iterations, timeStep = 2.5E-6
node 11 unconnected
node 11 unconnected
converged after 14 iterations, timeStep = 2.5E-6
node 11 unconnected
node 11 unconnected
converged after 15 iterations, timeStep = 2.5E-6
node 11 unconnected
node 11 unconnected
node 11 unconnected
node 11 unconnected
node 11 unconnected
node 11 unconnected
node 37 unconnected
node 40 unconnected
node 11 unconnected
node 11 unconnected
converged after 23 iterations, timeStep = 2.5E-6
converged after 6 iterations, timeStep = 2.5E-6
node 11 unconnected
node 11 unconnected
node 11 unconnected
converged after 14 iterations, timeStep = 2.5E-6
node 11 unconnected
node 11 unconnected
converged after 15 iterations, timeStep = 2.5E-6
node 11 unconnected
node 11 unconnected
node 11 unconnected
node 11 unconnected
node 11 unconnected
node 11 unconnected
node 37 unconnected
node 40 unconnected
node 11 unconnected
node 37 unconnected
node 40 unconnected
node 11 unconnected
node 37 unconnected
node 40 unconnected
converged after 23 iterations, timeStep = 2.5E-6
converged after 6 iterations, timeStep = 2.5E-6
node 11 unconnected
node 37 unconnected
node 40 unconnected
node 11 unconnected
node 37 unconnected
node 40 unconnected
converged after 10 iterations, timeStep = 2.5E-6
node 11 unconnected
node 37 unconnected
node 40 unconnected
converged after 14 iterations, timeStep = 2.5E-6
node 11 unconnected
node 37 unconnected
node 40 unconnected
converged after 10 iterations, timeStep = 2.5E-6
node 11 unconnected
converged after 25 iterations, timeStep = 5.0E-6
converged after 6 iterations, timeStep = 5.0E-6
node 11 unconnected
node 11 unconnected
converged after 16 iterations, timeStep = 5.0E-6
node 11 unconnected
converged after 14 iterations, timeStep = 5.0E-6
node 11 unconnected
converged after 19 iterations, timeStep = 5.0E-6
node 11 unconnected
converged after 15 iterations, timeStep = 5.0E-6
node 11 unconnected
converged after 14 iterations, timeStep = 5.0E-6
node 11 unconnected
converged after 15 iterations, timeStep = 5.0E-6
node 11 unconnected
node 11 unconnected
converged after 14 iterations, timeStep = 5.0E-6
node 11 unconnected
node 11 unconnected
converged after 15 iterations, timeStep = 5.0E-6
node 11 unconnected
node 11 unconnected
converged after 14 iterations, timeStep = 5.0E-6
node 11 unconnected
node 11 unconnected
converged after 15 iterations, timeStep = 5.0E-6
node 11 unconnected
node 11 unconnected
node 11 unconnected
node 11 unconnected
node 11 unconnected
node 11 unconnected
node 37 unconnected
node 40 unconnected
node 11 unconnected
node 11 unconnected
converged after 23 iterations, timeStep = 5.0E-6
node 11 unconnected
node 11 unconnected
node 11 unconnected
converged after 14 iterations, timeStep = 5.0E-6
node 11 unconnected
node 11 unconnected
converged after 15 iterations, timeStep = 5.0E-6
node 11 unconnected
node 11 unconnected
node 11 unconnected
node 11 unconnected
node 11 unconnected
node 11 unconnected
node 37 unconnected
node 40 unconnected
node 11 unconnected
node 37 unconnected
node 40 unconnected
node 11 unconnected
node 37 unconnected
node 40 unconnected
converged after 23 iterations, timeStep = 5.0E-6
node 11 unconnected
node 37 unconnected
node 40 unconnected
node 11 unconnected
node 37 unconnected
node 40 unconnected
converged after 16 iterations, timeStep = 5.0E-6
node 11 unconnected
node 37 unconnected
node 40 unconnected
converged after 14 iterations, timeStep = 5.0E-6
node 11 unconnected
node 37 unconnected
node 40 unconnected
converged after 19 iterations, timeStep = 5.0E-6

Q30_STEP_PROFILE seed=10 fault=RELAY_B_COIL_OPEN profile=initial-electrical-settle boundary=BEGIN stepRole=FINER_2_5_US_REFERENCE declaredMaximumStepSeconds=2.50000000e-06 configuredMaximumStepSeconds=2.50000000e-06 actualCurrentStepSeconds=2.50000000e-06 observedMinimumStepSeconds=2.50000000e-06 observedMaximumStepSeconds=2.50000000e-06 minimumTimeStepSeconds=5.00000000e-11 adaptive=true
Q30_STEP_PROFILE seed=10 fault=RELAY_B_COIL_OPEN profile=initial-electrical-settle boundary=END stepRole=FINER_2_5_US_REFERENCE declaredMaximumStepSeconds=2.50000000e-06 configuredMaximumStepSeconds=2.50000000e-06 actualCurrentStepSeconds=2.50000000e-06 observedMinimumStepSeconds=2.50000000e-06 observedMaximumStepSeconds=2.50000000e-06 minimumTimeStepSeconds=5.00000000e-11 adaptive=true
Q30_STEP_PROFILE seed=10 fault=RELAY_B_COIL_OPEN profile=healthy-preparation boundary=BEGIN stepRole=FINER_2_5_US_REFERENCE declaredMaximumStepSeconds=2.50000000e-06 configuredMaximumStepSeconds=2.50000000e-06 actualCurrentStepSeconds=2.50000000e-06 observedMinimumStepSeconds=2.50000000e-06 observedMaximumStepSeconds=2.50000000e-06 minimumTimeStepSeconds=5.00000000e-11 adaptive=true
Q30_STEP_PROFILE seed=10 fault=RELAY_B_COIL_OPEN profile=healthy-preparation boundary=END stepRole=FINER_2_5_US_REFERENCE declaredMaximumStepSeconds=2.50000000e-06 configuredMaximumStepSeconds=2.50000000e-06 actualCurrentStepSeconds=2.50000000e-06 observedMinimumStepSeconds=2.50000000e-06 observedMaximumStepSeconds=2.50000000e-06 minimumTimeStepSeconds=5.00000000e-11 adaptive=true
Q30_STEP_PROFILE seed=10 fault=RELAY_B_COIL_OPEN profile=fault-profile-preparation boundary=BEGIN stepRole=FINER_2_5_US_REFERENCE declaredMaximumStepSeconds=2.50000000e-06 configuredMaximumStepSeconds=2.50000000e-06 actualCurrentStepSeconds=2.50000000e-06 observedMinimumStepSeconds=2.50000000e-06 observedMaximumStepSeconds=2.50000000e-06 minimumTimeStepSeconds=5.00000000e-11 adaptive=true
Q30_STEP_PROFILE seed=10 fault=RELAY_B_COIL_OPEN profile=fault-profile-preparation boundary=END stepRole=FINER_2_5_US_REFERENCE declaredMaximumStepSeconds=2.50000000e-06 configuredMaximumStepSeconds=2.50000000e-06 actualCurrentStepSeconds=2.50000000e-06 observedMinimumStepSeconds=2.50000000e-06 observedMaximumStepSeconds=2.50000000e-06 minimumTimeStepSeconds=5.00000000e-11 adaptive=true
Q30_STEP_PROFILE seed=10 fault=RELAY_B_COIL_OPEN profile=faulted-four-input-profile boundary=BEGIN stepRole=FINER_2_5_US_REFERENCE declaredMaximumStepSeconds=2.50000000e-06 configuredMaximumStepSeconds=2.50000000e-06 actualCurrentStepSeconds=2.50000000e-06 observedMinimumStepSeconds=2.50000000e-06 observedMaximumStepSeconds=2.50000000e-06 minimumTimeStepSeconds=5.00000000e-11 adaptive=true
Q30_STEP_PROFILE seed=10 fault=RELAY_B_COIL_OPEN profile=faulted-four-input-profile boundary=END stepRole=FINER_2_5_US_REFERENCE declaredMaximumStepSeconds=2.50000000e-06 configuredMaximumStepSeconds=2.50000000e-06 actualCurrentStepSeconds=2.50000000e-06 observedMinimumStepSeconds=2.50000000e-06 observedMaximumStepSeconds=2.50000000e-06 minimumTimeStepSeconds=5.00000000e-11 adaptive=true
Q30_STEP_PROFILE seed=10 fault=RELAY_B_COIL_OPEN profile=unrepaired-customer-retest boundary=BEGIN stepRole=FINER_2_5_US_REFERENCE declaredMaximumStepSeconds=2.50000000e-06 configuredMaximumStepSeconds=2.50000000e-06 actualCurrentStepSeconds=2.50000000e-06 observedMinimumStepSeconds=2.50000000e-06 observedMaximumStepSeconds=2.50000000e-06 minimumTimeStepSeconds=5.00000000e-11 adaptive=true
Q30_STEP_PROFILE seed=10 fault=RELAY_B_COIL_OPEN profile=unrepaired-customer-retest boundary=END stepRole=FINER_2_5_US_REFERENCE declaredMaximumStepSeconds=2.50000000e-06 configuredMaximumStepSeconds=2.50000000e-06 actualCurrentStepSeconds=2.50000000e-06 observedMinimumStepSeconds=2.50000000e-06 observedMaximumStepSeconds=2.50000000e-06 minimumTimeStepSeconds=5.00000000e-11 adaptive=true
Q30_STEP_PROFILE seed=10 fault=RELAY_B_COIL_OPEN profile=service-power-off-wait boundary=BEGIN stepRole=FINER_2_5_US_REFERENCE declaredMaximumStepSeconds=2.50000000e-06 configuredMaximumStepSeconds=2.50000000e-06 actualCurrentStepSeconds=2.50000000e-06 observedMinimumStepSeconds=2.50000000e-06 observedMaximumStepSeconds=2.50000000e-06 minimumTimeStepSeconds=5.00000000e-11 adaptive=true
Q30_STEP_PROFILE seed=10 fault=RELAY_B_COIL_OPEN profile=service-power-off-wait boundary=END stepRole=FINER_2_5_US_REFERENCE declaredMaximumStepSeconds=2.50000000e-06 configuredMaximumStepSeconds=2.50000000e-06 actualCurrentStepSeconds=2.50000000e-06 observedMinimumStepSeconds=2.50000000e-06 observedMaximumStepSeconds=2.50000000e-06 minimumTimeStepSeconds=5.00000000e-11 adaptive=true
Q30_STEP_PROFILE seed=10 fault=RELAY_B_COIL_OPEN profile=reinstalled-original-customer-retest boundary=BEGIN stepRole=FINER_2_5_US_REFERENCE declaredMaximumStepSeconds=2.50000000e-06 configuredMaximumStepSeconds=2.50000000e-06 actualCurrentStepSeconds=2.50000000e-06 observedMinimumStepSeconds=2.50000000e-06 observedMaximumStepSeconds=2.50000000e-06 minimumTimeStepSeconds=5.00000000e-11 adaptive=true
Q30_STEP_PROFILE seed=10 fault=RELAY_B_COIL_OPEN profile=reinstalled-original-customer-retest boundary=END stepRole=FINER_2_5_US_REFERENCE declaredMaximumStepSeconds=2.50000000e-06 configuredMaximumStepSeconds=2.50000000e-06 actualCurrentStepSeconds=2.50000000e-06 observedMinimumStepSeconds=2.50000000e-06 observedMaximumStepSeconds=2.50000000e-06 minimumTimeStepSeconds=5.00000000e-11 adaptive=true
Q30_STEP_PROFILE seed=10 fault=RELAY_B_COIL_OPEN profile=service-power-off-wait boundary=BEGIN stepRole=FINER_2_5_US_REFERENCE declaredMaximumStepSeconds=2.50000000e-06 configuredMaximumStepSeconds=2.50000000e-06 actualCurrentStepSeconds=2.50000000e-06 observedMinimumStepSeconds=2.50000000e-06 observedMaximumStepSeconds=2.50000000e-06 minimumTimeStepSeconds=5.00000000e-11 adaptive=true
Q30_STEP_PROFILE seed=10 fault=RELAY_B_COIL_OPEN profile=service-power-off-wait boundary=END stepRole=FINER_2_5_US_REFERENCE declaredMaximumStepSeconds=2.50000000e-06 configuredMaximumStepSeconds=2.50000000e-06 actualCurrentStepSeconds=2.50000000e-06 observedMinimumStepSeconds=2.50000000e-06 observedMaximumStepSeconds=2.50000000e-06 minimumTimeStepSeconds=5.00000000e-11 adaptive=true
Q30_STEP_PROFILE seed=10 fault=RELAY_B_COIL_OPEN profile=repaired-customer-retest boundary=BEGIN stepRole=FINER_2_5_US_REFERENCE declaredMaximumStepSeconds=2.50000000e-06 configuredMaximumStepSeconds=2.50000000e-06 actualCurrentStepSeconds=2.50000000e-06 observedMinimumStepSeconds=2.50000000e-06 observedMaximumStepSeconds=2.50000000e-06 minimumTimeStepSeconds=5.00000000e-11 adaptive=true
Q30_STEP_PROFILE seed=10 fault=RELAY_B_COIL_OPEN profile=repaired-customer-retest boundary=END stepRole=FINER_2_5_US_REFERENCE declaredMaximumStepSeconds=2.50000000e-06 configuredMaximumStepSeconds=2.50000000e-06 actualCurrentStepSeconds=2.50000000e-06 observedMinimumStepSeconds=2.50000000e-06 observedMaximumStepSeconds=2.50000000e-06 minimumTimeStepSeconds=5.00000000e-11 adaptive=true
Q30_STEP_OWNER_CLEANUP seed=10 fault=RELAY_B_COIL_OPEN declaredMaximumStepSeconds=2.50000000e-06 stepRole=FINER_2_5_US_REFERENCE cleanup=true elapsedMillis=0
Q30_STEP_PROFILE seed=10 fault=RELAY_B_COIL_OPEN profile=initial-electrical-settle boundary=BEGIN stepRole=PRODUCTION_5_US declaredMaximumStepSeconds=5.00000000e-06 configuredMaximumStepSeconds=5.00000000e-06 actualCurrentStepSeconds=5.00000000e-06 observedMinimumStepSeconds=5.00000000e-06 observedMaximumStepSeconds=5.00000000e-06 minimumTimeStepSeconds=5.00000000e-11 adaptive=true
Q30_STEP_PROFILE seed=10 fault=RELAY_B_COIL_OPEN profile=initial-electrical-settle boundary=END stepRole=PRODUCTION_5_US declaredMaximumStepSeconds=5.00000000e-06 configuredMaximumStepSeconds=5.00000000e-06 actualCurrentStepSeconds=5.00000000e-06 observedMinimumStepSeconds=5.00000000e-06 observedMaximumStepSeconds=5.00000000e-06 minimumTimeStepSeconds=5.00000000e-11 adaptive=true
Q30_STEP_PROFILE seed=10 fault=RELAY_B_COIL_OPEN profile=healthy-preparation boundary=BEGIN stepRole=PRODUCTION_5_US declaredMaximumStepSeconds=5.00000000e-06 configuredMaximumStepSeconds=5.00000000e-06 actualCurrentStepSeconds=5.00000000e-06 observedMinimumStepSeconds=5.00000000e-06 observedMaximumStepSeconds=5.00000000e-06 minimumTimeStepSeconds=5.00000000e-11 adaptive=true
Q30_STEP_PROFILE seed=10 fault=RELAY_B_COIL_OPEN profile=healthy-preparation boundary=END stepRole=PRODUCTION_5_US declaredMaximumStepSeconds=5.00000000e-06 configuredMaximumStepSeconds=5.00000000e-06 actualCurrentStepSeconds=5.00000000e-06 observedMinimumStepSeconds=5.00000000e-06 observedMaximumStepSeconds=5.00000000e-06 minimumTimeStepSeconds=5.00000000e-11 adaptive=true
Q30_STEP_PROFILE seed=10 fault=RELAY_B_COIL_OPEN profile=fault-profile-preparation boundary=BEGIN stepRole=PRODUCTION_5_US declaredMaximumStepSeconds=5.00000000e-06 configuredMaximumStepSeconds=5.00000000e-06 actualCurrentStepSeconds=5.00000000e-06 observedMinimumStepSeconds=5.00000000e-06 observedMaximumStepSeconds=5.00000000e-06 minimumTimeStepSeconds=5.00000000e-11 adaptive=true
Q30_STEP_PROFILE seed=10 fault=RELAY_B_COIL_OPEN profile=fault-profile-preparation boundary=END stepRole=PRODUCTION_5_US declaredMaximumStepSeconds=5.00000000e-06 configuredMaximumStepSeconds=5.00000000e-06 actualCurrentStepSeconds=5.00000000e-06 observedMinimumStepSeconds=5.00000000e-06 observedMaximumStepSeconds=5.00000000e-06 minimumTimeStepSeconds=5.00000000e-11 adaptive=true
Q30_STEP_PROFILE seed=10 fault=RELAY_B_COIL_OPEN profile=faulted-four-input-profile boundary=BEGIN stepRole=PRODUCTION_5_US declaredMaximumStepSeconds=5.00000000e-06 configuredMaximumStepSeconds=5.00000000e-06 actualCurrentStepSeconds=5.00000000e-06 observedMinimumStepSeconds=5.00000000e-06 observedMaximumStepSeconds=5.00000000e-06 minimumTimeStepSeconds=5.00000000e-11 adaptive=true
Q30_STEP_PROFILE seed=10 fault=RELAY_B_COIL_OPEN profile=faulted-four-input-profile boundary=END stepRole=PRODUCTION_5_US declaredMaximumStepSeconds=5.00000000e-06 configuredMaximumStepSeconds=5.00000000e-06 actualCurrentStepSeconds=5.00000000e-06 observedMinimumStepSeconds=5.00000000e-06 observedMaximumStepSeconds=5.00000000e-06 minimumTimeStepSeconds=5.00000000e-11 adaptive=true
Q30_STEP_PROFILE seed=10 fault=RELAY_B_COIL_OPEN profile=unrepaired-customer-retest boundary=BEGIN stepRole=PRODUCTION_5_US declaredMaximumStepSeconds=5.00000000e-06 configuredMaximumStepSeconds=5.00000000e-06 actualCurrentStepSeconds=5.00000000e-06 observedMinimumStepSeconds=5.00000000e-06 observedMaximumStepSeconds=5.00000000e-06 minimumTimeStepSeconds=5.00000000e-11 adaptive=true
Q30_STEP_PROFILE seed=10 fault=RELAY_B_COIL_OPEN profile=unrepaired-customer-retest boundary=END stepRole=PRODUCTION_5_US declaredMaximumStepSeconds=5.00000000e-06 configuredMaximumStepSeconds=5.00000000e-06 actualCurrentStepSeconds=5.00000000e-06 observedMinimumStepSeconds=5.00000000e-06 observedMaximumStepSeconds=5.00000000e-06 minimumTimeStepSeconds=5.00000000e-11 adaptive=true
Q30_STEP_PROFILE seed=10 fault=RELAY_B_COIL_OPEN profile=service-power-off-wait boundary=BEGIN stepRole=PRODUCTION_5_US declaredMaximumStepSeconds=5.00000000e-06 configuredMaximumStepSeconds=5.00000000e-06 actualCurrentStepSeconds=5.00000000e-06 observedMinimumStepSeconds=5.00000000e-06 observedMaximumStepSeconds=5.00000000e-06 minimumTimeStepSeconds=5.00000000e-11 adaptive=true
Q30_STEP_PROFILE seed=10 fault=RELAY_B_COIL_OPEN profile=service-power-off-wait boundary=END stepRole=PRODUCTION_5_US declaredMaximumStepSeconds=5.00000000e-06 configuredMaximumStepSeconds=5.00000000e-06 actualCurrentStepSeconds=5.00000000e-06 observedMinimumStepSeconds=5.00000000e-06 observedMaximumStepSeconds=5.00000000e-06 minimumTimeStepSeconds=5.00000000e-11 adaptive=true
Q30_STEP_PROFILE seed=10 fault=RELAY_B_COIL_OPEN profile=reinstalled-original-customer-retest boundary=BEGIN stepRole=PRODUCTION_5_US declaredMaximumStepSeconds=5.00000000e-06 configuredMaximumStepSeconds=5.00000000e-06 actualCurrentStepSeconds=5.00000000e-06 observedMinimumStepSeconds=5.00000000e-06 observedMaximumStepSeconds=5.00000000e-06 minimumTimeStepSeconds=5.00000000e-11 adaptive=true
Q30_STEP_PROFILE seed=10 fault=RELAY_B_COIL_OPEN profile=reinstalled-original-customer-retest boundary=END stepRole=PRODUCTION_5_US declaredMaximumStepSeconds=5.00000000e-06 configuredMaximumStepSeconds=5.00000000e-06 actualCurrentStepSeconds=5.00000000e-06 observedMinimumStepSeconds=5.00000000e-06 observedMaximumStepSeconds=5.00000000e-06 minimumTimeStepSeconds=5.00000000e-11 adaptive=true
Q30_STEP_PROFILE seed=10 fault=RELAY_B_COIL_OPEN profile=service-power-off-wait boundary=BEGIN stepRole=PRODUCTION_5_US declaredMaximumStepSeconds=5.00000000e-06 configuredMaximumStepSeconds=5.00000000e-06 actualCurrentStepSeconds=5.00000000e-06 observedMinimumStepSeconds=5.00000000e-06 observedMaximumStepSeconds=5.00000000e-06 minimumTimeStepSeconds=5.00000000e-11 adaptive=true
Q30_STEP_PROFILE seed=10 fault=RELAY_B_COIL_OPEN profile=service-power-off-wait boundary=END stepRole=PRODUCTION_5_US declaredMaximumStepSeconds=5.00000000e-06 configuredMaximumStepSeconds=5.00000000e-06 actualCurrentStepSeconds=5.00000000e-06 observedMinimumStepSeconds=5.00000000e-06 observedMaximumStepSeconds=5.00000000e-06 minimumTimeStepSeconds=5.00000000e-11 adaptive=true
Q30_STEP_PROFILE seed=10 fault=RELAY_B_COIL_OPEN profile=repaired-customer-retest boundary=BEGIN stepRole=PRODUCTION_5_US declaredMaximumStepSeconds=5.00000000e-06 configuredMaximumStepSeconds=5.00000000e-06 actualCurrentStepSeconds=5.00000000e-06 observedMinimumStepSeconds=5.00000000e-06 observedMaximumStepSeconds=5.00000000e-06 minimumTimeStepSeconds=5.00000000e-11 adaptive=true
Q30_STEP_PROFILE seed=10 fault=RELAY_B_COIL_OPEN profile=repaired-customer-retest boundary=END stepRole=PRODUCTION_5_US declaredMaximumStepSeconds=5.00000000e-06 configuredMaximumStepSeconds=5.00000000e-06 actualCurrentStepSeconds=5.00000000e-06 observedMinimumStepSeconds=5.00000000e-06 observedMaximumStepSeconds=5.00000000e-06 minimumTimeStepSeconds=5.00000000e-11 adaptive=true
Q30_STEP_OWNER_CLEANUP seed=10 fault=RELAY_B_COIL_OPEN declaredMaximumStepSeconds=5.00000000e-06 stepRole=PRODUCTION_5_US cleanup=true elapsedMillis=0
Q30_STEP_PAIR seed=10 support=COMPACT_33 fault=RELAY_B_COIL_OPEN referenceMaximumStepSeconds=2.50000000e-06 productionCandidateMaximumStepSeconds=5.00000000e-06 candidateKind=PRODUCTION_5_US maxDeltaVolts=4.99333908e-11 toleranceVolts=0.120656283 phase=wrong-original-retest sample=SENSORS_A_ONLY/REN.2-J1.2 referenceElapsedMillis=16995 productionCandidateElapsedMillis=8851 referenceSimSeconds=1.16019250 productionCandidateSimSeconds=1.16036000 referenceCleanupMillis=0 productionCandidateCleanupMillis=0 cleanup=true
Q30_STEP_SEED seed=10 support=COMPACT_33 referenceMaximumStepSeconds=2.50000000e-06 productionCandidateMaximumStepSeconds=5.00000000e-06 candidateKind=PRODUCTION_5_US routeTopology=RB30_SHARED_HYSTERETIC_A_BJT_B_NMOS_COMPACT_33 routeAndPairsElapsedMillis=29434
Q30_STEP_OWNER_CLEANUP seed=10 fault=DREV_OPEN declaredMaximumStepSeconds=2.50000000e-06 stepRole=FINER_2_5_US_REFERENCE cleanup=true elapsedMillis=0
Q30_STEP_SEED_CLEANUP seed=10 cleanup=true elapsedMillis=0
PASS: Q30 production solver step sensitivity assertions=1704 seed=10 support=COMPACT_33 faults=1 referenceMaximumStepSeconds=2.50000000e-06 productionCandidateMaximumStepSeconds=5.00000000e-06 candidateKind=PRODUCTION_5_US elapsedMillis=29434

node 11 unconnected
converged after 25 iterations, timeStep = 2.5E-6
converged after 9 iterations, timeStep = 2.5E-6
node 11 unconnected
node 11 unconnected
converged after 10 iterations, timeStep = 2.5E-6
node 11 unconnected
converged after 14 iterations, timeStep = 2.5E-6
node 11 unconnected
converged after 10 iterations, timeStep = 2.5E-6
node 11 unconnected
converged after 15 iterations, timeStep = 2.5E-6
node 11 unconnected
converged after 12 iterations, timeStep = 2.5E-6
node 11 unconnected
converged after 10 iterations, timeStep = 2.5E-6
node 11 unconnected
converged after 10 iterations, timeStep = 2.5E-6
node 11 unconnected
converged after 11 iterations, timeStep = 2.5E-6
node 11 unconnected
converged after 11 iterations, timeStep = 2.5E-6
node 11 unconnected
converged after 10 iterations, timeStep = 2.5E-6
node 11 unconnected
converged after 10 iterations, timeStep = 2.5E-6
node 11 unconnected
converged after 11 iterations, timeStep = 2.5E-6
node 11 unconnected
converged after 11 iterations, timeStep = 2.5E-6
node 11 unconnected
converged after 10 iterations, timeStep = 2.5E-6
node 11 unconnected
node 11 unconnected
node 11 unconnected
node 11 unconnected
node 11 unconnected
node 11 unconnected
node 51 unconnected
node 54 unconnected
node 57 unconnected
node 11 unconnected
node 11 unconnected
converged after 23 iterations, timeStep = 2.5E-6
converged after 6 iterations, timeStep = 2.5E-6
node 11 unconnected
node 11 unconnected
converged after 10 iterations, timeStep = 2.5E-6
node 11 unconnected
converged after 11 iterations, timeStep = 2.5E-6
node 11 unconnected
converged after 11 iterations, timeStep = 2.5E-6
node 11 unconnected
converged after 10 iterations, timeStep = 2.5E-6
node 11 unconnected
node 11 unconnected
node 11 unconnected
node 11 unconnected
node 11 unconnected
node 11 unconnected
node 51 unconnected
node 54 unconnected
node 57 unconnected
node 11 unconnected
node 51 unconnected
node 54 unconnected
node 11 unconnected
node 51 unconnected
node 54 unconnected
converged after 23 iterations, timeStep = 2.5E-6
converged after 6 iterations, timeStep = 2.5E-6
node 11 unconnected
node 51 unconnected
node 54 unconnected
node 11 unconnected
node 51 unconnected
node 54 unconnected
converged after 10 iterations, timeStep = 2.5E-6
node 11 unconnected
node 51 unconnected
node 54 unconnected
converged after 14 iterations, timeStep = 2.5E-6
node 11 unconnected
node 51 unconnected
node 54 unconnected
converged after 10 iterations, timeStep = 2.5E-6
node 11 unconnected
converged after 25 iterations, timeStep = 5.0E-6
converged after 6 iterations, timeStep = 5.0E-6
node 11 unconnected
node 11 unconnected
converged after 16 iterations, timeStep = 5.0E-6
node 11 unconnected
converged after 14 iterations, timeStep = 5.0E-6
node 11 unconnected
converged after 19 iterations, timeStep = 5.0E-6
node 11 unconnected
converged after 15 iterations, timeStep = 5.0E-6
node 11 unconnected
converged after 17 iterations, timeStep = 5.0E-6
node 11 unconnected
converged after 10 iterations, timeStep = 5.0E-6
node 11 unconnected
converged after 16 iterations, timeStep = 5.0E-6
node 11 unconnected
converged after 11 iterations, timeStep = 5.0E-6
node 11 unconnected
converged after 16 iterations, timeStep = 5.0E-6
node 11 unconnected
converged after 10 iterations, timeStep = 5.0E-6
node 11 unconnected
converged after 16 iterations, timeStep = 5.0E-6
node 11 unconnected
converged after 11 iterations, timeStep = 5.0E-6
node 11 unconnected
converged after 16 iterations, timeStep = 5.0E-6
node 11 unconnected
converged after 10 iterations, timeStep = 5.0E-6
node 11 unconnected
node 11 unconnected
node 11 unconnected
node 11 unconnected
node 11 unconnected
node 11 unconnected
node 51 unconnected
node 54 unconnected
node 57 unconnected
node 11 unconnected
node 11 unconnected
converged after 23 iterations, timeStep = 5.0E-6
node 11 unconnected
node 11 unconnected
converged after 16 iterations, timeStep = 5.0E-6
node 11 unconnected
converged after 11 iterations, timeStep = 5.0E-6
node 11 unconnected
converged after 16 iterations, timeStep = 5.0E-6
node 11 unconnected
converged after 10 iterations, timeStep = 5.0E-6
node 11 unconnected
node 11 unconnected
node 11 unconnected
node 11 unconnected
node 11 unconnected
node 11 unconnected
node 51 unconnected
node 54 unconnected
node 57 unconnected
node 11 unconnected
node 51 unconnected
node 54 unconnected
node 11 unconnected
node 51 unconnected
node 54 unconnected
converged after 23 iterations, timeStep = 5.0E-6
node 11 unconnected
node 51 unconnected
node 54 unconnected
node 11 unconnected
node 51 unconnected
node 54 unconnected
converged after 16 iterations, timeStep = 5.0E-6
node 11 unconnected
node 51 unconnected
node 54 unconnected
converged after 14 iterations, timeStep = 5.0E-6
node 11 unconnected
node 51 unconnected
node 54 unconnected
converged after 19 iterations, timeStep = 5.0E-6

Q30_STEP_PROFILE seed=64 fault=DREV_OPEN profile=initial-electrical-settle boundary=BEGIN stepRole=FINER_2_5_US_REFERENCE declaredMaximumStepSeconds=2.50000000e-06 configuredMaximumStepSeconds=2.50000000e-06 actualCurrentStepSeconds=2.50000000e-06 observedMinimumStepSeconds=2.50000000e-06 observedMaximumStepSeconds=2.50000000e-06 minimumTimeStepSeconds=5.00000000e-11 adaptive=true
Q30_STEP_PROFILE seed=64 fault=DREV_OPEN profile=initial-electrical-settle boundary=END stepRole=FINER_2_5_US_REFERENCE declaredMaximumStepSeconds=2.50000000e-06 configuredMaximumStepSeconds=2.50000000e-06 actualCurrentStepSeconds=2.50000000e-06 observedMinimumStepSeconds=2.50000000e-06 observedMaximumStepSeconds=2.50000000e-06 minimumTimeStepSeconds=5.00000000e-11 adaptive=true
Q30_STEP_PROFILE seed=64 fault=DREV_OPEN profile=healthy-preparation boundary=BEGIN stepRole=FINER_2_5_US_REFERENCE declaredMaximumStepSeconds=2.50000000e-06 configuredMaximumStepSeconds=2.50000000e-06 actualCurrentStepSeconds=2.50000000e-06 observedMinimumStepSeconds=2.50000000e-06 observedMaximumStepSeconds=2.50000000e-06 minimumTimeStepSeconds=5.00000000e-11 adaptive=true
Q30_STEP_PROFILE seed=64 fault=DREV_OPEN profile=healthy-preparation boundary=END stepRole=FINER_2_5_US_REFERENCE declaredMaximumStepSeconds=2.50000000e-06 configuredMaximumStepSeconds=2.50000000e-06 actualCurrentStepSeconds=2.50000000e-06 observedMinimumStepSeconds=2.50000000e-06 observedMaximumStepSeconds=2.50000000e-06 minimumTimeStepSeconds=5.00000000e-11 adaptive=true
Q30_STEP_PROFILE seed=64 fault=DREV_OPEN profile=fault-profile-preparation boundary=BEGIN stepRole=FINER_2_5_US_REFERENCE declaredMaximumStepSeconds=2.50000000e-06 configuredMaximumStepSeconds=2.50000000e-06 actualCurrentStepSeconds=2.50000000e-06 observedMinimumStepSeconds=2.50000000e-06 observedMaximumStepSeconds=2.50000000e-06 minimumTimeStepSeconds=5.00000000e-11 adaptive=true
Q30_STEP_PROFILE seed=64 fault=DREV_OPEN profile=fault-profile-preparation boundary=END stepRole=FINER_2_5_US_REFERENCE declaredMaximumStepSeconds=2.50000000e-06 configuredMaximumStepSeconds=2.50000000e-06 actualCurrentStepSeconds=2.50000000e-06 observedMinimumStepSeconds=2.50000000e-06 observedMaximumStepSeconds=2.50000000e-06 minimumTimeStepSeconds=5.00000000e-11 adaptive=true
Q30_STEP_PROFILE seed=64 fault=DREV_OPEN profile=faulted-four-input-profile boundary=BEGIN stepRole=FINER_2_5_US_REFERENCE declaredMaximumStepSeconds=2.50000000e-06 configuredMaximumStepSeconds=2.50000000e-06 actualCurrentStepSeconds=2.50000000e-06 observedMinimumStepSeconds=2.50000000e-06 observedMaximumStepSeconds=2.50000000e-06 minimumTimeStepSeconds=5.00000000e-11 adaptive=true
Q30_STEP_PROFILE seed=64 fault=DREV_OPEN profile=faulted-four-input-profile boundary=END stepRole=FINER_2_5_US_REFERENCE declaredMaximumStepSeconds=2.50000000e-06 configuredMaximumStepSeconds=2.50000000e-06 actualCurrentStepSeconds=2.50000000e-06 observedMinimumStepSeconds=2.50000000e-06 observedMaximumStepSeconds=2.50000000e-06 minimumTimeStepSeconds=5.00000000e-11 adaptive=true
Q30_STEP_PROFILE seed=64 fault=DREV_OPEN profile=unrepaired-customer-retest boundary=BEGIN stepRole=FINER_2_5_US_REFERENCE declaredMaximumStepSeconds=2.50000000e-06 configuredMaximumStepSeconds=2.50000000e-06 actualCurrentStepSeconds=2.50000000e-06 observedMinimumStepSeconds=2.50000000e-06 observedMaximumStepSeconds=2.50000000e-06 minimumTimeStepSeconds=5.00000000e-11 adaptive=true
Q30_STEP_PROFILE seed=64 fault=DREV_OPEN profile=unrepaired-customer-retest boundary=END stepRole=FINER_2_5_US_REFERENCE declaredMaximumStepSeconds=2.50000000e-06 configuredMaximumStepSeconds=2.50000000e-06 actualCurrentStepSeconds=2.50000000e-06 observedMinimumStepSeconds=2.50000000e-06 observedMaximumStepSeconds=2.50000000e-06 minimumTimeStepSeconds=5.00000000e-11 adaptive=true
Q30_STEP_PROFILE seed=64 fault=DREV_OPEN profile=service-power-off-wait boundary=BEGIN stepRole=FINER_2_5_US_REFERENCE declaredMaximumStepSeconds=2.50000000e-06 configuredMaximumStepSeconds=2.50000000e-06 actualCurrentStepSeconds=2.50000000e-06 observedMinimumStepSeconds=2.50000000e-06 observedMaximumStepSeconds=2.50000000e-06 minimumTimeStepSeconds=5.00000000e-11 adaptive=true
Q30_STEP_PROFILE seed=64 fault=DREV_OPEN profile=service-power-off-wait boundary=END stepRole=FINER_2_5_US_REFERENCE declaredMaximumStepSeconds=2.50000000e-06 configuredMaximumStepSeconds=2.50000000e-06 actualCurrentStepSeconds=2.50000000e-06 observedMinimumStepSeconds=2.50000000e-06 observedMaximumStepSeconds=2.50000000e-06 minimumTimeStepSeconds=5.00000000e-11 adaptive=true
Q30_STEP_PROFILE seed=64 fault=DREV_OPEN profile=reinstalled-original-customer-retest boundary=BEGIN stepRole=FINER_2_5_US_REFERENCE declaredMaximumStepSeconds=2.50000000e-06 configuredMaximumStepSeconds=2.50000000e-06 actualCurrentStepSeconds=2.50000000e-06 observedMinimumStepSeconds=2.50000000e-06 observedMaximumStepSeconds=2.50000000e-06 minimumTimeStepSeconds=5.00000000e-11 adaptive=true
Q30_STEP_PROFILE seed=64 fault=DREV_OPEN profile=reinstalled-original-customer-retest boundary=END stepRole=FINER_2_5_US_REFERENCE declaredMaximumStepSeconds=2.50000000e-06 configuredMaximumStepSeconds=2.50000000e-06 actualCurrentStepSeconds=2.50000000e-06 observedMinimumStepSeconds=2.50000000e-06 observedMaximumStepSeconds=2.50000000e-06 minimumTimeStepSeconds=5.00000000e-11 adaptive=true
Q30_STEP_PROFILE seed=64 fault=DREV_OPEN profile=service-power-off-wait boundary=BEGIN stepRole=FINER_2_5_US_REFERENCE declaredMaximumStepSeconds=2.50000000e-06 configuredMaximumStepSeconds=2.50000000e-06 actualCurrentStepSeconds=2.50000000e-06 observedMinimumStepSeconds=2.50000000e-06 observedMaximumStepSeconds=2.50000000e-06 minimumTimeStepSeconds=5.00000000e-11 adaptive=true
Q30_STEP_PROFILE seed=64 fault=DREV_OPEN profile=service-power-off-wait boundary=END stepRole=FINER_2_5_US_REFERENCE declaredMaximumStepSeconds=2.50000000e-06 configuredMaximumStepSeconds=2.50000000e-06 actualCurrentStepSeconds=2.50000000e-06 observedMinimumStepSeconds=2.50000000e-06 observedMaximumStepSeconds=2.50000000e-06 minimumTimeStepSeconds=5.00000000e-11 adaptive=true
Q30_STEP_PROFILE seed=64 fault=DREV_OPEN profile=repaired-customer-retest boundary=BEGIN stepRole=FINER_2_5_US_REFERENCE declaredMaximumStepSeconds=2.50000000e-06 configuredMaximumStepSeconds=2.50000000e-06 actualCurrentStepSeconds=2.50000000e-06 observedMinimumStepSeconds=2.50000000e-06 observedMaximumStepSeconds=2.50000000e-06 minimumTimeStepSeconds=5.00000000e-11 adaptive=true
Q30_STEP_PROFILE seed=64 fault=DREV_OPEN profile=repaired-customer-retest boundary=END stepRole=FINER_2_5_US_REFERENCE declaredMaximumStepSeconds=2.50000000e-06 configuredMaximumStepSeconds=2.50000000e-06 actualCurrentStepSeconds=2.50000000e-06 observedMinimumStepSeconds=2.50000000e-06 observedMaximumStepSeconds=2.50000000e-06 minimumTimeStepSeconds=5.00000000e-11 adaptive=true
Q30_STEP_OWNER_CLEANUP seed=64 fault=DREV_OPEN declaredMaximumStepSeconds=2.50000000e-06 stepRole=FINER_2_5_US_REFERENCE cleanup=true elapsedMillis=0
Q30_STEP_PROFILE seed=64 fault=DREV_OPEN profile=initial-electrical-settle boundary=BEGIN stepRole=PRODUCTION_5_US declaredMaximumStepSeconds=5.00000000e-06 configuredMaximumStepSeconds=5.00000000e-06 actualCurrentStepSeconds=5.00000000e-06 observedMinimumStepSeconds=5.00000000e-06 observedMaximumStepSeconds=5.00000000e-06 minimumTimeStepSeconds=5.00000000e-11 adaptive=true
Q30_STEP_PROFILE seed=64 fault=DREV_OPEN profile=initial-electrical-settle boundary=END stepRole=PRODUCTION_5_US declaredMaximumStepSeconds=5.00000000e-06 configuredMaximumStepSeconds=5.00000000e-06 actualCurrentStepSeconds=5.00000000e-06 observedMinimumStepSeconds=5.00000000e-06 observedMaximumStepSeconds=5.00000000e-06 minimumTimeStepSeconds=5.00000000e-11 adaptive=true
Q30_STEP_PROFILE seed=64 fault=DREV_OPEN profile=healthy-preparation boundary=BEGIN stepRole=PRODUCTION_5_US declaredMaximumStepSeconds=5.00000000e-06 configuredMaximumStepSeconds=5.00000000e-06 actualCurrentStepSeconds=5.00000000e-06 observedMinimumStepSeconds=5.00000000e-06 observedMaximumStepSeconds=5.00000000e-06 minimumTimeStepSeconds=5.00000000e-11 adaptive=true
Q30_STEP_PROFILE seed=64 fault=DREV_OPEN profile=healthy-preparation boundary=END stepRole=PRODUCTION_5_US declaredMaximumStepSeconds=5.00000000e-06 configuredMaximumStepSeconds=5.00000000e-06 actualCurrentStepSeconds=5.00000000e-06 observedMinimumStepSeconds=5.00000000e-06 observedMaximumStepSeconds=5.00000000e-06 minimumTimeStepSeconds=5.00000000e-11 adaptive=true
Q30_STEP_PROFILE seed=64 fault=DREV_OPEN profile=fault-profile-preparation boundary=BEGIN stepRole=PRODUCTION_5_US declaredMaximumStepSeconds=5.00000000e-06 configuredMaximumStepSeconds=5.00000000e-06 actualCurrentStepSeconds=5.00000000e-06 observedMinimumStepSeconds=5.00000000e-06 observedMaximumStepSeconds=5.00000000e-06 minimumTimeStepSeconds=5.00000000e-11 adaptive=true
Q30_STEP_PROFILE seed=64 fault=DREV_OPEN profile=fault-profile-preparation boundary=END stepRole=PRODUCTION_5_US declaredMaximumStepSeconds=5.00000000e-06 configuredMaximumStepSeconds=5.00000000e-06 actualCurrentStepSeconds=5.00000000e-06 observedMinimumStepSeconds=5.00000000e-06 observedMaximumStepSeconds=5.00000000e-06 minimumTimeStepSeconds=5.00000000e-11 adaptive=true
Q30_STEP_PROFILE seed=64 fault=DREV_OPEN profile=faulted-four-input-profile boundary=BEGIN stepRole=PRODUCTION_5_US declaredMaximumStepSeconds=5.00000000e-06 configuredMaximumStepSeconds=5.00000000e-06 actualCurrentStepSeconds=5.00000000e-06 observedMinimumStepSeconds=5.00000000e-06 observedMaximumStepSeconds=5.00000000e-06 minimumTimeStepSeconds=5.00000000e-11 adaptive=true
Q30_STEP_PROFILE seed=64 fault=DREV_OPEN profile=faulted-four-input-profile boundary=END stepRole=PRODUCTION_5_US declaredMaximumStepSeconds=5.00000000e-06 configuredMaximumStepSeconds=5.00000000e-06 actualCurrentStepSeconds=5.00000000e-06 observedMinimumStepSeconds=5.00000000e-06 observedMaximumStepSeconds=5.00000000e-06 minimumTimeStepSeconds=5.00000000e-11 adaptive=true
Q30_STEP_PROFILE seed=64 fault=DREV_OPEN profile=unrepaired-customer-retest boundary=BEGIN stepRole=PRODUCTION_5_US declaredMaximumStepSeconds=5.00000000e-06 configuredMaximumStepSeconds=5.00000000e-06 actualCurrentStepSeconds=5.00000000e-06 observedMinimumStepSeconds=5.00000000e-06 observedMaximumStepSeconds=5.00000000e-06 minimumTimeStepSeconds=5.00000000e-11 adaptive=true
Q30_STEP_PROFILE seed=64 fault=DREV_OPEN profile=unrepaired-customer-retest boundary=END stepRole=PRODUCTION_5_US declaredMaximumStepSeconds=5.00000000e-06 configuredMaximumStepSeconds=5.00000000e-06 actualCurrentStepSeconds=5.00000000e-06 observedMinimumStepSeconds=5.00000000e-06 observedMaximumStepSeconds=5.00000000e-06 minimumTimeStepSeconds=5.00000000e-11 adaptive=true
Q30_STEP_PROFILE seed=64 fault=DREV_OPEN profile=service-power-off-wait boundary=BEGIN stepRole=PRODUCTION_5_US declaredMaximumStepSeconds=5.00000000e-06 configuredMaximumStepSeconds=5.00000000e-06 actualCurrentStepSeconds=5.00000000e-06 observedMinimumStepSeconds=5.00000000e-06 observedMaximumStepSeconds=5.00000000e-06 minimumTimeStepSeconds=5.00000000e-11 adaptive=true
Q30_STEP_PROFILE seed=64 fault=DREV_OPEN profile=service-power-off-wait boundary=END stepRole=PRODUCTION_5_US declaredMaximumStepSeconds=5.00000000e-06 configuredMaximumStepSeconds=5.00000000e-06 actualCurrentStepSeconds=5.00000000e-06 observedMinimumStepSeconds=5.00000000e-06 observedMaximumStepSeconds=5.00000000e-06 minimumTimeStepSeconds=5.00000000e-11 adaptive=true
Q30_STEP_PROFILE seed=64 fault=DREV_OPEN profile=reinstalled-original-customer-retest boundary=BEGIN stepRole=PRODUCTION_5_US declaredMaximumStepSeconds=5.00000000e-06 configuredMaximumStepSeconds=5.00000000e-06 actualCurrentStepSeconds=5.00000000e-06 observedMinimumStepSeconds=5.00000000e-06 observedMaximumStepSeconds=5.00000000e-06 minimumTimeStepSeconds=5.00000000e-11 adaptive=true
Q30_STEP_PROFILE seed=64 fault=DREV_OPEN profile=reinstalled-original-customer-retest boundary=END stepRole=PRODUCTION_5_US declaredMaximumStepSeconds=5.00000000e-06 configuredMaximumStepSeconds=5.00000000e-06 actualCurrentStepSeconds=5.00000000e-06 observedMinimumStepSeconds=5.00000000e-06 observedMaximumStepSeconds=5.00000000e-06 minimumTimeStepSeconds=5.00000000e-11 adaptive=true
Q30_STEP_PROFILE seed=64 fault=DREV_OPEN profile=service-power-off-wait boundary=BEGIN stepRole=PRODUCTION_5_US declaredMaximumStepSeconds=5.00000000e-06 configuredMaximumStepSeconds=5.00000000e-06 actualCurrentStepSeconds=5.00000000e-06 observedMinimumStepSeconds=5.00000000e-06 observedMaximumStepSeconds=5.00000000e-06 minimumTimeStepSeconds=5.00000000e-11 adaptive=true
Q30_STEP_PROFILE seed=64 fault=DREV_OPEN profile=service-power-off-wait boundary=END stepRole=PRODUCTION_5_US declaredMaximumStepSeconds=5.00000000e-06 configuredMaximumStepSeconds=5.00000000e-06 actualCurrentStepSeconds=5.00000000e-06 observedMinimumStepSeconds=5.00000000e-06 observedMaximumStepSeconds=5.00000000e-06 minimumTimeStepSeconds=5.00000000e-11 adaptive=true
Q30_STEP_PROFILE seed=64 fault=DREV_OPEN profile=repaired-customer-retest boundary=BEGIN stepRole=PRODUCTION_5_US declaredMaximumStepSeconds=5.00000000e-06 configuredMaximumStepSeconds=5.00000000e-06 actualCurrentStepSeconds=5.00000000e-06 observedMinimumStepSeconds=5.00000000e-06 observedMaximumStepSeconds=5.00000000e-06 minimumTimeStepSeconds=5.00000000e-11 adaptive=true
Q30_STEP_PROFILE seed=64 fault=DREV_OPEN profile=repaired-customer-retest boundary=END stepRole=PRODUCTION_5_US declaredMaximumStepSeconds=5.00000000e-06 configuredMaximumStepSeconds=5.00000000e-06 actualCurrentStepSeconds=5.00000000e-06 observedMinimumStepSeconds=5.00000000e-06 observedMaximumStepSeconds=5.00000000e-06 minimumTimeStepSeconds=5.00000000e-11 adaptive=true
Q30_STEP_OWNER_CLEANUP seed=64 fault=DREV_OPEN declaredMaximumStepSeconds=5.00000000e-06 stepRole=PRODUCTION_5_US cleanup=true elapsedMillis=0
Q30_STEP_PAIR seed=64 support=STANDARD_35 fault=DREV_OPEN referenceMaximumStepSeconds=2.50000000e-06 productionCandidateMaximumStepSeconds=5.00000000e-06 candidateKind=PRODUCTION_5_US maxDeltaVolts=0.00219198418 toleranceVolts=0.0155576380 phase=faulted sample=SENSORS_LOW/U1.OUTPUT-J1.2 referenceElapsedMillis=17856 productionCandidateElapsedMillis=8912 referenceSimSeconds=1.16019250 productionCandidateSimSeconds=1.16036000 referenceCleanupMillis=0 productionCandidateCleanupMillis=0 cleanup=true
Q30_STEP_SEED seed=64 support=STANDARD_35 referenceMaximumStepSeconds=2.50000000e-06 productionCandidateMaximumStepSeconds=5.00000000e-06 candidateKind=PRODUCTION_5_US routeTopology=RB30_SHARED_HYSTERETIC_A_NMOS_B_NMOS_STANDARD_35 routeAndPairsElapsedMillis=30201
Q30_STEP_SEED_CLEANUP seed=64 cleanup=true elapsedMillis=0
PASS: Q30 production solver step sensitivity assertions=1478 seed=64 support=STANDARD_35 faults=1 referenceMaximumStepSeconds=2.50000000e-06 productionCandidateMaximumStepSeconds=5.00000000e-06 candidateKind=PRODUCTION_5_US elapsedMillis=30202

node 11 unconnected
converged after 25 iterations, timeStep = 2.5E-6
converged after 9 iterations, timeStep = 2.5E-6
node 11 unconnected
node 11 unconnected
converged after 14 iterations, timeStep = 2.5E-6
node 11 unconnected
converged after 15 iterations, timeStep = 2.5E-6
node 11 unconnected
converged after 14 iterations, timeStep = 2.5E-6
node 11 unconnected
converged after 15 iterations, timeStep = 2.5E-6
node 11 unconnected
converged after 15 iterations, timeStep = 2.5E-6
converged after 13 iterations, timeStep = 2.5E-6
node 11 unconnected
node 11 unconnected
node 11 unconnected
node 11 unconnected
node 11 unconnected
node 11 unconnected
node 11 unconnected
node 11 unconnected
node 11 unconnected
node 11 unconnected
node 11 unconnected
node 11 unconnected
node 11 unconnected
node 11 unconnected
node 11 unconnected
node 16 unconnected
node 20 unconnected
node 11 unconnected
node 11 unconnected
node 11 unconnected
node 11 unconnected
node 11 unconnected
node 11 unconnected
node 11 unconnected
node 11 unconnected
node 11 unconnected
node 11 unconnected
node 11 unconnected
node 11 unconnected
node 11 unconnected
node 16 unconnected
node 20 unconnected
node 11 unconnected
node 16 unconnected
node 20 unconnected
converged after 7 iterations, timeStep = 2.5E-6
converged after 7 iterations, timeStep = 2.5E-6
node 11 unconnected
node 16 unconnected
node 20 unconnected
converged after 40 iterations, timeStep = 2.5E-6
node 11 unconnected
node 16 unconnected
node 20 unconnected
converged after 9 iterations, timeStep = 2.5E-6
node 11 unconnected
node 16 unconnected
node 20 unconnected
converged after 14 iterations, timeStep = 2.5E-6
node 11 unconnected
node 16 unconnected
node 20 unconnected
converged after 15 iterations, timeStep = 2.5E-6
node 11 unconnected
node 16 unconnected
node 20 unconnected
converged after 14 iterations, timeStep = 2.5E-6
node 11 unconnected
converged after 25 iterations, timeStep = 5.0E-6
converged after 6 iterations, timeStep = 5.0E-6
node 11 unconnected
node 11 unconnected
converged after 14 iterations, timeStep = 5.0E-6
node 11 unconnected
converged after 15 iterations, timeStep = 5.0E-6
node 11 unconnected
converged after 14 iterations, timeStep = 5.0E-6
node 11 unconnected
converged after 15 iterations, timeStep = 5.0E-6
node 11 unconnected
converged after 15 iterations, timeStep = 5.0E-6
converged after 13 iterations, timeStep = 5.0E-6
node 11 unconnected
node 11 unconnected
node 11 unconnected
node 11 unconnected
node 11 unconnected
node 11 unconnected
node 11 unconnected
node 11 unconnected
node 11 unconnected
node 11 unconnected
node 11 unconnected
node 11 unconnected
node 11 unconnected
node 11 unconnected
node 11 unconnected
node 16 unconnected
node 20 unconnected
node 11 unconnected
node 11 unconnected
node 11 unconnected
node 11 unconnected
node 11 unconnected
node 11 unconnected
node 11 unconnected
node 11 unconnected
node 11 unconnected
node 11 unconnected
node 11 unconnected
node 11 unconnected
node 11 unconnected
node 16 unconnected
node 20 unconnected
node 11 unconnected
node 16 unconnected
node 20 unconnected
converged after 7 iterations, timeStep = 5.0E-6
converged after 6 iterations, timeStep = 5.0E-6
node 11 unconnected
node 16 unconnected
node 20 unconnected
converged after 40 iterations, timeStep = 5.0E-6
node 11 unconnected
node 16 unconnected
node 20 unconnected
converged after 10 iterations, timeStep = 5.0E-6
node 11 unconnected
node 16 unconnected
node 20 unconnected
converged after 14 iterations, timeStep = 5.0E-6
node 11 unconnected
node 16 unconnected
node 20 unconnected
converged after 15 iterations, timeStep = 5.0E-6
node 11 unconnected
node 16 unconnected
node 20 unconnected
converged after 14 iterations, timeStep = 5.0E-6

Q30_STEP_PROFILE seed=64 fault=REN_OPEN profile=initial-electrical-settle boundary=BEGIN stepRole=FINER_2_5_US_REFERENCE declaredMaximumStepSeconds=2.50000000e-06 configuredMaximumStepSeconds=2.50000000e-06 actualCurrentStepSeconds=2.50000000e-06 observedMinimumStepSeconds=2.50000000e-06 observedMaximumStepSeconds=2.50000000e-06 minimumTimeStepSeconds=5.00000000e-11 adaptive=true
Q30_STEP_PROFILE seed=64 fault=REN_OPEN profile=initial-electrical-settle boundary=END stepRole=FINER_2_5_US_REFERENCE declaredMaximumStepSeconds=2.50000000e-06 configuredMaximumStepSeconds=2.50000000e-06 actualCurrentStepSeconds=2.50000000e-06 observedMinimumStepSeconds=2.50000000e-06 observedMaximumStepSeconds=2.50000000e-06 minimumTimeStepSeconds=5.00000000e-11 adaptive=true
Q30_STEP_PROFILE seed=64 fault=REN_OPEN profile=healthy-preparation boundary=BEGIN stepRole=FINER_2_5_US_REFERENCE declaredMaximumStepSeconds=2.50000000e-06 configuredMaximumStepSeconds=2.50000000e-06 actualCurrentStepSeconds=2.50000000e-06 observedMinimumStepSeconds=2.50000000e-06 observedMaximumStepSeconds=2.50000000e-06 minimumTimeStepSeconds=5.00000000e-11 adaptive=true
Q30_STEP_PROFILE seed=64 fault=REN_OPEN profile=healthy-preparation boundary=END stepRole=FINER_2_5_US_REFERENCE declaredMaximumStepSeconds=2.50000000e-06 configuredMaximumStepSeconds=2.50000000e-06 actualCurrentStepSeconds=2.50000000e-06 observedMinimumStepSeconds=2.50000000e-06 observedMaximumStepSeconds=2.50000000e-06 minimumTimeStepSeconds=5.00000000e-11 adaptive=true
Q30_STEP_PROFILE seed=64 fault=REN_OPEN profile=fault-profile-preparation boundary=BEGIN stepRole=FINER_2_5_US_REFERENCE declaredMaximumStepSeconds=2.50000000e-06 configuredMaximumStepSeconds=2.50000000e-06 actualCurrentStepSeconds=2.50000000e-06 observedMinimumStepSeconds=2.50000000e-06 observedMaximumStepSeconds=2.50000000e-06 minimumTimeStepSeconds=5.00000000e-11 adaptive=true
Q30_STEP_PROFILE seed=64 fault=REN_OPEN profile=fault-profile-preparation boundary=END stepRole=FINER_2_5_US_REFERENCE declaredMaximumStepSeconds=2.50000000e-06 configuredMaximumStepSeconds=2.50000000e-06 actualCurrentStepSeconds=2.50000000e-06 observedMinimumStepSeconds=2.50000000e-06 observedMaximumStepSeconds=2.50000000e-06 minimumTimeStepSeconds=5.00000000e-11 adaptive=true
Q30_STEP_PROFILE seed=64 fault=REN_OPEN profile=faulted-four-input-profile boundary=BEGIN stepRole=FINER_2_5_US_REFERENCE declaredMaximumStepSeconds=2.50000000e-06 configuredMaximumStepSeconds=2.50000000e-06 actualCurrentStepSeconds=2.50000000e-06 observedMinimumStepSeconds=2.50000000e-06 observedMaximumStepSeconds=2.50000000e-06 minimumTimeStepSeconds=5.00000000e-11 adaptive=true
Q30_STEP_PROFILE seed=64 fault=REN_OPEN profile=faulted-four-input-profile boundary=END stepRole=FINER_2_5_US_REFERENCE declaredMaximumStepSeconds=2.50000000e-06 configuredMaximumStepSeconds=2.50000000e-06 actualCurrentStepSeconds=2.50000000e-06 observedMinimumStepSeconds=2.50000000e-06 observedMaximumStepSeconds=2.50000000e-06 minimumTimeStepSeconds=5.00000000e-11 adaptive=true
Q30_STEP_PROFILE seed=64 fault=REN_OPEN profile=unrepaired-customer-retest boundary=BEGIN stepRole=FINER_2_5_US_REFERENCE declaredMaximumStepSeconds=2.50000000e-06 configuredMaximumStepSeconds=2.50000000e-06 actualCurrentStepSeconds=2.50000000e-06 observedMinimumStepSeconds=2.50000000e-06 observedMaximumStepSeconds=2.50000000e-06 minimumTimeStepSeconds=5.00000000e-11 adaptive=true
Q30_STEP_PROFILE seed=64 fault=REN_OPEN profile=unrepaired-customer-retest boundary=END stepRole=FINER_2_5_US_REFERENCE declaredMaximumStepSeconds=2.50000000e-06 configuredMaximumStepSeconds=2.50000000e-06 actualCurrentStepSeconds=2.50000000e-06 observedMinimumStepSeconds=2.50000000e-06 observedMaximumStepSeconds=2.50000000e-06 minimumTimeStepSeconds=5.00000000e-11 adaptive=true
Q30_STEP_PROFILE seed=64 fault=REN_OPEN profile=service-power-off-wait boundary=BEGIN stepRole=FINER_2_5_US_REFERENCE declaredMaximumStepSeconds=2.50000000e-06 configuredMaximumStepSeconds=2.50000000e-06 actualCurrentStepSeconds=2.50000000e-06 observedMinimumStepSeconds=2.50000000e-06 observedMaximumStepSeconds=2.50000000e-06 minimumTimeStepSeconds=5.00000000e-11 adaptive=true
Q30_STEP_PROFILE seed=64 fault=REN_OPEN profile=service-power-off-wait boundary=END stepRole=FINER_2_5_US_REFERENCE declaredMaximumStepSeconds=2.50000000e-06 configuredMaximumStepSeconds=2.50000000e-06 actualCurrentStepSeconds=2.50000000e-06 observedMinimumStepSeconds=2.50000000e-06 observedMaximumStepSeconds=2.50000000e-06 minimumTimeStepSeconds=5.00000000e-11 adaptive=true
Q30_STEP_PROFILE seed=64 fault=REN_OPEN profile=reinstalled-original-customer-retest boundary=BEGIN stepRole=FINER_2_5_US_REFERENCE declaredMaximumStepSeconds=2.50000000e-06 configuredMaximumStepSeconds=2.50000000e-06 actualCurrentStepSeconds=2.50000000e-06 observedMinimumStepSeconds=2.50000000e-06 observedMaximumStepSeconds=2.50000000e-06 minimumTimeStepSeconds=5.00000000e-11 adaptive=true
Q30_STEP_PROFILE seed=64 fault=REN_OPEN profile=reinstalled-original-customer-retest boundary=END stepRole=FINER_2_5_US_REFERENCE declaredMaximumStepSeconds=2.50000000e-06 configuredMaximumStepSeconds=2.50000000e-06 actualCurrentStepSeconds=2.50000000e-06 observedMinimumStepSeconds=2.50000000e-06 observedMaximumStepSeconds=2.50000000e-06 minimumTimeStepSeconds=5.00000000e-11 adaptive=true
Q30_STEP_PROFILE seed=64 fault=REN_OPEN profile=service-power-off-wait boundary=BEGIN stepRole=FINER_2_5_US_REFERENCE declaredMaximumStepSeconds=2.50000000e-06 configuredMaximumStepSeconds=2.50000000e-06 actualCurrentStepSeconds=2.50000000e-06 observedMinimumStepSeconds=2.50000000e-06 observedMaximumStepSeconds=2.50000000e-06 minimumTimeStepSeconds=5.00000000e-11 adaptive=true
Q30_STEP_PROFILE seed=64 fault=REN_OPEN profile=service-power-off-wait boundary=END stepRole=FINER_2_5_US_REFERENCE declaredMaximumStepSeconds=2.50000000e-06 configuredMaximumStepSeconds=2.50000000e-06 actualCurrentStepSeconds=2.50000000e-06 observedMinimumStepSeconds=2.50000000e-06 observedMaximumStepSeconds=2.50000000e-06 minimumTimeStepSeconds=5.00000000e-11 adaptive=true
Q30_STEP_PROFILE seed=64 fault=REN_OPEN profile=repaired-customer-retest boundary=BEGIN stepRole=FINER_2_5_US_REFERENCE declaredMaximumStepSeconds=2.50000000e-06 configuredMaximumStepSeconds=2.50000000e-06 actualCurrentStepSeconds=2.50000000e-06 observedMinimumStepSeconds=2.50000000e-06 observedMaximumStepSeconds=2.50000000e-06 minimumTimeStepSeconds=5.00000000e-11 adaptive=true
Q30_STEP_PROFILE seed=64 fault=REN_OPEN profile=repaired-customer-retest boundary=END stepRole=FINER_2_5_US_REFERENCE declaredMaximumStepSeconds=2.50000000e-06 configuredMaximumStepSeconds=2.50000000e-06 actualCurrentStepSeconds=2.50000000e-06 observedMinimumStepSeconds=2.50000000e-06 observedMaximumStepSeconds=2.50000000e-06 minimumTimeStepSeconds=5.00000000e-11 adaptive=true
Q30_STEP_OWNER_CLEANUP seed=64 fault=REN_OPEN declaredMaximumStepSeconds=2.50000000e-06 stepRole=FINER_2_5_US_REFERENCE cleanup=true elapsedMillis=0
Q30_STEP_PROFILE seed=64 fault=REN_OPEN profile=initial-electrical-settle boundary=BEGIN stepRole=PRODUCTION_5_US declaredMaximumStepSeconds=5.00000000e-06 configuredMaximumStepSeconds=5.00000000e-06 actualCurrentStepSeconds=5.00000000e-06 observedMinimumStepSeconds=5.00000000e-06 observedMaximumStepSeconds=5.00000000e-06 minimumTimeStepSeconds=5.00000000e-11 adaptive=true
Q30_STEP_PROFILE seed=64 fault=REN_OPEN profile=initial-electrical-settle boundary=END stepRole=PRODUCTION_5_US declaredMaximumStepSeconds=5.00000000e-06 configuredMaximumStepSeconds=5.00000000e-06 actualCurrentStepSeconds=5.00000000e-06 observedMinimumStepSeconds=5.00000000e-06 observedMaximumStepSeconds=5.00000000e-06 minimumTimeStepSeconds=5.00000000e-11 adaptive=true
Q30_STEP_PROFILE seed=64 fault=REN_OPEN profile=healthy-preparation boundary=BEGIN stepRole=PRODUCTION_5_US declaredMaximumStepSeconds=5.00000000e-06 configuredMaximumStepSeconds=5.00000000e-06 actualCurrentStepSeconds=5.00000000e-06 observedMinimumStepSeconds=5.00000000e-06 observedMaximumStepSeconds=5.00000000e-06 minimumTimeStepSeconds=5.00000000e-11 adaptive=true
Q30_STEP_PROFILE seed=64 fault=REN_OPEN profile=healthy-preparation boundary=END stepRole=PRODUCTION_5_US declaredMaximumStepSeconds=5.00000000e-06 configuredMaximumStepSeconds=5.00000000e-06 actualCurrentStepSeconds=5.00000000e-06 observedMinimumStepSeconds=5.00000000e-06 observedMaximumStepSeconds=5.00000000e-06 minimumTimeStepSeconds=5.00000000e-11 adaptive=true
Q30_STEP_PROFILE seed=64 fault=REN_OPEN profile=fault-profile-preparation boundary=BEGIN stepRole=PRODUCTION_5_US declaredMaximumStepSeconds=5.00000000e-06 configuredMaximumStepSeconds=5.00000000e-06 actualCurrentStepSeconds=5.00000000e-06 observedMinimumStepSeconds=5.00000000e-06 observedMaximumStepSeconds=5.00000000e-06 minimumTimeStepSeconds=5.00000000e-11 adaptive=true
Q30_STEP_PROFILE seed=64 fault=REN_OPEN profile=fault-profile-preparation boundary=END stepRole=PRODUCTION_5_US declaredMaximumStepSeconds=5.00000000e-06 configuredMaximumStepSeconds=5.00000000e-06 actualCurrentStepSeconds=5.00000000e-06 observedMinimumStepSeconds=5.00000000e-06 observedMaximumStepSeconds=5.00000000e-06 minimumTimeStepSeconds=5.00000000e-11 adaptive=true
Q30_STEP_PROFILE seed=64 fault=REN_OPEN profile=faulted-four-input-profile boundary=BEGIN stepRole=PRODUCTION_5_US declaredMaximumStepSeconds=5.00000000e-06 configuredMaximumStepSeconds=5.00000000e-06 actualCurrentStepSeconds=5.00000000e-06 observedMinimumStepSeconds=5.00000000e-06 observedMaximumStepSeconds=5.00000000e-06 minimumTimeStepSeconds=5.00000000e-11 adaptive=true
Q30_STEP_PROFILE seed=64 fault=REN_OPEN profile=faulted-four-input-profile boundary=END stepRole=PRODUCTION_5_US declaredMaximumStepSeconds=5.00000000e-06 configuredMaximumStepSeconds=5.00000000e-06 actualCurrentStepSeconds=5.00000000e-06 observedMinimumStepSeconds=5.00000000e-06 observedMaximumStepSeconds=5.00000000e-06 minimumTimeStepSeconds=5.00000000e-11 adaptive=true
Q30_STEP_PROFILE seed=64 fault=REN_OPEN profile=unrepaired-customer-retest boundary=BEGIN stepRole=PRODUCTION_5_US declaredMaximumStepSeconds=5.00000000e-06 configuredMaximumStepSeconds=5.00000000e-06 actualCurrentStepSeconds=5.00000000e-06 observedMinimumStepSeconds=5.00000000e-06 observedMaximumStepSeconds=5.00000000e-06 minimumTimeStepSeconds=5.00000000e-11 adaptive=true
Q30_STEP_PROFILE seed=64 fault=REN_OPEN profile=unrepaired-customer-retest boundary=END stepRole=PRODUCTION_5_US declaredMaximumStepSeconds=5.00000000e-06 configuredMaximumStepSeconds=5.00000000e-06 actualCurrentStepSeconds=5.00000000e-06 observedMinimumStepSeconds=5.00000000e-06 observedMaximumStepSeconds=5.00000000e-06 minimumTimeStepSeconds=5.00000000e-11 adaptive=true
Q30_STEP_PROFILE seed=64 fault=REN_OPEN profile=service-power-off-wait boundary=BEGIN stepRole=PRODUCTION_5_US declaredMaximumStepSeconds=5.00000000e-06 configuredMaximumStepSeconds=5.00000000e-06 actualCurrentStepSeconds=5.00000000e-06 observedMinimumStepSeconds=5.00000000e-06 observedMaximumStepSeconds=5.00000000e-06 minimumTimeStepSeconds=5.00000000e-11 adaptive=true
Q30_STEP_PROFILE seed=64 fault=REN_OPEN profile=service-power-off-wait boundary=END stepRole=PRODUCTION_5_US declaredMaximumStepSeconds=5.00000000e-06 configuredMaximumStepSeconds=5.00000000e-06 actualCurrentStepSeconds=5.00000000e-06 observedMinimumStepSeconds=5.00000000e-06 observedMaximumStepSeconds=5.00000000e-06 minimumTimeStepSeconds=5.00000000e-11 adaptive=true
Q30_STEP_PROFILE seed=64 fault=REN_OPEN profile=reinstalled-original-customer-retest boundary=BEGIN stepRole=PRODUCTION_5_US declaredMaximumStepSeconds=5.00000000e-06 configuredMaximumStepSeconds=5.00000000e-06 actualCurrentStepSeconds=5.00000000e-06 observedMinimumStepSeconds=5.00000000e-06 observedMaximumStepSeconds=5.00000000e-06 minimumTimeStepSeconds=5.00000000e-11 adaptive=true
Q30_STEP_PROFILE seed=64 fault=REN_OPEN profile=reinstalled-original-customer-retest boundary=END stepRole=PRODUCTION_5_US declaredMaximumStepSeconds=5.00000000e-06 configuredMaximumStepSeconds=5.00000000e-06 actualCurrentStepSeconds=5.00000000e-06 observedMinimumStepSeconds=5.00000000e-06 observedMaximumStepSeconds=5.00000000e-06 minimumTimeStepSeconds=5.00000000e-11 adaptive=true
Q30_STEP_PROFILE seed=64 fault=REN_OPEN profile=service-power-off-wait boundary=BEGIN stepRole=PRODUCTION_5_US declaredMaximumStepSeconds=5.00000000e-06 configuredMaximumStepSeconds=5.00000000e-06 actualCurrentStepSeconds=5.00000000e-06 observedMinimumStepSeconds=5.00000000e-06 observedMaximumStepSeconds=5.00000000e-06 minimumTimeStepSeconds=5.00000000e-11 adaptive=true
Q30_STEP_PROFILE seed=64 fault=REN_OPEN profile=service-power-off-wait boundary=END stepRole=PRODUCTION_5_US declaredMaximumStepSeconds=5.00000000e-06 configuredMaximumStepSeconds=5.00000000e-06 actualCurrentStepSeconds=5.00000000e-06 observedMinimumStepSeconds=5.00000000e-06 observedMaximumStepSeconds=5.00000000e-06 minimumTimeStepSeconds=5.00000000e-11 adaptive=true
Q30_STEP_PROFILE seed=64 fault=REN_OPEN profile=repaired-customer-retest boundary=BEGIN stepRole=PRODUCTION_5_US declaredMaximumStepSeconds=5.00000000e-06 configuredMaximumStepSeconds=5.00000000e-06 actualCurrentStepSeconds=5.00000000e-06 observedMinimumStepSeconds=5.00000000e-06 observedMaximumStepSeconds=5.00000000e-06 minimumTimeStepSeconds=5.00000000e-11 adaptive=true
Q30_STEP_PROFILE seed=64 fault=REN_OPEN profile=repaired-customer-retest boundary=END stepRole=PRODUCTION_5_US declaredMaximumStepSeconds=5.00000000e-06 configuredMaximumStepSeconds=5.00000000e-06 actualCurrentStepSeconds=5.00000000e-06 observedMinimumStepSeconds=5.00000000e-06 observedMaximumStepSeconds=5.00000000e-06 minimumTimeStepSeconds=5.00000000e-11 adaptive=true
Q30_STEP_OWNER_CLEANUP seed=64 fault=REN_OPEN declaredMaximumStepSeconds=5.00000000e-06 stepRole=PRODUCTION_5_US cleanup=true elapsedMillis=0
Q30_STEP_PAIR seed=64 support=STANDARD_35 fault=REN_OPEN referenceMaximumStepSeconds=2.50000000e-06 productionCandidateMaximumStepSeconds=5.00000000e-06 candidateKind=PRODUCTION_5_US maxDeltaVolts=3.93347694e-05 toleranceVolts=0.0108115039 phase=faulted sample=SENSORS_LOW/U1.OUTPUT-J1.2 referenceElapsedMillis=16105 productionCandidateElapsedMillis=8115 referenceSimSeconds=1.16019250 productionCandidateSimSeconds=1.16036000 referenceCleanupMillis=0 productionCandidateCleanupMillis=0 cleanup=true
Q30_STEP_SEED seed=64 support=STANDARD_35 referenceMaximumStepSeconds=2.50000000e-06 productionCandidateMaximumStepSeconds=5.00000000e-06 candidateKind=PRODUCTION_5_US routeTopology=RB30_SHARED_HYSTERETIC_A_NMOS_B_NMOS_STANDARD_35 routeAndPairsElapsedMillis=27512
Q30_STEP_OWNER_CLEANUP seed=64 fault=DREV_OPEN declaredMaximumStepSeconds=2.50000000e-06 stepRole=FINER_2_5_US_REFERENCE cleanup=true elapsedMillis=0
Q30_STEP_SEED_CLEANUP seed=64 cleanup=true elapsedMillis=0
PASS: Q30 production solver step sensitivity assertions=1734 seed=64 support=STANDARD_35 faults=1 referenceMaximumStepSeconds=2.50000000e-06 productionCandidateMaximumStepSeconds=5.00000000e-06 candidateKind=PRODUCTION_5_US elapsedMillis=27512

node 11 unconnected
converged after 25 iterations, timeStep = 2.5E-6
converged after 9 iterations, timeStep = 2.5E-6
node 11 unconnected
node 11 unconnected
converged after 14 iterations, timeStep = 2.5E-6
node 11 unconnected
converged after 15 iterations, timeStep = 2.5E-6
node 11 unconnected
converged after 14 iterations, timeStep = 2.5E-6
node 11 unconnected
converged after 15 iterations, timeStep = 2.5E-6
node 11 unconnected
node 20 unconnected
converged after 14 iterations, timeStep = 2.5E-6
converged after 12 iterations, timeStep = 2.5E-6
node 11 unconnected
node 20 unconnected
node 11 unconnected
node 20 unconnected
node 11 unconnected
node 20 unconnected
node 11 unconnected
node 20 unconnected
node 11 unconnected
node 20 unconnected
node 11 unconnected
node 20 unconnected
node 11 unconnected
node 20 unconnected
node 11 unconnected
node 20 unconnected
node 11 unconnected
node 20 unconnected
node 11 unconnected
node 20 unconnected
node 11 unconnected
node 20 unconnected
node 11 unconnected
node 20 unconnected
node 11 unconnected
node 20 unconnected
node 11 unconnected
node 20 unconnected
node 11 unconnected
node 20 unconnected
node 21 unconnected
node 23 unconnected
node 11 unconnected
node 20 unconnected
node 11 unconnected
node 20 unconnected
converged after 6 iterations, timeStep = 2.5E-6
node 11 unconnected
node 20 unconnected
node 11 unconnected
node 20 unconnected
node 11 unconnected
node 20 unconnected
node 11 unconnected
node 20 unconnected
node 11 unconnected
node 20 unconnected
node 11 unconnected
node 20 unconnected
node 11 unconnected
node 20 unconnected
node 11 unconnected
node 20 unconnected
node 11 unconnected
node 20 unconnected
node 11 unconnected
node 20 unconnected
node 11 unconnected
node 20 unconnected
node 21 unconnected
node 23 unconnected
node 11 unconnected
node 21 unconnected
node 23 unconnected
converged after 13 iterations, timeStep = 2.5E-6
node 11 unconnected
node 21 unconnected
node 23 unconnected
converged after 13 iterations, timeStep = 2.5E-6
converged after 7 iterations, timeStep = 2.5E-6
node 11 unconnected
node 21 unconnected
node 23 unconnected
converged after 15 iterations, timeStep = 2.5E-6
node 11 unconnected
node 21 unconnected
node 23 unconnected
converged after 14 iterations, timeStep = 2.5E-6
node 11 unconnected
node 21 unconnected
node 23 unconnected
converged after 15 iterations, timeStep = 2.5E-6
node 11 unconnected
node 21 unconnected
node 23 unconnected
converged after 14 iterations, timeStep = 2.5E-6
node 11 unconnected
converged after 25 iterations, timeStep = 5.0E-6
converged after 6 iterations, timeStep = 5.0E-6
node 11 unconnected
node 11 unconnected
converged after 14 iterations, timeStep = 5.0E-6
node 11 unconnected
converged after 15 iterations, timeStep = 5.0E-6
node 11 unconnected
converged after 14 iterations, timeStep = 5.0E-6
node 11 unconnected
converged after 15 iterations, timeStep = 5.0E-6
node 11 unconnected
node 20 unconnected
converged after 18 iterations, timeStep = 5.0E-6
converged after 12 iterations, timeStep = 5.0E-6
node 11 unconnected
node 20 unconnected
node 11 unconnected
node 20 unconnected
node 11 unconnected
node 20 unconnected
node 11 unconnected
node 20 unconnected
node 11 unconnected
node 20 unconnected
node 11 unconnected
node 20 unconnected
node 11 unconnected
node 20 unconnected
node 11 unconnected
node 20 unconnected
node 11 unconnected
node 20 unconnected
node 11 unconnected
node 20 unconnected
node 11 unconnected
node 20 unconnected
node 11 unconnected
node 20 unconnected
node 11 unconnected
node 20 unconnected
node 11 unconnected
node 20 unconnected
node 11 unconnected
node 20 unconnected
node 21 unconnected
node 23 unconnected
node 11 unconnected
node 20 unconnected
node 11 unconnected
node 20 unconnected
converged after 6 iterations, timeStep = 5.0E-6
node 11 unconnected
node 20 unconnected
node 11 unconnected
node 20 unconnected
node 11 unconnected
node 20 unconnected
node 11 unconnected
node 20 unconnected
node 11 unconnected
node 20 unconnected
node 11 unconnected
node 20 unconnected
node 11 unconnected
node 20 unconnected
node 11 unconnected
node 20 unconnected
node 11 unconnected
node 20 unconnected
node 11 unconnected
node 20 unconnected
node 11 unconnected
node 20 unconnected
node 21 unconnected
node 23 unconnected
node 11 unconnected
node 21 unconnected
node 23 unconnected
converged after 13 iterations, timeStep = 5.0E-6
node 11 unconnected
node 21 unconnected
node 23 unconnected
converged after 14 iterations, timeStep = 5.0E-6
converged after 7 iterations, timeStep = 5.0E-6
node 11 unconnected
node 21 unconnected
node 23 unconnected
converged after 15 iterations, timeStep = 5.0E-6
node 11 unconnected
node 21 unconnected
node 23 unconnected
converged after 14 iterations, timeStep = 5.0E-6
node 11 unconnected
node 21 unconnected
node 23 unconnected
converged after 15 iterations, timeStep = 5.0E-6
node 11 unconnected
node 21 unconnected
node 23 unconnected
converged after 14 iterations, timeStep = 5.0E-6

Q30_STEP_PROFILE seed=64 fault=SENSOR_A_OPEN profile=initial-electrical-settle boundary=BEGIN stepRole=FINER_2_5_US_REFERENCE declaredMaximumStepSeconds=2.50000000e-06 configuredMaximumStepSeconds=2.50000000e-06 actualCurrentStepSeconds=2.50000000e-06 observedMinimumStepSeconds=2.50000000e-06 observedMaximumStepSeconds=2.50000000e-06 minimumTimeStepSeconds=5.00000000e-11 adaptive=true
Q30_STEP_PROFILE seed=64 fault=SENSOR_A_OPEN profile=initial-electrical-settle boundary=END stepRole=FINER_2_5_US_REFERENCE declaredMaximumStepSeconds=2.50000000e-06 configuredMaximumStepSeconds=2.50000000e-06 actualCurrentStepSeconds=2.50000000e-06 observedMinimumStepSeconds=2.50000000e-06 observedMaximumStepSeconds=2.50000000e-06 minimumTimeStepSeconds=5.00000000e-11 adaptive=true
Q30_STEP_PROFILE seed=64 fault=SENSOR_A_OPEN profile=healthy-preparation boundary=BEGIN stepRole=FINER_2_5_US_REFERENCE declaredMaximumStepSeconds=2.50000000e-06 configuredMaximumStepSeconds=2.50000000e-06 actualCurrentStepSeconds=2.50000000e-06 observedMinimumStepSeconds=2.50000000e-06 observedMaximumStepSeconds=2.50000000e-06 minimumTimeStepSeconds=5.00000000e-11 adaptive=true
Q30_STEP_PROFILE seed=64 fault=SENSOR_A_OPEN profile=healthy-preparation boundary=END stepRole=FINER_2_5_US_REFERENCE declaredMaximumStepSeconds=2.50000000e-06 configuredMaximumStepSeconds=2.50000000e-06 actualCurrentStepSeconds=2.50000000e-06 observedMinimumStepSeconds=2.50000000e-06 observedMaximumStepSeconds=2.50000000e-06 minimumTimeStepSeconds=5.00000000e-11 adaptive=true
Q30_STEP_PROFILE seed=64 fault=SENSOR_A_OPEN profile=fault-profile-preparation boundary=BEGIN stepRole=FINER_2_5_US_REFERENCE declaredMaximumStepSeconds=2.50000000e-06 configuredMaximumStepSeconds=2.50000000e-06 actualCurrentStepSeconds=2.50000000e-06 observedMinimumStepSeconds=2.50000000e-06 observedMaximumStepSeconds=2.50000000e-06 minimumTimeStepSeconds=5.00000000e-11 adaptive=true
Q30_STEP_PROFILE seed=64 fault=SENSOR_A_OPEN profile=fault-profile-preparation boundary=END stepRole=FINER_2_5_US_REFERENCE declaredMaximumStepSeconds=2.50000000e-06 configuredMaximumStepSeconds=2.50000000e-06 actualCurrentStepSeconds=2.50000000e-06 observedMinimumStepSeconds=2.50000000e-06 observedMaximumStepSeconds=2.50000000e-06 minimumTimeStepSeconds=5.00000000e-11 adaptive=true
Q30_STEP_PROFILE seed=64 fault=SENSOR_A_OPEN profile=faulted-four-input-profile boundary=BEGIN stepRole=FINER_2_5_US_REFERENCE declaredMaximumStepSeconds=2.50000000e-06 configuredMaximumStepSeconds=2.50000000e-06 actualCurrentStepSeconds=2.50000000e-06 observedMinimumStepSeconds=2.50000000e-06 observedMaximumStepSeconds=2.50000000e-06 minimumTimeStepSeconds=5.00000000e-11 adaptive=true
Q30_STEP_PROFILE seed=64 fault=SENSOR_A_OPEN profile=faulted-four-input-profile boundary=END stepRole=FINER_2_5_US_REFERENCE declaredMaximumStepSeconds=2.50000000e-06 configuredMaximumStepSeconds=2.50000000e-06 actualCurrentStepSeconds=2.50000000e-06 observedMinimumStepSeconds=2.50000000e-06 observedMaximumStepSeconds=2.50000000e-06 minimumTimeStepSeconds=5.00000000e-11 adaptive=true
Q30_STEP_PROFILE seed=64 fault=SENSOR_A_OPEN profile=unrepaired-customer-retest boundary=BEGIN stepRole=FINER_2_5_US_REFERENCE declaredMaximumStepSeconds=2.50000000e-06 configuredMaximumStepSeconds=2.50000000e-06 actualCurrentStepSeconds=2.50000000e-06 observedMinimumStepSeconds=2.50000000e-06 observedMaximumStepSeconds=2.50000000e-06 minimumTimeStepSeconds=5.00000000e-11 adaptive=true
Q30_STEP_PROFILE seed=64 fault=SENSOR_A_OPEN profile=unrepaired-customer-retest boundary=END stepRole=FINER_2_5_US_REFERENCE declaredMaximumStepSeconds=2.50000000e-06 configuredMaximumStepSeconds=2.50000000e-06 actualCurrentStepSeconds=2.50000000e-06 observedMinimumStepSeconds=2.50000000e-06 observedMaximumStepSeconds=2.50000000e-06 minimumTimeStepSeconds=5.00000000e-11 adaptive=true
Q30_STEP_PROFILE seed=64 fault=SENSOR_A_OPEN profile=service-power-off-wait boundary=BEGIN stepRole=FINER_2_5_US_REFERENCE declaredMaximumStepSeconds=2.50000000e-06 configuredMaximumStepSeconds=2.50000000e-06 actualCurrentStepSeconds=2.50000000e-06 observedMinimumStepSeconds=2.50000000e-06 observedMaximumStepSeconds=2.50000000e-06 minimumTimeStepSeconds=5.00000000e-11 adaptive=true
Q30_STEP_PROFILE seed=64 fault=SENSOR_A_OPEN profile=service-power-off-wait boundary=END stepRole=FINER_2_5_US_REFERENCE declaredMaximumStepSeconds=2.50000000e-06 configuredMaximumStepSeconds=2.50000000e-06 actualCurrentStepSeconds=2.50000000e-06 observedMinimumStepSeconds=2.50000000e-06 observedMaximumStepSeconds=2.50000000e-06 minimumTimeStepSeconds=5.00000000e-11 adaptive=true
Q30_STEP_PROFILE seed=64 fault=SENSOR_A_OPEN profile=reinstalled-original-customer-retest boundary=BEGIN stepRole=FINER_2_5_US_REFERENCE declaredMaximumStepSeconds=2.50000000e-06 configuredMaximumStepSeconds=2.50000000e-06 actualCurrentStepSeconds=2.50000000e-06 observedMinimumStepSeconds=2.50000000e-06 observedMaximumStepSeconds=2.50000000e-06 minimumTimeStepSeconds=5.00000000e-11 adaptive=true
Q30_STEP_PROFILE seed=64 fault=SENSOR_A_OPEN profile=reinstalled-original-customer-retest boundary=END stepRole=FINER_2_5_US_REFERENCE declaredMaximumStepSeconds=2.50000000e-06 configuredMaximumStepSeconds=2.50000000e-06 actualCurrentStepSeconds=2.50000000e-06 observedMinimumStepSeconds=2.50000000e-06 observedMaximumStepSeconds=2.50000000e-06 minimumTimeStepSeconds=5.00000000e-11 adaptive=true
Q30_STEP_PROFILE seed=64 fault=SENSOR_A_OPEN profile=service-power-off-wait boundary=BEGIN stepRole=FINER_2_5_US_REFERENCE declaredMaximumStepSeconds=2.50000000e-06 configuredMaximumStepSeconds=2.50000000e-06 actualCurrentStepSeconds=2.50000000e-06 observedMinimumStepSeconds=2.50000000e-06 observedMaximumStepSeconds=2.50000000e-06 minimumTimeStepSeconds=5.00000000e-11 adaptive=true
Q30_STEP_PROFILE seed=64 fault=SENSOR_A_OPEN profile=service-power-off-wait boundary=END stepRole=FINER_2_5_US_REFERENCE declaredMaximumStepSeconds=2.50000000e-06 configuredMaximumStepSeconds=2.50000000e-06 actualCurrentStepSeconds=2.50000000e-06 observedMinimumStepSeconds=2.50000000e-06 observedMaximumStepSeconds=2.50000000e-06 minimumTimeStepSeconds=5.00000000e-11 adaptive=true
Q30_STEP_PROFILE seed=64 fault=SENSOR_A_OPEN profile=repaired-customer-retest boundary=BEGIN stepRole=FINER_2_5_US_REFERENCE declaredMaximumStepSeconds=2.50000000e-06 configuredMaximumStepSeconds=2.50000000e-06 actualCurrentStepSeconds=2.50000000e-06 observedMinimumStepSeconds=2.50000000e-06 observedMaximumStepSeconds=2.50000000e-06 minimumTimeStepSeconds=5.00000000e-11 adaptive=true
Q30_STEP_PROFILE seed=64 fault=SENSOR_A_OPEN profile=repaired-customer-retest boundary=END stepRole=FINER_2_5_US_REFERENCE declaredMaximumStepSeconds=2.50000000e-06 configuredMaximumStepSeconds=2.50000000e-06 actualCurrentStepSeconds=2.50000000e-06 observedMinimumStepSeconds=2.50000000e-06 observedMaximumStepSeconds=2.50000000e-06 minimumTimeStepSeconds=5.00000000e-11 adaptive=true
Q30_STEP_OWNER_CLEANUP seed=64 fault=SENSOR_A_OPEN declaredMaximumStepSeconds=2.50000000e-06 stepRole=FINER_2_5_US_REFERENCE cleanup=true elapsedMillis=0
Q30_STEP_PROFILE seed=64 fault=SENSOR_A_OPEN profile=initial-electrical-settle boundary=BEGIN stepRole=PRODUCTION_5_US declaredMaximumStepSeconds=5.00000000e-06 configuredMaximumStepSeconds=5.00000000e-06 actualCurrentStepSeconds=5.00000000e-06 observedMinimumStepSeconds=5.00000000e-06 observedMaximumStepSeconds=5.00000000e-06 minimumTimeStepSeconds=5.00000000e-11 adaptive=true
Q30_STEP_PROFILE seed=64 fault=SENSOR_A_OPEN profile=initial-electrical-settle boundary=END stepRole=PRODUCTION_5_US declaredMaximumStepSeconds=5.00000000e-06 configuredMaximumStepSeconds=5.00000000e-06 actualCurrentStepSeconds=5.00000000e-06 observedMinimumStepSeconds=5.00000000e-06 observedMaximumStepSeconds=5.00000000e-06 minimumTimeStepSeconds=5.00000000e-11 adaptive=true
Q30_STEP_PROFILE seed=64 fault=SENSOR_A_OPEN profile=healthy-preparation boundary=BEGIN stepRole=PRODUCTION_5_US declaredMaximumStepSeconds=5.00000000e-06 configuredMaximumStepSeconds=5.00000000e-06 actualCurrentStepSeconds=5.00000000e-06 observedMinimumStepSeconds=5.00000000e-06 observedMaximumStepSeconds=5.00000000e-06 minimumTimeStepSeconds=5.00000000e-11 adaptive=true
Q30_STEP_PROFILE seed=64 fault=SENSOR_A_OPEN profile=healthy-preparation boundary=END stepRole=PRODUCTION_5_US declaredMaximumStepSeconds=5.00000000e-06 configuredMaximumStepSeconds=5.00000000e-06 actualCurrentStepSeconds=5.00000000e-06 observedMinimumStepSeconds=5.00000000e-06 observedMaximumStepSeconds=5.00000000e-06 minimumTimeStepSeconds=5.00000000e-11 adaptive=true
Q30_STEP_PROFILE seed=64 fault=SENSOR_A_OPEN profile=fault-profile-preparation boundary=BEGIN stepRole=PRODUCTION_5_US declaredMaximumStepSeconds=5.00000000e-06 configuredMaximumStepSeconds=5.00000000e-06 actualCurrentStepSeconds=5.00000000e-06 observedMinimumStepSeconds=5.00000000e-06 observedMaximumStepSeconds=5.00000000e-06 minimumTimeStepSeconds=5.00000000e-11 adaptive=true
Q30_STEP_PROFILE seed=64 fault=SENSOR_A_OPEN profile=fault-profile-preparation boundary=END stepRole=PRODUCTION_5_US declaredMaximumStepSeconds=5.00000000e-06 configuredMaximumStepSeconds=5.00000000e-06 actualCurrentStepSeconds=5.00000000e-06 observedMinimumStepSeconds=5.00000000e-06 observedMaximumStepSeconds=5.00000000e-06 minimumTimeStepSeconds=5.00000000e-11 adaptive=true
Q30_STEP_PROFILE seed=64 fault=SENSOR_A_OPEN profile=faulted-four-input-profile boundary=BEGIN stepRole=PRODUCTION_5_US declaredMaximumStepSeconds=5.00000000e-06 configuredMaximumStepSeconds=5.00000000e-06 actualCurrentStepSeconds=5.00000000e-06 observedMinimumStepSeconds=5.00000000e-06 observedMaximumStepSeconds=5.00000000e-06 minimumTimeStepSeconds=5.00000000e-11 adaptive=true
Q30_STEP_PROFILE seed=64 fault=SENSOR_A_OPEN profile=faulted-four-input-profile boundary=END stepRole=PRODUCTION_5_US declaredMaximumStepSeconds=5.00000000e-06 configuredMaximumStepSeconds=5.00000000e-06 actualCurrentStepSeconds=5.00000000e-06 observedMinimumStepSeconds=5.00000000e-06 observedMaximumStepSeconds=5.00000000e-06 minimumTimeStepSeconds=5.00000000e-11 adaptive=true
Q30_STEP_PROFILE seed=64 fault=SENSOR_A_OPEN profile=unrepaired-customer-retest boundary=BEGIN stepRole=PRODUCTION_5_US declaredMaximumStepSeconds=5.00000000e-06 configuredMaximumStepSeconds=5.00000000e-06 actualCurrentStepSeconds=5.00000000e-06 observedMinimumStepSeconds=5.00000000e-06 observedMaximumStepSeconds=5.00000000e-06 minimumTimeStepSeconds=5.00000000e-11 adaptive=true
Q30_STEP_PROFILE seed=64 fault=SENSOR_A_OPEN profile=unrepaired-customer-retest boundary=END stepRole=PRODUCTION_5_US declaredMaximumStepSeconds=5.00000000e-06 configuredMaximumStepSeconds=5.00000000e-06 actualCurrentStepSeconds=5.00000000e-06 observedMinimumStepSeconds=5.00000000e-06 observedMaximumStepSeconds=5.00000000e-06 minimumTimeStepSeconds=5.00000000e-11 adaptive=true
Q30_STEP_PROFILE seed=64 fault=SENSOR_A_OPEN profile=service-power-off-wait boundary=BEGIN stepRole=PRODUCTION_5_US declaredMaximumStepSeconds=5.00000000e-06 configuredMaximumStepSeconds=5.00000000e-06 actualCurrentStepSeconds=5.00000000e-06 observedMinimumStepSeconds=5.00000000e-06 observedMaximumStepSeconds=5.00000000e-06 minimumTimeStepSeconds=5.00000000e-11 adaptive=true
Q30_STEP_PROFILE seed=64 fault=SENSOR_A_OPEN profile=service-power-off-wait boundary=END stepRole=PRODUCTION_5_US declaredMaximumStepSeconds=5.00000000e-06 configuredMaximumStepSeconds=5.00000000e-06 actualCurrentStepSeconds=5.00000000e-06 observedMinimumStepSeconds=5.00000000e-06 observedMaximumStepSeconds=5.00000000e-06 minimumTimeStepSeconds=5.00000000e-11 adaptive=true
Q30_STEP_PROFILE seed=64 fault=SENSOR_A_OPEN profile=reinstalled-original-customer-retest boundary=BEGIN stepRole=PRODUCTION_5_US declaredMaximumStepSeconds=5.00000000e-06 configuredMaximumStepSeconds=5.00000000e-06 actualCurrentStepSeconds=5.00000000e-06 observedMinimumStepSeconds=5.00000000e-06 observedMaximumStepSeconds=5.00000000e-06 minimumTimeStepSeconds=5.00000000e-11 adaptive=true
Q30_STEP_PROFILE seed=64 fault=SENSOR_A_OPEN profile=reinstalled-original-customer-retest boundary=END stepRole=PRODUCTION_5_US declaredMaximumStepSeconds=5.00000000e-06 configuredMaximumStepSeconds=5.00000000e-06 actualCurrentStepSeconds=5.00000000e-06 observedMinimumStepSeconds=5.00000000e-06 observedMaximumStepSeconds=5.00000000e-06 minimumTimeStepSeconds=5.00000000e-11 adaptive=true
Q30_STEP_PROFILE seed=64 fault=SENSOR_A_OPEN profile=service-power-off-wait boundary=BEGIN stepRole=PRODUCTION_5_US declaredMaximumStepSeconds=5.00000000e-06 configuredMaximumStepSeconds=5.00000000e-06 actualCurrentStepSeconds=5.00000000e-06 observedMinimumStepSeconds=5.00000000e-06 observedMaximumStepSeconds=5.00000000e-06 minimumTimeStepSeconds=5.00000000e-11 adaptive=true
Q30_STEP_PROFILE seed=64 fault=SENSOR_A_OPEN profile=service-power-off-wait boundary=END stepRole=PRODUCTION_5_US declaredMaximumStepSeconds=5.00000000e-06 configuredMaximumStepSeconds=5.00000000e-06 actualCurrentStepSeconds=5.00000000e-06 observedMinimumStepSeconds=5.00000000e-06 observedMaximumStepSeconds=5.00000000e-06 minimumTimeStepSeconds=5.00000000e-11 adaptive=true
Q30_STEP_PROFILE seed=64 fault=SENSOR_A_OPEN profile=repaired-customer-retest boundary=BEGIN stepRole=PRODUCTION_5_US declaredMaximumStepSeconds=5.00000000e-06 configuredMaximumStepSeconds=5.00000000e-06 actualCurrentStepSeconds=5.00000000e-06 observedMinimumStepSeconds=5.00000000e-06 observedMaximumStepSeconds=5.00000000e-06 minimumTimeStepSeconds=5.00000000e-11 adaptive=true
Q30_STEP_PROFILE seed=64 fault=SENSOR_A_OPEN profile=repaired-customer-retest boundary=END stepRole=PRODUCTION_5_US declaredMaximumStepSeconds=5.00000000e-06 configuredMaximumStepSeconds=5.00000000e-06 actualCurrentStepSeconds=5.00000000e-06 observedMinimumStepSeconds=5.00000000e-06 observedMaximumStepSeconds=5.00000000e-06 minimumTimeStepSeconds=5.00000000e-11 adaptive=true
Q30_STEP_OWNER_CLEANUP seed=64 fault=SENSOR_A_OPEN declaredMaximumStepSeconds=5.00000000e-06 stepRole=PRODUCTION_5_US cleanup=true elapsedMillis=0
Q30_STEP_PAIR seed=64 support=STANDARD_35 fault=SENSOR_A_OPEN referenceMaximumStepSeconds=2.50000000e-06 productionCandidateMaximumStepSeconds=5.00000000e-06 candidateKind=PRODUCTION_5_US maxDeltaVolts=8.43787262e-11 toleranceVolts=0.120625922 phase=healthy sample=SENSORS_A_ONLY/REN.2-J1.2 referenceElapsedMillis=17958 productionCandidateElapsedMillis=9038 referenceSimSeconds=1.16019250 productionCandidateSimSeconds=1.16036000 referenceCleanupMillis=0 productionCandidateCleanupMillis=0 cleanup=true
Q30_STEP_SEED seed=64 support=STANDARD_35 referenceMaximumStepSeconds=2.50000000e-06 productionCandidateMaximumStepSeconds=5.00000000e-06 candidateKind=PRODUCTION_5_US routeTopology=RB30_SHARED_HYSTERETIC_A_NMOS_B_NMOS_STANDARD_35 routeAndPairsElapsedMillis=30308
Q30_STEP_OWNER_CLEANUP seed=64 fault=DREV_OPEN declaredMaximumStepSeconds=2.50000000e-06 stepRole=FINER_2_5_US_REFERENCE cleanup=true elapsedMillis=0
Q30_STEP_SEED_CLEANUP seed=64 cleanup=true elapsedMillis=0
PASS: Q30 production solver step sensitivity assertions=1734 seed=64 support=STANDARD_35 faults=1 referenceMaximumStepSeconds=2.50000000e-06 productionCandidateMaximumStepSeconds=5.00000000e-06 candidateKind=PRODUCTION_5_US elapsedMillis=30308

node 11 unconnected
converged after 25 iterations, timeStep = 2.5E-6
converged after 9 iterations, timeStep = 2.5E-6
node 11 unconnected
node 11 unconnected
converged after 14 iterations, timeStep = 2.5E-6
node 11 unconnected
converged after 15 iterations, timeStep = 2.5E-6
node 11 unconnected
converged after 14 iterations, timeStep = 2.5E-6
node 11 unconnected
converged after 15 iterations, timeStep = 2.5E-6
node 11 unconnected
converged after 14 iterations, timeStep = 2.5E-6
node 11 unconnected
converged after 15 iterations, timeStep = 2.5E-6
node 11 unconnected
node 11 unconnected
converged after 14 iterations, timeStep = 2.5E-6
node 11 unconnected
node 11 unconnected
converged after 15 iterations, timeStep = 2.5E-6
node 11 unconnected
node 11 unconnected
converged after 14 iterations, timeStep = 2.5E-6
node 11 unconnected
node 11 unconnected
converged after 15 iterations, timeStep = 2.5E-6
node 11 unconnected
node 11 unconnected
node 11 unconnected
node 11 unconnected
node 11 unconnected
node 11 unconnected
node 28 unconnected
node 30 unconnected
node 11 unconnected
node 11 unconnected
converged after 23 iterations, timeStep = 2.5E-6
converged after 8 iterations, timeStep = 2.5E-6
node 11 unconnected
node 11 unconnected
node 11 unconnected
converged after 14 iterations, timeStep = 2.5E-6
node 11 unconnected
node 11 unconnected
converged after 15 iterations, timeStep = 2.5E-6
node 11 unconnected
node 11 unconnected
node 11 unconnected
node 11 unconnected
node 11 unconnected
node 11 unconnected
node 28 unconnected
node 30 unconnected
node 11 unconnected
node 28 unconnected
node 30 unconnected
node 11 unconnected
node 28 unconnected
node 30 unconnected
converged after 23 iterations, timeStep = 2.5E-6
converged after 8 iterations, timeStep = 2.5E-6
node 11 unconnected
node 28 unconnected
node 30 unconnected
node 11 unconnected
node 28 unconnected
node 30 unconnected
converged after 14 iterations, timeStep = 2.5E-6
node 11 unconnected
node 28 unconnected
node 30 unconnected
converged after 15 iterations, timeStep = 2.5E-6
node 11 unconnected
node 28 unconnected
node 30 unconnected
converged after 14 iterations, timeStep = 2.5E-6
node 11 unconnected
converged after 25 iterations, timeStep = 5.0E-6
converged after 6 iterations, timeStep = 5.0E-6
node 11 unconnected
node 11 unconnected
converged after 14 iterations, timeStep = 5.0E-6
node 11 unconnected
converged after 15 iterations, timeStep = 5.0E-6
node 11 unconnected
converged after 14 iterations, timeStep = 5.0E-6
node 11 unconnected
converged after 15 iterations, timeStep = 5.0E-6
node 11 unconnected
converged after 14 iterations, timeStep = 5.0E-6
node 11 unconnected
converged after 15 iterations, timeStep = 5.0E-6
node 11 unconnected
node 11 unconnected
converged after 14 iterations, timeStep = 5.0E-6
node 11 unconnected
node 11 unconnected
converged after 15 iterations, timeStep = 5.0E-6
node 11 unconnected
node 11 unconnected
converged after 14 iterations, timeStep = 5.0E-6
node 11 unconnected
node 11 unconnected
converged after 15 iterations, timeStep = 5.0E-6
node 11 unconnected
node 11 unconnected
node 11 unconnected
node 11 unconnected
node 11 unconnected
node 11 unconnected
node 28 unconnected
node 30 unconnected
node 11 unconnected
node 11 unconnected
converged after 23 iterations, timeStep = 5.0E-6
node 11 unconnected
node 11 unconnected
node 11 unconnected
converged after 14 iterations, timeStep = 5.0E-6
node 11 unconnected
node 11 unconnected
converged after 15 iterations, timeStep = 5.0E-6
node 11 unconnected
node 11 unconnected
node 11 unconnected
node 11 unconnected
node 11 unconnected
node 11 unconnected
node 28 unconnected
node 30 unconnected
node 11 unconnected
node 28 unconnected
node 30 unconnected
node 11 unconnected
node 28 unconnected
node 30 unconnected
converged after 23 iterations, timeStep = 5.0E-6
node 11 unconnected
node 28 unconnected
node 30 unconnected
node 11 unconnected
node 28 unconnected
node 30 unconnected
converged after 14 iterations, timeStep = 5.0E-6
node 11 unconnected
node 28 unconnected
node 30 unconnected
converged after 15 iterations, timeStep = 5.0E-6
node 11 unconnected
node 28 unconnected
node 30 unconnected
converged after 14 iterations, timeStep = 5.0E-6

Q30_STEP_PROFILE seed=64 fault=DRIVE_A_OPEN profile=initial-electrical-settle boundary=BEGIN stepRole=FINER_2_5_US_REFERENCE declaredMaximumStepSeconds=2.50000000e-06 configuredMaximumStepSeconds=2.50000000e-06 actualCurrentStepSeconds=2.50000000e-06 observedMinimumStepSeconds=2.50000000e-06 observedMaximumStepSeconds=2.50000000e-06 minimumTimeStepSeconds=5.00000000e-11 adaptive=true
Q30_STEP_PROFILE seed=64 fault=DRIVE_A_OPEN profile=initial-electrical-settle boundary=END stepRole=FINER_2_5_US_REFERENCE declaredMaximumStepSeconds=2.50000000e-06 configuredMaximumStepSeconds=2.50000000e-06 actualCurrentStepSeconds=2.50000000e-06 observedMinimumStepSeconds=2.50000000e-06 observedMaximumStepSeconds=2.50000000e-06 minimumTimeStepSeconds=5.00000000e-11 adaptive=true
Q30_STEP_PROFILE seed=64 fault=DRIVE_A_OPEN profile=healthy-preparation boundary=BEGIN stepRole=FINER_2_5_US_REFERENCE declaredMaximumStepSeconds=2.50000000e-06 configuredMaximumStepSeconds=2.50000000e-06 actualCurrentStepSeconds=2.50000000e-06 observedMinimumStepSeconds=2.50000000e-06 observedMaximumStepSeconds=2.50000000e-06 minimumTimeStepSeconds=5.00000000e-11 adaptive=true
Q30_STEP_PROFILE seed=64 fault=DRIVE_A_OPEN profile=healthy-preparation boundary=END stepRole=FINER_2_5_US_REFERENCE declaredMaximumStepSeconds=2.50000000e-06 configuredMaximumStepSeconds=2.50000000e-06 actualCurrentStepSeconds=2.50000000e-06 observedMinimumStepSeconds=2.50000000e-06 observedMaximumStepSeconds=2.50000000e-06 minimumTimeStepSeconds=5.00000000e-11 adaptive=true
Q30_STEP_PROFILE seed=64 fault=DRIVE_A_OPEN profile=fault-profile-preparation boundary=BEGIN stepRole=FINER_2_5_US_REFERENCE declaredMaximumStepSeconds=2.50000000e-06 configuredMaximumStepSeconds=2.50000000e-06 actualCurrentStepSeconds=2.50000000e-06 observedMinimumStepSeconds=2.50000000e-06 observedMaximumStepSeconds=2.50000000e-06 minimumTimeStepSeconds=5.00000000e-11 adaptive=true
Q30_STEP_PROFILE seed=64 fault=DRIVE_A_OPEN profile=fault-profile-preparation boundary=END stepRole=FINER_2_5_US_REFERENCE declaredMaximumStepSeconds=2.50000000e-06 configuredMaximumStepSeconds=2.50000000e-06 actualCurrentStepSeconds=2.50000000e-06 observedMinimumStepSeconds=2.50000000e-06 observedMaximumStepSeconds=2.50000000e-06 minimumTimeStepSeconds=5.00000000e-11 adaptive=true
Q30_STEP_PROFILE seed=64 fault=DRIVE_A_OPEN profile=faulted-four-input-profile boundary=BEGIN stepRole=FINER_2_5_US_REFERENCE declaredMaximumStepSeconds=2.50000000e-06 configuredMaximumStepSeconds=2.50000000e-06 actualCurrentStepSeconds=2.50000000e-06 observedMinimumStepSeconds=2.50000000e-06 observedMaximumStepSeconds=2.50000000e-06 minimumTimeStepSeconds=5.00000000e-11 adaptive=true
Q30_STEP_PROFILE seed=64 fault=DRIVE_A_OPEN profile=faulted-four-input-profile boundary=END stepRole=FINER_2_5_US_REFERENCE declaredMaximumStepSeconds=2.50000000e-06 configuredMaximumStepSeconds=2.50000000e-06 actualCurrentStepSeconds=2.50000000e-06 observedMinimumStepSeconds=2.50000000e-06 observedMaximumStepSeconds=2.50000000e-06 minimumTimeStepSeconds=5.00000000e-11 adaptive=true
Q30_STEP_PROFILE seed=64 fault=DRIVE_A_OPEN profile=unrepaired-customer-retest boundary=BEGIN stepRole=FINER_2_5_US_REFERENCE declaredMaximumStepSeconds=2.50000000e-06 configuredMaximumStepSeconds=2.50000000e-06 actualCurrentStepSeconds=2.50000000e-06 observedMinimumStepSeconds=2.50000000e-06 observedMaximumStepSeconds=2.50000000e-06 minimumTimeStepSeconds=5.00000000e-11 adaptive=true
Q30_STEP_PROFILE seed=64 fault=DRIVE_A_OPEN profile=unrepaired-customer-retest boundary=END stepRole=FINER_2_5_US_REFERENCE declaredMaximumStepSeconds=2.50000000e-06 configuredMaximumStepSeconds=2.50000000e-06 actualCurrentStepSeconds=2.50000000e-06 observedMinimumStepSeconds=2.50000000e-06 observedMaximumStepSeconds=2.50000000e-06 minimumTimeStepSeconds=5.00000000e-11 adaptive=true
Q30_STEP_PROFILE seed=64 fault=DRIVE_A_OPEN profile=service-power-off-wait boundary=BEGIN stepRole=FINER_2_5_US_REFERENCE declaredMaximumStepSeconds=2.50000000e-06 configuredMaximumStepSeconds=2.50000000e-06 actualCurrentStepSeconds=2.50000000e-06 observedMinimumStepSeconds=2.50000000e-06 observedMaximumStepSeconds=2.50000000e-06 minimumTimeStepSeconds=5.00000000e-11 adaptive=true
Q30_STEP_PROFILE seed=64 fault=DRIVE_A_OPEN profile=service-power-off-wait boundary=END stepRole=FINER_2_5_US_REFERENCE declaredMaximumStepSeconds=2.50000000e-06 configuredMaximumStepSeconds=2.50000000e-06 actualCurrentStepSeconds=2.50000000e-06 observedMinimumStepSeconds=2.50000000e-06 observedMaximumStepSeconds=2.50000000e-06 minimumTimeStepSeconds=5.00000000e-11 adaptive=true
Q30_STEP_PROFILE seed=64 fault=DRIVE_A_OPEN profile=reinstalled-original-customer-retest boundary=BEGIN stepRole=FINER_2_5_US_REFERENCE declaredMaximumStepSeconds=2.50000000e-06 configuredMaximumStepSeconds=2.50000000e-06 actualCurrentStepSeconds=2.50000000e-06 observedMinimumStepSeconds=2.50000000e-06 observedMaximumStepSeconds=2.50000000e-06 minimumTimeStepSeconds=5.00000000e-11 adaptive=true
Q30_STEP_PROFILE seed=64 fault=DRIVE_A_OPEN profile=reinstalled-original-customer-retest boundary=END stepRole=FINER_2_5_US_REFERENCE declaredMaximumStepSeconds=2.50000000e-06 configuredMaximumStepSeconds=2.50000000e-06 actualCurrentStepSeconds=2.50000000e-06 observedMinimumStepSeconds=2.50000000e-06 observedMaximumStepSeconds=2.50000000e-06 minimumTimeStepSeconds=5.00000000e-11 adaptive=true
Q30_STEP_PROFILE seed=64 fault=DRIVE_A_OPEN profile=service-power-off-wait boundary=BEGIN stepRole=FINER_2_5_US_REFERENCE declaredMaximumStepSeconds=2.50000000e-06 configuredMaximumStepSeconds=2.50000000e-06 actualCurrentStepSeconds=2.50000000e-06 observedMinimumStepSeconds=2.50000000e-06 observedMaximumStepSeconds=2.50000000e-06 minimumTimeStepSeconds=5.00000000e-11 adaptive=true
Q30_STEP_PROFILE seed=64 fault=DRIVE_A_OPEN profile=service-power-off-wait boundary=END stepRole=FINER_2_5_US_REFERENCE declaredMaximumStepSeconds=2.50000000e-06 configuredMaximumStepSeconds=2.50000000e-06 actualCurrentStepSeconds=2.50000000e-06 observedMinimumStepSeconds=2.50000000e-06 observedMaximumStepSeconds=2.50000000e-06 minimumTimeStepSeconds=5.00000000e-11 adaptive=true
Q30_STEP_PROFILE seed=64 fault=DRIVE_A_OPEN profile=repaired-customer-retest boundary=BEGIN stepRole=FINER_2_5_US_REFERENCE declaredMaximumStepSeconds=2.50000000e-06 configuredMaximumStepSeconds=2.50000000e-06 actualCurrentStepSeconds=2.50000000e-06 observedMinimumStepSeconds=2.50000000e-06 observedMaximumStepSeconds=2.50000000e-06 minimumTimeStepSeconds=5.00000000e-11 adaptive=true
Q30_STEP_PROFILE seed=64 fault=DRIVE_A_OPEN profile=repaired-customer-retest boundary=END stepRole=FINER_2_5_US_REFERENCE declaredMaximumStepSeconds=2.50000000e-06 configuredMaximumStepSeconds=2.50000000e-06 actualCurrentStepSeconds=2.50000000e-06 observedMinimumStepSeconds=2.50000000e-06 observedMaximumStepSeconds=2.50000000e-06 minimumTimeStepSeconds=5.00000000e-11 adaptive=true
Q30_STEP_OWNER_CLEANUP seed=64 fault=DRIVE_A_OPEN declaredMaximumStepSeconds=2.50000000e-06 stepRole=FINER_2_5_US_REFERENCE cleanup=true elapsedMillis=0
Q30_STEP_PROFILE seed=64 fault=DRIVE_A_OPEN profile=initial-electrical-settle boundary=BEGIN stepRole=PRODUCTION_5_US declaredMaximumStepSeconds=5.00000000e-06 configuredMaximumStepSeconds=5.00000000e-06 actualCurrentStepSeconds=5.00000000e-06 observedMinimumStepSeconds=5.00000000e-06 observedMaximumStepSeconds=5.00000000e-06 minimumTimeStepSeconds=5.00000000e-11 adaptive=true
Q30_STEP_PROFILE seed=64 fault=DRIVE_A_OPEN profile=initial-electrical-settle boundary=END stepRole=PRODUCTION_5_US declaredMaximumStepSeconds=5.00000000e-06 configuredMaximumStepSeconds=5.00000000e-06 actualCurrentStepSeconds=5.00000000e-06 observedMinimumStepSeconds=5.00000000e-06 observedMaximumStepSeconds=5.00000000e-06 minimumTimeStepSeconds=5.00000000e-11 adaptive=true
Q30_STEP_PROFILE seed=64 fault=DRIVE_A_OPEN profile=healthy-preparation boundary=BEGIN stepRole=PRODUCTION_5_US declaredMaximumStepSeconds=5.00000000e-06 configuredMaximumStepSeconds=5.00000000e-06 actualCurrentStepSeconds=5.00000000e-06 observedMinimumStepSeconds=5.00000000e-06 observedMaximumStepSeconds=5.00000000e-06 minimumTimeStepSeconds=5.00000000e-11 adaptive=true
Q30_STEP_PROFILE seed=64 fault=DRIVE_A_OPEN profile=healthy-preparation boundary=END stepRole=PRODUCTION_5_US declaredMaximumStepSeconds=5.00000000e-06 configuredMaximumStepSeconds=5.00000000e-06 actualCurrentStepSeconds=5.00000000e-06 observedMinimumStepSeconds=5.00000000e-06 observedMaximumStepSeconds=5.00000000e-06 minimumTimeStepSeconds=5.00000000e-11 adaptive=true
Q30_STEP_PROFILE seed=64 fault=DRIVE_A_OPEN profile=fault-profile-preparation boundary=BEGIN stepRole=PRODUCTION_5_US declaredMaximumStepSeconds=5.00000000e-06 configuredMaximumStepSeconds=5.00000000e-06 actualCurrentStepSeconds=5.00000000e-06 observedMinimumStepSeconds=5.00000000e-06 observedMaximumStepSeconds=5.00000000e-06 minimumTimeStepSeconds=5.00000000e-11 adaptive=true
Q30_STEP_PROFILE seed=64 fault=DRIVE_A_OPEN profile=fault-profile-preparation boundary=END stepRole=PRODUCTION_5_US declaredMaximumStepSeconds=5.00000000e-06 configuredMaximumStepSeconds=5.00000000e-06 actualCurrentStepSeconds=5.00000000e-06 observedMinimumStepSeconds=5.00000000e-06 observedMaximumStepSeconds=5.00000000e-06 minimumTimeStepSeconds=5.00000000e-11 adaptive=true
Q30_STEP_PROFILE seed=64 fault=DRIVE_A_OPEN profile=faulted-four-input-profile boundary=BEGIN stepRole=PRODUCTION_5_US declaredMaximumStepSeconds=5.00000000e-06 configuredMaximumStepSeconds=5.00000000e-06 actualCurrentStepSeconds=5.00000000e-06 observedMinimumStepSeconds=5.00000000e-06 observedMaximumStepSeconds=5.00000000e-06 minimumTimeStepSeconds=5.00000000e-11 adaptive=true
Q30_STEP_PROFILE seed=64 fault=DRIVE_A_OPEN profile=faulted-four-input-profile boundary=END stepRole=PRODUCTION_5_US declaredMaximumStepSeconds=5.00000000e-06 configuredMaximumStepSeconds=5.00000000e-06 actualCurrentStepSeconds=5.00000000e-06 observedMinimumStepSeconds=5.00000000e-06 observedMaximumStepSeconds=5.00000000e-06 minimumTimeStepSeconds=5.00000000e-11 adaptive=true
Q30_STEP_PROFILE seed=64 fault=DRIVE_A_OPEN profile=unrepaired-customer-retest boundary=BEGIN stepRole=PRODUCTION_5_US declaredMaximumStepSeconds=5.00000000e-06 configuredMaximumStepSeconds=5.00000000e-06 actualCurrentStepSeconds=5.00000000e-06 observedMinimumStepSeconds=5.00000000e-06 observedMaximumStepSeconds=5.00000000e-06 minimumTimeStepSeconds=5.00000000e-11 adaptive=true
Q30_STEP_PROFILE seed=64 fault=DRIVE_A_OPEN profile=unrepaired-customer-retest boundary=END stepRole=PRODUCTION_5_US declaredMaximumStepSeconds=5.00000000e-06 configuredMaximumStepSeconds=5.00000000e-06 actualCurrentStepSeconds=5.00000000e-06 observedMinimumStepSeconds=5.00000000e-06 observedMaximumStepSeconds=5.00000000e-06 minimumTimeStepSeconds=5.00000000e-11 adaptive=true
Q30_STEP_PROFILE seed=64 fault=DRIVE_A_OPEN profile=service-power-off-wait boundary=BEGIN stepRole=PRODUCTION_5_US declaredMaximumStepSeconds=5.00000000e-06 configuredMaximumStepSeconds=5.00000000e-06 actualCurrentStepSeconds=5.00000000e-06 observedMinimumStepSeconds=5.00000000e-06 observedMaximumStepSeconds=5.00000000e-06 minimumTimeStepSeconds=5.00000000e-11 adaptive=true
Q30_STEP_PROFILE seed=64 fault=DRIVE_A_OPEN profile=service-power-off-wait boundary=END stepRole=PRODUCTION_5_US declaredMaximumStepSeconds=5.00000000e-06 configuredMaximumStepSeconds=5.00000000e-06 actualCurrentStepSeconds=5.00000000e-06 observedMinimumStepSeconds=5.00000000e-06 observedMaximumStepSeconds=5.00000000e-06 minimumTimeStepSeconds=5.00000000e-11 adaptive=true
Q30_STEP_PROFILE seed=64 fault=DRIVE_A_OPEN profile=reinstalled-original-customer-retest boundary=BEGIN stepRole=PRODUCTION_5_US declaredMaximumStepSeconds=5.00000000e-06 configuredMaximumStepSeconds=5.00000000e-06 actualCurrentStepSeconds=5.00000000e-06 observedMinimumStepSeconds=5.00000000e-06 observedMaximumStepSeconds=5.00000000e-06 minimumTimeStepSeconds=5.00000000e-11 adaptive=true
Q30_STEP_PROFILE seed=64 fault=DRIVE_A_OPEN profile=reinstalled-original-customer-retest boundary=END stepRole=PRODUCTION_5_US declaredMaximumStepSeconds=5.00000000e-06 configuredMaximumStepSeconds=5.00000000e-06 actualCurrentStepSeconds=5.00000000e-06 observedMinimumStepSeconds=5.00000000e-06 observedMaximumStepSeconds=5.00000000e-06 minimumTimeStepSeconds=5.00000000e-11 adaptive=true
Q30_STEP_PROFILE seed=64 fault=DRIVE_A_OPEN profile=service-power-off-wait boundary=BEGIN stepRole=PRODUCTION_5_US declaredMaximumStepSeconds=5.00000000e-06 configuredMaximumStepSeconds=5.00000000e-06 actualCurrentStepSeconds=5.00000000e-06 observedMinimumStepSeconds=5.00000000e-06 observedMaximumStepSeconds=5.00000000e-06 minimumTimeStepSeconds=5.00000000e-11 adaptive=true
Q30_STEP_PROFILE seed=64 fault=DRIVE_A_OPEN profile=service-power-off-wait boundary=END stepRole=PRODUCTION_5_US declaredMaximumStepSeconds=5.00000000e-06 configuredMaximumStepSeconds=5.00000000e-06 actualCurrentStepSeconds=5.00000000e-06 observedMinimumStepSeconds=5.00000000e-06 observedMaximumStepSeconds=5.00000000e-06 minimumTimeStepSeconds=5.00000000e-11 adaptive=true
Q30_STEP_PROFILE seed=64 fault=DRIVE_A_OPEN profile=repaired-customer-retest boundary=BEGIN stepRole=PRODUCTION_5_US declaredMaximumStepSeconds=5.00000000e-06 configuredMaximumStepSeconds=5.00000000e-06 actualCurrentStepSeconds=5.00000000e-06 observedMinimumStepSeconds=5.00000000e-06 observedMaximumStepSeconds=5.00000000e-06 minimumTimeStepSeconds=5.00000000e-11 adaptive=true
Q30_STEP_PROFILE seed=64 fault=DRIVE_A_OPEN profile=repaired-customer-retest boundary=END stepRole=PRODUCTION_5_US declaredMaximumStepSeconds=5.00000000e-06 configuredMaximumStepSeconds=5.00000000e-06 actualCurrentStepSeconds=5.00000000e-06 observedMinimumStepSeconds=5.00000000e-06 observedMaximumStepSeconds=5.00000000e-06 minimumTimeStepSeconds=5.00000000e-11 adaptive=true
Q30_STEP_OWNER_CLEANUP seed=64 fault=DRIVE_A_OPEN declaredMaximumStepSeconds=5.00000000e-06 stepRole=PRODUCTION_5_US cleanup=true elapsedMillis=0
Q30_STEP_PAIR seed=64 support=STANDARD_35 fault=DRIVE_A_OPEN referenceMaximumStepSeconds=2.50000000e-06 productionCandidateMaximumStepSeconds=5.00000000e-06 candidateKind=PRODUCTION_5_US maxDeltaVolts=8.43787262e-11 toleranceVolts=0.120625922 phase=healthy sample=SENSORS_A_ONLY/REN.2-J1.2 referenceElapsedMillis=17130 productionCandidateElapsedMillis=8637 referenceSimSeconds=1.16019250 productionCandidateSimSeconds=1.16036000 referenceCleanupMillis=0 productionCandidateCleanupMillis=0 cleanup=true
Q30_STEP_SEED seed=64 support=STANDARD_35 referenceMaximumStepSeconds=2.50000000e-06 productionCandidateMaximumStepSeconds=5.00000000e-06 candidateKind=PRODUCTION_5_US routeTopology=RB30_SHARED_HYSTERETIC_A_NMOS_B_NMOS_STANDARD_35 routeAndPairsElapsedMillis=29143
Q30_STEP_OWNER_CLEANUP seed=64 fault=DREV_OPEN declaredMaximumStepSeconds=2.50000000e-06 stepRole=FINER_2_5_US_REFERENCE cleanup=true elapsedMillis=0
Q30_STEP_SEED_CLEANUP seed=64 cleanup=true elapsedMillis=0
PASS: Q30 production solver step sensitivity assertions=1734 seed=64 support=STANDARD_35 faults=1 referenceMaximumStepSeconds=2.50000000e-06 productionCandidateMaximumStepSeconds=5.00000000e-06 candidateKind=PRODUCTION_5_US elapsedMillis=29143

node 11 unconnected
converged after 25 iterations, timeStep = 2.5E-6
converged after 9 iterations, timeStep = 2.5E-6
node 11 unconnected
node 11 unconnected
converged after 14 iterations, timeStep = 2.5E-6
node 11 unconnected
converged after 15 iterations, timeStep = 2.5E-6
node 11 unconnected
converged after 14 iterations, timeStep = 2.5E-6
node 11 unconnected
converged after 15 iterations, timeStep = 2.5E-6
node 11 unconnected
converged after 14 iterations, timeStep = 2.5E-6
node 11 unconnected
converged after 15 iterations, timeStep = 2.5E-6
node 11 unconnected
node 11 unconnected
converged after 14 iterations, timeStep = 2.5E-6
node 11 unconnected
node 11 unconnected
converged after 15 iterations, timeStep = 2.5E-6
node 11 unconnected
node 11 unconnected
converged after 14 iterations, timeStep = 2.5E-6
node 11 unconnected
node 11 unconnected
converged after 15 iterations, timeStep = 2.5E-6
node 11 unconnected
node 11 unconnected
node 11 unconnected
node 11 unconnected
node 11 unconnected
node 11 unconnected
node 37 unconnected
node 40 unconnected
node 11 unconnected
node 11 unconnected
converged after 23 iterations, timeStep = 2.5E-6
converged after 8 iterations, timeStep = 2.5E-6
node 11 unconnected
node 11 unconnected
node 11 unconnected
converged after 14 iterations, timeStep = 2.5E-6
node 11 unconnected
node 11 unconnected
converged after 15 iterations, timeStep = 2.5E-6
node 11 unconnected
node 11 unconnected
node 11 unconnected
node 11 unconnected
node 11 unconnected
node 11 unconnected
node 37 unconnected
node 40 unconnected
node 11 unconnected
node 37 unconnected
node 40 unconnected
node 11 unconnected
node 37 unconnected
node 40 unconnected
converged after 23 iterations, timeStep = 2.5E-6
converged after 8 iterations, timeStep = 2.5E-6
node 11 unconnected
node 37 unconnected
node 40 unconnected
node 11 unconnected
node 37 unconnected
node 40 unconnected
converged after 14 iterations, timeStep = 2.5E-6
node 11 unconnected
node 37 unconnected
node 40 unconnected
converged after 15 iterations, timeStep = 2.5E-6
node 11 unconnected
node 37 unconnected
node 40 unconnected
converged after 14 iterations, timeStep = 2.5E-6
node 11 unconnected
converged after 25 iterations, timeStep = 5.0E-6
converged after 6 iterations, timeStep = 5.0E-6
node 11 unconnected
node 11 unconnected
converged after 14 iterations, timeStep = 5.0E-6
node 11 unconnected
converged after 15 iterations, timeStep = 5.0E-6
node 11 unconnected
converged after 14 iterations, timeStep = 5.0E-6
node 11 unconnected
converged after 15 iterations, timeStep = 5.0E-6
node 11 unconnected
converged after 14 iterations, timeStep = 5.0E-6
node 11 unconnected
converged after 15 iterations, timeStep = 5.0E-6
node 11 unconnected
node 11 unconnected
converged after 14 iterations, timeStep = 5.0E-6
node 11 unconnected
node 11 unconnected
converged after 15 iterations, timeStep = 5.0E-6
node 11 unconnected
node 11 unconnected
converged after 14 iterations, timeStep = 5.0E-6
node 11 unconnected
node 11 unconnected
converged after 15 iterations, timeStep = 5.0E-6
node 11 unconnected
node 11 unconnected
node 11 unconnected
node 11 unconnected
node 11 unconnected
node 11 unconnected
node 37 unconnected
node 40 unconnected
node 11 unconnected
node 11 unconnected
converged after 23 iterations, timeStep = 5.0E-6
node 11 unconnected
node 11 unconnected
node 11 unconnected
converged after 14 iterations, timeStep = 5.0E-6
node 11 unconnected
node 11 unconnected
converged after 15 iterations, timeStep = 5.0E-6
node 11 unconnected
node 11 unconnected
node 11 unconnected
node 11 unconnected
node 11 unconnected
node 11 unconnected
node 37 unconnected
node 40 unconnected
node 11 unconnected
node 37 unconnected
node 40 unconnected
node 11 unconnected
node 37 unconnected
node 40 unconnected
converged after 23 iterations, timeStep = 5.0E-6
node 11 unconnected
node 37 unconnected
node 40 unconnected
node 11 unconnected
node 37 unconnected
node 40 unconnected
converged after 14 iterations, timeStep = 5.0E-6
node 11 unconnected
node 37 unconnected
node 40 unconnected
converged after 15 iterations, timeStep = 5.0E-6
node 11 unconnected
node 37 unconnected
node 40 unconnected
converged after 14 iterations, timeStep = 5.0E-6

Q30_STEP_PROFILE seed=64 fault=RELAY_B_COIL_OPEN profile=initial-electrical-settle boundary=BEGIN stepRole=FINER_2_5_US_REFERENCE declaredMaximumStepSeconds=2.50000000e-06 configuredMaximumStepSeconds=2.50000000e-06 actualCurrentStepSeconds=2.50000000e-06 observedMinimumStepSeconds=2.50000000e-06 observedMaximumStepSeconds=2.50000000e-06 minimumTimeStepSeconds=5.00000000e-11 adaptive=true
Q30_STEP_PROFILE seed=64 fault=RELAY_B_COIL_OPEN profile=initial-electrical-settle boundary=END stepRole=FINER_2_5_US_REFERENCE declaredMaximumStepSeconds=2.50000000e-06 configuredMaximumStepSeconds=2.50000000e-06 actualCurrentStepSeconds=2.50000000e-06 observedMinimumStepSeconds=2.50000000e-06 observedMaximumStepSeconds=2.50000000e-06 minimumTimeStepSeconds=5.00000000e-11 adaptive=true
Q30_STEP_PROFILE seed=64 fault=RELAY_B_COIL_OPEN profile=healthy-preparation boundary=BEGIN stepRole=FINER_2_5_US_REFERENCE declaredMaximumStepSeconds=2.50000000e-06 configuredMaximumStepSeconds=2.50000000e-06 actualCurrentStepSeconds=2.50000000e-06 observedMinimumStepSeconds=2.50000000e-06 observedMaximumStepSeconds=2.50000000e-06 minimumTimeStepSeconds=5.00000000e-11 adaptive=true
Q30_STEP_PROFILE seed=64 fault=RELAY_B_COIL_OPEN profile=healthy-preparation boundary=END stepRole=FINER_2_5_US_REFERENCE declaredMaximumStepSeconds=2.50000000e-06 configuredMaximumStepSeconds=2.50000000e-06 actualCurrentStepSeconds=2.50000000e-06 observedMinimumStepSeconds=2.50000000e-06 observedMaximumStepSeconds=2.50000000e-06 minimumTimeStepSeconds=5.00000000e-11 adaptive=true
Q30_STEP_PROFILE seed=64 fault=RELAY_B_COIL_OPEN profile=fault-profile-preparation boundary=BEGIN stepRole=FINER_2_5_US_REFERENCE declaredMaximumStepSeconds=2.50000000e-06 configuredMaximumStepSeconds=2.50000000e-06 actualCurrentStepSeconds=2.50000000e-06 observedMinimumStepSeconds=2.50000000e-06 observedMaximumStepSeconds=2.50000000e-06 minimumTimeStepSeconds=5.00000000e-11 adaptive=true
Q30_STEP_PROFILE seed=64 fault=RELAY_B_COIL_OPEN profile=fault-profile-preparation boundary=END stepRole=FINER_2_5_US_REFERENCE declaredMaximumStepSeconds=2.50000000e-06 configuredMaximumStepSeconds=2.50000000e-06 actualCurrentStepSeconds=2.50000000e-06 observedMinimumStepSeconds=2.50000000e-06 observedMaximumStepSeconds=2.50000000e-06 minimumTimeStepSeconds=5.00000000e-11 adaptive=true
Q30_STEP_PROFILE seed=64 fault=RELAY_B_COIL_OPEN profile=faulted-four-input-profile boundary=BEGIN stepRole=FINER_2_5_US_REFERENCE declaredMaximumStepSeconds=2.50000000e-06 configuredMaximumStepSeconds=2.50000000e-06 actualCurrentStepSeconds=2.50000000e-06 observedMinimumStepSeconds=2.50000000e-06 observedMaximumStepSeconds=2.50000000e-06 minimumTimeStepSeconds=5.00000000e-11 adaptive=true
Q30_STEP_PROFILE seed=64 fault=RELAY_B_COIL_OPEN profile=faulted-four-input-profile boundary=END stepRole=FINER_2_5_US_REFERENCE declaredMaximumStepSeconds=2.50000000e-06 configuredMaximumStepSeconds=2.50000000e-06 actualCurrentStepSeconds=2.50000000e-06 observedMinimumStepSeconds=2.50000000e-06 observedMaximumStepSeconds=2.50000000e-06 minimumTimeStepSeconds=5.00000000e-11 adaptive=true
Q30_STEP_PROFILE seed=64 fault=RELAY_B_COIL_OPEN profile=unrepaired-customer-retest boundary=BEGIN stepRole=FINER_2_5_US_REFERENCE declaredMaximumStepSeconds=2.50000000e-06 configuredMaximumStepSeconds=2.50000000e-06 actualCurrentStepSeconds=2.50000000e-06 observedMinimumStepSeconds=2.50000000e-06 observedMaximumStepSeconds=2.50000000e-06 minimumTimeStepSeconds=5.00000000e-11 adaptive=true
Q30_STEP_PROFILE seed=64 fault=RELAY_B_COIL_OPEN profile=unrepaired-customer-retest boundary=END stepRole=FINER_2_5_US_REFERENCE declaredMaximumStepSeconds=2.50000000e-06 configuredMaximumStepSeconds=2.50000000e-06 actualCurrentStepSeconds=2.50000000e-06 observedMinimumStepSeconds=2.50000000e-06 observedMaximumStepSeconds=2.50000000e-06 minimumTimeStepSeconds=5.00000000e-11 adaptive=true
Q30_STEP_PROFILE seed=64 fault=RELAY_B_COIL_OPEN profile=service-power-off-wait boundary=BEGIN stepRole=FINER_2_5_US_REFERENCE declaredMaximumStepSeconds=2.50000000e-06 configuredMaximumStepSeconds=2.50000000e-06 actualCurrentStepSeconds=2.50000000e-06 observedMinimumStepSeconds=2.50000000e-06 observedMaximumStepSeconds=2.50000000e-06 minimumTimeStepSeconds=5.00000000e-11 adaptive=true
Q30_STEP_PROFILE seed=64 fault=RELAY_B_COIL_OPEN profile=service-power-off-wait boundary=END stepRole=FINER_2_5_US_REFERENCE declaredMaximumStepSeconds=2.50000000e-06 configuredMaximumStepSeconds=2.50000000e-06 actualCurrentStepSeconds=2.50000000e-06 observedMinimumStepSeconds=2.50000000e-06 observedMaximumStepSeconds=2.50000000e-06 minimumTimeStepSeconds=5.00000000e-11 adaptive=true
Q30_STEP_PROFILE seed=64 fault=RELAY_B_COIL_OPEN profile=reinstalled-original-customer-retest boundary=BEGIN stepRole=FINER_2_5_US_REFERENCE declaredMaximumStepSeconds=2.50000000e-06 configuredMaximumStepSeconds=2.50000000e-06 actualCurrentStepSeconds=2.50000000e-06 observedMinimumStepSeconds=2.50000000e-06 observedMaximumStepSeconds=2.50000000e-06 minimumTimeStepSeconds=5.00000000e-11 adaptive=true
Q30_STEP_PROFILE seed=64 fault=RELAY_B_COIL_OPEN profile=reinstalled-original-customer-retest boundary=END stepRole=FINER_2_5_US_REFERENCE declaredMaximumStepSeconds=2.50000000e-06 configuredMaximumStepSeconds=2.50000000e-06 actualCurrentStepSeconds=2.50000000e-06 observedMinimumStepSeconds=2.50000000e-06 observedMaximumStepSeconds=2.50000000e-06 minimumTimeStepSeconds=5.00000000e-11 adaptive=true
Q30_STEP_PROFILE seed=64 fault=RELAY_B_COIL_OPEN profile=service-power-off-wait boundary=BEGIN stepRole=FINER_2_5_US_REFERENCE declaredMaximumStepSeconds=2.50000000e-06 configuredMaximumStepSeconds=2.50000000e-06 actualCurrentStepSeconds=2.50000000e-06 observedMinimumStepSeconds=2.50000000e-06 observedMaximumStepSeconds=2.50000000e-06 minimumTimeStepSeconds=5.00000000e-11 adaptive=true
Q30_STEP_PROFILE seed=64 fault=RELAY_B_COIL_OPEN profile=service-power-off-wait boundary=END stepRole=FINER_2_5_US_REFERENCE declaredMaximumStepSeconds=2.50000000e-06 configuredMaximumStepSeconds=2.50000000e-06 actualCurrentStepSeconds=2.50000000e-06 observedMinimumStepSeconds=2.50000000e-06 observedMaximumStepSeconds=2.50000000e-06 minimumTimeStepSeconds=5.00000000e-11 adaptive=true
Q30_STEP_PROFILE seed=64 fault=RELAY_B_COIL_OPEN profile=repaired-customer-retest boundary=BEGIN stepRole=FINER_2_5_US_REFERENCE declaredMaximumStepSeconds=2.50000000e-06 configuredMaximumStepSeconds=2.50000000e-06 actualCurrentStepSeconds=2.50000000e-06 observedMinimumStepSeconds=2.50000000e-06 observedMaximumStepSeconds=2.50000000e-06 minimumTimeStepSeconds=5.00000000e-11 adaptive=true
Q30_STEP_PROFILE seed=64 fault=RELAY_B_COIL_OPEN profile=repaired-customer-retest boundary=END stepRole=FINER_2_5_US_REFERENCE declaredMaximumStepSeconds=2.50000000e-06 configuredMaximumStepSeconds=2.50000000e-06 actualCurrentStepSeconds=2.50000000e-06 observedMinimumStepSeconds=2.50000000e-06 observedMaximumStepSeconds=2.50000000e-06 minimumTimeStepSeconds=5.00000000e-11 adaptive=true
Q30_STEP_OWNER_CLEANUP seed=64 fault=RELAY_B_COIL_OPEN declaredMaximumStepSeconds=2.50000000e-06 stepRole=FINER_2_5_US_REFERENCE cleanup=true elapsedMillis=0
Q30_STEP_PROFILE seed=64 fault=RELAY_B_COIL_OPEN profile=initial-electrical-settle boundary=BEGIN stepRole=PRODUCTION_5_US declaredMaximumStepSeconds=5.00000000e-06 configuredMaximumStepSeconds=5.00000000e-06 actualCurrentStepSeconds=5.00000000e-06 observedMinimumStepSeconds=5.00000000e-06 observedMaximumStepSeconds=5.00000000e-06 minimumTimeStepSeconds=5.00000000e-11 adaptive=true
Q30_STEP_PROFILE seed=64 fault=RELAY_B_COIL_OPEN profile=initial-electrical-settle boundary=END stepRole=PRODUCTION_5_US declaredMaximumStepSeconds=5.00000000e-06 configuredMaximumStepSeconds=5.00000000e-06 actualCurrentStepSeconds=5.00000000e-06 observedMinimumStepSeconds=5.00000000e-06 observedMaximumStepSeconds=5.00000000e-06 minimumTimeStepSeconds=5.00000000e-11 adaptive=true
Q30_STEP_PROFILE seed=64 fault=RELAY_B_COIL_OPEN profile=healthy-preparation boundary=BEGIN stepRole=PRODUCTION_5_US declaredMaximumStepSeconds=5.00000000e-06 configuredMaximumStepSeconds=5.00000000e-06 actualCurrentStepSeconds=5.00000000e-06 observedMinimumStepSeconds=5.00000000e-06 observedMaximumStepSeconds=5.00000000e-06 minimumTimeStepSeconds=5.00000000e-11 adaptive=true
Q30_STEP_PROFILE seed=64 fault=RELAY_B_COIL_OPEN profile=healthy-preparation boundary=END stepRole=PRODUCTION_5_US declaredMaximumStepSeconds=5.00000000e-06 configuredMaximumStepSeconds=5.00000000e-06 actualCurrentStepSeconds=5.00000000e-06 observedMinimumStepSeconds=5.00000000e-06 observedMaximumStepSeconds=5.00000000e-06 minimumTimeStepSeconds=5.00000000e-11 adaptive=true
Q30_STEP_PROFILE seed=64 fault=RELAY_B_COIL_OPEN profile=fault-profile-preparation boundary=BEGIN stepRole=PRODUCTION_5_US declaredMaximumStepSeconds=5.00000000e-06 configuredMaximumStepSeconds=5.00000000e-06 actualCurrentStepSeconds=5.00000000e-06 observedMinimumStepSeconds=5.00000000e-06 observedMaximumStepSeconds=5.00000000e-06 minimumTimeStepSeconds=5.00000000e-11 adaptive=true
Q30_STEP_PROFILE seed=64 fault=RELAY_B_COIL_OPEN profile=fault-profile-preparation boundary=END stepRole=PRODUCTION_5_US declaredMaximumStepSeconds=5.00000000e-06 configuredMaximumStepSeconds=5.00000000e-06 actualCurrentStepSeconds=5.00000000e-06 observedMinimumStepSeconds=5.00000000e-06 observedMaximumStepSeconds=5.00000000e-06 minimumTimeStepSeconds=5.00000000e-11 adaptive=true
Q30_STEP_PROFILE seed=64 fault=RELAY_B_COIL_OPEN profile=faulted-four-input-profile boundary=BEGIN stepRole=PRODUCTION_5_US declaredMaximumStepSeconds=5.00000000e-06 configuredMaximumStepSeconds=5.00000000e-06 actualCurrentStepSeconds=5.00000000e-06 observedMinimumStepSeconds=5.00000000e-06 observedMaximumStepSeconds=5.00000000e-06 minimumTimeStepSeconds=5.00000000e-11 adaptive=true
Q30_STEP_PROFILE seed=64 fault=RELAY_B_COIL_OPEN profile=faulted-four-input-profile boundary=END stepRole=PRODUCTION_5_US declaredMaximumStepSeconds=5.00000000e-06 configuredMaximumStepSeconds=5.00000000e-06 actualCurrentStepSeconds=5.00000000e-06 observedMinimumStepSeconds=5.00000000e-06 observedMaximumStepSeconds=5.00000000e-06 minimumTimeStepSeconds=5.00000000e-11 adaptive=true
Q30_STEP_PROFILE seed=64 fault=RELAY_B_COIL_OPEN profile=unrepaired-customer-retest boundary=BEGIN stepRole=PRODUCTION_5_US declaredMaximumStepSeconds=5.00000000e-06 configuredMaximumStepSeconds=5.00000000e-06 actualCurrentStepSeconds=5.00000000e-06 observedMinimumStepSeconds=5.00000000e-06 observedMaximumStepSeconds=5.00000000e-06 minimumTimeStepSeconds=5.00000000e-11 adaptive=true
Q30_STEP_PROFILE seed=64 fault=RELAY_B_COIL_OPEN profile=unrepaired-customer-retest boundary=END stepRole=PRODUCTION_5_US declaredMaximumStepSeconds=5.00000000e-06 configuredMaximumStepSeconds=5.00000000e-06 actualCurrentStepSeconds=5.00000000e-06 observedMinimumStepSeconds=5.00000000e-06 observedMaximumStepSeconds=5.00000000e-06 minimumTimeStepSeconds=5.00000000e-11 adaptive=true
Q30_STEP_PROFILE seed=64 fault=RELAY_B_COIL_OPEN profile=service-power-off-wait boundary=BEGIN stepRole=PRODUCTION_5_US declaredMaximumStepSeconds=5.00000000e-06 configuredMaximumStepSeconds=5.00000000e-06 actualCurrentStepSeconds=5.00000000e-06 observedMinimumStepSeconds=5.00000000e-06 observedMaximumStepSeconds=5.00000000e-06 minimumTimeStepSeconds=5.00000000e-11 adaptive=true
Q30_STEP_PROFILE seed=64 fault=RELAY_B_COIL_OPEN profile=service-power-off-wait boundary=END stepRole=PRODUCTION_5_US declaredMaximumStepSeconds=5.00000000e-06 configuredMaximumStepSeconds=5.00000000e-06 actualCurrentStepSeconds=5.00000000e-06 observedMinimumStepSeconds=5.00000000e-06 observedMaximumStepSeconds=5.00000000e-06 minimumTimeStepSeconds=5.00000000e-11 adaptive=true
Q30_STEP_PROFILE seed=64 fault=RELAY_B_COIL_OPEN profile=reinstalled-original-customer-retest boundary=BEGIN stepRole=PRODUCTION_5_US declaredMaximumStepSeconds=5.00000000e-06 configuredMaximumStepSeconds=5.00000000e-06 actualCurrentStepSeconds=5.00000000e-06 observedMinimumStepSeconds=5.00000000e-06 observedMaximumStepSeconds=5.00000000e-06 minimumTimeStepSeconds=5.00000000e-11 adaptive=true
Q30_STEP_PROFILE seed=64 fault=RELAY_B_COIL_OPEN profile=reinstalled-original-customer-retest boundary=END stepRole=PRODUCTION_5_US declaredMaximumStepSeconds=5.00000000e-06 configuredMaximumStepSeconds=5.00000000e-06 actualCurrentStepSeconds=5.00000000e-06 observedMinimumStepSeconds=5.00000000e-06 observedMaximumStepSeconds=5.00000000e-06 minimumTimeStepSeconds=5.00000000e-11 adaptive=true
Q30_STEP_PROFILE seed=64 fault=RELAY_B_COIL_OPEN profile=service-power-off-wait boundary=BEGIN stepRole=PRODUCTION_5_US declaredMaximumStepSeconds=5.00000000e-06 configuredMaximumStepSeconds=5.00000000e-06 actualCurrentStepSeconds=5.00000000e-06 observedMinimumStepSeconds=5.00000000e-06 observedMaximumStepSeconds=5.00000000e-06 minimumTimeStepSeconds=5.00000000e-11 adaptive=true
Q30_STEP_PROFILE seed=64 fault=RELAY_B_COIL_OPEN profile=service-power-off-wait boundary=END stepRole=PRODUCTION_5_US declaredMaximumStepSeconds=5.00000000e-06 configuredMaximumStepSeconds=5.00000000e-06 actualCurrentStepSeconds=5.00000000e-06 observedMinimumStepSeconds=5.00000000e-06 observedMaximumStepSeconds=5.00000000e-06 minimumTimeStepSeconds=5.00000000e-11 adaptive=true
Q30_STEP_PROFILE seed=64 fault=RELAY_B_COIL_OPEN profile=repaired-customer-retest boundary=BEGIN stepRole=PRODUCTION_5_US declaredMaximumStepSeconds=5.00000000e-06 configuredMaximumStepSeconds=5.00000000e-06 actualCurrentStepSeconds=5.00000000e-06 observedMinimumStepSeconds=5.00000000e-06 observedMaximumStepSeconds=5.00000000e-06 minimumTimeStepSeconds=5.00000000e-11 adaptive=true
Q30_STEP_PROFILE seed=64 fault=RELAY_B_COIL_OPEN profile=repaired-customer-retest boundary=END stepRole=PRODUCTION_5_US declaredMaximumStepSeconds=5.00000000e-06 configuredMaximumStepSeconds=5.00000000e-06 actualCurrentStepSeconds=5.00000000e-06 observedMinimumStepSeconds=5.00000000e-06 observedMaximumStepSeconds=5.00000000e-06 minimumTimeStepSeconds=5.00000000e-11 adaptive=true
Q30_STEP_OWNER_CLEANUP seed=64 fault=RELAY_B_COIL_OPEN declaredMaximumStepSeconds=5.00000000e-06 stepRole=PRODUCTION_5_US cleanup=true elapsedMillis=0
Q30_STEP_PAIR seed=64 support=STANDARD_35 fault=RELAY_B_COIL_OPEN referenceMaximumStepSeconds=2.50000000e-06 productionCandidateMaximumStepSeconds=5.00000000e-06 candidateKind=PRODUCTION_5_US maxDeltaVolts=8.43787262e-11 toleranceVolts=0.120625922 phase=healthy sample=SENSORS_A_ONLY/REN.2-J1.2 referenceElapsedMillis=19659 productionCandidateElapsedMillis=9971 referenceSimSeconds=1.16019250 productionCandidateSimSeconds=1.16036000 referenceCleanupMillis=0 productionCandidateCleanupMillis=0 cleanup=true
Q30_STEP_SEED seed=64 support=STANDARD_35 referenceMaximumStepSeconds=2.50000000e-06 productionCandidateMaximumStepSeconds=5.00000000e-06 candidateKind=PRODUCTION_5_US routeTopology=RB30_SHARED_HYSTERETIC_A_NMOS_B_NMOS_STANDARD_35 routeAndPairsElapsedMillis=32994
Q30_STEP_OWNER_CLEANUP seed=64 fault=DREV_OPEN declaredMaximumStepSeconds=2.50000000e-06 stepRole=FINER_2_5_US_REFERENCE cleanup=true elapsedMillis=0
Q30_STEP_SEED_CLEANUP seed=64 cleanup=true elapsedMillis=0
PASS: Q30 production solver step sensitivity assertions=1734 seed=64 support=STANDARD_35 faults=1 referenceMaximumStepSeconds=2.50000000e-06 productionCandidateMaximumStepSeconds=5.00000000e-06 candidateKind=PRODUCTION_5_US elapsedMillis=32994

node 11 unconnected
converged after 25 iterations, timeStep = 2.5E-6
converged after 9 iterations, timeStep = 2.5E-6
node 11 unconnected
node 11 unconnected
converged after 14 iterations, timeStep = 2.5E-6
node 11 unconnected
converged after 15 iterations, timeStep = 2.5E-6
node 11 unconnected
converged after 14 iterations, timeStep = 2.5E-6
node 11 unconnected
converged after 15 iterations, timeStep = 2.5E-6
node 11 unconnected
converged after 14 iterations, timeStep = 2.5E-6
node 11 unconnected
converged after 15 iterations, timeStep = 2.5E-6
node 11 unconnected
converged after 14 iterations, timeStep = 2.5E-6
node 11 unconnected
converged after 15 iterations, timeStep = 2.5E-6
node 11 unconnected
converged after 14 iterations, timeStep = 2.5E-6
node 11 unconnected
converged after 15 iterations, timeStep = 2.5E-6
node 11 unconnected
converged after 14 iterations, timeStep = 2.5E-6
node 11 unconnected
converged after 15 iterations, timeStep = 2.5E-6
node 11 unconnected
converged after 14 iterations, timeStep = 2.5E-6
node 11 unconnected
converged after 15 iterations, timeStep = 2.5E-6
node 11 unconnected
node 11 unconnected
node 11 unconnected
node 11 unconnected
node 11 unconnected
node 11 unconnected
node 51 unconnected
node 54 unconnected
node 57 unconnected
node 11 unconnected
node 11 unconnected
converged after 23 iterations, timeStep = 2.5E-6
converged after 8 iterations, timeStep = 2.5E-6
node 11 unconnected
node 11 unconnected
converged after 14 iterations, timeStep = 2.5E-6
node 11 unconnected
converged after 15 iterations, timeStep = 2.5E-6
node 11 unconnected
converged after 14 iterations, timeStep = 2.5E-6
node 11 unconnected
converged after 15 iterations, timeStep = 2.5E-6
node 11 unconnected
node 11 unconnected
node 11 unconnected
node 11 unconnected
node 11 unconnected
node 11 unconnected
node 51 unconnected
node 54 unconnected
node 57 unconnected
node 11 unconnected
node 51 unconnected
node 54 unconnected
node 11 unconnected
node 51 unconnected
node 54 unconnected
converged after 23 iterations, timeStep = 2.5E-6
converged after 8 iterations, timeStep = 2.5E-6
node 11 unconnected
node 51 unconnected
node 54 unconnected
node 11 unconnected
node 51 unconnected
node 54 unconnected
converged after 14 iterations, timeStep = 2.5E-6
node 11 unconnected
node 51 unconnected
node 54 unconnected
converged after 15 iterations, timeStep = 2.5E-6
node 11 unconnected
node 51 unconnected
node 54 unconnected
converged after 14 iterations, timeStep = 2.5E-6
node 11 unconnected
converged after 25 iterations, timeStep = 5.0E-6
converged after 6 iterations, timeStep = 5.0E-6
node 11 unconnected
node 11 unconnected
converged after 14 iterations, timeStep = 5.0E-6
node 11 unconnected
converged after 15 iterations, timeStep = 5.0E-6
node 11 unconnected
converged after 14 iterations, timeStep = 5.0E-6
node 11 unconnected
converged after 15 iterations, timeStep = 5.0E-6
node 11 unconnected
converged after 14 iterations, timeStep = 5.0E-6
node 11 unconnected
converged after 15 iterations, timeStep = 5.0E-6
node 11 unconnected
converged after 14 iterations, timeStep = 5.0E-6
node 11 unconnected
converged after 15 iterations, timeStep = 5.0E-6
node 11 unconnected
converged after 14 iterations, timeStep = 5.0E-6
node 11 unconnected
converged after 15 iterations, timeStep = 5.0E-6
node 11 unconnected
converged after 14 iterations, timeStep = 5.0E-6
node 11 unconnected
converged after 15 iterations, timeStep = 5.0E-6
node 11 unconnected
converged after 14 iterations, timeStep = 5.0E-6
node 11 unconnected
converged after 15 iterations, timeStep = 5.0E-6
node 11 unconnected
node 11 unconnected
node 11 unconnected
node 11 unconnected
node 11 unconnected
node 11 unconnected
node 51 unconnected
node 54 unconnected
node 57 unconnected
node 11 unconnected
node 11 unconnected
converged after 23 iterations, timeStep = 5.0E-6
node 11 unconnected
node 11 unconnected
converged after 14 iterations, timeStep = 5.0E-6
node 11 unconnected
converged after 15 iterations, timeStep = 5.0E-6
node 11 unconnected
converged after 14 iterations, timeStep = 5.0E-6
node 11 unconnected
converged after 15 iterations, timeStep = 5.0E-6
node 11 unconnected
node 11 unconnected
node 11 unconnected
node 11 unconnected
node 11 unconnected
node 11 unconnected
node 51 unconnected
node 54 unconnected
node 57 unconnected
node 11 unconnected
node 51 unconnected
node 54 unconnected
node 11 unconnected
node 51 unconnected
node 54 unconnected
converged after 23 iterations, timeStep = 5.0E-6
node 11 unconnected
node 51 unconnected
node 54 unconnected
node 11 unconnected
node 51 unconnected
node 54 unconnected
converged after 14 iterations, timeStep = 5.0E-6
node 11 unconnected
node 51 unconnected
node 54 unconnected
converged after 15 iterations, timeStep = 5.0E-6
node 11 unconnected
node 51 unconnected
node 54 unconnected
converged after 14 iterations, timeStep = 5.0E-6

Q30_SENSITIVITY_CENSUS attempted=40 passed=40 failed=0 childBudgetMs=60000
PASS: focused current contracts; 2 Java suites. Full matrix and independent oracles NOT RUN.
CLEANUP: current JVM contract classes and task-owned scratch removed.
