Q30_SENSITIVITY_CASE seed=0 fault=DREV_OPEN exit=1 termination=True qualified=False
Q30_STEP_PROFILE seed=0 fault=DREV_OPEN profile=initial-electrical-settle boundary=BEGIN stepRole=PRODUCTION_5_US_REFERENCE declaredMaximumStepSeconds=5.00000000e-06 configuredMaximumStepSeconds=5.00000000e-06 actualCurrentStepSeconds=5.00000000e-06 observedMinimumStepSeconds=5.00000000e-06 observedMaximumStepSeconds=5.00000000e-06 minimumTimeStepSeconds=5.00000000e-11 adaptive=true
Q30_STEP_PROFILE seed=0 fault=DREV_OPEN profile=initial-electrical-settle boundary=END stepRole=PRODUCTION_5_US_REFERENCE declaredMaximumStepSeconds=5.00000000e-06 configuredMaximumStepSeconds=5.00000000e-06 actualCurrentStepSeconds=5.00000000e-06 observedMinimumStepSeconds=5.00000000e-06 observedMaximumStepSeconds=5.00000000e-06 minimumTimeStepSeconds=5.00000000e-11 adaptive=true
Q30_STEP_PROFILE seed=0 fault=DREV_OPEN profile=healthy-preparation boundary=BEGIN stepRole=PRODUCTION_5_US_REFERENCE declaredMaximumStepSeconds=5.00000000e-06 configuredMaximumStepSeconds=5.00000000e-06 actualCurrentStepSeconds=5.00000000e-06 observedMinimumStepSeconds=5.00000000e-06 observedMaximumStepSeconds=5.00000000e-06 minimumTimeStepSeconds=5.00000000e-11 adaptive=true
Q30_STEP_PROFILE seed=0 fault=DREV_OPEN profile=healthy-preparation boundary=END stepRole=PRODUCTION_5_US_REFERENCE declaredMaximumStepSeconds=5.00000000e-06 configuredMaximumStepSeconds=5.00000000e-06 actualCurrentStepSeconds=5.00000000e-06 observedMinimumStepSeconds=5.00000000e-06 observedMaximumStepSeconds=5.00000000e-06 minimumTimeStepSeconds=5.00000000e-11 adaptive=true
Q30_STEP_PROFILE seed=0 fault=DREV_OPEN profile=fault-profile-preparation boundary=BEGIN stepRole=PRODUCTION_5_US_REFERENCE declaredMaximumStepSeconds=5.00000000e-06 configuredMaximumStepSeconds=5.00000000e-06 actualCurrentStepSeconds=5.00000000e-06 observedMinimumStepSeconds=5.00000000e-06 observedMaximumStepSeconds=5.00000000e-06 minimumTimeStepSeconds=5.00000000e-11 adaptive=true
Q30_STEP_PROFILE seed=0 fault=DREV_OPEN profile=fault-profile-preparation boundary=END stepRole=PRODUCTION_5_US_REFERENCE declaredMaximumStepSeconds=5.00000000e-06 configuredMaximumStepSeconds=5.00000000e-06 actualCurrentStepSeconds=5.00000000e-06 observedMinimumStepSeconds=5.00000000e-06 observedMaximumStepSeconds=5.00000000e-06 minimumTimeStepSeconds=5.00000000e-11 adaptive=true
Q30_STEP_PROFILE seed=0 fault=DREV_OPEN profile=faulted-four-input-profile boundary=BEGIN stepRole=PRODUCTION_5_US_REFERENCE declaredMaximumStepSeconds=5.00000000e-06 configuredMaximumStepSeconds=5.00000000e-06 actualCurrentStepSeconds=5.00000000e-06 observedMinimumStepSeconds=5.00000000e-06 observedMaximumStepSeconds=5.00000000e-06 minimumTimeStepSeconds=5.00000000e-11 adaptive=true
Q30_STEP_PROFILE seed=0 fault=DREV_OPEN profile=faulted-four-input-profile boundary=END stepRole=PRODUCTION_5_US_REFERENCE declaredMaximumStepSeconds=5.00000000e-06 configuredMaximumStepSeconds=5.00000000e-06 actualCurrentStepSeconds=5.00000000e-06 observedMinimumStepSeconds=5.00000000e-06 observedMaximumStepSeconds=5.00000000e-06 minimumTimeStepSeconds=5.00000000e-11 adaptive=true
Q30_STEP_PROFILE seed=0 fault=DREV_OPEN profile=unrepaired-customer-retest boundary=BEGIN stepRole=PRODUCTION_5_US_REFERENCE declaredMaximumStepSeconds=5.00000000e-06 configuredMaximumStepSeconds=5.00000000e-06 actualCurrentStepSeconds=5.00000000e-06 observedMinimumStepSeconds=5.00000000e-06 observedMaximumStepSeconds=5.00000000e-06 minimumTimeStepSeconds=5.00000000e-11 adaptive=true
Q30_STEP_PROFILE seed=0 fault=DREV_OPEN profile=unrepaired-customer-retest boundary=END stepRole=PRODUCTION_5_US_REFERENCE declaredMaximumStepSeconds=5.00000000e-06 configuredMaximumStepSeconds=5.00000000e-06 actualCurrentStepSeconds=5.00000000e-06 observedMinimumStepSeconds=5.00000000e-06 observedMaximumStepSeconds=5.00000000e-06 minimumTimeStepSeconds=5.00000000e-11 adaptive=true
Q30_STEP_PROFILE seed=0 fault=DREV_OPEN profile=service-power-off-wait boundary=BEGIN stepRole=PRODUCTION_5_US_REFERENCE declaredMaximumStepSeconds=5.00000000e-06 configuredMaximumStepSeconds=5.00000000e-06 actualCurrentStepSeconds=5.00000000e-06 observedMinimumStepSeconds=5.00000000e-06 observedMaximumStepSeconds=5.00000000e-06 minimumTimeStepSeconds=5.00000000e-11 adaptive=true
Q30_STEP_PROFILE seed=0 fault=DREV_OPEN profile=service-power-off-wait boundary=END stepRole=PRODUCTION_5_US_REFERENCE declaredMaximumStepSeconds=5.00000000e-06 configuredMaximumStepSeconds=5.00000000e-06 actualCurrentStepSeconds=5.00000000e-06 observedMinimumStepSeconds=5.00000000e-06 observedMaximumStepSeconds=5.00000000e-06 minimumTimeStepSeconds=5.00000000e-11 adaptive=true
Q30_STEP_PROFILE seed=0 fault=DREV_OPEN profile=reinstalled-original-customer-retest boundary=BEGIN stepRole=PRODUCTION_5_US_REFERENCE declaredMaximumStepSeconds=5.00000000e-06 configuredMaximumStepSeconds=5.00000000e-06 actualCurrentStepSeconds=5.00000000e-06 observedMinimumStepSeconds=5.00000000e-06 observedMaximumStepSeconds=5.00000000e-06 minimumTimeStepSeconds=5.00000000e-11 adaptive=true
Q30_STEP_PROFILE seed=0 fault=DREV_OPEN profile=reinstalled-original-customer-retest boundary=END stepRole=PRODUCTION_5_US_REFERENCE declaredMaximumStepSeconds=5.00000000e-06 configuredMaximumStepSeconds=5.00000000e-06 actualCurrentStepSeconds=5.00000000e-06 observedMinimumStepSeconds=5.00000000e-06 observedMaximumStepSeconds=5.00000000e-06 minimumTimeStepSeconds=5.00000000e-11 adaptive=true
Q30_STEP_PROFILE seed=0 fault=DREV_OPEN profile=service-power-off-wait boundary=BEGIN stepRole=PRODUCTION_5_US_REFERENCE declaredMaximumStepSeconds=5.00000000e-06 configuredMaximumStepSeconds=5.00000000e-06 actualCurrentStepSeconds=5.00000000e-06 observedMinimumStepSeconds=5.00000000e-06 observedMaximumStepSeconds=5.00000000e-06 minimumTimeStepSeconds=5.00000000e-11 adaptive=true
Q30_STEP_PROFILE seed=0 fault=DREV_OPEN profile=service-power-off-wait boundary=END stepRole=PRODUCTION_5_US_REFERENCE declaredMaximumStepSeconds=5.00000000e-06 configuredMaximumStepSeconds=5.00000000e-06 actualCurrentStepSeconds=5.00000000e-06 observedMinimumStepSeconds=5.00000000e-06 observedMaximumStepSeconds=5.00000000e-06 minimumTimeStepSeconds=5.00000000e-11 adaptive=true
Q30_STEP_PROFILE seed=0 fault=DREV_OPEN profile=repaired-customer-retest boundary=BEGIN stepRole=PRODUCTION_5_US_REFERENCE declaredMaximumStepSeconds=5.00000000e-06 configuredMaximumStepSeconds=5.00000000e-06 actualCurrentStepSeconds=5.00000000e-06 observedMinimumStepSeconds=5.00000000e-06 observedMaximumStepSeconds=5.00000000e-06 minimumTimeStepSeconds=5.00000000e-11 adaptive=true
Q30_STEP_PROFILE seed=0 fault=DREV_OPEN profile=repaired-customer-retest boundary=END stepRole=PRODUCTION_5_US_REFERENCE declaredMaximumStepSeconds=5.00000000e-06 configuredMaximumStepSeconds=5.00000000e-06 actualCurrentStepSeconds=5.00000000e-06 observedMinimumStepSeconds=5.00000000e-06 observedMaximumStepSeconds=5.00000000e-06 minimumTimeStepSeconds=5.00000000e-11 adaptive=true
Q30_STEP_OWNER_CLEANUP seed=0 fault=DREV_OPEN declaredMaximumStepSeconds=5.00000000e-06 stepRole=PRODUCTION_5_US_REFERENCE cleanup=true elapsedMillis=0
Q30_STEP_PROFILE seed=0 fault=DREV_OPEN profile=initial-electrical-settle boundary=BEGIN stepRole=EXPERIMENTAL_CANDIDATE_NOT_PROMOTED declaredMaximumStepSeconds=1.00000000e-05 configuredMaximumStepSeconds=1.00000000e-05 actualCurrentStepSeconds=1.00000000e-05 observedMinimumStepSeconds=1.00000000e-05 observedMaximumStepSeconds=1.00000000e-05 minimumTimeStepSeconds=5.00000000e-11 adaptive=true
Q30_STEP_PROFILE seed=0 fault=DREV_OPEN profile=initial-electrical-settle boundary=END stepRole=EXPERIMENTAL_CANDIDATE_NOT_PROMOTED declaredMaximumStepSeconds=1.00000000e-05 configuredMaximumStepSeconds=1.00000000e-05 actualCurrentStepSeconds=1.00000000e-05 observedMinimumStepSeconds=1.00000000e-05 observedMaximumStepSeconds=1.00000000e-05 minimumTimeStepSeconds=5.00000000e-11 adaptive=true
Q30_STEP_PROFILE seed=0 fault=DREV_OPEN profile=healthy-preparation boundary=BEGIN stepRole=EXPERIMENTAL_CANDIDATE_NOT_PROMOTED declaredMaximumStepSeconds=1.00000000e-05 configuredMaximumStepSeconds=1.00000000e-05 actualCurrentStepSeconds=1.00000000e-05 observedMinimumStepSeconds=1.00000000e-05 observedMaximumStepSeconds=1.00000000e-05 minimumTimeStepSeconds=5.00000000e-11 adaptive=true
Q30_STEP_PROFILE seed=0 fault=DREV_OPEN profile=healthy-preparation boundary=END stepRole=EXPERIMENTAL_CANDIDATE_NOT_PROMOTED declaredMaximumStepSeconds=1.00000000e-05 configuredMaximumStepSeconds=1.00000000e-05 actualCurrentStepSeconds=1.00000000e-05 observedMinimumStepSeconds=1.00000000e-05 observedMaximumStepSeconds=1.00000000e-05 minimumTimeStepSeconds=5.00000000e-11 adaptive=true
Q30_STEP_PROFILE seed=0 fault=DREV_OPEN profile=fault-profile-preparation boundary=BEGIN stepRole=EXPERIMENTAL_CANDIDATE_NOT_PROMOTED declaredMaximumStepSeconds=1.00000000e-05 configuredMaximumStepSeconds=1.00000000e-05 actualCurrentStepSeconds=1.00000000e-05 observedMinimumStepSeconds=1.00000000e-05 observedMaximumStepSeconds=1.00000000e-05 minimumTimeStepSeconds=5.00000000e-11 adaptive=true
Q30_STEP_FAILURE seed=0 fault=DREV_OPEN stage=temporal-advance phase=NONE profile=fault-profile-preparation durationSeconds=0.0300000000 declaredMaximumStepSeconds=1.00000000e-05 configuredMaximumStepSeconds=1.00000000e-05 actualCurrentStepSeconds=1.00000000e-05 U1_INPUT_to_U1_RETURN_V=34.8730963 U1_INPUT_to_J1_2_V=34.8730963 U1_RETURN_to_J1_2_V=0.00000000 regulatorModelInput_V=34.8730963 E02_maximumInput_V=24.0000000 diagnosticFailure=none originalException=java.lang.IllegalArgumentException:Rail input exceeds declared envelope
Q30_STEP_FAILURE seed=0 fault=DREV_OPEN stage=temporal-advance phase=NONE profile=fault-profile-preparation durationSeconds=0.0300000000 declaredMaximumStepSeconds=1.00000000e-05 configuredMaximumStepSeconds=1.00000000e-05 actualCurrentStepSeconds=1.00000000e-05 U1_INPUT_to_U1_RETURN_V=34.8730963 U1_INPUT_to_J1_2_V=34.8730963 U1_RETURN_to_J1_2_V=0.00000000 regulatorModelInput_V=34.8730963 E02_maximumInput_V=24.0000000 diagnosticFailure=none originalException=java.lang.IllegalArgumentException:Rail input exceeds declared envelope
Q30_STEP_OWNER_CLEANUP seed=0 fault=DREV_OPEN declaredMaximumStepSeconds=1.00000000e-05 stepRole=EXPERIMENTAL_CANDIDATE_NOT_PROMOTED cleanup=true elapsedMillis=0
Q30_STEP_SEED_CLEANUP seed=0 cleanup=true elapsedMillis=0

node 11 unconnected
converged after 25 iterations, timeStep = 5.0E-6
converged after 6 iterations, timeStep = 5.0E-6
node 11 unconnected
node 11 unconnected
converged after 16 iterations, timeStep = 5.0E-6
node 11 unconnected
converged after 19 iterations, timeStep = 5.0E-6
node 11 unconnected
converged after 19 iterations, timeStep = 5.0E-6
node 11 unconnected
converged after 10 iterations, timeStep = 5.0E-6
node 11 unconnected
converged after 16 iterations, timeStep = 5.0E-6
converged after 9 iterations, timeStep = 5.0E-6
node 11 unconnected
node 11 unconnected
node 11 unconnected
node 11 unconnected
node 11 unconnected
node 11 unconnected
node 11 unconnected
node 11 unconnected
node 11 unconnected
node 11 unconnected
node 11 unconnected
node 11 unconnected
node 11 unconnected
node 11 unconnected
node 11 unconnected
node 16 unconnected
node 20 unconnected
node 11 unconnected
node 11 unconnected
node 11 unconnected
node 11 unconnected
node 11 unconnected
node 11 unconnected
node 11 unconnected
node 11 unconnected
node 11 unconnected
node 11 unconnected
node 11 unconnected
node 11 unconnected
node 11 unconnected
node 16 unconnected
node 20 unconnected
node 11 unconnected
node 16 unconnected
node 20 unconnected
converged after 6 iterations, timeStep = 5.0E-6
converged after 6 iterations, timeStep = 5.0E-6
node 11 unconnected
node 16 unconnected
node 20 unconnected
converged after 40 iterations, timeStep = 5.0E-6
node 11 unconnected
node 16 unconnected
node 20 unconnected
converged after 10 iterations, timeStep = 5.0E-6
node 11 unconnected
node 16 unconnected
node 20 unconnected
converged after 16 iterations, timeStep = 5.0E-6
node 11 unconnected
node 16 unconnected
node 20 unconnected
converged after 17 iterations, timeStep = 5.0E-6
node 11 unconnected
node 16 unconnected
node 20 unconnected
converged after 18 iterations, timeStep = 5.0E-6
node 11 unconnected
converged after 24 iterations, timeStep = 1.0E-5
node 11 unconnected
node 11 unconnected
converged after 15 iterations, timeStep = 1.0E-5
node 11 unconnected
converged after 19 iterations, timeStep = 1.0E-5
node 11 unconnected
converged after 19 iterations, timeStep = 1.0E-5
node 11 unconnected
converged after 9 iterations, timeStep = 1.0E-5
node 11 unconnected
node 11 unconnected
Exception in thread "main" java.lang.IllegalArgumentException: Rail input exceeds declared envelope
	at com.lushprojects.circuitjs1.client.AbstractRailRegulatorElm.validateOperatingPoint(AbstractRailRegulatorElm.java:484)
	at com.lushprojects.circuitjs1.client.AbstractRailRegulatorElm.doStep(AbstractRailRegulatorElm.java:127)
	at com.lushprojects.circuitjs1.client.CirSim.runCircuitOwned(CirSim.java:3357)
	at com.lushprojects.circuitjs1.client.CircuitSolverExecutor.advanceFor(CircuitSolverExecutor.java:144)
	at com.lushprojects.circuitjs1.client.CircuitSolverExecutor.advanceFor(CircuitSolverExecutor.java:135)
	at com.lushprojects.circuitjs1.client.CirSim.advanceGeneratedTemporalSolver(CirSim.java:6344)
	at com.lushprojects.circuitjs1.client.CirSim.advanceGeneratedTemporalProfile(CirSim.java:6321)
	at com.lushprojects.circuitjs1.client.Q30SolverStepSensitivityContractTest$SensitivityCirSim.advanceGeneratedTemporalProfile(Q30SolverStepSensitivityContractTest.java:846)
	at com.lushprojects.circuitjs1.client.Rb30Behavior$ProfileWork.applyInput(Rb30Behavior.java:391)
	at com.lushprojects.circuitjs1.client.Rb30Behavior$ProfileWork.step(Rb30Behavior.java:356)
	at com.lushprojects.circuitjs1.client.GeneratedWork.complete(GeneratedWork.java:17)
	at com.lushprojects.circuitjs1.client.Rb30Behavior.prepareFaultedProfile(Rb30Behavior.java:171)
	at com.lushprojects.circuitjs1.client.Q30SolverStepSensitivityContractTest.runOwner(Q30SolverStepSensitivityContractTest.java:302)
	at com.lushprojects.circuitjs1.client.Q30SolverStepSensitivityContractTest.verifySeed(Q30SolverStepSensitivityContractTest.java:144)
	at com.lushprojects.circuitjs1.client.Q30SolverStepSensitivityContractTest.main(Q30SolverStepSensitivityContractTest.java:74)
	Suppressed: java.lang.IllegalArgumentException: Rail input exceeds declared envelope
		at com.lushprojects.circuitjs1.client.AbstractRailRegulatorElm.validateOperatingPoint(AbstractRailRegulatorElm.java:484)
		at com.lushprojects.circuitjs1.client.AbstractRailRegulatorElm.doStep(AbstractRailRegulatorElm.java:127)
		at com.lushprojects.circuitjs1.client.CirSim.runCircuitOwned(CirSim.java:3357)
		at com.lushprojects.circuitjs1.client.CircuitSolverExecutor.advanceFor(CircuitSolverExecutor.java:144)
		at com.lushprojects.circuitjs1.client.CircuitSolverExecutor.advanceFor(CircuitSolverExecutor.java:135)
		at com.lushprojects.circuitjs1.client.CirSim.advanceGeneratedTemporalSolver(CirSim.java:6344)
		at com.lushprojects.circuitjs1.client.CirSim.advanceGeneratedTemporalProfile(CirSim.java:6321)
		at com.lushprojects.circuitjs1.client.Q30SolverStepSensitivityContractTest$SensitivityCirSim.advanceGeneratedTemporalProfile(Q30SolverStepSensitivityContractTest.java:846)
		at com.lushprojects.circuitjs1.client.Rb30Behavior$ProfileWork.applyInput(Rb30Behavior.java:391)
		at com.lushprojects.circuitjs1.client.Rb30Behavior$ProfileWork.cancel(Rb30Behavior.java:421)
		at com.lushprojects.circuitjs1.client.GeneratedWork.cancelAfterFailure(GeneratedWork.java:29)
		at com.lushprojects.circuitjs1.client.GeneratedWork.complete(GeneratedWork.java:20)
		... 4 more

Q30_SENSITIVITY_CASE seed=0 fault=REN_OPEN exit=0 termination=True qualified=True
Q30_STEP_PROFILE seed=0 fault=REN_OPEN profile=initial-electrical-settle boundary=BEGIN stepRole=PRODUCTION_5_US_REFERENCE declaredMaximumStepSeconds=5.00000000e-06 configuredMaximumStepSeconds=5.00000000e-06 actualCurrentStepSeconds=5.00000000e-06 observedMinimumStepSeconds=5.00000000e-06 observedMaximumStepSeconds=5.00000000e-06 minimumTimeStepSeconds=5.00000000e-11 adaptive=true
Q30_STEP_PROFILE seed=0 fault=REN_OPEN profile=initial-electrical-settle boundary=END stepRole=PRODUCTION_5_US_REFERENCE declaredMaximumStepSeconds=5.00000000e-06 configuredMaximumStepSeconds=5.00000000e-06 actualCurrentStepSeconds=5.00000000e-06 observedMinimumStepSeconds=5.00000000e-06 observedMaximumStepSeconds=5.00000000e-06 minimumTimeStepSeconds=5.00000000e-11 adaptive=true
Q30_STEP_PROFILE seed=0 fault=REN_OPEN profile=healthy-preparation boundary=BEGIN stepRole=PRODUCTION_5_US_REFERENCE declaredMaximumStepSeconds=5.00000000e-06 configuredMaximumStepSeconds=5.00000000e-06 actualCurrentStepSeconds=5.00000000e-06 observedMinimumStepSeconds=5.00000000e-06 observedMaximumStepSeconds=5.00000000e-06 minimumTimeStepSeconds=5.00000000e-11 adaptive=true
Q30_STEP_PROFILE seed=0 fault=REN_OPEN profile=healthy-preparation boundary=END stepRole=PRODUCTION_5_US_REFERENCE declaredMaximumStepSeconds=5.00000000e-06 configuredMaximumStepSeconds=5.00000000e-06 actualCurrentStepSeconds=5.00000000e-06 observedMinimumStepSeconds=5.00000000e-06 observedMaximumStepSeconds=5.00000000e-06 minimumTimeStepSeconds=5.00000000e-11 adaptive=true
Q30_STEP_PROFILE seed=0 fault=REN_OPEN profile=fault-profile-preparation boundary=BEGIN stepRole=PRODUCTION_5_US_REFERENCE declaredMaximumStepSeconds=5.00000000e-06 configuredMaximumStepSeconds=5.00000000e-06 actualCurrentStepSeconds=5.00000000e-06 observedMinimumStepSeconds=5.00000000e-06 observedMaximumStepSeconds=5.00000000e-06 minimumTimeStepSeconds=5.00000000e-11 adaptive=true
Q30_STEP_PROFILE seed=0 fault=REN_OPEN profile=fault-profile-preparation boundary=END stepRole=PRODUCTION_5_US_REFERENCE declaredMaximumStepSeconds=5.00000000e-06 configuredMaximumStepSeconds=5.00000000e-06 actualCurrentStepSeconds=5.00000000e-06 observedMinimumStepSeconds=5.00000000e-06 observedMaximumStepSeconds=5.00000000e-06 minimumTimeStepSeconds=5.00000000e-11 adaptive=true
Q30_STEP_PROFILE seed=0 fault=REN_OPEN profile=faulted-four-input-profile boundary=BEGIN stepRole=PRODUCTION_5_US_REFERENCE declaredMaximumStepSeconds=5.00000000e-06 configuredMaximumStepSeconds=5.00000000e-06 actualCurrentStepSeconds=5.00000000e-06 observedMinimumStepSeconds=5.00000000e-06 observedMaximumStepSeconds=5.00000000e-06 minimumTimeStepSeconds=5.00000000e-11 adaptive=true
Q30_STEP_PROFILE seed=0 fault=REN_OPEN profile=faulted-four-input-profile boundary=END stepRole=PRODUCTION_5_US_REFERENCE declaredMaximumStepSeconds=5.00000000e-06 configuredMaximumStepSeconds=5.00000000e-06 actualCurrentStepSeconds=5.00000000e-06 observedMinimumStepSeconds=5.00000000e-06 observedMaximumStepSeconds=5.00000000e-06 minimumTimeStepSeconds=5.00000000e-11 adaptive=true
Q30_STEP_PROFILE seed=0 fault=REN_OPEN profile=unrepaired-customer-retest boundary=BEGIN stepRole=PRODUCTION_5_US_REFERENCE declaredMaximumStepSeconds=5.00000000e-06 configuredMaximumStepSeconds=5.00000000e-06 actualCurrentStepSeconds=5.00000000e-06 observedMinimumStepSeconds=5.00000000e-06 observedMaximumStepSeconds=5.00000000e-06 minimumTimeStepSeconds=5.00000000e-11 adaptive=true
Q30_STEP_PROFILE seed=0 fault=REN_OPEN profile=unrepaired-customer-retest boundary=END stepRole=PRODUCTION_5_US_REFERENCE declaredMaximumStepSeconds=5.00000000e-06 configuredMaximumStepSeconds=5.00000000e-06 actualCurrentStepSeconds=5.00000000e-06 observedMinimumStepSeconds=5.00000000e-06 observedMaximumStepSeconds=5.00000000e-06 minimumTimeStepSeconds=5.00000000e-11 adaptive=true
Q30_STEP_PROFILE seed=0 fault=REN_OPEN profile=service-power-off-wait boundary=BEGIN stepRole=PRODUCTION_5_US_REFERENCE declaredMaximumStepSeconds=5.00000000e-06 configuredMaximumStepSeconds=5.00000000e-06 actualCurrentStepSeconds=5.00000000e-06 observedMinimumStepSeconds=5.00000000e-06 observedMaximumStepSeconds=5.00000000e-06 minimumTimeStepSeconds=5.00000000e-11 adaptive=true
Q30_STEP_PROFILE seed=0 fault=REN_OPEN profile=service-power-off-wait boundary=END stepRole=PRODUCTION_5_US_REFERENCE declaredMaximumStepSeconds=5.00000000e-06 configuredMaximumStepSeconds=5.00000000e-06 actualCurrentStepSeconds=5.00000000e-06 observedMinimumStepSeconds=5.00000000e-06 observedMaximumStepSeconds=5.00000000e-06 minimumTimeStepSeconds=5.00000000e-11 adaptive=true
Q30_STEP_PROFILE seed=0 fault=REN_OPEN profile=reinstalled-original-customer-retest boundary=BEGIN stepRole=PRODUCTION_5_US_REFERENCE declaredMaximumStepSeconds=5.00000000e-06 configuredMaximumStepSeconds=5.00000000e-06 actualCurrentStepSeconds=5.00000000e-06 observedMinimumStepSeconds=5.00000000e-06 observedMaximumStepSeconds=5.00000000e-06 minimumTimeStepSeconds=5.00000000e-11 adaptive=true
Q30_STEP_PROFILE seed=0 fault=REN_OPEN profile=reinstalled-original-customer-retest boundary=END stepRole=PRODUCTION_5_US_REFERENCE declaredMaximumStepSeconds=5.00000000e-06 configuredMaximumStepSeconds=5.00000000e-06 actualCurrentStepSeconds=5.00000000e-06 observedMinimumStepSeconds=5.00000000e-06 observedMaximumStepSeconds=5.00000000e-06 minimumTimeStepSeconds=5.00000000e-11 adaptive=true
Q30_STEP_PROFILE seed=0 fault=REN_OPEN profile=service-power-off-wait boundary=BEGIN stepRole=PRODUCTION_5_US_REFERENCE declaredMaximumStepSeconds=5.00000000e-06 configuredMaximumStepSeconds=5.00000000e-06 actualCurrentStepSeconds=5.00000000e-06 observedMinimumStepSeconds=5.00000000e-06 observedMaximumStepSeconds=5.00000000e-06 minimumTimeStepSeconds=5.00000000e-11 adaptive=true
Q30_STEP_PROFILE seed=0 fault=REN_OPEN profile=service-power-off-wait boundary=END stepRole=PRODUCTION_5_US_REFERENCE declaredMaximumStepSeconds=5.00000000e-06 configuredMaximumStepSeconds=5.00000000e-06 actualCurrentStepSeconds=5.00000000e-06 observedMinimumStepSeconds=5.00000000e-06 observedMaximumStepSeconds=5.00000000e-06 minimumTimeStepSeconds=5.00000000e-11 adaptive=true
Q30_STEP_PROFILE seed=0 fault=REN_OPEN profile=repaired-customer-retest boundary=BEGIN stepRole=PRODUCTION_5_US_REFERENCE declaredMaximumStepSeconds=5.00000000e-06 configuredMaximumStepSeconds=5.00000000e-06 actualCurrentStepSeconds=5.00000000e-06 observedMinimumStepSeconds=5.00000000e-06 observedMaximumStepSeconds=5.00000000e-06 minimumTimeStepSeconds=5.00000000e-11 adaptive=true
Q30_STEP_PROFILE seed=0 fault=REN_OPEN profile=repaired-customer-retest boundary=END stepRole=PRODUCTION_5_US_REFERENCE declaredMaximumStepSeconds=5.00000000e-06 configuredMaximumStepSeconds=5.00000000e-06 actualCurrentStepSeconds=5.00000000e-06 observedMinimumStepSeconds=5.00000000e-06 observedMaximumStepSeconds=5.00000000e-06 minimumTimeStepSeconds=5.00000000e-11 adaptive=true
Q30_STEP_OWNER_CLEANUP seed=0 fault=REN_OPEN declaredMaximumStepSeconds=5.00000000e-06 stepRole=PRODUCTION_5_US_REFERENCE cleanup=true elapsedMillis=0
Q30_STEP_PROFILE seed=0 fault=REN_OPEN profile=initial-electrical-settle boundary=BEGIN stepRole=EXPERIMENTAL_CANDIDATE_NOT_PROMOTED declaredMaximumStepSeconds=1.00000000e-05 configuredMaximumStepSeconds=1.00000000e-05 actualCurrentStepSeconds=1.00000000e-05 observedMinimumStepSeconds=1.00000000e-05 observedMaximumStepSeconds=1.00000000e-05 minimumTimeStepSeconds=5.00000000e-11 adaptive=true
Q30_STEP_PROFILE seed=0 fault=REN_OPEN profile=initial-electrical-settle boundary=END stepRole=EXPERIMENTAL_CANDIDATE_NOT_PROMOTED declaredMaximumStepSeconds=1.00000000e-05 configuredMaximumStepSeconds=1.00000000e-05 actualCurrentStepSeconds=1.00000000e-05 observedMinimumStepSeconds=1.00000000e-05 observedMaximumStepSeconds=1.00000000e-05 minimumTimeStepSeconds=5.00000000e-11 adaptive=true
Q30_STEP_PROFILE seed=0 fault=REN_OPEN profile=healthy-preparation boundary=BEGIN stepRole=EXPERIMENTAL_CANDIDATE_NOT_PROMOTED declaredMaximumStepSeconds=1.00000000e-05 configuredMaximumStepSeconds=1.00000000e-05 actualCurrentStepSeconds=1.00000000e-05 observedMinimumStepSeconds=1.00000000e-05 observedMaximumStepSeconds=1.00000000e-05 minimumTimeStepSeconds=5.00000000e-11 adaptive=true
Q30_STEP_PROFILE seed=0 fault=REN_OPEN profile=healthy-preparation boundary=END stepRole=EXPERIMENTAL_CANDIDATE_NOT_PROMOTED declaredMaximumStepSeconds=1.00000000e-05 configuredMaximumStepSeconds=1.00000000e-05 actualCurrentStepSeconds=1.00000000e-05 observedMinimumStepSeconds=1.00000000e-05 observedMaximumStepSeconds=1.00000000e-05 minimumTimeStepSeconds=5.00000000e-11 adaptive=true
Q30_STEP_PROFILE seed=0 fault=REN_OPEN profile=fault-profile-preparation boundary=BEGIN stepRole=EXPERIMENTAL_CANDIDATE_NOT_PROMOTED declaredMaximumStepSeconds=1.00000000e-05 configuredMaximumStepSeconds=1.00000000e-05 actualCurrentStepSeconds=1.00000000e-05 observedMinimumStepSeconds=1.00000000e-05 observedMaximumStepSeconds=1.00000000e-05 minimumTimeStepSeconds=5.00000000e-11 adaptive=true
Q30_STEP_PROFILE seed=0 fault=REN_OPEN profile=fault-profile-preparation boundary=END stepRole=EXPERIMENTAL_CANDIDATE_NOT_PROMOTED declaredMaximumStepSeconds=1.00000000e-05 configuredMaximumStepSeconds=1.00000000e-05 actualCurrentStepSeconds=1.00000000e-05 observedMinimumStepSeconds=1.00000000e-05 observedMaximumStepSeconds=1.00000000e-05 minimumTimeStepSeconds=5.00000000e-11 adaptive=true
Q30_STEP_PROFILE seed=0 fault=REN_OPEN profile=faulted-four-input-profile boundary=BEGIN stepRole=EXPERIMENTAL_CANDIDATE_NOT_PROMOTED declaredMaximumStepSeconds=1.00000000e-05 configuredMaximumStepSeconds=1.00000000e-05 actualCurrentStepSeconds=1.00000000e-05 observedMinimumStepSeconds=1.00000000e-05 observedMaximumStepSeconds=1.00000000e-05 minimumTimeStepSeconds=5.00000000e-11 adaptive=true
Q30_STEP_PROFILE seed=0 fault=REN_OPEN profile=faulted-four-input-profile boundary=END stepRole=EXPERIMENTAL_CANDIDATE_NOT_PROMOTED declaredMaximumStepSeconds=1.00000000e-05 configuredMaximumStepSeconds=1.00000000e-05 actualCurrentStepSeconds=1.00000000e-05 observedMinimumStepSeconds=1.00000000e-05 observedMaximumStepSeconds=1.00000000e-05 minimumTimeStepSeconds=5.00000000e-11 adaptive=true
Q30_STEP_PROFILE seed=0 fault=REN_OPEN profile=unrepaired-customer-retest boundary=BEGIN stepRole=EXPERIMENTAL_CANDIDATE_NOT_PROMOTED declaredMaximumStepSeconds=1.00000000e-05 configuredMaximumStepSeconds=1.00000000e-05 actualCurrentStepSeconds=1.00000000e-05 observedMinimumStepSeconds=1.00000000e-05 observedMaximumStepSeconds=1.00000000e-05 minimumTimeStepSeconds=5.00000000e-11 adaptive=true
Q30_STEP_PROFILE seed=0 fault=REN_OPEN profile=unrepaired-customer-retest boundary=END stepRole=EXPERIMENTAL_CANDIDATE_NOT_PROMOTED declaredMaximumStepSeconds=1.00000000e-05 configuredMaximumStepSeconds=1.00000000e-05 actualCurrentStepSeconds=1.00000000e-05 observedMinimumStepSeconds=1.00000000e-05 observedMaximumStepSeconds=1.00000000e-05 minimumTimeStepSeconds=5.00000000e-11 adaptive=true
Q30_STEP_PROFILE seed=0 fault=REN_OPEN profile=service-power-off-wait boundary=BEGIN stepRole=EXPERIMENTAL_CANDIDATE_NOT_PROMOTED declaredMaximumStepSeconds=1.00000000e-05 configuredMaximumStepSeconds=1.00000000e-05 actualCurrentStepSeconds=1.00000000e-05 observedMinimumStepSeconds=1.00000000e-05 observedMaximumStepSeconds=1.00000000e-05 minimumTimeStepSeconds=5.00000000e-11 adaptive=true
Q30_STEP_PROFILE seed=0 fault=REN_OPEN profile=service-power-off-wait boundary=END stepRole=EXPERIMENTAL_CANDIDATE_NOT_PROMOTED declaredMaximumStepSeconds=1.00000000e-05 configuredMaximumStepSeconds=1.00000000e-05 actualCurrentStepSeconds=1.00000000e-05 observedMinimumStepSeconds=1.00000000e-05 observedMaximumStepSeconds=1.00000000e-05 minimumTimeStepSeconds=5.00000000e-11 adaptive=true
Q30_STEP_PROFILE seed=0 fault=REN_OPEN profile=reinstalled-original-customer-retest boundary=BEGIN stepRole=EXPERIMENTAL_CANDIDATE_NOT_PROMOTED declaredMaximumStepSeconds=1.00000000e-05 configuredMaximumStepSeconds=1.00000000e-05 actualCurrentStepSeconds=1.00000000e-05 observedMinimumStepSeconds=1.00000000e-05 observedMaximumStepSeconds=1.00000000e-05 minimumTimeStepSeconds=5.00000000e-11 adaptive=true
Q30_STEP_PROFILE seed=0 fault=REN_OPEN profile=reinstalled-original-customer-retest boundary=END stepRole=EXPERIMENTAL_CANDIDATE_NOT_PROMOTED declaredMaximumStepSeconds=1.00000000e-05 configuredMaximumStepSeconds=1.00000000e-05 actualCurrentStepSeconds=1.00000000e-05 observedMinimumStepSeconds=1.00000000e-05 observedMaximumStepSeconds=1.00000000e-05 minimumTimeStepSeconds=5.00000000e-11 adaptive=true
Q30_STEP_PROFILE seed=0 fault=REN_OPEN profile=service-power-off-wait boundary=BEGIN stepRole=EXPERIMENTAL_CANDIDATE_NOT_PROMOTED declaredMaximumStepSeconds=1.00000000e-05 configuredMaximumStepSeconds=1.00000000e-05 actualCurrentStepSeconds=1.00000000e-05 observedMinimumStepSeconds=1.00000000e-05 observedMaximumStepSeconds=1.00000000e-05 minimumTimeStepSeconds=5.00000000e-11 adaptive=true
Q30_STEP_PROFILE seed=0 fault=REN_OPEN profile=service-power-off-wait boundary=END stepRole=EXPERIMENTAL_CANDIDATE_NOT_PROMOTED declaredMaximumStepSeconds=1.00000000e-05 configuredMaximumStepSeconds=1.00000000e-05 actualCurrentStepSeconds=1.00000000e-05 observedMinimumStepSeconds=1.00000000e-05 observedMaximumStepSeconds=1.00000000e-05 minimumTimeStepSeconds=5.00000000e-11 adaptive=true
Q30_STEP_PROFILE seed=0 fault=REN_OPEN profile=repaired-customer-retest boundary=BEGIN stepRole=EXPERIMENTAL_CANDIDATE_NOT_PROMOTED declaredMaximumStepSeconds=1.00000000e-05 configuredMaximumStepSeconds=1.00000000e-05 actualCurrentStepSeconds=1.00000000e-05 observedMinimumStepSeconds=1.00000000e-05 observedMaximumStepSeconds=1.00000000e-05 minimumTimeStepSeconds=5.00000000e-11 adaptive=true
Q30_STEP_PROFILE seed=0 fault=REN_OPEN profile=repaired-customer-retest boundary=END stepRole=EXPERIMENTAL_CANDIDATE_NOT_PROMOTED declaredMaximumStepSeconds=1.00000000e-05 configuredMaximumStepSeconds=1.00000000e-05 actualCurrentStepSeconds=1.00000000e-05 observedMinimumStepSeconds=1.00000000e-05 observedMaximumStepSeconds=1.00000000e-05 minimumTimeStepSeconds=5.00000000e-11 adaptive=true
Q30_STEP_OWNER_CLEANUP seed=0 fault=REN_OPEN declaredMaximumStepSeconds=1.00000000e-05 stepRole=EXPERIMENTAL_CANDIDATE_NOT_PROMOTED cleanup=true elapsedMillis=0
Q30_STEP_PAIR seed=0 support=COMPACT_31 fault=REN_OPEN referenceMaximumStepSeconds=5.00000000e-06 experimentalCandidateMaximumStepSeconds=1.00000000e-05 candidateKind=EXPERIMENTAL_NOT_PROMOTED maxDeltaVolts=4.32407664e-05 toleranceVolts=0.0100902683 phase=faulted sample=SENSORS_LOW/U1.OUTPUT-J1.2 referenceElapsedMillis=6944 experimentalCandidateElapsedMillis=3402 referenceSimSeconds=1.16036000 experimentalCandidateSimSeconds=1.16072000 referenceCleanupMillis=0 experimentalCandidateCleanupMillis=0 cleanup=true
Q30_STEP_SEED seed=0 support=COMPACT_31 referenceMaximumStepSeconds=5.00000000e-06 experimentalCandidateMaximumStepSeconds=1.00000000e-05 candidateKind=EXPERIMENTAL_NOT_PROMOTED routeTopology=RB30_SEPARATE_DIRECT_A_BJT_B_BJT_COMPACT_31 routeAndPairsElapsedMillis=16686
Q30_STEP_OWNER_CLEANUP seed=0 fault=DREV_OPEN declaredMaximumStepSeconds=5.00000000e-06 stepRole=PRODUCTION_5_US_REFERENCE cleanup=true elapsedMillis=0
Q30_STEP_SEED_CLEANUP seed=0 cleanup=true elapsedMillis=0
PASS: Q30 experimental solver step sensitivity assertions=1672 seed=0 support=COMPACT_31 faults=1 referenceMaximumStepSeconds=5.00000000e-06 experimentalCandidateMaximumStepSeconds=1.00000000e-05 candidateKind=EXPERIMENTAL_NOT_PROMOTED elapsedMillis=16686

node 11 unconnected
converged after 25 iterations, timeStep = 5.0E-6
converged after 6 iterations, timeStep = 5.0E-6
node 11 unconnected
node 11 unconnected
converged after 16 iterations, timeStep = 5.0E-6
node 11 unconnected
converged after 19 iterations, timeStep = 5.0E-6
node 11 unconnected
converged after 19 iterations, timeStep = 5.0E-6
node 11 unconnected
converged after 10 iterations, timeStep = 5.0E-6
node 11 unconnected
node 20 unconnected
converged after 17 iterations, timeStep = 5.0E-6
converged after 10 iterations, timeStep = 5.0E-6
node 11 unconnected
node 20 unconnected
node 11 unconnected
node 20 unconnected
node 11 unconnected
node 20 unconnected
node 11 unconnected
node 20 unconnected
node 11 unconnected
node 20 unconnected
node 11 unconnected
node 20 unconnected
node 11 unconnected
node 20 unconnected
node 11 unconnected
node 20 unconnected
node 11 unconnected
node 20 unconnected
node 11 unconnected
node 20 unconnected
node 11 unconnected
node 20 unconnected
node 11 unconnected
node 20 unconnected
node 11 unconnected
node 20 unconnected
node 11 unconnected
node 20 unconnected
node 11 unconnected
node 20 unconnected
node 21 unconnected
node 23 unconnected
node 11 unconnected
node 20 unconnected
node 11 unconnected
node 20 unconnected
converged after 6 iterations, timeStep = 5.0E-6
node 11 unconnected
node 20 unconnected
node 11 unconnected
node 20 unconnected
node 11 unconnected
node 20 unconnected
node 11 unconnected
node 20 unconnected
node 11 unconnected
node 20 unconnected
node 11 unconnected
node 20 unconnected
node 11 unconnected
node 20 unconnected
node 11 unconnected
node 20 unconnected
node 11 unconnected
node 20 unconnected
node 11 unconnected
node 20 unconnected
node 11 unconnected
node 20 unconnected
node 21 unconnected
node 23 unconnected
node 11 unconnected
node 21 unconnected
node 23 unconnected
node 11 unconnected
node 21 unconnected
node 23 unconnected
converged after 16 iterations, timeStep = 5.0E-6
converged after 7 iterations, timeStep = 5.0E-6
node 11 unconnected
node 21 unconnected
node 23 unconnected
converged after 9 iterations, timeStep = 5.0E-6
node 11 unconnected
node 21 unconnected
node 23 unconnected
converged after 16 iterations, timeStep = 5.0E-6
node 11 unconnected
node 21 unconnected
node 23 unconnected
converged after 19 iterations, timeStep = 5.0E-6
node 11 unconnected
node 21 unconnected
node 23 unconnected
converged after 19 iterations, timeStep = 5.0E-6
node 11 unconnected
converged after 24 iterations, timeStep = 1.0E-5
node 11 unconnected
node 11 unconnected
converged after 15 iterations, timeStep = 1.0E-5
node 11 unconnected
converged after 19 iterations, timeStep = 1.0E-5
node 11 unconnected
converged after 19 iterations, timeStep = 1.0E-5
node 11 unconnected
converged after 9 iterations, timeStep = 1.0E-5
node 11 unconnected
node 20 unconnected
converged after 15 iterations, timeStep = 1.0E-5
converged after 9 iterations, timeStep = 1.0E-5
node 11 unconnected
node 20 unconnected
node 11 unconnected
node 20 unconnected
node 11 unconnected
node 20 unconnected
node 11 unconnected
node 20 unconnected
node 11 unconnected
node 20 unconnected
node 11 unconnected
node 20 unconnected
node 11 unconnected
node 20 unconnected
node 11 unconnected
node 20 unconnected
node 11 unconnected
node 20 unconnected
node 11 unconnected
node 20 unconnected
node 11 unconnected
node 20 unconnected
node 11 unconnected
node 20 unconnected
node 11 unconnected
node 20 unconnected
node 11 unconnected
node 20 unconnected
node 11 unconnected
node 20 unconnected
node 21 unconnected
node 23 unconnected
node 11 unconnected
node 20 unconnected
node 11 unconnected
node 20 unconnected
converged after 7 iterations, timeStep = 1.0E-5
node 11 unconnected
node 20 unconnected
node 11 unconnected
node 20 unconnected
node 11 unconnected
node 20 unconnected
node 11 unconnected
node 20 unconnected
node 11 unconnected
node 20 unconnected
node 11 unconnected
node 20 unconnected
node 11 unconnected
node 20 unconnected
node 11 unconnected
node 20 unconnected
node 11 unconnected
node 20 unconnected
node 11 unconnected
node 20 unconnected
node 11 unconnected
node 20 unconnected
node 21 unconnected
node 23 unconnected
node 11 unconnected
node 21 unconnected
node 23 unconnected
node 11 unconnected
node 21 unconnected
node 23 unconnected
converged after 15 iterations, timeStep = 1.0E-5
converged after 6 iterations, timeStep = 1.0E-5
node 11 unconnected
node 21 unconnected
node 23 unconnected
converged after 9 iterations, timeStep = 1.0E-5
node 11 unconnected
node 21 unconnected
node 23 unconnected
converged after 15 iterations, timeStep = 1.0E-5
node 11 unconnected
node 21 unconnected
node 23 unconnected
converged after 19 iterations, timeStep = 1.0E-5
node 11 unconnected
node 21 unconnected
node 23 unconnected
converged after 19 iterations, timeStep = 1.0E-5

Q30_SENSITIVITY_CASE seed=0 fault=SENSOR_A_OPEN exit=0 termination=True qualified=True
Q30_STEP_PROFILE seed=0 fault=SENSOR_A_OPEN profile=initial-electrical-settle boundary=BEGIN stepRole=PRODUCTION_5_US_REFERENCE declaredMaximumStepSeconds=5.00000000e-06 configuredMaximumStepSeconds=5.00000000e-06 actualCurrentStepSeconds=5.00000000e-06 observedMinimumStepSeconds=5.00000000e-06 observedMaximumStepSeconds=5.00000000e-06 minimumTimeStepSeconds=5.00000000e-11 adaptive=true
Q30_STEP_PROFILE seed=0 fault=SENSOR_A_OPEN profile=initial-electrical-settle boundary=END stepRole=PRODUCTION_5_US_REFERENCE declaredMaximumStepSeconds=5.00000000e-06 configuredMaximumStepSeconds=5.00000000e-06 actualCurrentStepSeconds=5.00000000e-06 observedMinimumStepSeconds=5.00000000e-06 observedMaximumStepSeconds=5.00000000e-06 minimumTimeStepSeconds=5.00000000e-11 adaptive=true
Q30_STEP_PROFILE seed=0 fault=SENSOR_A_OPEN profile=healthy-preparation boundary=BEGIN stepRole=PRODUCTION_5_US_REFERENCE declaredMaximumStepSeconds=5.00000000e-06 configuredMaximumStepSeconds=5.00000000e-06 actualCurrentStepSeconds=5.00000000e-06 observedMinimumStepSeconds=5.00000000e-06 observedMaximumStepSeconds=5.00000000e-06 minimumTimeStepSeconds=5.00000000e-11 adaptive=true
Q30_STEP_PROFILE seed=0 fault=SENSOR_A_OPEN profile=healthy-preparation boundary=END stepRole=PRODUCTION_5_US_REFERENCE declaredMaximumStepSeconds=5.00000000e-06 configuredMaximumStepSeconds=5.00000000e-06 actualCurrentStepSeconds=5.00000000e-06 observedMinimumStepSeconds=5.00000000e-06 observedMaximumStepSeconds=5.00000000e-06 minimumTimeStepSeconds=5.00000000e-11 adaptive=true
Q30_STEP_PROFILE seed=0 fault=SENSOR_A_OPEN profile=fault-profile-preparation boundary=BEGIN stepRole=PRODUCTION_5_US_REFERENCE declaredMaximumStepSeconds=5.00000000e-06 configuredMaximumStepSeconds=5.00000000e-06 actualCurrentStepSeconds=5.00000000e-06 observedMinimumStepSeconds=5.00000000e-06 observedMaximumStepSeconds=5.00000000e-06 minimumTimeStepSeconds=5.00000000e-11 adaptive=true
Q30_STEP_PROFILE seed=0 fault=SENSOR_A_OPEN profile=fault-profile-preparation boundary=END stepRole=PRODUCTION_5_US_REFERENCE declaredMaximumStepSeconds=5.00000000e-06 configuredMaximumStepSeconds=5.00000000e-06 actualCurrentStepSeconds=5.00000000e-06 observedMinimumStepSeconds=5.00000000e-06 observedMaximumStepSeconds=5.00000000e-06 minimumTimeStepSeconds=5.00000000e-11 adaptive=true
Q30_STEP_PROFILE seed=0 fault=SENSOR_A_OPEN profile=faulted-four-input-profile boundary=BEGIN stepRole=PRODUCTION_5_US_REFERENCE declaredMaximumStepSeconds=5.00000000e-06 configuredMaximumStepSeconds=5.00000000e-06 actualCurrentStepSeconds=5.00000000e-06 observedMinimumStepSeconds=5.00000000e-06 observedMaximumStepSeconds=5.00000000e-06 minimumTimeStepSeconds=5.00000000e-11 adaptive=true
Q30_STEP_PROFILE seed=0 fault=SENSOR_A_OPEN profile=faulted-four-input-profile boundary=END stepRole=PRODUCTION_5_US_REFERENCE declaredMaximumStepSeconds=5.00000000e-06 configuredMaximumStepSeconds=5.00000000e-06 actualCurrentStepSeconds=5.00000000e-06 observedMinimumStepSeconds=5.00000000e-06 observedMaximumStepSeconds=5.00000000e-06 minimumTimeStepSeconds=5.00000000e-11 adaptive=true
Q30_STEP_PROFILE seed=0 fault=SENSOR_A_OPEN profile=unrepaired-customer-retest boundary=BEGIN stepRole=PRODUCTION_5_US_REFERENCE declaredMaximumStepSeconds=5.00000000e-06 configuredMaximumStepSeconds=5.00000000e-06 actualCurrentStepSeconds=5.00000000e-06 observedMinimumStepSeconds=5.00000000e-06 observedMaximumStepSeconds=5.00000000e-06 minimumTimeStepSeconds=5.00000000e-11 adaptive=true
Q30_STEP_PROFILE seed=0 fault=SENSOR_A_OPEN profile=unrepaired-customer-retest boundary=END stepRole=PRODUCTION_5_US_REFERENCE declaredMaximumStepSeconds=5.00000000e-06 configuredMaximumStepSeconds=5.00000000e-06 actualCurrentStepSeconds=5.00000000e-06 observedMinimumStepSeconds=5.00000000e-06 observedMaximumStepSeconds=5.00000000e-06 minimumTimeStepSeconds=5.00000000e-11 adaptive=true
Q30_STEP_PROFILE seed=0 fault=SENSOR_A_OPEN profile=service-power-off-wait boundary=BEGIN stepRole=PRODUCTION_5_US_REFERENCE declaredMaximumStepSeconds=5.00000000e-06 configuredMaximumStepSeconds=5.00000000e-06 actualCurrentStepSeconds=5.00000000e-06 observedMinimumStepSeconds=5.00000000e-06 observedMaximumStepSeconds=5.00000000e-06 minimumTimeStepSeconds=5.00000000e-11 adaptive=true
Q30_STEP_PROFILE seed=0 fault=SENSOR_A_OPEN profile=service-power-off-wait boundary=END stepRole=PRODUCTION_5_US_REFERENCE declaredMaximumStepSeconds=5.00000000e-06 configuredMaximumStepSeconds=5.00000000e-06 actualCurrentStepSeconds=5.00000000e-06 observedMinimumStepSeconds=5.00000000e-06 observedMaximumStepSeconds=5.00000000e-06 minimumTimeStepSeconds=5.00000000e-11 adaptive=true
Q30_STEP_PROFILE seed=0 fault=SENSOR_A_OPEN profile=reinstalled-original-customer-retest boundary=BEGIN stepRole=PRODUCTION_5_US_REFERENCE declaredMaximumStepSeconds=5.00000000e-06 configuredMaximumStepSeconds=5.00000000e-06 actualCurrentStepSeconds=5.00000000e-06 observedMinimumStepSeconds=5.00000000e-06 observedMaximumStepSeconds=5.00000000e-06 minimumTimeStepSeconds=5.00000000e-11 adaptive=true
Q30_STEP_PROFILE seed=0 fault=SENSOR_A_OPEN profile=reinstalled-original-customer-retest boundary=END stepRole=PRODUCTION_5_US_REFERENCE declaredMaximumStepSeconds=5.00000000e-06 configuredMaximumStepSeconds=5.00000000e-06 actualCurrentStepSeconds=5.00000000e-06 observedMinimumStepSeconds=5.00000000e-06 observedMaximumStepSeconds=5.00000000e-06 minimumTimeStepSeconds=5.00000000e-11 adaptive=true
Q30_STEP_PROFILE seed=0 fault=SENSOR_A_OPEN profile=service-power-off-wait boundary=BEGIN stepRole=PRODUCTION_5_US_REFERENCE declaredMaximumStepSeconds=5.00000000e-06 configuredMaximumStepSeconds=5.00000000e-06 actualCurrentStepSeconds=5.00000000e-06 observedMinimumStepSeconds=5.00000000e-06 observedMaximumStepSeconds=5.00000000e-06 minimumTimeStepSeconds=5.00000000e-11 adaptive=true
Q30_STEP_PROFILE seed=0 fault=SENSOR_A_OPEN profile=service-power-off-wait boundary=END stepRole=PRODUCTION_5_US_REFERENCE declaredMaximumStepSeconds=5.00000000e-06 configuredMaximumStepSeconds=5.00000000e-06 actualCurrentStepSeconds=5.00000000e-06 observedMinimumStepSeconds=5.00000000e-06 observedMaximumStepSeconds=5.00000000e-06 minimumTimeStepSeconds=5.00000000e-11 adaptive=true
Q30_STEP_PROFILE seed=0 fault=SENSOR_A_OPEN profile=repaired-customer-retest boundary=BEGIN stepRole=PRODUCTION_5_US_REFERENCE declaredMaximumStepSeconds=5.00000000e-06 configuredMaximumStepSeconds=5.00000000e-06 actualCurrentStepSeconds=5.00000000e-06 observedMinimumStepSeconds=5.00000000e-06 observedMaximumStepSeconds=5.00000000e-06 minimumTimeStepSeconds=5.00000000e-11 adaptive=true
Q30_STEP_PROFILE seed=0 fault=SENSOR_A_OPEN profile=repaired-customer-retest boundary=END stepRole=PRODUCTION_5_US_REFERENCE declaredMaximumStepSeconds=5.00000000e-06 configuredMaximumStepSeconds=5.00000000e-06 actualCurrentStepSeconds=5.00000000e-06 observedMinimumStepSeconds=5.00000000e-06 observedMaximumStepSeconds=5.00000000e-06 minimumTimeStepSeconds=5.00000000e-11 adaptive=true
Q30_STEP_OWNER_CLEANUP seed=0 fault=SENSOR_A_OPEN declaredMaximumStepSeconds=5.00000000e-06 stepRole=PRODUCTION_5_US_REFERENCE cleanup=true elapsedMillis=0
Q30_STEP_PROFILE seed=0 fault=SENSOR_A_OPEN profile=initial-electrical-settle boundary=BEGIN stepRole=EXPERIMENTAL_CANDIDATE_NOT_PROMOTED declaredMaximumStepSeconds=1.00000000e-05 configuredMaximumStepSeconds=1.00000000e-05 actualCurrentStepSeconds=1.00000000e-05 observedMinimumStepSeconds=1.00000000e-05 observedMaximumStepSeconds=1.00000000e-05 minimumTimeStepSeconds=5.00000000e-11 adaptive=true
Q30_STEP_PROFILE seed=0 fault=SENSOR_A_OPEN profile=initial-electrical-settle boundary=END stepRole=EXPERIMENTAL_CANDIDATE_NOT_PROMOTED declaredMaximumStepSeconds=1.00000000e-05 configuredMaximumStepSeconds=1.00000000e-05 actualCurrentStepSeconds=1.00000000e-05 observedMinimumStepSeconds=1.00000000e-05 observedMaximumStepSeconds=1.00000000e-05 minimumTimeStepSeconds=5.00000000e-11 adaptive=true
Q30_STEP_PROFILE seed=0 fault=SENSOR_A_OPEN profile=healthy-preparation boundary=BEGIN stepRole=EXPERIMENTAL_CANDIDATE_NOT_PROMOTED declaredMaximumStepSeconds=1.00000000e-05 configuredMaximumStepSeconds=1.00000000e-05 actualCurrentStepSeconds=1.00000000e-05 observedMinimumStepSeconds=1.00000000e-05 observedMaximumStepSeconds=1.00000000e-05 minimumTimeStepSeconds=5.00000000e-11 adaptive=true
Q30_STEP_PROFILE seed=0 fault=SENSOR_A_OPEN profile=healthy-preparation boundary=END stepRole=EXPERIMENTAL_CANDIDATE_NOT_PROMOTED declaredMaximumStepSeconds=1.00000000e-05 configuredMaximumStepSeconds=1.00000000e-05 actualCurrentStepSeconds=1.00000000e-05 observedMinimumStepSeconds=1.00000000e-05 observedMaximumStepSeconds=1.00000000e-05 minimumTimeStepSeconds=5.00000000e-11 adaptive=true
Q30_STEP_PROFILE seed=0 fault=SENSOR_A_OPEN profile=fault-profile-preparation boundary=BEGIN stepRole=EXPERIMENTAL_CANDIDATE_NOT_PROMOTED declaredMaximumStepSeconds=1.00000000e-05 configuredMaximumStepSeconds=1.00000000e-05 actualCurrentStepSeconds=1.00000000e-05 observedMinimumStepSeconds=1.00000000e-05 observedMaximumStepSeconds=1.00000000e-05 minimumTimeStepSeconds=5.00000000e-11 adaptive=true
Q30_STEP_PROFILE seed=0 fault=SENSOR_A_OPEN profile=fault-profile-preparation boundary=END stepRole=EXPERIMENTAL_CANDIDATE_NOT_PROMOTED declaredMaximumStepSeconds=1.00000000e-05 configuredMaximumStepSeconds=1.00000000e-05 actualCurrentStepSeconds=1.00000000e-05 observedMinimumStepSeconds=1.00000000e-05 observedMaximumStepSeconds=1.00000000e-05 minimumTimeStepSeconds=5.00000000e-11 adaptive=true
Q30_STEP_PROFILE seed=0 fault=SENSOR_A_OPEN profile=faulted-four-input-profile boundary=BEGIN stepRole=EXPERIMENTAL_CANDIDATE_NOT_PROMOTED declaredMaximumStepSeconds=1.00000000e-05 configuredMaximumStepSeconds=1.00000000e-05 actualCurrentStepSeconds=1.00000000e-05 observedMinimumStepSeconds=1.00000000e-05 observedMaximumStepSeconds=1.00000000e-05 minimumTimeStepSeconds=5.00000000e-11 adaptive=true
Q30_STEP_PROFILE seed=0 fault=SENSOR_A_OPEN profile=faulted-four-input-profile boundary=END stepRole=EXPERIMENTAL_CANDIDATE_NOT_PROMOTED declaredMaximumStepSeconds=1.00000000e-05 configuredMaximumStepSeconds=1.00000000e-05 actualCurrentStepSeconds=1.00000000e-05 observedMinimumStepSeconds=1.00000000e-05 observedMaximumStepSeconds=1.00000000e-05 minimumTimeStepSeconds=5.00000000e-11 adaptive=true
Q30_STEP_PROFILE seed=0 fault=SENSOR_A_OPEN profile=unrepaired-customer-retest boundary=BEGIN stepRole=EXPERIMENTAL_CANDIDATE_NOT_PROMOTED declaredMaximumStepSeconds=1.00000000e-05 configuredMaximumStepSeconds=1.00000000e-05 actualCurrentStepSeconds=1.00000000e-05 observedMinimumStepSeconds=1.00000000e-05 observedMaximumStepSeconds=1.00000000e-05 minimumTimeStepSeconds=5.00000000e-11 adaptive=true
Q30_STEP_PROFILE seed=0 fault=SENSOR_A_OPEN profile=unrepaired-customer-retest boundary=END stepRole=EXPERIMENTAL_CANDIDATE_NOT_PROMOTED declaredMaximumStepSeconds=1.00000000e-05 configuredMaximumStepSeconds=1.00000000e-05 actualCurrentStepSeconds=1.00000000e-05 observedMinimumStepSeconds=1.00000000e-05 observedMaximumStepSeconds=1.00000000e-05 minimumTimeStepSeconds=5.00000000e-11 adaptive=true
Q30_STEP_PROFILE seed=0 fault=SENSOR_A_OPEN profile=service-power-off-wait boundary=BEGIN stepRole=EXPERIMENTAL_CANDIDATE_NOT_PROMOTED declaredMaximumStepSeconds=1.00000000e-05 configuredMaximumStepSeconds=1.00000000e-05 actualCurrentStepSeconds=1.00000000e-05 observedMinimumStepSeconds=1.00000000e-05 observedMaximumStepSeconds=1.00000000e-05 minimumTimeStepSeconds=5.00000000e-11 adaptive=true
Q30_STEP_PROFILE seed=0 fault=SENSOR_A_OPEN profile=service-power-off-wait boundary=END stepRole=EXPERIMENTAL_CANDIDATE_NOT_PROMOTED declaredMaximumStepSeconds=1.00000000e-05 configuredMaximumStepSeconds=1.00000000e-05 actualCurrentStepSeconds=1.00000000e-05 observedMinimumStepSeconds=5.00000000e-06 observedMaximumStepSeconds=1.00000000e-05 minimumTimeStepSeconds=5.00000000e-11 adaptive=true
Q30_STEP_PROFILE seed=0 fault=SENSOR_A_OPEN profile=reinstalled-original-customer-retest boundary=BEGIN stepRole=EXPERIMENTAL_CANDIDATE_NOT_PROMOTED declaredMaximumStepSeconds=1.00000000e-05 configuredMaximumStepSeconds=1.00000000e-05 actualCurrentStepSeconds=1.00000000e-05 observedMinimumStepSeconds=1.00000000e-05 observedMaximumStepSeconds=1.00000000e-05 minimumTimeStepSeconds=5.00000000e-11 adaptive=true
Q30_STEP_PROFILE seed=0 fault=SENSOR_A_OPEN profile=reinstalled-original-customer-retest boundary=END stepRole=EXPERIMENTAL_CANDIDATE_NOT_PROMOTED declaredMaximumStepSeconds=1.00000000e-05 configuredMaximumStepSeconds=1.00000000e-05 actualCurrentStepSeconds=1.00000000e-05 observedMinimumStepSeconds=1.00000000e-05 observedMaximumStepSeconds=1.00000000e-05 minimumTimeStepSeconds=5.00000000e-11 adaptive=true
Q30_STEP_PROFILE seed=0 fault=SENSOR_A_OPEN profile=service-power-off-wait boundary=BEGIN stepRole=EXPERIMENTAL_CANDIDATE_NOT_PROMOTED declaredMaximumStepSeconds=1.00000000e-05 configuredMaximumStepSeconds=1.00000000e-05 actualCurrentStepSeconds=1.00000000e-05 observedMinimumStepSeconds=1.00000000e-05 observedMaximumStepSeconds=1.00000000e-05 minimumTimeStepSeconds=5.00000000e-11 adaptive=true
Q30_STEP_PROFILE seed=0 fault=SENSOR_A_OPEN profile=service-power-off-wait boundary=END stepRole=EXPERIMENTAL_CANDIDATE_NOT_PROMOTED declaredMaximumStepSeconds=1.00000000e-05 configuredMaximumStepSeconds=1.00000000e-05 actualCurrentStepSeconds=1.00000000e-05 observedMinimumStepSeconds=5.00000000e-06 observedMaximumStepSeconds=1.00000000e-05 minimumTimeStepSeconds=5.00000000e-11 adaptive=true
Q30_STEP_PROFILE seed=0 fault=SENSOR_A_OPEN profile=repaired-customer-retest boundary=BEGIN stepRole=EXPERIMENTAL_CANDIDATE_NOT_PROMOTED declaredMaximumStepSeconds=1.00000000e-05 configuredMaximumStepSeconds=1.00000000e-05 actualCurrentStepSeconds=1.00000000e-05 observedMinimumStepSeconds=1.00000000e-05 observedMaximumStepSeconds=1.00000000e-05 minimumTimeStepSeconds=5.00000000e-11 adaptive=true
Q30_STEP_PROFILE seed=0 fault=SENSOR_A_OPEN profile=repaired-customer-retest boundary=END stepRole=EXPERIMENTAL_CANDIDATE_NOT_PROMOTED declaredMaximumStepSeconds=1.00000000e-05 configuredMaximumStepSeconds=1.00000000e-05 actualCurrentStepSeconds=1.00000000e-05 observedMinimumStepSeconds=1.00000000e-05 observedMaximumStepSeconds=1.00000000e-05 minimumTimeStepSeconds=5.00000000e-11 adaptive=true
Q30_STEP_OWNER_CLEANUP seed=0 fault=SENSOR_A_OPEN declaredMaximumStepSeconds=1.00000000e-05 stepRole=EXPERIMENTAL_CANDIDATE_NOT_PROMOTED cleanup=true elapsedMillis=0
Q30_STEP_PAIR seed=0 support=COMPACT_31 fault=SENSOR_A_OPEN referenceMaximumStepSeconds=5.00000000e-06 experimentalCandidateMaximumStepSeconds=1.00000000e-05 candidateKind=EXPERIMENTAL_NOT_PROMOTED maxDeltaVolts=6.45492548e-11 toleranceVolts=0.122569057 phase=faulted sample=SENSORS_LOW/REN.2-J1.2 referenceElapsedMillis=7576 experimentalCandidateElapsedMillis=4035 referenceSimSeconds=1.16036000 experimentalCandidateSimSeconds=1.16072000 referenceCleanupMillis=0 experimentalCandidateCleanupMillis=0 cleanup=true
Q30_STEP_SEED seed=0 support=COMPACT_31 referenceMaximumStepSeconds=5.00000000e-06 experimentalCandidateMaximumStepSeconds=1.00000000e-05 candidateKind=EXPERIMENTAL_NOT_PROMOTED routeTopology=RB30_SEPARATE_DIRECT_A_BJT_B_BJT_COMPACT_31 routeAndPairsElapsedMillis=17686
Q30_STEP_OWNER_CLEANUP seed=0 fault=DREV_OPEN declaredMaximumStepSeconds=5.00000000e-06 stepRole=PRODUCTION_5_US_REFERENCE cleanup=true elapsedMillis=0
Q30_STEP_SEED_CLEANUP seed=0 cleanup=true elapsedMillis=0
PASS: Q30 experimental solver step sensitivity assertions=1672 seed=0 support=COMPACT_31 faults=1 referenceMaximumStepSeconds=5.00000000e-06 experimentalCandidateMaximumStepSeconds=1.00000000e-05 candidateKind=EXPERIMENTAL_NOT_PROMOTED elapsedMillis=17687

node 11 unconnected
converged after 25 iterations, timeStep = 5.0E-6
converged after 6 iterations, timeStep = 5.0E-6
node 11 unconnected
node 11 unconnected
converged after 16 iterations, timeStep = 5.0E-6
node 11 unconnected
converged after 19 iterations, timeStep = 5.0E-6
node 11 unconnected
converged after 19 iterations, timeStep = 5.0E-6
node 11 unconnected
converged after 10 iterations, timeStep = 5.0E-6
node 11 unconnected
converged after 16 iterations, timeStep = 5.0E-6
node 11 unconnected
converged after 10 iterations, timeStep = 5.0E-6
node 11 unconnected
node 11 unconnected
converged after 16 iterations, timeStep = 5.0E-6
node 11 unconnected
node 11 unconnected
converged after 10 iterations, timeStep = 5.0E-6
node 11 unconnected
node 11 unconnected
converged after 16 iterations, timeStep = 5.0E-6
node 11 unconnected
node 7 unconnected
node 11 unconnected
converged after 10 iterations, timeStep = 5.0E-6
node 7 unconnected
node 11 unconnected
node 7 unconnected
node 11 unconnected
node 7 unconnected
node 11 unconnected
node 7 unconnected
node 11 unconnected
node 7 unconnected
node 11 unconnected
node 7 unconnected
node 11 unconnected
node 29 unconnected
node 31 unconnected
node 7 unconnected
node 11 unconnected
node 11 unconnected
converged after 23 iterations, timeStep = 5.0E-6
node 11 unconnected
node 11 unconnected
node 11 unconnected
converged after 16 iterations, timeStep = 5.0E-6
node 11 unconnected
node 7 unconnected
node 11 unconnected
converged after 10 iterations, timeStep = 5.0E-6
node 7 unconnected
node 11 unconnected
node 7 unconnected
node 11 unconnected
node 7 unconnected
node 11 unconnected
node 7 unconnected
node 11 unconnected
node 7 unconnected
node 11 unconnected
node 7 unconnected
node 11 unconnected
node 29 unconnected
node 31 unconnected
node 11 unconnected
node 29 unconnected
node 31 unconnected
node 11 unconnected
node 29 unconnected
node 31 unconnected
converged after 23 iterations, timeStep = 5.0E-6
node 11 unconnected
node 29 unconnected
node 31 unconnected
node 11 unconnected
node 29 unconnected
node 31 unconnected
converged after 16 iterations, timeStep = 5.0E-6
node 11 unconnected
node 29 unconnected
node 31 unconnected
converged after 19 iterations, timeStep = 5.0E-6
node 11 unconnected
node 29 unconnected
node 31 unconnected
converged after 19 iterations, timeStep = 5.0E-6
node 11 unconnected
converged after 24 iterations, timeStep = 1.0E-5
node 11 unconnected
node 11 unconnected
converged after 15 iterations, timeStep = 1.0E-5
node 11 unconnected
converged after 19 iterations, timeStep = 1.0E-5
node 11 unconnected
converged after 19 iterations, timeStep = 1.0E-5
node 11 unconnected
converged after 9 iterations, timeStep = 1.0E-5
node 11 unconnected
converged after 15 iterations, timeStep = 1.0E-5
node 11 unconnected
converged after 9 iterations, timeStep = 1.0E-5
node 11 unconnected
node 11 unconnected
converged after 15 iterations, timeStep = 1.0E-5
node 11 unconnected
node 11 unconnected
converged after 9 iterations, timeStep = 1.0E-5
node 11 unconnected
node 11 unconnected
converged after 15 iterations, timeStep = 1.0E-5
node 11 unconnected
node 7 unconnected
node 11 unconnected
converged after 9 iterations, timeStep = 1.0E-5
node 7 unconnected
node 11 unconnected
node 7 unconnected
node 11 unconnected
timestep down to 5.0E-6 at 0.501810000000351
converged after 1 iterations, timeStep = 5.0E-6
converged after 1 iterations, timeStep = 5.0E-6
converged after 4 iterations, timeStep = 5.0E-6
converged after 1 iterations, timeStep = 5.0E-6
converged after 1 iterations, timeStep = 5.0E-6
converged after 1 iterations, timeStep = 5.0E-6
timestep up = 1.0E-5 at 0.5018400000003512
node 7 unconnected
node 11 unconnected
node 7 unconnected
node 11 unconnected
node 7 unconnected
node 11 unconnected
node 7 unconnected
node 11 unconnected
node 29 unconnected
node 31 unconnected
node 7 unconnected
node 11 unconnected
node 11 unconnected
converged after 23 iterations, timeStep = 1.0E-5
converged after 6 iterations, timeStep = 1.0E-5
node 11 unconnected
node 11 unconnected
node 11 unconnected
converged after 15 iterations, timeStep = 1.0E-5
node 11 unconnected
node 7 unconnected
node 11 unconnected
converged after 9 iterations, timeStep = 1.0E-5
node 7 unconnected
node 11 unconnected
node 7 unconnected
node 11 unconnected
timestep down to 5.0E-6 at 0.872129999998666
converged after 1 iterations, timeStep = 5.0E-6
converged after 1 iterations, timeStep = 5.0E-6
converged after 4 iterations, timeStep = 5.0E-6
converged after 1 iterations, timeStep = 5.0E-6
converged after 1 iterations, timeStep = 5.0E-6
converged after 1 iterations, timeStep = 5.0E-6
timestep up = 1.0E-5 at 0.8721599999986662
node 7 unconnected
node 11 unconnected
node 7 unconnected
node 11 unconnected
node 7 unconnected
node 11 unconnected
node 7 unconnected
node 11 unconnected
node 29 unconnected
node 31 unconnected
node 11 unconnected
node 29 unconnected
node 31 unconnected
node 11 unconnected
node 29 unconnected
node 31 unconnected
converged after 23 iterations, timeStep = 1.0E-5
converged after 6 iterations, timeStep = 1.0E-5
node 11 unconnected
node 29 unconnected
node 31 unconnected
node 11 unconnected
node 29 unconnected
node 31 unconnected
converged after 15 iterations, timeStep = 1.0E-5
node 11 unconnected
node 29 unconnected
node 31 unconnected
converged after 19 iterations, timeStep = 1.0E-5
node 11 unconnected
node 29 unconnected
node 31 unconnected
converged after 19 iterations, timeStep = 1.0E-5

Q30_SENSITIVITY_CASE seed=0 fault=DRIVE_A_OPEN exit=0 termination=True qualified=True
Q30_STEP_PROFILE seed=0 fault=DRIVE_A_OPEN profile=initial-electrical-settle boundary=BEGIN stepRole=PRODUCTION_5_US_REFERENCE declaredMaximumStepSeconds=5.00000000e-06 configuredMaximumStepSeconds=5.00000000e-06 actualCurrentStepSeconds=5.00000000e-06 observedMinimumStepSeconds=5.00000000e-06 observedMaximumStepSeconds=5.00000000e-06 minimumTimeStepSeconds=5.00000000e-11 adaptive=true
Q30_STEP_PROFILE seed=0 fault=DRIVE_A_OPEN profile=initial-electrical-settle boundary=END stepRole=PRODUCTION_5_US_REFERENCE declaredMaximumStepSeconds=5.00000000e-06 configuredMaximumStepSeconds=5.00000000e-06 actualCurrentStepSeconds=5.00000000e-06 observedMinimumStepSeconds=5.00000000e-06 observedMaximumStepSeconds=5.00000000e-06 minimumTimeStepSeconds=5.00000000e-11 adaptive=true
Q30_STEP_PROFILE seed=0 fault=DRIVE_A_OPEN profile=healthy-preparation boundary=BEGIN stepRole=PRODUCTION_5_US_REFERENCE declaredMaximumStepSeconds=5.00000000e-06 configuredMaximumStepSeconds=5.00000000e-06 actualCurrentStepSeconds=5.00000000e-06 observedMinimumStepSeconds=5.00000000e-06 observedMaximumStepSeconds=5.00000000e-06 minimumTimeStepSeconds=5.00000000e-11 adaptive=true
Q30_STEP_PROFILE seed=0 fault=DRIVE_A_OPEN profile=healthy-preparation boundary=END stepRole=PRODUCTION_5_US_REFERENCE declaredMaximumStepSeconds=5.00000000e-06 configuredMaximumStepSeconds=5.00000000e-06 actualCurrentStepSeconds=5.00000000e-06 observedMinimumStepSeconds=5.00000000e-06 observedMaximumStepSeconds=5.00000000e-06 minimumTimeStepSeconds=5.00000000e-11 adaptive=true
Q30_STEP_PROFILE seed=0 fault=DRIVE_A_OPEN profile=fault-profile-preparation boundary=BEGIN stepRole=PRODUCTION_5_US_REFERENCE declaredMaximumStepSeconds=5.00000000e-06 configuredMaximumStepSeconds=5.00000000e-06 actualCurrentStepSeconds=5.00000000e-06 observedMinimumStepSeconds=5.00000000e-06 observedMaximumStepSeconds=5.00000000e-06 minimumTimeStepSeconds=5.00000000e-11 adaptive=true
Q30_STEP_PROFILE seed=0 fault=DRIVE_A_OPEN profile=fault-profile-preparation boundary=END stepRole=PRODUCTION_5_US_REFERENCE declaredMaximumStepSeconds=5.00000000e-06 configuredMaximumStepSeconds=5.00000000e-06 actualCurrentStepSeconds=5.00000000e-06 observedMinimumStepSeconds=5.00000000e-06 observedMaximumStepSeconds=5.00000000e-06 minimumTimeStepSeconds=5.00000000e-11 adaptive=true
Q30_STEP_PROFILE seed=0 fault=DRIVE_A_OPEN profile=faulted-four-input-profile boundary=BEGIN stepRole=PRODUCTION_5_US_REFERENCE declaredMaximumStepSeconds=5.00000000e-06 configuredMaximumStepSeconds=5.00000000e-06 actualCurrentStepSeconds=5.00000000e-06 observedMinimumStepSeconds=5.00000000e-06 observedMaximumStepSeconds=5.00000000e-06 minimumTimeStepSeconds=5.00000000e-11 adaptive=true
Q30_STEP_PROFILE seed=0 fault=DRIVE_A_OPEN profile=faulted-four-input-profile boundary=END stepRole=PRODUCTION_5_US_REFERENCE declaredMaximumStepSeconds=5.00000000e-06 configuredMaximumStepSeconds=5.00000000e-06 actualCurrentStepSeconds=5.00000000e-06 observedMinimumStepSeconds=5.00000000e-06 observedMaximumStepSeconds=5.00000000e-06 minimumTimeStepSeconds=5.00000000e-11 adaptive=true
Q30_STEP_PROFILE seed=0 fault=DRIVE_A_OPEN profile=unrepaired-customer-retest boundary=BEGIN stepRole=PRODUCTION_5_US_REFERENCE declaredMaximumStepSeconds=5.00000000e-06 configuredMaximumStepSeconds=5.00000000e-06 actualCurrentStepSeconds=5.00000000e-06 observedMinimumStepSeconds=5.00000000e-06 observedMaximumStepSeconds=5.00000000e-06 minimumTimeStepSeconds=5.00000000e-11 adaptive=true
Q30_STEP_PROFILE seed=0 fault=DRIVE_A_OPEN profile=unrepaired-customer-retest boundary=END stepRole=PRODUCTION_5_US_REFERENCE declaredMaximumStepSeconds=5.00000000e-06 configuredMaximumStepSeconds=5.00000000e-06 actualCurrentStepSeconds=5.00000000e-06 observedMinimumStepSeconds=5.00000000e-06 observedMaximumStepSeconds=5.00000000e-06 minimumTimeStepSeconds=5.00000000e-11 adaptive=true
Q30_STEP_PROFILE seed=0 fault=DRIVE_A_OPEN profile=service-power-off-wait boundary=BEGIN stepRole=PRODUCTION_5_US_REFERENCE declaredMaximumStepSeconds=5.00000000e-06 configuredMaximumStepSeconds=5.00000000e-06 actualCurrentStepSeconds=5.00000000e-06 observedMinimumStepSeconds=5.00000000e-06 observedMaximumStepSeconds=5.00000000e-06 minimumTimeStepSeconds=5.00000000e-11 adaptive=true
Q30_STEP_PROFILE seed=0 fault=DRIVE_A_OPEN profile=service-power-off-wait boundary=END stepRole=PRODUCTION_5_US_REFERENCE declaredMaximumStepSeconds=5.00000000e-06 configuredMaximumStepSeconds=5.00000000e-06 actualCurrentStepSeconds=5.00000000e-06 observedMinimumStepSeconds=5.00000000e-06 observedMaximumStepSeconds=5.00000000e-06 minimumTimeStepSeconds=5.00000000e-11 adaptive=true
Q30_STEP_PROFILE seed=0 fault=DRIVE_A_OPEN profile=reinstalled-original-customer-retest boundary=BEGIN stepRole=PRODUCTION_5_US_REFERENCE declaredMaximumStepSeconds=5.00000000e-06 configuredMaximumStepSeconds=5.00000000e-06 actualCurrentStepSeconds=5.00000000e-06 observedMinimumStepSeconds=5.00000000e-06 observedMaximumStepSeconds=5.00000000e-06 minimumTimeStepSeconds=5.00000000e-11 adaptive=true
Q30_STEP_PROFILE seed=0 fault=DRIVE_A_OPEN profile=reinstalled-original-customer-retest boundary=END stepRole=PRODUCTION_5_US_REFERENCE declaredMaximumStepSeconds=5.00000000e-06 configuredMaximumStepSeconds=5.00000000e-06 actualCurrentStepSeconds=5.00000000e-06 observedMinimumStepSeconds=5.00000000e-06 observedMaximumStepSeconds=5.00000000e-06 minimumTimeStepSeconds=5.00000000e-11 adaptive=true
Q30_STEP_PROFILE seed=0 fault=DRIVE_A_OPEN profile=service-power-off-wait boundary=BEGIN stepRole=PRODUCTION_5_US_REFERENCE declaredMaximumStepSeconds=5.00000000e-06 configuredMaximumStepSeconds=5.00000000e-06 actualCurrentStepSeconds=5.00000000e-06 observedMinimumStepSeconds=5.00000000e-06 observedMaximumStepSeconds=5.00000000e-06 minimumTimeStepSeconds=5.00000000e-11 adaptive=true
Q30_STEP_PROFILE seed=0 fault=DRIVE_A_OPEN profile=service-power-off-wait boundary=END stepRole=PRODUCTION_5_US_REFERENCE declaredMaximumStepSeconds=5.00000000e-06 configuredMaximumStepSeconds=5.00000000e-06 actualCurrentStepSeconds=5.00000000e-06 observedMinimumStepSeconds=5.00000000e-06 observedMaximumStepSeconds=5.00000000e-06 minimumTimeStepSeconds=5.00000000e-11 adaptive=true
Q30_STEP_PROFILE seed=0 fault=DRIVE_A_OPEN profile=repaired-customer-retest boundary=BEGIN stepRole=PRODUCTION_5_US_REFERENCE declaredMaximumStepSeconds=5.00000000e-06 configuredMaximumStepSeconds=5.00000000e-06 actualCurrentStepSeconds=5.00000000e-06 observedMinimumStepSeconds=5.00000000e-06 observedMaximumStepSeconds=5.00000000e-06 minimumTimeStepSeconds=5.00000000e-11 adaptive=true
Q30_STEP_PROFILE seed=0 fault=DRIVE_A_OPEN profile=repaired-customer-retest boundary=END stepRole=PRODUCTION_5_US_REFERENCE declaredMaximumStepSeconds=5.00000000e-06 configuredMaximumStepSeconds=5.00000000e-06 actualCurrentStepSeconds=5.00000000e-06 observedMinimumStepSeconds=5.00000000e-06 observedMaximumStepSeconds=5.00000000e-06 minimumTimeStepSeconds=5.00000000e-11 adaptive=true
Q30_STEP_OWNER_CLEANUP seed=0 fault=DRIVE_A_OPEN declaredMaximumStepSeconds=5.00000000e-06 stepRole=PRODUCTION_5_US_REFERENCE cleanup=true elapsedMillis=0
Q30_STEP_PROFILE seed=0 fault=DRIVE_A_OPEN profile=initial-electrical-settle boundary=BEGIN stepRole=EXPERIMENTAL_CANDIDATE_NOT_PROMOTED declaredMaximumStepSeconds=1.00000000e-05 configuredMaximumStepSeconds=1.00000000e-05 actualCurrentStepSeconds=1.00000000e-05 observedMinimumStepSeconds=1.00000000e-05 observedMaximumStepSeconds=1.00000000e-05 minimumTimeStepSeconds=5.00000000e-11 adaptive=true
Q30_STEP_PROFILE seed=0 fault=DRIVE_A_OPEN profile=initial-electrical-settle boundary=END stepRole=EXPERIMENTAL_CANDIDATE_NOT_PROMOTED declaredMaximumStepSeconds=1.00000000e-05 configuredMaximumStepSeconds=1.00000000e-05 actualCurrentStepSeconds=1.00000000e-05 observedMinimumStepSeconds=1.00000000e-05 observedMaximumStepSeconds=1.00000000e-05 minimumTimeStepSeconds=5.00000000e-11 adaptive=true
Q30_STEP_PROFILE seed=0 fault=DRIVE_A_OPEN profile=healthy-preparation boundary=BEGIN stepRole=EXPERIMENTAL_CANDIDATE_NOT_PROMOTED declaredMaximumStepSeconds=1.00000000e-05 configuredMaximumStepSeconds=1.00000000e-05 actualCurrentStepSeconds=1.00000000e-05 observedMinimumStepSeconds=1.00000000e-05 observedMaximumStepSeconds=1.00000000e-05 minimumTimeStepSeconds=5.00000000e-11 adaptive=true
Q30_STEP_PROFILE seed=0 fault=DRIVE_A_OPEN profile=healthy-preparation boundary=END stepRole=EXPERIMENTAL_CANDIDATE_NOT_PROMOTED declaredMaximumStepSeconds=1.00000000e-05 configuredMaximumStepSeconds=1.00000000e-05 actualCurrentStepSeconds=1.00000000e-05 observedMinimumStepSeconds=1.00000000e-05 observedMaximumStepSeconds=1.00000000e-05 minimumTimeStepSeconds=5.00000000e-11 adaptive=true
Q30_STEP_PROFILE seed=0 fault=DRIVE_A_OPEN profile=fault-profile-preparation boundary=BEGIN stepRole=EXPERIMENTAL_CANDIDATE_NOT_PROMOTED declaredMaximumStepSeconds=1.00000000e-05 configuredMaximumStepSeconds=1.00000000e-05 actualCurrentStepSeconds=1.00000000e-05 observedMinimumStepSeconds=1.00000000e-05 observedMaximumStepSeconds=1.00000000e-05 minimumTimeStepSeconds=5.00000000e-11 adaptive=true
Q30_STEP_PROFILE seed=0 fault=DRIVE_A_OPEN profile=fault-profile-preparation boundary=END stepRole=EXPERIMENTAL_CANDIDATE_NOT_PROMOTED declaredMaximumStepSeconds=1.00000000e-05 configuredMaximumStepSeconds=1.00000000e-05 actualCurrentStepSeconds=1.00000000e-05 observedMinimumStepSeconds=1.00000000e-05 observedMaximumStepSeconds=1.00000000e-05 minimumTimeStepSeconds=5.00000000e-11 adaptive=true
Q30_STEP_PROFILE seed=0 fault=DRIVE_A_OPEN profile=faulted-four-input-profile boundary=BEGIN stepRole=EXPERIMENTAL_CANDIDATE_NOT_PROMOTED declaredMaximumStepSeconds=1.00000000e-05 configuredMaximumStepSeconds=1.00000000e-05 actualCurrentStepSeconds=1.00000000e-05 observedMinimumStepSeconds=1.00000000e-05 observedMaximumStepSeconds=1.00000000e-05 minimumTimeStepSeconds=5.00000000e-11 adaptive=true
Q30_STEP_PROFILE seed=0 fault=DRIVE_A_OPEN profile=faulted-four-input-profile boundary=END stepRole=EXPERIMENTAL_CANDIDATE_NOT_PROMOTED declaredMaximumStepSeconds=1.00000000e-05 configuredMaximumStepSeconds=1.00000000e-05 actualCurrentStepSeconds=1.00000000e-05 observedMinimumStepSeconds=1.00000000e-05 observedMaximumStepSeconds=1.00000000e-05 minimumTimeStepSeconds=5.00000000e-11 adaptive=true
Q30_STEP_PROFILE seed=0 fault=DRIVE_A_OPEN profile=unrepaired-customer-retest boundary=BEGIN stepRole=EXPERIMENTAL_CANDIDATE_NOT_PROMOTED declaredMaximumStepSeconds=1.00000000e-05 configuredMaximumStepSeconds=1.00000000e-05 actualCurrentStepSeconds=1.00000000e-05 observedMinimumStepSeconds=1.00000000e-05 observedMaximumStepSeconds=1.00000000e-05 minimumTimeStepSeconds=5.00000000e-11 adaptive=true
Q30_STEP_PROFILE seed=0 fault=DRIVE_A_OPEN profile=unrepaired-customer-retest boundary=END stepRole=EXPERIMENTAL_CANDIDATE_NOT_PROMOTED declaredMaximumStepSeconds=1.00000000e-05 configuredMaximumStepSeconds=1.00000000e-05 actualCurrentStepSeconds=1.00000000e-05 observedMinimumStepSeconds=1.00000000e-05 observedMaximumStepSeconds=1.00000000e-05 minimumTimeStepSeconds=5.00000000e-11 adaptive=true
Q30_STEP_PROFILE seed=0 fault=DRIVE_A_OPEN profile=service-power-off-wait boundary=BEGIN stepRole=EXPERIMENTAL_CANDIDATE_NOT_PROMOTED declaredMaximumStepSeconds=1.00000000e-05 configuredMaximumStepSeconds=1.00000000e-05 actualCurrentStepSeconds=1.00000000e-05 observedMinimumStepSeconds=1.00000000e-05 observedMaximumStepSeconds=1.00000000e-05 minimumTimeStepSeconds=5.00000000e-11 adaptive=true
Q30_STEP_PROFILE seed=0 fault=DRIVE_A_OPEN profile=service-power-off-wait boundary=END stepRole=EXPERIMENTAL_CANDIDATE_NOT_PROMOTED declaredMaximumStepSeconds=1.00000000e-05 configuredMaximumStepSeconds=1.00000000e-05 actualCurrentStepSeconds=1.00000000e-05 observedMinimumStepSeconds=5.00000000e-06 observedMaximumStepSeconds=1.00000000e-05 minimumTimeStepSeconds=5.00000000e-11 adaptive=true
Q30_STEP_PROFILE seed=0 fault=DRIVE_A_OPEN profile=reinstalled-original-customer-retest boundary=BEGIN stepRole=EXPERIMENTAL_CANDIDATE_NOT_PROMOTED declaredMaximumStepSeconds=1.00000000e-05 configuredMaximumStepSeconds=1.00000000e-05 actualCurrentStepSeconds=1.00000000e-05 observedMinimumStepSeconds=1.00000000e-05 observedMaximumStepSeconds=1.00000000e-05 minimumTimeStepSeconds=5.00000000e-11 adaptive=true
Q30_STEP_PROFILE seed=0 fault=DRIVE_A_OPEN profile=reinstalled-original-customer-retest boundary=END stepRole=EXPERIMENTAL_CANDIDATE_NOT_PROMOTED declaredMaximumStepSeconds=1.00000000e-05 configuredMaximumStepSeconds=1.00000000e-05 actualCurrentStepSeconds=1.00000000e-05 observedMinimumStepSeconds=1.00000000e-05 observedMaximumStepSeconds=1.00000000e-05 minimumTimeStepSeconds=5.00000000e-11 adaptive=true
Q30_STEP_PROFILE seed=0 fault=DRIVE_A_OPEN profile=service-power-off-wait boundary=BEGIN stepRole=EXPERIMENTAL_CANDIDATE_NOT_PROMOTED declaredMaximumStepSeconds=1.00000000e-05 configuredMaximumStepSeconds=1.00000000e-05 actualCurrentStepSeconds=1.00000000e-05 observedMinimumStepSeconds=1.00000000e-05 observedMaximumStepSeconds=1.00000000e-05 minimumTimeStepSeconds=5.00000000e-11 adaptive=true
Q30_STEP_PROFILE seed=0 fault=DRIVE_A_OPEN profile=service-power-off-wait boundary=END stepRole=EXPERIMENTAL_CANDIDATE_NOT_PROMOTED declaredMaximumStepSeconds=1.00000000e-05 configuredMaximumStepSeconds=1.00000000e-05 actualCurrentStepSeconds=1.00000000e-05 observedMinimumStepSeconds=5.00000000e-06 observedMaximumStepSeconds=1.00000000e-05 minimumTimeStepSeconds=5.00000000e-11 adaptive=true
Q30_STEP_PROFILE seed=0 fault=DRIVE_A_OPEN profile=repaired-customer-retest boundary=BEGIN stepRole=EXPERIMENTAL_CANDIDATE_NOT_PROMOTED declaredMaximumStepSeconds=1.00000000e-05 configuredMaximumStepSeconds=1.00000000e-05 actualCurrentStepSeconds=1.00000000e-05 observedMinimumStepSeconds=1.00000000e-05 observedMaximumStepSeconds=1.00000000e-05 minimumTimeStepSeconds=5.00000000e-11 adaptive=true
Q30_STEP_PROFILE seed=0 fault=DRIVE_A_OPEN profile=repaired-customer-retest boundary=END stepRole=EXPERIMENTAL_CANDIDATE_NOT_PROMOTED declaredMaximumStepSeconds=1.00000000e-05 configuredMaximumStepSeconds=1.00000000e-05 actualCurrentStepSeconds=1.00000000e-05 observedMinimumStepSeconds=1.00000000e-05 observedMaximumStepSeconds=1.00000000e-05 minimumTimeStepSeconds=5.00000000e-11 adaptive=true
Q30_STEP_OWNER_CLEANUP seed=0 fault=DRIVE_A_OPEN declaredMaximumStepSeconds=1.00000000e-05 stepRole=EXPERIMENTAL_CANDIDATE_NOT_PROMOTED cleanup=true elapsedMillis=0
Q30_STEP_PAIR seed=0 support=COMPACT_31 fault=DRIVE_A_OPEN referenceMaximumStepSeconds=5.00000000e-06 experimentalCandidateMaximumStepSeconds=1.00000000e-05 candidateKind=EXPERIMENTAL_NOT_PROMOTED maxDeltaVolts=7.78062059e-11 toleranceVolts=0.122569057 phase=faulted sample=SENSORS_A_ONLY/REN.2-J1.2 referenceElapsedMillis=7734 experimentalCandidateElapsedMillis=4088 referenceSimSeconds=1.16036000 experimentalCandidateSimSeconds=1.16072000 referenceCleanupMillis=0 experimentalCandidateCleanupMillis=0 cleanup=true
Q30_STEP_SEED seed=0 support=COMPACT_31 referenceMaximumStepSeconds=5.00000000e-06 experimentalCandidateMaximumStepSeconds=1.00000000e-05 candidateKind=EXPERIMENTAL_NOT_PROMOTED routeTopology=RB30_SEPARATE_DIRECT_A_BJT_B_BJT_COMPACT_31 routeAndPairsElapsedMillis=17854
Q30_STEP_OWNER_CLEANUP seed=0 fault=DREV_OPEN declaredMaximumStepSeconds=5.00000000e-06 stepRole=PRODUCTION_5_US_REFERENCE cleanup=true elapsedMillis=0
Q30_STEP_SEED_CLEANUP seed=0 cleanup=true elapsedMillis=0
PASS: Q30 experimental solver step sensitivity assertions=1672 seed=0 support=COMPACT_31 faults=1 referenceMaximumStepSeconds=5.00000000e-06 experimentalCandidateMaximumStepSeconds=1.00000000e-05 candidateKind=EXPERIMENTAL_NOT_PROMOTED elapsedMillis=17854

node 11 unconnected
converged after 25 iterations, timeStep = 5.0E-6
converged after 6 iterations, timeStep = 5.0E-6
node 11 unconnected
node 11 unconnected
converged after 16 iterations, timeStep = 5.0E-6
node 11 unconnected
converged after 19 iterations, timeStep = 5.0E-6
node 11 unconnected
converged after 19 iterations, timeStep = 5.0E-6
node 11 unconnected
converged after 10 iterations, timeStep = 5.0E-6
node 11 unconnected
converged after 16 iterations, timeStep = 5.0E-6
node 11 unconnected
converged after 10 iterations, timeStep = 5.0E-6
node 11 unconnected
node 11 unconnected
converged after 16 iterations, timeStep = 5.0E-6
node 11 unconnected
node 11 unconnected
converged after 10 iterations, timeStep = 5.0E-6
node 11 unconnected
node 11 unconnected
converged after 16 iterations, timeStep = 5.0E-6
node 11 unconnected
node 11 unconnected
converged after 10 iterations, timeStep = 5.0E-6
node 11 unconnected
node 11 unconnected
node 11 unconnected
node 11 unconnected
node 11 unconnected
node 11 unconnected
node 36 unconnected
node 39 unconnected
node 11 unconnected
node 11 unconnected
converged after 23 iterations, timeStep = 5.0E-6
node 11 unconnected
node 11 unconnected
node 11 unconnected
converged after 16 iterations, timeStep = 5.0E-6
node 11 unconnected
node 11 unconnected
converged after 10 iterations, timeStep = 5.0E-6
node 11 unconnected
node 11 unconnected
node 11 unconnected
node 11 unconnected
node 11 unconnected
node 11 unconnected
node 36 unconnected
node 39 unconnected
node 11 unconnected
node 36 unconnected
node 39 unconnected
node 11 unconnected
node 36 unconnected
node 39 unconnected
converged after 23 iterations, timeStep = 5.0E-6
node 11 unconnected
node 36 unconnected
node 39 unconnected
node 11 unconnected
node 36 unconnected
node 39 unconnected
converged after 16 iterations, timeStep = 5.0E-6
node 11 unconnected
node 36 unconnected
node 39 unconnected
converged after 19 iterations, timeStep = 5.0E-6
node 11 unconnected
node 36 unconnected
node 39 unconnected
converged after 19 iterations, timeStep = 5.0E-6
node 11 unconnected
converged after 24 iterations, timeStep = 1.0E-5
node 11 unconnected
node 11 unconnected
converged after 15 iterations, timeStep = 1.0E-5
node 11 unconnected
converged after 19 iterations, timeStep = 1.0E-5
node 11 unconnected
converged after 19 iterations, timeStep = 1.0E-5
node 11 unconnected
converged after 9 iterations, timeStep = 1.0E-5
node 11 unconnected
converged after 15 iterations, timeStep = 1.0E-5
node 11 unconnected
converged after 9 iterations, timeStep = 1.0E-5
node 11 unconnected
node 11 unconnected
converged after 15 iterations, timeStep = 1.0E-5
node 11 unconnected
node 11 unconnected
converged after 9 iterations, timeStep = 1.0E-5
node 11 unconnected
node 11 unconnected
converged after 15 iterations, timeStep = 1.0E-5
node 11 unconnected
node 11 unconnected
converged after 9 iterations, timeStep = 1.0E-5
node 11 unconnected
node 11 unconnected
timestep down to 5.0E-6 at 0.501810000000351
converged after 1 iterations, timeStep = 5.0E-6
converged after 1 iterations, timeStep = 5.0E-6
converged after 4 iterations, timeStep = 5.0E-6
converged after 1 iterations, timeStep = 5.0E-6
converged after 1 iterations, timeStep = 5.0E-6
converged after 1 iterations, timeStep = 5.0E-6
timestep up = 1.0E-5 at 0.5018400000003512
node 11 unconnected
node 11 unconnected
node 11 unconnected
node 11 unconnected
node 36 unconnected
node 39 unconnected
node 11 unconnected
node 11 unconnected
converged after 23 iterations, timeStep = 1.0E-5
converged after 6 iterations, timeStep = 1.0E-5
node 11 unconnected
node 11 unconnected
node 11 unconnected
converged after 15 iterations, timeStep = 1.0E-5
node 11 unconnected
node 11 unconnected
converged after 9 iterations, timeStep = 1.0E-5
node 11 unconnected
node 11 unconnected
timestep down to 5.0E-6 at 0.872129999998666
converged after 1 iterations, timeStep = 5.0E-6
converged after 1 iterations, timeStep = 5.0E-6
converged after 4 iterations, timeStep = 5.0E-6
converged after 1 iterations, timeStep = 5.0E-6
converged after 1 iterations, timeStep = 5.0E-6
converged after 1 iterations, timeStep = 5.0E-6
timestep up = 1.0E-5 at 0.8721599999986662
node 11 unconnected
node 11 unconnected
node 11 unconnected
node 11 unconnected
node 36 unconnected
node 39 unconnected
node 11 unconnected
node 36 unconnected
node 39 unconnected
node 11 unconnected
node 36 unconnected
node 39 unconnected
converged after 23 iterations, timeStep = 1.0E-5
converged after 6 iterations, timeStep = 1.0E-5
node 11 unconnected
node 36 unconnected
node 39 unconnected
node 11 unconnected
node 36 unconnected
node 39 unconnected
converged after 15 iterations, timeStep = 1.0E-5
node 11 unconnected
node 36 unconnected
node 39 unconnected
converged after 19 iterations, timeStep = 1.0E-5
node 11 unconnected
node 36 unconnected
node 39 unconnected
converged after 19 iterations, timeStep = 1.0E-5

Q30_SENSITIVITY_CASE seed=0 fault=RELAY_B_COIL_OPEN exit=1 termination=True qualified=False
Q30_STEP_PROFILE seed=0 fault=RELAY_B_COIL_OPEN profile=initial-electrical-settle boundary=BEGIN stepRole=PRODUCTION_5_US_REFERENCE declaredMaximumStepSeconds=5.00000000e-06 configuredMaximumStepSeconds=5.00000000e-06 actualCurrentStepSeconds=5.00000000e-06 observedMinimumStepSeconds=5.00000000e-06 observedMaximumStepSeconds=5.00000000e-06 minimumTimeStepSeconds=5.00000000e-11 adaptive=true
Q30_STEP_PROFILE seed=0 fault=RELAY_B_COIL_OPEN profile=initial-electrical-settle boundary=END stepRole=PRODUCTION_5_US_REFERENCE declaredMaximumStepSeconds=5.00000000e-06 configuredMaximumStepSeconds=5.00000000e-06 actualCurrentStepSeconds=5.00000000e-06 observedMinimumStepSeconds=5.00000000e-06 observedMaximumStepSeconds=5.00000000e-06 minimumTimeStepSeconds=5.00000000e-11 adaptive=true
Q30_STEP_PROFILE seed=0 fault=RELAY_B_COIL_OPEN profile=healthy-preparation boundary=BEGIN stepRole=PRODUCTION_5_US_REFERENCE declaredMaximumStepSeconds=5.00000000e-06 configuredMaximumStepSeconds=5.00000000e-06 actualCurrentStepSeconds=5.00000000e-06 observedMinimumStepSeconds=5.00000000e-06 observedMaximumStepSeconds=5.00000000e-06 minimumTimeStepSeconds=5.00000000e-11 adaptive=true
Q30_STEP_PROFILE seed=0 fault=RELAY_B_COIL_OPEN profile=healthy-preparation boundary=END stepRole=PRODUCTION_5_US_REFERENCE declaredMaximumStepSeconds=5.00000000e-06 configuredMaximumStepSeconds=5.00000000e-06 actualCurrentStepSeconds=5.00000000e-06 observedMinimumStepSeconds=5.00000000e-06 observedMaximumStepSeconds=5.00000000e-06 minimumTimeStepSeconds=5.00000000e-11 adaptive=true
Q30_STEP_PROFILE seed=0 fault=RELAY_B_COIL_OPEN profile=fault-profile-preparation boundary=BEGIN stepRole=PRODUCTION_5_US_REFERENCE declaredMaximumStepSeconds=5.00000000e-06 configuredMaximumStepSeconds=5.00000000e-06 actualCurrentStepSeconds=5.00000000e-06 observedMinimumStepSeconds=5.00000000e-06 observedMaximumStepSeconds=5.00000000e-06 minimumTimeStepSeconds=5.00000000e-11 adaptive=true
Q30_STEP_PROFILE seed=0 fault=RELAY_B_COIL_OPEN profile=fault-profile-preparation boundary=END stepRole=PRODUCTION_5_US_REFERENCE declaredMaximumStepSeconds=5.00000000e-06 configuredMaximumStepSeconds=5.00000000e-06 actualCurrentStepSeconds=5.00000000e-06 observedMinimumStepSeconds=5.00000000e-06 observedMaximumStepSeconds=5.00000000e-06 minimumTimeStepSeconds=5.00000000e-11 adaptive=true
Q30_STEP_PROFILE seed=0 fault=RELAY_B_COIL_OPEN profile=faulted-four-input-profile boundary=BEGIN stepRole=PRODUCTION_5_US_REFERENCE declaredMaximumStepSeconds=5.00000000e-06 configuredMaximumStepSeconds=5.00000000e-06 actualCurrentStepSeconds=5.00000000e-06 observedMinimumStepSeconds=5.00000000e-06 observedMaximumStepSeconds=5.00000000e-06 minimumTimeStepSeconds=5.00000000e-11 adaptive=true
Q30_STEP_PROFILE seed=0 fault=RELAY_B_COIL_OPEN profile=faulted-four-input-profile boundary=END stepRole=PRODUCTION_5_US_REFERENCE declaredMaximumStepSeconds=5.00000000e-06 configuredMaximumStepSeconds=5.00000000e-06 actualCurrentStepSeconds=5.00000000e-06 observedMinimumStepSeconds=5.00000000e-06 observedMaximumStepSeconds=5.00000000e-06 minimumTimeStepSeconds=5.00000000e-11 adaptive=true
Q30_STEP_PROFILE seed=0 fault=RELAY_B_COIL_OPEN profile=unrepaired-customer-retest boundary=BEGIN stepRole=PRODUCTION_5_US_REFERENCE declaredMaximumStepSeconds=5.00000000e-06 configuredMaximumStepSeconds=5.00000000e-06 actualCurrentStepSeconds=5.00000000e-06 observedMinimumStepSeconds=5.00000000e-06 observedMaximumStepSeconds=5.00000000e-06 minimumTimeStepSeconds=5.00000000e-11 adaptive=true
Q30_STEP_PROFILE seed=0 fault=RELAY_B_COIL_OPEN profile=unrepaired-customer-retest boundary=END stepRole=PRODUCTION_5_US_REFERENCE declaredMaximumStepSeconds=5.00000000e-06 configuredMaximumStepSeconds=5.00000000e-06 actualCurrentStepSeconds=5.00000000e-06 observedMinimumStepSeconds=5.00000000e-06 observedMaximumStepSeconds=5.00000000e-06 minimumTimeStepSeconds=5.00000000e-11 adaptive=true
Q30_STEP_PROFILE seed=0 fault=RELAY_B_COIL_OPEN profile=service-power-off-wait boundary=BEGIN stepRole=PRODUCTION_5_US_REFERENCE declaredMaximumStepSeconds=5.00000000e-06 configuredMaximumStepSeconds=5.00000000e-06 actualCurrentStepSeconds=5.00000000e-06 observedMinimumStepSeconds=5.00000000e-06 observedMaximumStepSeconds=5.00000000e-06 minimumTimeStepSeconds=5.00000000e-11 adaptive=true
Q30_STEP_PROFILE seed=0 fault=RELAY_B_COIL_OPEN profile=service-power-off-wait boundary=END stepRole=PRODUCTION_5_US_REFERENCE declaredMaximumStepSeconds=5.00000000e-06 configuredMaximumStepSeconds=5.00000000e-06 actualCurrentStepSeconds=5.00000000e-06 observedMinimumStepSeconds=5.00000000e-06 observedMaximumStepSeconds=5.00000000e-06 minimumTimeStepSeconds=5.00000000e-11 adaptive=true
Q30_STEP_PROFILE seed=0 fault=RELAY_B_COIL_OPEN profile=reinstalled-original-customer-retest boundary=BEGIN stepRole=PRODUCTION_5_US_REFERENCE declaredMaximumStepSeconds=5.00000000e-06 configuredMaximumStepSeconds=5.00000000e-06 actualCurrentStepSeconds=5.00000000e-06 observedMinimumStepSeconds=5.00000000e-06 observedMaximumStepSeconds=5.00000000e-06 minimumTimeStepSeconds=5.00000000e-11 adaptive=true
Q30_STEP_PROFILE seed=0 fault=RELAY_B_COIL_OPEN profile=reinstalled-original-customer-retest boundary=END stepRole=PRODUCTION_5_US_REFERENCE declaredMaximumStepSeconds=5.00000000e-06 configuredMaximumStepSeconds=5.00000000e-06 actualCurrentStepSeconds=5.00000000e-06 observedMinimumStepSeconds=5.00000000e-06 observedMaximumStepSeconds=5.00000000e-06 minimumTimeStepSeconds=5.00000000e-11 adaptive=true
Q30_STEP_PROFILE seed=0 fault=RELAY_B_COIL_OPEN profile=service-power-off-wait boundary=BEGIN stepRole=PRODUCTION_5_US_REFERENCE declaredMaximumStepSeconds=5.00000000e-06 configuredMaximumStepSeconds=5.00000000e-06 actualCurrentStepSeconds=5.00000000e-06 observedMinimumStepSeconds=5.00000000e-06 observedMaximumStepSeconds=5.00000000e-06 minimumTimeStepSeconds=5.00000000e-11 adaptive=true
Q30_STEP_PROFILE seed=0 fault=RELAY_B_COIL_OPEN profile=service-power-off-wait boundary=END stepRole=PRODUCTION_5_US_REFERENCE declaredMaximumStepSeconds=5.00000000e-06 configuredMaximumStepSeconds=5.00000000e-06 actualCurrentStepSeconds=5.00000000e-06 observedMinimumStepSeconds=5.00000000e-06 observedMaximumStepSeconds=5.00000000e-06 minimumTimeStepSeconds=5.00000000e-11 adaptive=true
Q30_STEP_PROFILE seed=0 fault=RELAY_B_COIL_OPEN profile=repaired-customer-retest boundary=BEGIN stepRole=PRODUCTION_5_US_REFERENCE declaredMaximumStepSeconds=5.00000000e-06 configuredMaximumStepSeconds=5.00000000e-06 actualCurrentStepSeconds=5.00000000e-06 observedMinimumStepSeconds=5.00000000e-06 observedMaximumStepSeconds=5.00000000e-06 minimumTimeStepSeconds=5.00000000e-11 adaptive=true
Q30_STEP_PROFILE seed=0 fault=RELAY_B_COIL_OPEN profile=repaired-customer-retest boundary=END stepRole=PRODUCTION_5_US_REFERENCE declaredMaximumStepSeconds=5.00000000e-06 configuredMaximumStepSeconds=5.00000000e-06 actualCurrentStepSeconds=5.00000000e-06 observedMinimumStepSeconds=5.00000000e-06 observedMaximumStepSeconds=5.00000000e-06 minimumTimeStepSeconds=5.00000000e-11 adaptive=true
Q30_STEP_OWNER_CLEANUP seed=0 fault=RELAY_B_COIL_OPEN declaredMaximumStepSeconds=5.00000000e-06 stepRole=PRODUCTION_5_US_REFERENCE cleanup=true elapsedMillis=0
Q30_STEP_PROFILE seed=0 fault=RELAY_B_COIL_OPEN profile=initial-electrical-settle boundary=BEGIN stepRole=EXPERIMENTAL_CANDIDATE_NOT_PROMOTED declaredMaximumStepSeconds=1.00000000e-05 configuredMaximumStepSeconds=1.00000000e-05 actualCurrentStepSeconds=1.00000000e-05 observedMinimumStepSeconds=1.00000000e-05 observedMaximumStepSeconds=1.00000000e-05 minimumTimeStepSeconds=5.00000000e-11 adaptive=true
Q30_STEP_PROFILE seed=0 fault=RELAY_B_COIL_OPEN profile=initial-electrical-settle boundary=END stepRole=EXPERIMENTAL_CANDIDATE_NOT_PROMOTED declaredMaximumStepSeconds=1.00000000e-05 configuredMaximumStepSeconds=1.00000000e-05 actualCurrentStepSeconds=1.00000000e-05 observedMinimumStepSeconds=1.00000000e-05 observedMaximumStepSeconds=1.00000000e-05 minimumTimeStepSeconds=5.00000000e-11 adaptive=true
Q30_STEP_PROFILE seed=0 fault=RELAY_B_COIL_OPEN profile=healthy-preparation boundary=BEGIN stepRole=EXPERIMENTAL_CANDIDATE_NOT_PROMOTED declaredMaximumStepSeconds=1.00000000e-05 configuredMaximumStepSeconds=1.00000000e-05 actualCurrentStepSeconds=1.00000000e-05 observedMinimumStepSeconds=1.00000000e-05 observedMaximumStepSeconds=1.00000000e-05 minimumTimeStepSeconds=5.00000000e-11 adaptive=true
Q30_STEP_PROFILE seed=0 fault=RELAY_B_COIL_OPEN profile=healthy-preparation boundary=END stepRole=EXPERIMENTAL_CANDIDATE_NOT_PROMOTED declaredMaximumStepSeconds=1.00000000e-05 configuredMaximumStepSeconds=1.00000000e-05 actualCurrentStepSeconds=1.00000000e-05 observedMinimumStepSeconds=1.00000000e-05 observedMaximumStepSeconds=1.00000000e-05 minimumTimeStepSeconds=5.00000000e-11 adaptive=true
Q30_STEP_PROFILE seed=0 fault=RELAY_B_COIL_OPEN profile=fault-profile-preparation boundary=BEGIN stepRole=EXPERIMENTAL_CANDIDATE_NOT_PROMOTED declaredMaximumStepSeconds=1.00000000e-05 configuredMaximumStepSeconds=1.00000000e-05 actualCurrentStepSeconds=1.00000000e-05 observedMinimumStepSeconds=1.00000000e-05 observedMaximumStepSeconds=1.00000000e-05 minimumTimeStepSeconds=5.00000000e-11 adaptive=true
Q30_STEP_FAILURE seed=0 fault=RELAY_B_COIL_OPEN stage=temporal-advance phase=NONE profile=fault-profile-preparation durationSeconds=0.0300000000 declaredMaximumStepSeconds=1.00000000e-05 configuredMaximumStepSeconds=1.00000000e-05 actualCurrentStepSeconds=1.00000000e-05 U1_INPUT_to_U1_RETURN_V=24.0314159 U1_INPUT_to_J1_2_V=24.0314159 U1_RETURN_to_J1_2_V=0.00000000 regulatorModelInput_V=24.0314159 E02_maximumInput_V=24.0000000 diagnosticFailure=none originalException=java.lang.IllegalArgumentException:Rail input exceeds declared envelope
Q30_STEP_FAILURE seed=0 fault=RELAY_B_COIL_OPEN stage=temporal-advance phase=NONE profile=fault-profile-preparation durationSeconds=0.0300000000 declaredMaximumStepSeconds=1.00000000e-05 configuredMaximumStepSeconds=1.00000000e-05 actualCurrentStepSeconds=1.00000000e-05 U1_INPUT_to_U1_RETURN_V=24.0314159 U1_INPUT_to_J1_2_V=24.0314159 U1_RETURN_to_J1_2_V=0.00000000 regulatorModelInput_V=24.0314159 E02_maximumInput_V=24.0000000 diagnosticFailure=none originalException=java.lang.IllegalArgumentException:Rail input exceeds declared envelope
Q30_STEP_OWNER_CLEANUP seed=0 fault=RELAY_B_COIL_OPEN declaredMaximumStepSeconds=1.00000000e-05 stepRole=EXPERIMENTAL_CANDIDATE_NOT_PROMOTED cleanup=true elapsedMillis=0
Q30_STEP_OWNER_CLEANUP seed=0 fault=DREV_OPEN declaredMaximumStepSeconds=5.00000000e-06 stepRole=PRODUCTION_5_US_REFERENCE cleanup=true elapsedMillis=0
Q30_STEP_SEED_CLEANUP seed=0 cleanup=true elapsedMillis=0

node 11 unconnected
converged after 25 iterations, timeStep = 5.0E-6
converged after 6 iterations, timeStep = 5.0E-6
node 11 unconnected
node 11 unconnected
converged after 16 iterations, timeStep = 5.0E-6
node 11 unconnected
converged after 19 iterations, timeStep = 5.0E-6
node 11 unconnected
converged after 19 iterations, timeStep = 5.0E-6
node 11 unconnected
converged after 10 iterations, timeStep = 5.0E-6
node 11 unconnected
converged after 16 iterations, timeStep = 5.0E-6
node 11 unconnected
converged after 13 iterations, timeStep = 5.0E-6
node 11 unconnected
converged after 16 iterations, timeStep = 5.0E-6
node 11 unconnected
converged after 13 iterations, timeStep = 5.0E-6
node 11 unconnected
converged after 16 iterations, timeStep = 5.0E-6
node 11 unconnected
converged after 13 iterations, timeStep = 5.0E-6
node 11 unconnected
converged after 16 iterations, timeStep = 5.0E-6
node 11 unconnected
converged after 13 iterations, timeStep = 5.0E-6
node 11 unconnected
converged after 16 iterations, timeStep = 5.0E-6
node 11 unconnected
converged after 13 iterations, timeStep = 5.0E-6
node 11 unconnected
node 11 unconnected
node 11 unconnected
node 11 unconnected
node 11 unconnected
node 11 unconnected
node 50 unconnected
node 53 unconnected
node 56 unconnected
node 11 unconnected
node 11 unconnected
converged after 23 iterations, timeStep = 5.0E-6
node 11 unconnected
node 11 unconnected
converged after 16 iterations, timeStep = 5.0E-6
node 11 unconnected
converged after 13 iterations, timeStep = 5.0E-6
node 11 unconnected
converged after 16 iterations, timeStep = 5.0E-6
node 11 unconnected
converged after 13 iterations, timeStep = 5.0E-6
node 11 unconnected
node 11 unconnected
node 11 unconnected
node 11 unconnected
node 11 unconnected
node 11 unconnected
node 50 unconnected
node 53 unconnected
node 56 unconnected
node 11 unconnected
node 50 unconnected
node 53 unconnected
node 11 unconnected
node 50 unconnected
node 53 unconnected
converged after 23 iterations, timeStep = 5.0E-6
node 11 unconnected
node 50 unconnected
node 53 unconnected
node 11 unconnected
node 50 unconnected
node 53 unconnected
converged after 16 iterations, timeStep = 5.0E-6
node 11 unconnected
node 50 unconnected
node 53 unconnected
converged after 19 iterations, timeStep = 5.0E-6
node 11 unconnected
node 50 unconnected
node 53 unconnected
converged after 19 iterations, timeStep = 5.0E-6
node 11 unconnected
converged after 24 iterations, timeStep = 1.0E-5
node 11 unconnected
node 11 unconnected
converged after 15 iterations, timeStep = 1.0E-5
node 11 unconnected
converged after 19 iterations, timeStep = 1.0E-5
node 11 unconnected
converged after 19 iterations, timeStep = 1.0E-5
node 11 unconnected
converged after 9 iterations, timeStep = 1.0E-5
node 11 unconnected
node 11 unconnected
Exception in thread "main" java.lang.IllegalArgumentException: Rail input exceeds declared envelope
	at com.lushprojects.circuitjs1.client.AbstractRailRegulatorElm.validateOperatingPoint(AbstractRailRegulatorElm.java:484)
	at com.lushprojects.circuitjs1.client.AbstractRailRegulatorElm.doStep(AbstractRailRegulatorElm.java:127)
	at com.lushprojects.circuitjs1.client.CirSim.runCircuitOwned(CirSim.java:3357)
	at com.lushprojects.circuitjs1.client.CircuitSolverExecutor.advanceFor(CircuitSolverExecutor.java:144)
	at com.lushprojects.circuitjs1.client.CircuitSolverExecutor.advanceFor(CircuitSolverExecutor.java:135)
	at com.lushprojects.circuitjs1.client.CirSim.advanceGeneratedTemporalSolver(CirSim.java:6344)
	at com.lushprojects.circuitjs1.client.CirSim.advanceGeneratedTemporalProfile(CirSim.java:6321)
	at com.lushprojects.circuitjs1.client.Q30SolverStepSensitivityContractTest$SensitivityCirSim.advanceGeneratedTemporalProfile(Q30SolverStepSensitivityContractTest.java:846)
	at com.lushprojects.circuitjs1.client.Rb30Behavior$ProfileWork.applyInput(Rb30Behavior.java:391)
	at com.lushprojects.circuitjs1.client.Rb30Behavior$ProfileWork.step(Rb30Behavior.java:356)
	at com.lushprojects.circuitjs1.client.GeneratedWork.complete(GeneratedWork.java:17)
	at com.lushprojects.circuitjs1.client.Rb30Behavior.prepareFaultedProfile(Rb30Behavior.java:171)
	at com.lushprojects.circuitjs1.client.Q30SolverStepSensitivityContractTest.runOwner(Q30SolverStepSensitivityContractTest.java:302)
	at com.lushprojects.circuitjs1.client.Q30SolverStepSensitivityContractTest.verifySeed(Q30SolverStepSensitivityContractTest.java:144)
	at com.lushprojects.circuitjs1.client.Q30SolverStepSensitivityContractTest.main(Q30SolverStepSensitivityContractTest.java:74)
	Suppressed: java.lang.IllegalArgumentException: Rail input exceeds declared envelope
		at com.lushprojects.circuitjs1.client.AbstractRailRegulatorElm.validateOperatingPoint(AbstractRailRegulatorElm.java:484)
		at com.lushprojects.circuitjs1.client.AbstractRailRegulatorElm.doStep(AbstractRailRegulatorElm.java:127)
		at com.lushprojects.circuitjs1.client.CirSim.runCircuitOwned(CirSim.java:3357)
		at com.lushprojects.circuitjs1.client.CircuitSolverExecutor.advanceFor(CircuitSolverExecutor.java:144)
		at com.lushprojects.circuitjs1.client.CircuitSolverExecutor.advanceFor(CircuitSolverExecutor.java:135)
		at com.lushprojects.circuitjs1.client.CirSim.advanceGeneratedTemporalSolver(CirSim.java:6344)
		at com.lushprojects.circuitjs1.client.CirSim.advanceGeneratedTemporalProfile(CirSim.java:6321)
		at com.lushprojects.circuitjs1.client.Q30SolverStepSensitivityContractTest$SensitivityCirSim.advanceGeneratedTemporalProfile(Q30SolverStepSensitivityContractTest.java:846)
		at com.lushprojects.circuitjs1.client.Rb30Behavior$ProfileWork.applyInput(Rb30Behavior.java:391)
		at com.lushprojects.circuitjs1.client.Rb30Behavior$ProfileWork.cancel(Rb30Behavior.java:421)
		at com.lushprojects.circuitjs1.client.GeneratedWork.cancelAfterFailure(GeneratedWork.java:29)
		at com.lushprojects.circuitjs1.client.GeneratedWork.complete(GeneratedWork.java:20)
		... 4 more

Q30_SENSITIVITY_CASE seed=13 fault=DREV_OPEN exit=1 termination=True qualified=False
Q30_STEP_PROFILE seed=13 fault=DREV_OPEN profile=initial-electrical-settle boundary=BEGIN stepRole=PRODUCTION_5_US_REFERENCE declaredMaximumStepSeconds=5.00000000e-06 configuredMaximumStepSeconds=5.00000000e-06 actualCurrentStepSeconds=5.00000000e-06 observedMinimumStepSeconds=5.00000000e-06 observedMaximumStepSeconds=5.00000000e-06 minimumTimeStepSeconds=5.00000000e-11 adaptive=true
Q30_STEP_PROFILE seed=13 fault=DREV_OPEN profile=initial-electrical-settle boundary=END stepRole=PRODUCTION_5_US_REFERENCE declaredMaximumStepSeconds=5.00000000e-06 configuredMaximumStepSeconds=5.00000000e-06 actualCurrentStepSeconds=5.00000000e-06 observedMinimumStepSeconds=5.00000000e-06 observedMaximumStepSeconds=5.00000000e-06 minimumTimeStepSeconds=5.00000000e-11 adaptive=true
Q30_STEP_PROFILE seed=13 fault=DREV_OPEN profile=healthy-preparation boundary=BEGIN stepRole=PRODUCTION_5_US_REFERENCE declaredMaximumStepSeconds=5.00000000e-06 configuredMaximumStepSeconds=5.00000000e-06 actualCurrentStepSeconds=5.00000000e-06 observedMinimumStepSeconds=5.00000000e-06 observedMaximumStepSeconds=5.00000000e-06 minimumTimeStepSeconds=5.00000000e-11 adaptive=true
Q30_STEP_PROFILE seed=13 fault=DREV_OPEN profile=healthy-preparation boundary=END stepRole=PRODUCTION_5_US_REFERENCE declaredMaximumStepSeconds=5.00000000e-06 configuredMaximumStepSeconds=5.00000000e-06 actualCurrentStepSeconds=5.00000000e-06 observedMinimumStepSeconds=5.00000000e-06 observedMaximumStepSeconds=5.00000000e-06 minimumTimeStepSeconds=5.00000000e-11 adaptive=true
Q30_STEP_PROFILE seed=13 fault=DREV_OPEN profile=fault-profile-preparation boundary=BEGIN stepRole=PRODUCTION_5_US_REFERENCE declaredMaximumStepSeconds=5.00000000e-06 configuredMaximumStepSeconds=5.00000000e-06 actualCurrentStepSeconds=5.00000000e-06 observedMinimumStepSeconds=5.00000000e-06 observedMaximumStepSeconds=5.00000000e-06 minimumTimeStepSeconds=5.00000000e-11 adaptive=true
Q30_STEP_PROFILE seed=13 fault=DREV_OPEN profile=fault-profile-preparation boundary=END stepRole=PRODUCTION_5_US_REFERENCE declaredMaximumStepSeconds=5.00000000e-06 configuredMaximumStepSeconds=5.00000000e-06 actualCurrentStepSeconds=5.00000000e-06 observedMinimumStepSeconds=5.00000000e-06 observedMaximumStepSeconds=5.00000000e-06 minimumTimeStepSeconds=5.00000000e-11 adaptive=true
Q30_STEP_PROFILE seed=13 fault=DREV_OPEN profile=faulted-four-input-profile boundary=BEGIN stepRole=PRODUCTION_5_US_REFERENCE declaredMaximumStepSeconds=5.00000000e-06 configuredMaximumStepSeconds=5.00000000e-06 actualCurrentStepSeconds=5.00000000e-06 observedMinimumStepSeconds=5.00000000e-06 observedMaximumStepSeconds=5.00000000e-06 minimumTimeStepSeconds=5.00000000e-11 adaptive=true
Q30_STEP_PROFILE seed=13 fault=DREV_OPEN profile=faulted-four-input-profile boundary=END stepRole=PRODUCTION_5_US_REFERENCE declaredMaximumStepSeconds=5.00000000e-06 configuredMaximumStepSeconds=5.00000000e-06 actualCurrentStepSeconds=5.00000000e-06 observedMinimumStepSeconds=5.00000000e-06 observedMaximumStepSeconds=5.00000000e-06 minimumTimeStepSeconds=5.00000000e-11 adaptive=true
Q30_STEP_PROFILE seed=13 fault=DREV_OPEN profile=unrepaired-customer-retest boundary=BEGIN stepRole=PRODUCTION_5_US_REFERENCE declaredMaximumStepSeconds=5.00000000e-06 configuredMaximumStepSeconds=5.00000000e-06 actualCurrentStepSeconds=5.00000000e-06 observedMinimumStepSeconds=5.00000000e-06 observedMaximumStepSeconds=5.00000000e-06 minimumTimeStepSeconds=5.00000000e-11 adaptive=true
Q30_STEP_PROFILE seed=13 fault=DREV_OPEN profile=unrepaired-customer-retest boundary=END stepRole=PRODUCTION_5_US_REFERENCE declaredMaximumStepSeconds=5.00000000e-06 configuredMaximumStepSeconds=5.00000000e-06 actualCurrentStepSeconds=5.00000000e-06 observedMinimumStepSeconds=5.00000000e-06 observedMaximumStepSeconds=5.00000000e-06 minimumTimeStepSeconds=5.00000000e-11 adaptive=true
Q30_STEP_PROFILE seed=13 fault=DREV_OPEN profile=service-power-off-wait boundary=BEGIN stepRole=PRODUCTION_5_US_REFERENCE declaredMaximumStepSeconds=5.00000000e-06 configuredMaximumStepSeconds=5.00000000e-06 actualCurrentStepSeconds=5.00000000e-06 observedMinimumStepSeconds=5.00000000e-06 observedMaximumStepSeconds=5.00000000e-06 minimumTimeStepSeconds=5.00000000e-11 adaptive=true
Q30_STEP_PROFILE seed=13 fault=DREV_OPEN profile=service-power-off-wait boundary=END stepRole=PRODUCTION_5_US_REFERENCE declaredMaximumStepSeconds=5.00000000e-06 configuredMaximumStepSeconds=5.00000000e-06 actualCurrentStepSeconds=5.00000000e-06 observedMinimumStepSeconds=5.00000000e-06 observedMaximumStepSeconds=5.00000000e-06 minimumTimeStepSeconds=5.00000000e-11 adaptive=true
Q30_STEP_PROFILE seed=13 fault=DREV_OPEN profile=reinstalled-original-customer-retest boundary=BEGIN stepRole=PRODUCTION_5_US_REFERENCE declaredMaximumStepSeconds=5.00000000e-06 configuredMaximumStepSeconds=5.00000000e-06 actualCurrentStepSeconds=5.00000000e-06 observedMinimumStepSeconds=5.00000000e-06 observedMaximumStepSeconds=5.00000000e-06 minimumTimeStepSeconds=5.00000000e-11 adaptive=true
Q30_STEP_PROFILE seed=13 fault=DREV_OPEN profile=reinstalled-original-customer-retest boundary=END stepRole=PRODUCTION_5_US_REFERENCE declaredMaximumStepSeconds=5.00000000e-06 configuredMaximumStepSeconds=5.00000000e-06 actualCurrentStepSeconds=5.00000000e-06 observedMinimumStepSeconds=5.00000000e-06 observedMaximumStepSeconds=5.00000000e-06 minimumTimeStepSeconds=5.00000000e-11 adaptive=true
Q30_STEP_PROFILE seed=13 fault=DREV_OPEN profile=service-power-off-wait boundary=BEGIN stepRole=PRODUCTION_5_US_REFERENCE declaredMaximumStepSeconds=5.00000000e-06 configuredMaximumStepSeconds=5.00000000e-06 actualCurrentStepSeconds=5.00000000e-06 observedMinimumStepSeconds=5.00000000e-06 observedMaximumStepSeconds=5.00000000e-06 minimumTimeStepSeconds=5.00000000e-11 adaptive=true
Q30_STEP_PROFILE seed=13 fault=DREV_OPEN profile=service-power-off-wait boundary=END stepRole=PRODUCTION_5_US_REFERENCE declaredMaximumStepSeconds=5.00000000e-06 configuredMaximumStepSeconds=5.00000000e-06 actualCurrentStepSeconds=5.00000000e-06 observedMinimumStepSeconds=5.00000000e-06 observedMaximumStepSeconds=5.00000000e-06 minimumTimeStepSeconds=5.00000000e-11 adaptive=true
Q30_STEP_PROFILE seed=13 fault=DREV_OPEN profile=repaired-customer-retest boundary=BEGIN stepRole=PRODUCTION_5_US_REFERENCE declaredMaximumStepSeconds=5.00000000e-06 configuredMaximumStepSeconds=5.00000000e-06 actualCurrentStepSeconds=5.00000000e-06 observedMinimumStepSeconds=5.00000000e-06 observedMaximumStepSeconds=5.00000000e-06 minimumTimeStepSeconds=5.00000000e-11 adaptive=true
Q30_STEP_PROFILE seed=13 fault=DREV_OPEN profile=repaired-customer-retest boundary=END stepRole=PRODUCTION_5_US_REFERENCE declaredMaximumStepSeconds=5.00000000e-06 configuredMaximumStepSeconds=5.00000000e-06 actualCurrentStepSeconds=5.00000000e-06 observedMinimumStepSeconds=5.00000000e-06 observedMaximumStepSeconds=5.00000000e-06 minimumTimeStepSeconds=5.00000000e-11 adaptive=true
Q30_STEP_OWNER_CLEANUP seed=13 fault=DREV_OPEN declaredMaximumStepSeconds=5.00000000e-06 stepRole=PRODUCTION_5_US_REFERENCE cleanup=true elapsedMillis=0
Q30_STEP_PROFILE seed=13 fault=DREV_OPEN profile=initial-electrical-settle boundary=BEGIN stepRole=EXPERIMENTAL_CANDIDATE_NOT_PROMOTED declaredMaximumStepSeconds=1.00000000e-05 configuredMaximumStepSeconds=1.00000000e-05 actualCurrentStepSeconds=1.00000000e-05 observedMinimumStepSeconds=1.00000000e-05 observedMaximumStepSeconds=1.00000000e-05 minimumTimeStepSeconds=5.00000000e-11 adaptive=true
Q30_STEP_PROFILE seed=13 fault=DREV_OPEN profile=initial-electrical-settle boundary=END stepRole=EXPERIMENTAL_CANDIDATE_NOT_PROMOTED declaredMaximumStepSeconds=1.00000000e-05 configuredMaximumStepSeconds=1.00000000e-05 actualCurrentStepSeconds=1.00000000e-05 observedMinimumStepSeconds=1.00000000e-05 observedMaximumStepSeconds=1.00000000e-05 minimumTimeStepSeconds=5.00000000e-11 adaptive=true
Q30_STEP_PROFILE seed=13 fault=DREV_OPEN profile=healthy-preparation boundary=BEGIN stepRole=EXPERIMENTAL_CANDIDATE_NOT_PROMOTED declaredMaximumStepSeconds=1.00000000e-05 configuredMaximumStepSeconds=1.00000000e-05 actualCurrentStepSeconds=1.00000000e-05 observedMinimumStepSeconds=1.00000000e-05 observedMaximumStepSeconds=1.00000000e-05 minimumTimeStepSeconds=5.00000000e-11 adaptive=true
Q30_STEP_PROFILE seed=13 fault=DREV_OPEN profile=healthy-preparation boundary=END stepRole=EXPERIMENTAL_CANDIDATE_NOT_PROMOTED declaredMaximumStepSeconds=1.00000000e-05 configuredMaximumStepSeconds=1.00000000e-05 actualCurrentStepSeconds=1.00000000e-05 observedMinimumStepSeconds=5.00000000e-06 observedMaximumStepSeconds=1.00000000e-05 minimumTimeStepSeconds=5.00000000e-11 adaptive=true
Q30_STEP_PROFILE seed=13 fault=DREV_OPEN profile=fault-profile-preparation boundary=BEGIN stepRole=EXPERIMENTAL_CANDIDATE_NOT_PROMOTED declaredMaximumStepSeconds=1.00000000e-05 configuredMaximumStepSeconds=1.00000000e-05 actualCurrentStepSeconds=1.00000000e-05 observedMinimumStepSeconds=1.00000000e-05 observedMaximumStepSeconds=1.00000000e-05 minimumTimeStepSeconds=5.00000000e-11 adaptive=true
Q30_STEP_PROFILE seed=13 fault=DREV_OPEN profile=fault-profile-preparation boundary=END stepRole=EXPERIMENTAL_CANDIDATE_NOT_PROMOTED declaredMaximumStepSeconds=1.00000000e-05 configuredMaximumStepSeconds=1.00000000e-05 actualCurrentStepSeconds=1.00000000e-05 observedMinimumStepSeconds=3.12500000e-07 observedMaximumStepSeconds=1.00000000e-05 minimumTimeStepSeconds=5.00000000e-11 adaptive=true
Q30_STEP_PROFILE seed=13 fault=DREV_OPEN profile=faulted-four-input-profile boundary=BEGIN stepRole=EXPERIMENTAL_CANDIDATE_NOT_PROMOTED declaredMaximumStepSeconds=1.00000000e-05 configuredMaximumStepSeconds=1.00000000e-05 actualCurrentStepSeconds=1.00000000e-05 observedMinimumStepSeconds=1.00000000e-05 observedMaximumStepSeconds=1.00000000e-05 minimumTimeStepSeconds=5.00000000e-11 adaptive=true
Q30_STEP_PROFILE seed=13 fault=DREV_OPEN profile=faulted-four-input-profile boundary=END stepRole=EXPERIMENTAL_CANDIDATE_NOT_PROMOTED declaredMaximumStepSeconds=1.00000000e-05 configuredMaximumStepSeconds=1.00000000e-05 actualCurrentStepSeconds=1.00000000e-05 observedMinimumStepSeconds=1.00000000e-05 observedMaximumStepSeconds=1.00000000e-05 minimumTimeStepSeconds=5.00000000e-11 adaptive=true
Q30_STEP_PROFILE seed=13 fault=DREV_OPEN profile=unrepaired-customer-retest boundary=BEGIN stepRole=EXPERIMENTAL_CANDIDATE_NOT_PROMOTED declaredMaximumStepSeconds=1.00000000e-05 configuredMaximumStepSeconds=1.00000000e-05 actualCurrentStepSeconds=1.00000000e-05 observedMinimumStepSeconds=1.00000000e-05 observedMaximumStepSeconds=1.00000000e-05 minimumTimeStepSeconds=5.00000000e-11 adaptive=true
Q30_STEP_PROFILE seed=13 fault=DREV_OPEN profile=unrepaired-customer-retest boundary=END stepRole=EXPERIMENTAL_CANDIDATE_NOT_PROMOTED declaredMaximumStepSeconds=1.00000000e-05 configuredMaximumStepSeconds=1.00000000e-05 actualCurrentStepSeconds=1.00000000e-05 observedMinimumStepSeconds=1.00000000e-05 observedMaximumStepSeconds=1.00000000e-05 minimumTimeStepSeconds=5.00000000e-11 adaptive=true
Q30_STEP_PROFILE seed=13 fault=DREV_OPEN profile=service-power-off-wait boundary=BEGIN stepRole=EXPERIMENTAL_CANDIDATE_NOT_PROMOTED declaredMaximumStepSeconds=1.00000000e-05 configuredMaximumStepSeconds=1.00000000e-05 actualCurrentStepSeconds=1.00000000e-05 observedMinimumStepSeconds=1.00000000e-05 observedMaximumStepSeconds=1.00000000e-05 minimumTimeStepSeconds=5.00000000e-11 adaptive=true
Q30_STEP_PROFILE seed=13 fault=DREV_OPEN profile=service-power-off-wait boundary=END stepRole=EXPERIMENTAL_CANDIDATE_NOT_PROMOTED declaredMaximumStepSeconds=1.00000000e-05 configuredMaximumStepSeconds=1.00000000e-05 actualCurrentStepSeconds=1.00000000e-05 observedMinimumStepSeconds=1.00000000e-05 observedMaximumStepSeconds=1.00000000e-05 minimumTimeStepSeconds=5.00000000e-11 adaptive=true
Q30_STEP_PROFILE seed=13 fault=DREV_OPEN profile=reinstalled-original-customer-retest boundary=BEGIN stepRole=EXPERIMENTAL_CANDIDATE_NOT_PROMOTED declaredMaximumStepSeconds=1.00000000e-05 configuredMaximumStepSeconds=1.00000000e-05 actualCurrentStepSeconds=1.00000000e-05 observedMinimumStepSeconds=1.00000000e-05 observedMaximumStepSeconds=1.00000000e-05 minimumTimeStepSeconds=5.00000000e-11 adaptive=true
Q30_STEP_PROFILE seed=13 fault=DREV_OPEN profile=reinstalled-original-customer-retest boundary=END stepRole=EXPERIMENTAL_CANDIDATE_NOT_PROMOTED declaredMaximumStepSeconds=1.00000000e-05 configuredMaximumStepSeconds=1.00000000e-05 actualCurrentStepSeconds=1.00000000e-05 observedMinimumStepSeconds=1.00000000e-05 observedMaximumStepSeconds=1.00000000e-05 minimumTimeStepSeconds=5.00000000e-11 adaptive=true
Q30_STEP_PROFILE seed=13 fault=DREV_OPEN profile=service-power-off-wait boundary=BEGIN stepRole=EXPERIMENTAL_CANDIDATE_NOT_PROMOTED declaredMaximumStepSeconds=1.00000000e-05 configuredMaximumStepSeconds=1.00000000e-05 actualCurrentStepSeconds=1.00000000e-05 observedMinimumStepSeconds=1.00000000e-05 observedMaximumStepSeconds=1.00000000e-05 minimumTimeStepSeconds=5.00000000e-11 adaptive=true
Q30_STEP_PROFILE seed=13 fault=DREV_OPEN profile=service-power-off-wait boundary=END stepRole=EXPERIMENTAL_CANDIDATE_NOT_PROMOTED declaredMaximumStepSeconds=1.00000000e-05 configuredMaximumStepSeconds=1.00000000e-05 actualCurrentStepSeconds=1.00000000e-05 observedMinimumStepSeconds=1.00000000e-05 observedMaximumStepSeconds=1.00000000e-05 minimumTimeStepSeconds=5.00000000e-11 adaptive=true
Q30_STEP_PROFILE seed=13 fault=DREV_OPEN profile=repaired-customer-retest boundary=BEGIN stepRole=EXPERIMENTAL_CANDIDATE_NOT_PROMOTED declaredMaximumStepSeconds=1.00000000e-05 configuredMaximumStepSeconds=1.00000000e-05 actualCurrentStepSeconds=1.00000000e-05 observedMinimumStepSeconds=1.00000000e-05 observedMaximumStepSeconds=1.00000000e-05 minimumTimeStepSeconds=5.00000000e-11 adaptive=true
Q30_STEP_FAILURE seed=13 fault=DREV_OPEN stage=temporal-advance phase=customer-retest profile=repaired-customer-retest durationSeconds=0.0300000000 declaredMaximumStepSeconds=1.00000000e-05 configuredMaximumStepSeconds=1.00000000e-05 actualCurrentStepSeconds=1.00000000e-05 U1_INPUT_to_U1_RETURN_V=25.6976386 U1_INPUT_to_J1_2_V=25.6976386 U1_RETURN_to_J1_2_V=0.00000000 regulatorModelInput_V=25.6976386 E02_maximumInput_V=24.0000000 diagnosticFailure=none originalException=java.lang.IllegalArgumentException:Rail input exceeds declared envelope
Q30_STEP_OWNER_CLEANUP seed=13 fault=DREV_OPEN declaredMaximumStepSeconds=1.00000000e-05 stepRole=EXPERIMENTAL_CANDIDATE_NOT_PROMOTED cleanup=true elapsedMillis=0
Q30_STEP_SEED_CLEANUP seed=13 cleanup=true elapsedMillis=0

node 11 unconnected
converged after 25 iterations, timeStep = 5.0E-6
converged after 6 iterations, timeStep = 5.0E-6
node 11 unconnected
node 11 unconnected
converged after 14 iterations, timeStep = 5.0E-6
node 11 unconnected
converged after 12 iterations, timeStep = 5.0E-6
converged after 19 iterations, timeStep = 5.0E-6
converged after 15 iterations, timeStep = 5.0E-6
node 11 unconnected
converged after 14 iterations, timeStep = 5.0E-6
node 11 unconnected
converged after 12 iterations, timeStep = 5.0E-6
converged after 15 iterations, timeStep = 5.0E-6
node 11 unconnected
converged after 15 iterations, timeStep = 5.0E-6
converged after 20 iterations, timeStep = 5.0E-6
converged after 13 iterations, timeStep = 5.0E-6
node 11 unconnected
converged after 12 iterations, timeStep = 5.0E-6
node 11 unconnected
node 11 unconnected
converged after 12 iterations, timeStep = 5.0E-6
node 11 unconnected
node 11 unconnected
converged after 12 iterations, timeStep = 5.0E-6
node 11 unconnected
node 11 unconnected
converged after 12 iterations, timeStep = 5.0E-6
node 11 unconnected
node 11 unconnected
node 11 unconnected
node 11 unconnected
node 11 unconnected
node 11 unconnected
node 11 unconnected
node 11 unconnected
node 16 unconnected
node 20 unconnected
node 11 unconnected
node 11 unconnected
node 11 unconnected
converged after 12 iterations, timeStep = 5.0E-6
node 11 unconnected
node 11 unconnected
converged after 12 iterations, timeStep = 5.0E-6
node 11 unconnected
node 11 unconnected
node 11 unconnected
node 11 unconnected
node 11 unconnected
node 11 unconnected
node 11 unconnected
node 11 unconnected
node 16 unconnected
node 20 unconnected
node 11 unconnected
node 16 unconnected
node 20 unconnected
converged after 7 iterations, timeStep = 5.0E-6
converged after 6 iterations, timeStep = 5.0E-6
node 11 unconnected
node 16 unconnected
node 20 unconnected
converged after 40 iterations, timeStep = 5.0E-6
node 11 unconnected
node 16 unconnected
node 20 unconnected
converged after 12 iterations, timeStep = 5.0E-6
converged after 20 iterations, timeStep = 5.0E-6
converged after 15 iterations, timeStep = 5.0E-6
node 11 unconnected
node 16 unconnected
node 20 unconnected
converged after 14 iterations, timeStep = 5.0E-6
node 11 unconnected
node 16 unconnected
node 20 unconnected
converged after 12 iterations, timeStep = 5.0E-6
converged after 18 iterations, timeStep = 5.0E-6
converged after 15 iterations, timeStep = 5.0E-6
node 11 unconnected
node 16 unconnected
node 20 unconnected
converged after 14 iterations, timeStep = 5.0E-6
node 11 unconnected
converged after 24 iterations, timeStep = 1.0E-5
node 11 unconnected
node 11 unconnected
converged after 14 iterations, timeStep = 1.0E-5
node 11 unconnected
converged after 12 iterations, timeStep = 1.0E-5
converged after 19 iterations, timeStep = 1.0E-5
converged after 15 iterations, timeStep = 1.0E-5
node 11 unconnected
converged after 14 iterations, timeStep = 1.0E-5
node 11 unconnected
converged after 12 iterations, timeStep = 1.0E-5
timestep down to 5.0E-6 at 0.13073999999998998
converged after 13 iterations, timeStep = 5.0E-6
converged after 3 iterations, timeStep = 5.0E-6
converged after 3 iterations, timeStep = 5.0E-6
converged after 3 iterations, timeStep = 5.0E-6
converged after 3 iterations, timeStep = 5.0E-6
converged after 3 iterations, timeStep = 5.0E-6
converged after 3 iterations, timeStep = 5.0E-6
converged after 3 iterations, timeStep = 5.0E-6
converged after 3 iterations, timeStep = 5.0E-6
converged after 3 iterations, timeStep = 5.0E-6
converged after 3 iterations, timeStep = 5.0E-6
converged after 3 iterations, timeStep = 5.0E-6
converged after 3 iterations, timeStep = 5.0E-6
converged after 3 iterations, timeStep = 5.0E-6
converged after 3 iterations, timeStep = 5.0E-6
converged after 3 iterations, timeStep = 5.0E-6
converged after 3 iterations, timeStep = 5.0E-6
converged after 3 iterations, timeStep = 5.0E-6
converged after 3 iterations, timeStep = 5.0E-6
converged after 3 iterations, timeStep = 5.0E-6
converged after 3 iterations, timeStep = 5.0E-6
converged after 3 iterations, timeStep = 5.0E-6
converged after 3 iterations, timeStep = 5.0E-6
converged after 3 iterations, timeStep = 5.0E-6
converged after 3 iterations, timeStep = 5.0E-6
converged after 3 iterations, timeStep = 5.0E-6
converged after 3 iterations, timeStep = 5.0E-6
converged after 3 iterations, timeStep = 5.0E-6
converged after 3 iterations, timeStep = 5.0E-6
converged after 3 iterations, timeStep = 5.0E-6
converged after 3 iterations, timeStep = 5.0E-6
converged after 3 iterations, timeStep = 5.0E-6
converged after 3 iterations, timeStep = 5.0E-6
converged after 3 iterations, timeStep = 5.0E-6
converged after 3 iterations, timeStep = 5.0E-6
converged after 3 iterations, timeStep = 5.0E-6
converged after 3 iterations, timeStep = 5.0E-6
converged after 2 iterations, timeStep = 5.0E-6
converged after 2 iterations, timeStep = 5.0E-6
converged after 2 iterations, timeStep = 5.0E-6
timestep up = 1.0E-5 at 0.13093999999999018
node 11 unconnected
converged after 15 iterations, timeStep = 1.0E-5
converged after 19 iterations, timeStep = 1.0E-5
timestep down to 5.0E-6 at 0.15350000000001274
converged after 2 iterations, timeStep = 5.0E-6
converged after 1 iterations, timeStep = 5.0E-6
converged after 5 iterations, timeStep = 5.0E-6
converged after 3 iterations, timeStep = 5.0E-6
converged after 3 iterations, timeStep = 5.0E-6
converged after 3 iterations, timeStep = 5.0E-6
converged after 3 iterations, timeStep = 5.0E-6
converged after 3 iterations, timeStep = 5.0E-6
converged after 3 iterations, timeStep = 5.0E-6
converged after 3 iterations, timeStep = 5.0E-6
converged after 3 iterations, timeStep = 5.0E-6
converged after 3 iterations, timeStep = 5.0E-6
converged after 3 iterations, timeStep = 5.0E-6
converged after 3 iterations, timeStep = 5.0E-6
converged after 3 iterations, timeStep = 5.0E-6
converged after 3 iterations, timeStep = 5.0E-6
converged after 3 iterations, timeStep = 5.0E-6
converged after 3 iterations, timeStep = 5.0E-6
converged after 3 iterations, timeStep = 5.0E-6
converged after 3 iterations, timeStep = 5.0E-6
converged after 3 iterations, timeStep = 5.0E-6
converged after 3 iterations, timeStep = 5.0E-6
converged after 3 iterations, timeStep = 5.0E-6
converged after 3 iterations, timeStep = 5.0E-6
converged after 3 iterations, timeStep = 5.0E-6
converged after 3 iterations, timeStep = 5.0E-6
converged after 3 iterations, timeStep = 5.0E-6
converged after 3 iterations, timeStep = 5.0E-6
converged after 3 iterations, timeStep = 5.0E-6
converged after 3 iterations, timeStep = 5.0E-6
converged after 3 iterations, timeStep = 5.0E-6
converged after 3 iterations, timeStep = 5.0E-6
converged after 3 iterations, timeStep = 5.0E-6
converged after 3 iterations, timeStep = 5.0E-6
converged after 3 iterations, timeStep = 5.0E-6
converged after 3 iterations, timeStep = 5.0E-6
converged after 3 iterations, timeStep = 5.0E-6
converged after 3 iterations, timeStep = 5.0E-6
converged after 3 iterations, timeStep = 5.0E-6
converged after 3 iterations, timeStep = 5.0E-6
converged after 3 iterations, timeStep = 5.0E-6
converged after 3 iterations, timeStep = 5.0E-6
converged after 3 iterations, timeStep = 5.0E-6
converged after 3 iterations, timeStep = 5.0E-6
converged after 3 iterations, timeStep = 5.0E-6
converged after 3 iterations, timeStep = 5.0E-6
converged after 3 iterations, timeStep = 5.0E-6
converged after 3 iterations, timeStep = 5.0E-6
converged after 3 iterations, timeStep = 5.0E-6
converged after 3 iterations, timeStep = 5.0E-6
converged after 3 iterations, timeStep = 5.0E-6
converged after 3 iterations, timeStep = 5.0E-6
converged after 3 iterations, timeStep = 5.0E-6
converged after 3 iterations, timeStep = 5.0E-6
converged after 3 iterations, timeStep = 5.0E-6
converged after 3 iterations, timeStep = 5.0E-6
converged after 3 iterations, timeStep = 5.0E-6
converged after 3 iterations, timeStep = 5.0E-6
converged after 3 iterations, timeStep = 5.0E-6
converged after 3 iterations, timeStep = 5.0E-6
converged after 3 iterations, timeStep = 5.0E-6
converged after 3 iterations, timeStep = 5.0E-6
converged after 3 iterations, timeStep = 5.0E-6
converged after 3 iterations, timeStep = 5.0E-6
converged after 3 iterations, timeStep = 5.0E-6
converged after 3 iterations, timeStep = 5.0E-6
converged after 3 iterations, timeStep = 5.0E-6
converged after 3 iterations, timeStep = 5.0E-6
converged after 3 iterations, timeStep = 5.0E-6
converged after 3 iterations, timeStep = 5.0E-6
converged after 3 iterations, timeStep = 5.0E-6
converged after 3 iterations, timeStep = 5.0E-6
converged after 3 iterations, timeStep = 5.0E-6
converged after 3 iterations, timeStep = 5.0E-6
converged after 3 iterations, timeStep = 5.0E-6
converged after 3 iterations, timeStep = 5.0E-6
converged after 3 iterations, timeStep = 5.0E-6
converged after 3 iterations, timeStep = 5.0E-6
converged after 3 iterations, timeStep = 5.0E-6
converged after 3 iterations, timeStep = 5.0E-6
converged after 3 iterations, timeStep = 5.0E-6
converged after 3 iterations, timeStep = 5.0E-6
timestep down to 2.5E-6 at 0.15391000000001315
timestep down to 1.25E-6 at 0.15391000000001315
timestep down to 6.25E-7 at 0.15391000000001315
timestep down to 3.125E-7 at 0.15391000000001315
converged after 13 iterations, timeStep = 3.125E-7
converged after 3 iterations, timeStep = 3.125E-7
converged after 3 iterations, timeStep = 3.125E-7
converged after 3 iterations, timeStep = 3.125E-7
converged after 3 iterations, timeStep = 3.125E-7
converged after 3 iterations, timeStep = 3.125E-7
converged after 3 iterations, timeStep = 3.125E-7
converged after 13 iterations, timeStep = 3.125E-7
converged after 3 iterations, timeStep = 3.125E-7
converged after 2 iterations, timeStep = 3.125E-7
converged after 2 iterations, timeStep = 3.125E-7
converged after 2 iterations, timeStep = 3.125E-7
timestep up = 6.25E-7 at 0.153913750000013
converged after 3 iterations, timeStep = 6.25E-7
converged after 2 iterations, timeStep = 6.25E-7
converged after 2 iterations, timeStep = 6.25E-7
converged after 1 iterations, timeStep = 6.25E-7
timestep up = 1.25E-6 at 0.15391625000001302
converged after 2 iterations, timeStep = 1.25E-6
converged after 2 iterations, timeStep = 1.25E-6
converged after 2 iterations, timeStep = 1.25E-6
timestep up = 2.5E-6 at 0.15392000000001305
converged after 2 iterations, timeStep = 2.5E-6
converged after 2 iterations, timeStep = 2.5E-6
converged after 2 iterations, timeStep = 2.5E-6
timestep up = 5.0E-6 at 0.153927500000013
converged after 2 iterations, timeStep = 5.0E-6
converged after 2 iterations, timeStep = 5.0E-6
converged after 2 iterations, timeStep = 5.0E-6
timestep up = 1.0E-5 at 0.15394250000001303
node 11 unconnected
converged after 12 iterations, timeStep = 1.0E-5
node 11 unconnected
node 11 unconnected
converged after 12 iterations, timeStep = 1.0E-5
node 11 unconnected
node 11 unconnected
converged after 12 iterations, timeStep = 1.0E-5
node 11 unconnected
node 11 unconnected
converged after 12 iterations, timeStep = 1.0E-5
node 11 unconnected
node 11 unconnected
node 11 unconnected
node 11 unconnected
node 11 unconnected
node 11 unconnected
node 11 unconnected
node 11 unconnected
node 16 unconnected
node 20 unconnected
node 11 unconnected
node 11 unconnected
node 11 unconnected
converged after 12 iterations, timeStep = 1.0E-5
node 11 unconnected
node 11 unconnected
converged after 12 iterations, timeStep = 1.0E-5
node 11 unconnected
node 11 unconnected
node 11 unconnected
node 11 unconnected
node 11 unconnected
node 11 unconnected
node 11 unconnected
node 11 unconnected
node 16 unconnected
node 20 unconnected
node 11 unconnected
node 16 unconnected
node 20 unconnected
converged after 8 iterations, timeStep = 1.0E-5
converged after 6 iterations, timeStep = 1.0E-5
node 11 unconnected
node 16 unconnected
node 20 unconnected
converged after 39 iterations, timeStep = 1.0E-5
converged after 7 iterations, timeStep = 1.0E-5
converged after 7 iterations, timeStep = 1.0E-5
converged after 7 iterations, timeStep = 1.0E-5
converged after 10 iterations, timeStep = 1.0E-5
node 11 unconnected
node 16 unconnected
node 20 unconnected
converged after 12 iterations, timeStep = 1.0E-5
converged after 20 iterations, timeStep = 1.0E-5
timestep down to 5.0E-6 at 1.05133249999842
converged after 12 iterations, timeStep = 5.0E-6
converged after 3 iterations, timeStep = 5.0E-6
converged after 3 iterations, timeStep = 5.0E-6
converged after 3 iterations, timeStep = 5.0E-6
converged after 3 iterations, timeStep = 5.0E-6
converged after 3 iterations, timeStep = 5.0E-6
converged after 3 iterations, timeStep = 5.0E-6
converged after 3 iterations, timeStep = 5.0E-6
converged after 3 iterations, timeStep = 5.0E-6
converged after 3 iterations, timeStep = 5.0E-6
converged after 3 iterations, timeStep = 5.0E-6
converged after 3 iterations, timeStep = 5.0E-6
converged after 3 iterations, timeStep = 5.0E-6
converged after 3 iterations, timeStep = 5.0E-6
converged after 3 iterations, timeStep = 5.0E-6
converged after 3 iterations, timeStep = 5.0E-6
converged after 3 iterations, timeStep = 5.0E-6
converged after 3 iterations, timeStep = 5.0E-6
converged after 3 iterations, timeStep = 5.0E-6
converged after 3 iterations, timeStep = 5.0E-6
converged after 3 iterations, timeStep = 5.0E-6
converged after 3 iterations, timeStep = 5.0E-6
converged after 3 iterations, timeStep = 5.0E-6
converged after 3 iterations, timeStep = 5.0E-6
converged after 3 iterations, timeStep = 5.0E-6
converged after 3 iterations, timeStep = 5.0E-6
converged after 3 iterations, timeStep = 5.0E-6
converged after 3 iterations, timeStep = 5.0E-6
converged after 3 iterations, timeStep = 5.0E-6
converged after 3 iterations, timeStep = 5.0E-6
converged after 3 iterations, timeStep = 5.0E-6
converged after 3 iterations, timeStep = 5.0E-6
converged after 3 iterations, timeStep = 5.0E-6
converged after 3 iterations, timeStep = 5.0E-6
converged after 2 iterations, timeStep = 5.0E-6
converged after 2 iterations, timeStep = 5.0E-6
converged after 2 iterations, timeStep = 5.0E-6
timestep up = 1.0E-5 at 1.0515174999984211
node 11 unconnected
node 16 unconnected
node 20 unconnected
converged after 14 iterations, timeStep = 1.0E-5
node 11 unconnected
node 16 unconnected
node 20 unconnected
converged after 12 iterations, timeStep = 1.0E-5
converged after 18 iterations, timeStep = 1.0E-5
converged after 15 iterations, timeStep = 1.0E-5
node 11 unconnected
node 16 unconnected
node 20 unconnected
Exception in thread "main" java.lang.IllegalArgumentException: Rail input exceeds declared envelope
	at com.lushprojects.circuitjs1.client.AbstractRailRegulatorElm.validateOperatingPoint(AbstractRailRegulatorElm.java:484)
	at com.lushprojects.circuitjs1.client.AbstractRailRegulatorElm.doStep(AbstractRailRegulatorElm.java:127)
	at com.lushprojects.circuitjs1.client.CirSim.runCircuitOwned(CirSim.java:3357)
	at com.lushprojects.circuitjs1.client.CircuitSolverExecutor.advanceFor(CircuitSolverExecutor.java:144)
	at com.lushprojects.circuitjs1.client.CircuitSolverExecutor.advanceFor(CircuitSolverExecutor.java:135)
	at com.lushprojects.circuitjs1.client.CirSim.advanceGeneratedTemporalSolver(CirSim.java:6344)
	at com.lushprojects.circuitjs1.client.CirSim.advanceGeneratedTemporalProfile(CirSim.java:6321)
	at com.lushprojects.circuitjs1.client.Q30SolverStepSensitivityContractTest$SensitivityCirSim.advanceGeneratedTemporalProfile(Q30SolverStepSensitivityContractTest.java:846)
	at com.lushprojects.circuitjs1.client.Rb30Behavior$ProfileWork.applyInput(Rb30Behavior.java:391)
	at com.lushprojects.circuitjs1.client.Rb30Behavior$ProfileWork.observeCondition(Rb30Behavior.java:372)
	at com.lushprojects.circuitjs1.client.Rb30Behavior$ProfileWork.step(Rb30Behavior.java:361)
	at com.lushprojects.circuitjs1.client.Rb30Behavior$4.step(Rb30Behavior.java:188)
	at com.lushprojects.circuitjs1.client.GeneratedWork.complete(GeneratedWork.java:17)
	at com.lushprojects.circuitjs1.client.GeneratedBoardOperation$ResumableExecutor.execute(GeneratedBoardOperation.java:14)
	at com.lushprojects.circuitjs1.client.GeneratedBoardOperation.execute(GeneratedBoardOperation.java:39)
	at com.lushprojects.circuitjs1.client.GeneratedBoardOperationCatalog.invoke(GeneratedBoardOperationCatalog.java:32)
	at com.lushprojects.circuitjs1.client.GeneratedBoardInstance.invokeOperation(GeneratedBoardInstance.java:362)
	at com.lushprojects.circuitjs1.client.Q30SolverStepSensitivityContractTest.runOwner(Q30SolverStepSensitivityContractTest.java:388)
	at com.lushprojects.circuitjs1.client.Q30SolverStepSensitivityContractTest.verifySeed(Q30SolverStepSensitivityContractTest.java:144)
	at com.lushprojects.circuitjs1.client.Q30SolverStepSensitivityContractTest.main(Q30SolverStepSensitivityContractTest.java:74)

Q30_SENSITIVITY_CASE seed=13 fault=REN_OPEN exit=1 termination=True qualified=False
Q30_STEP_PROFILE seed=13 fault=REN_OPEN profile=initial-electrical-settle boundary=BEGIN stepRole=PRODUCTION_5_US_REFERENCE declaredMaximumStepSeconds=5.00000000e-06 configuredMaximumStepSeconds=5.00000000e-06 actualCurrentStepSeconds=5.00000000e-06 observedMinimumStepSeconds=5.00000000e-06 observedMaximumStepSeconds=5.00000000e-06 minimumTimeStepSeconds=5.00000000e-11 adaptive=true
Q30_STEP_PROFILE seed=13 fault=REN_OPEN profile=initial-electrical-settle boundary=END stepRole=PRODUCTION_5_US_REFERENCE declaredMaximumStepSeconds=5.00000000e-06 configuredMaximumStepSeconds=5.00000000e-06 actualCurrentStepSeconds=5.00000000e-06 observedMinimumStepSeconds=5.00000000e-06 observedMaximumStepSeconds=5.00000000e-06 minimumTimeStepSeconds=5.00000000e-11 adaptive=true
Q30_STEP_PROFILE seed=13 fault=REN_OPEN profile=healthy-preparation boundary=BEGIN stepRole=PRODUCTION_5_US_REFERENCE declaredMaximumStepSeconds=5.00000000e-06 configuredMaximumStepSeconds=5.00000000e-06 actualCurrentStepSeconds=5.00000000e-06 observedMinimumStepSeconds=5.00000000e-06 observedMaximumStepSeconds=5.00000000e-06 minimumTimeStepSeconds=5.00000000e-11 adaptive=true
Q30_STEP_PROFILE seed=13 fault=REN_OPEN profile=healthy-preparation boundary=END stepRole=PRODUCTION_5_US_REFERENCE declaredMaximumStepSeconds=5.00000000e-06 configuredMaximumStepSeconds=5.00000000e-06 actualCurrentStepSeconds=5.00000000e-06 observedMinimumStepSeconds=5.00000000e-06 observedMaximumStepSeconds=5.00000000e-06 minimumTimeStepSeconds=5.00000000e-11 adaptive=true
Q30_STEP_PROFILE seed=13 fault=REN_OPEN profile=fault-profile-preparation boundary=BEGIN stepRole=PRODUCTION_5_US_REFERENCE declaredMaximumStepSeconds=5.00000000e-06 configuredMaximumStepSeconds=5.00000000e-06 actualCurrentStepSeconds=5.00000000e-06 observedMinimumStepSeconds=5.00000000e-06 observedMaximumStepSeconds=5.00000000e-06 minimumTimeStepSeconds=5.00000000e-11 adaptive=true
Q30_STEP_PROFILE seed=13 fault=REN_OPEN profile=fault-profile-preparation boundary=END stepRole=PRODUCTION_5_US_REFERENCE declaredMaximumStepSeconds=5.00000000e-06 configuredMaximumStepSeconds=5.00000000e-06 actualCurrentStepSeconds=5.00000000e-06 observedMinimumStepSeconds=5.00000000e-06 observedMaximumStepSeconds=5.00000000e-06 minimumTimeStepSeconds=5.00000000e-11 adaptive=true
Q30_STEP_PROFILE seed=13 fault=REN_OPEN profile=faulted-four-input-profile boundary=BEGIN stepRole=PRODUCTION_5_US_REFERENCE declaredMaximumStepSeconds=5.00000000e-06 configuredMaximumStepSeconds=5.00000000e-06 actualCurrentStepSeconds=5.00000000e-06 observedMinimumStepSeconds=5.00000000e-06 observedMaximumStepSeconds=5.00000000e-06 minimumTimeStepSeconds=5.00000000e-11 adaptive=true
Q30_STEP_PROFILE seed=13 fault=REN_OPEN profile=faulted-four-input-profile boundary=END stepRole=PRODUCTION_5_US_REFERENCE declaredMaximumStepSeconds=5.00000000e-06 configuredMaximumStepSeconds=5.00000000e-06 actualCurrentStepSeconds=5.00000000e-06 observedMinimumStepSeconds=5.00000000e-06 observedMaximumStepSeconds=5.00000000e-06 minimumTimeStepSeconds=5.00000000e-11 adaptive=true
Q30_STEP_PROFILE seed=13 fault=REN_OPEN profile=unrepaired-customer-retest boundary=BEGIN stepRole=PRODUCTION_5_US_REFERENCE declaredMaximumStepSeconds=5.00000000e-06 configuredMaximumStepSeconds=5.00000000e-06 actualCurrentStepSeconds=5.00000000e-06 observedMinimumStepSeconds=5.00000000e-06 observedMaximumStepSeconds=5.00000000e-06 minimumTimeStepSeconds=5.00000000e-11 adaptive=true
Q30_STEP_PROFILE seed=13 fault=REN_OPEN profile=unrepaired-customer-retest boundary=END stepRole=PRODUCTION_5_US_REFERENCE declaredMaximumStepSeconds=5.00000000e-06 configuredMaximumStepSeconds=5.00000000e-06 actualCurrentStepSeconds=5.00000000e-06 observedMinimumStepSeconds=5.00000000e-06 observedMaximumStepSeconds=5.00000000e-06 minimumTimeStepSeconds=5.00000000e-11 adaptive=true
Q30_STEP_PROFILE seed=13 fault=REN_OPEN profile=service-power-off-wait boundary=BEGIN stepRole=PRODUCTION_5_US_REFERENCE declaredMaximumStepSeconds=5.00000000e-06 configuredMaximumStepSeconds=5.00000000e-06 actualCurrentStepSeconds=5.00000000e-06 observedMinimumStepSeconds=5.00000000e-06 observedMaximumStepSeconds=5.00000000e-06 minimumTimeStepSeconds=5.00000000e-11 adaptive=true
Q30_STEP_PROFILE seed=13 fault=REN_OPEN profile=service-power-off-wait boundary=END stepRole=PRODUCTION_5_US_REFERENCE declaredMaximumStepSeconds=5.00000000e-06 configuredMaximumStepSeconds=5.00000000e-06 actualCurrentStepSeconds=5.00000000e-06 observedMinimumStepSeconds=5.00000000e-06 observedMaximumStepSeconds=5.00000000e-06 minimumTimeStepSeconds=5.00000000e-11 adaptive=true
Q30_STEP_PROFILE seed=13 fault=REN_OPEN profile=reinstalled-original-customer-retest boundary=BEGIN stepRole=PRODUCTION_5_US_REFERENCE declaredMaximumStepSeconds=5.00000000e-06 configuredMaximumStepSeconds=5.00000000e-06 actualCurrentStepSeconds=5.00000000e-06 observedMinimumStepSeconds=5.00000000e-06 observedMaximumStepSeconds=5.00000000e-06 minimumTimeStepSeconds=5.00000000e-11 adaptive=true
Q30_STEP_PROFILE seed=13 fault=REN_OPEN profile=reinstalled-original-customer-retest boundary=END stepRole=PRODUCTION_5_US_REFERENCE declaredMaximumStepSeconds=5.00000000e-06 configuredMaximumStepSeconds=5.00000000e-06 actualCurrentStepSeconds=5.00000000e-06 observedMinimumStepSeconds=5.00000000e-06 observedMaximumStepSeconds=5.00000000e-06 minimumTimeStepSeconds=5.00000000e-11 adaptive=true
Q30_STEP_PROFILE seed=13 fault=REN_OPEN profile=service-power-off-wait boundary=BEGIN stepRole=PRODUCTION_5_US_REFERENCE declaredMaximumStepSeconds=5.00000000e-06 configuredMaximumStepSeconds=5.00000000e-06 actualCurrentStepSeconds=5.00000000e-06 observedMinimumStepSeconds=5.00000000e-06 observedMaximumStepSeconds=5.00000000e-06 minimumTimeStepSeconds=5.00000000e-11 adaptive=true
Q30_STEP_PROFILE seed=13 fault=REN_OPEN profile=service-power-off-wait boundary=END stepRole=PRODUCTION_5_US_REFERENCE declaredMaximumStepSeconds=5.00000000e-06 configuredMaximumStepSeconds=5.00000000e-06 actualCurrentStepSeconds=5.00000000e-06 observedMinimumStepSeconds=5.00000000e-06 observedMaximumStepSeconds=5.00000000e-06 minimumTimeStepSeconds=5.00000000e-11 adaptive=true
Q30_STEP_OWNER_CLEANUP seed=13 fault=REN_OPEN declaredMaximumStepSeconds=5.00000000e-06 stepRole=PRODUCTION_5_US_REFERENCE cleanup=true elapsedMillis=0
Q30_STEP_OWNER_CLEANUP seed=13 fault=DREV_OPEN declaredMaximumStepSeconds=5.00000000e-06 stepRole=PRODUCTION_5_US_REFERENCE cleanup=true elapsedMillis=0
Q30_STEP_OWNER_CLEANUP seed=13 fault=REN_OPEN declaredMaximumStepSeconds=1.00000000e-05 stepRole=EXPERIMENTAL_CANDIDATE_NOT_PROMOTED cleanup=true elapsedMillis=0
Q30_STEP_SEED_CLEANUP seed=13 cleanup=true elapsedMillis=0

node 11 unconnected
converged after 25 iterations, timeStep = 5.0E-6
converged after 6 iterations, timeStep = 5.0E-6
node 11 unconnected
node 11 unconnected
converged after 14 iterations, timeStep = 5.0E-6
node 11 unconnected
converged after 12 iterations, timeStep = 5.0E-6
converged after 19 iterations, timeStep = 5.0E-6
converged after 15 iterations, timeStep = 5.0E-6
node 11 unconnected
converged after 14 iterations, timeStep = 5.0E-6
node 11 unconnected
converged after 12 iterations, timeStep = 5.0E-6
converged after 15 iterations, timeStep = 5.0E-6
node 11 unconnected
node 20 unconnected
converged after 12 iterations, timeStep = 5.0E-6
converged after 20 iterations, timeStep = 5.0E-6
converged after 12 iterations, timeStep = 5.0E-6
node 11 unconnected
node 20 unconnected
converged after 12 iterations, timeStep = 5.0E-6
node 11 unconnected
node 20 unconnected
node 11 unconnected
node 20 unconnected
converged after 12 iterations, timeStep = 5.0E-6
node 11 unconnected
node 20 unconnected
node 11 unconnected
node 20 unconnected
converged after 12 iterations, timeStep = 5.0E-6
node 11 unconnected
node 20 unconnected
node 11 unconnected
node 20 unconnected
converged after 12 iterations, timeStep = 5.0E-6
node 11 unconnected
node 20 unconnected
node 11 unconnected
node 20 unconnected
node 11 unconnected
node 20 unconnected
node 11 unconnected
node 20 unconnected
node 11 unconnected
node 20 unconnected
node 11 unconnected
node 20 unconnected
node 11 unconnected
node 20 unconnected
node 11 unconnected
node 20 unconnected
node 21 unconnected
node 23 unconnected
node 11 unconnected
node 20 unconnected
node 11 unconnected
node 20 unconnected
converged after 6 iterations, timeStep = 5.0E-6
node 11 unconnected
node 20 unconnected
converged after 12 iterations, timeStep = 5.0E-6
node 11 unconnected
node 20 unconnected
node 11 unconnected
node 20 unconnected
converged after 12 iterations, timeStep = 5.0E-6
node 11 unconnected
node 20 unconnected
node 11 unconnected
node 20 unconnected
node 11 unconnected
node 20 unconnected
node 11 unconnected
node 20 unconnected
node 11 unconnected
node 20 unconnected
node 11 unconnected
node 20 unconnected
node 11 unconnected
node 20 unconnected
node 11 unconnected
node 20 unconnected
node 21 unconnected
node 23 unconnected
node 11 unconnected
node 21 unconnected
node 23 unconnected
converged after 9 iterations, timeStep = 5.0E-6
Exception in thread "main" java.lang.IllegalArgumentException: Negative E02 rail output is unsupported
	at com.lushprojects.circuitjs1.client.AbstractRailRegulatorElm.validateOperatingPoint(AbstractRailRegulatorElm.java:466)
	at com.lushprojects.circuitjs1.client.AbstractRailRegulatorElm.doStep(AbstractRailRegulatorElm.java:127)
	at com.lushprojects.circuitjs1.client.CirSim.runCircuitOwned(CirSim.java:3357)
	at com.lushprojects.circuitjs1.client.CircuitSolverExecutor.advanceOne(CircuitSolverExecutor.java:218)
	at com.lushprojects.circuitjs1.client.CircuitSolverExecutor.advanceSteps(CircuitSolverExecutor.java:128)
	at com.lushprojects.circuitjs1.client.CircuitSolverExecutor.advanceSteps(CircuitSolverExecutor.java:123)
	at com.lushprojects.circuitjs1.client.Q30SolverStepSensitivityContractTest.settleElectrical(Q30SolverStepSensitivityContractTest.java:522)
	at com.lushprojects.circuitjs1.client.Q30SolverStepSensitivityContractTest.settleMutation(Q30SolverStepSensitivityContractTest.java:500)
	at com.lushprojects.circuitjs1.client.Q30SolverStepSensitivityContractTest.runOwner(Q30SolverStepSensitivityContractTest.java:374)
	at com.lushprojects.circuitjs1.client.Q30SolverStepSensitivityContractTest.verifySeed(Q30SolverStepSensitivityContractTest.java:142)
	at com.lushprojects.circuitjs1.client.Q30SolverStepSensitivityContractTest.main(Q30SolverStepSensitivityContractTest.java:74)

Q30_SENSITIVITY_CASE seed=13 fault=SENSOR_A_OPEN exit=0 termination=True qualified=True
Q30_STEP_PROFILE seed=13 fault=SENSOR_A_OPEN profile=initial-electrical-settle boundary=BEGIN stepRole=PRODUCTION_5_US_REFERENCE declaredMaximumStepSeconds=5.00000000e-06 configuredMaximumStepSeconds=5.00000000e-06 actualCurrentStepSeconds=5.00000000e-06 observedMinimumStepSeconds=5.00000000e-06 observedMaximumStepSeconds=5.00000000e-06 minimumTimeStepSeconds=5.00000000e-11 adaptive=true
Q30_STEP_PROFILE seed=13 fault=SENSOR_A_OPEN profile=initial-electrical-settle boundary=END stepRole=PRODUCTION_5_US_REFERENCE declaredMaximumStepSeconds=5.00000000e-06 configuredMaximumStepSeconds=5.00000000e-06 actualCurrentStepSeconds=5.00000000e-06 observedMinimumStepSeconds=5.00000000e-06 observedMaximumStepSeconds=5.00000000e-06 minimumTimeStepSeconds=5.00000000e-11 adaptive=true
Q30_STEP_PROFILE seed=13 fault=SENSOR_A_OPEN profile=healthy-preparation boundary=BEGIN stepRole=PRODUCTION_5_US_REFERENCE declaredMaximumStepSeconds=5.00000000e-06 configuredMaximumStepSeconds=5.00000000e-06 actualCurrentStepSeconds=5.00000000e-06 observedMinimumStepSeconds=5.00000000e-06 observedMaximumStepSeconds=5.00000000e-06 minimumTimeStepSeconds=5.00000000e-11 adaptive=true
Q30_STEP_PROFILE seed=13 fault=SENSOR_A_OPEN profile=healthy-preparation boundary=END stepRole=PRODUCTION_5_US_REFERENCE declaredMaximumStepSeconds=5.00000000e-06 configuredMaximumStepSeconds=5.00000000e-06 actualCurrentStepSeconds=5.00000000e-06 observedMinimumStepSeconds=5.00000000e-06 observedMaximumStepSeconds=5.00000000e-06 minimumTimeStepSeconds=5.00000000e-11 adaptive=true
Q30_STEP_PROFILE seed=13 fault=SENSOR_A_OPEN profile=fault-profile-preparation boundary=BEGIN stepRole=PRODUCTION_5_US_REFERENCE declaredMaximumStepSeconds=5.00000000e-06 configuredMaximumStepSeconds=5.00000000e-06 actualCurrentStepSeconds=5.00000000e-06 observedMinimumStepSeconds=5.00000000e-06 observedMaximumStepSeconds=5.00000000e-06 minimumTimeStepSeconds=5.00000000e-11 adaptive=true
Q30_STEP_PROFILE seed=13 fault=SENSOR_A_OPEN profile=fault-profile-preparation boundary=END stepRole=PRODUCTION_5_US_REFERENCE declaredMaximumStepSeconds=5.00000000e-06 configuredMaximumStepSeconds=5.00000000e-06 actualCurrentStepSeconds=5.00000000e-06 observedMinimumStepSeconds=5.00000000e-06 observedMaximumStepSeconds=5.00000000e-06 minimumTimeStepSeconds=5.00000000e-11 adaptive=true
Q30_STEP_PROFILE seed=13 fault=SENSOR_A_OPEN profile=faulted-four-input-profile boundary=BEGIN stepRole=PRODUCTION_5_US_REFERENCE declaredMaximumStepSeconds=5.00000000e-06 configuredMaximumStepSeconds=5.00000000e-06 actualCurrentStepSeconds=5.00000000e-06 observedMinimumStepSeconds=5.00000000e-06 observedMaximumStepSeconds=5.00000000e-06 minimumTimeStepSeconds=5.00000000e-11 adaptive=true
Q30_STEP_PROFILE seed=13 fault=SENSOR_A_OPEN profile=faulted-four-input-profile boundary=END stepRole=PRODUCTION_5_US_REFERENCE declaredMaximumStepSeconds=5.00000000e-06 configuredMaximumStepSeconds=5.00000000e-06 actualCurrentStepSeconds=5.00000000e-06 observedMinimumStepSeconds=5.00000000e-06 observedMaximumStepSeconds=5.00000000e-06 minimumTimeStepSeconds=5.00000000e-11 adaptive=true
Q30_STEP_PROFILE seed=13 fault=SENSOR_A_OPEN profile=unrepaired-customer-retest boundary=BEGIN stepRole=PRODUCTION_5_US_REFERENCE declaredMaximumStepSeconds=5.00000000e-06 configuredMaximumStepSeconds=5.00000000e-06 actualCurrentStepSeconds=5.00000000e-06 observedMinimumStepSeconds=5.00000000e-06 observedMaximumStepSeconds=5.00000000e-06 minimumTimeStepSeconds=5.00000000e-11 adaptive=true
Q30_STEP_PROFILE seed=13 fault=SENSOR_A_OPEN profile=unrepaired-customer-retest boundary=END stepRole=PRODUCTION_5_US_REFERENCE declaredMaximumStepSeconds=5.00000000e-06 configuredMaximumStepSeconds=5.00000000e-06 actualCurrentStepSeconds=5.00000000e-06 observedMinimumStepSeconds=5.00000000e-06 observedMaximumStepSeconds=5.00000000e-06 minimumTimeStepSeconds=5.00000000e-11 adaptive=true
Q30_STEP_PROFILE seed=13 fault=SENSOR_A_OPEN profile=service-power-off-wait boundary=BEGIN stepRole=PRODUCTION_5_US_REFERENCE declaredMaximumStepSeconds=5.00000000e-06 configuredMaximumStepSeconds=5.00000000e-06 actualCurrentStepSeconds=5.00000000e-06 observedMinimumStepSeconds=5.00000000e-06 observedMaximumStepSeconds=5.00000000e-06 minimumTimeStepSeconds=5.00000000e-11 adaptive=true
Q30_STEP_PROFILE seed=13 fault=SENSOR_A_OPEN profile=service-power-off-wait boundary=END stepRole=PRODUCTION_5_US_REFERENCE declaredMaximumStepSeconds=5.00000000e-06 configuredMaximumStepSeconds=5.00000000e-06 actualCurrentStepSeconds=5.00000000e-06 observedMinimumStepSeconds=5.00000000e-06 observedMaximumStepSeconds=5.00000000e-06 minimumTimeStepSeconds=5.00000000e-11 adaptive=true
Q30_STEP_PROFILE seed=13 fault=SENSOR_A_OPEN profile=reinstalled-original-customer-retest boundary=BEGIN stepRole=PRODUCTION_5_US_REFERENCE declaredMaximumStepSeconds=5.00000000e-06 configuredMaximumStepSeconds=5.00000000e-06 actualCurrentStepSeconds=5.00000000e-06 observedMinimumStepSeconds=5.00000000e-06 observedMaximumStepSeconds=5.00000000e-06 minimumTimeStepSeconds=5.00000000e-11 adaptive=true
Q30_STEP_PROFILE seed=13 fault=SENSOR_A_OPEN profile=reinstalled-original-customer-retest boundary=END stepRole=PRODUCTION_5_US_REFERENCE declaredMaximumStepSeconds=5.00000000e-06 configuredMaximumStepSeconds=5.00000000e-06 actualCurrentStepSeconds=5.00000000e-06 observedMinimumStepSeconds=5.00000000e-06 observedMaximumStepSeconds=5.00000000e-06 minimumTimeStepSeconds=5.00000000e-11 adaptive=true
Q30_STEP_PROFILE seed=13 fault=SENSOR_A_OPEN profile=service-power-off-wait boundary=BEGIN stepRole=PRODUCTION_5_US_REFERENCE declaredMaximumStepSeconds=5.00000000e-06 configuredMaximumStepSeconds=5.00000000e-06 actualCurrentStepSeconds=5.00000000e-06 observedMinimumStepSeconds=5.00000000e-06 observedMaximumStepSeconds=5.00000000e-06 minimumTimeStepSeconds=5.00000000e-11 adaptive=true
Q30_STEP_PROFILE seed=13 fault=SENSOR_A_OPEN profile=service-power-off-wait boundary=END stepRole=PRODUCTION_5_US_REFERENCE declaredMaximumStepSeconds=5.00000000e-06 configuredMaximumStepSeconds=5.00000000e-06 actualCurrentStepSeconds=5.00000000e-06 observedMinimumStepSeconds=5.00000000e-06 observedMaximumStepSeconds=5.00000000e-06 minimumTimeStepSeconds=5.00000000e-11 adaptive=true
Q30_STEP_PROFILE seed=13 fault=SENSOR_A_OPEN profile=repaired-customer-retest boundary=BEGIN stepRole=PRODUCTION_5_US_REFERENCE declaredMaximumStepSeconds=5.00000000e-06 configuredMaximumStepSeconds=5.00000000e-06 actualCurrentStepSeconds=5.00000000e-06 observedMinimumStepSeconds=5.00000000e-06 observedMaximumStepSeconds=5.00000000e-06 minimumTimeStepSeconds=5.00000000e-11 adaptive=true
Q30_STEP_PROFILE seed=13 fault=SENSOR_A_OPEN profile=repaired-customer-retest boundary=END stepRole=PRODUCTION_5_US_REFERENCE declaredMaximumStepSeconds=5.00000000e-06 configuredMaximumStepSeconds=5.00000000e-06 actualCurrentStepSeconds=5.00000000e-06 observedMinimumStepSeconds=5.00000000e-06 observedMaximumStepSeconds=5.00000000e-06 minimumTimeStepSeconds=5.00000000e-11 adaptive=true
Q30_STEP_OWNER_CLEANUP seed=13 fault=SENSOR_A_OPEN declaredMaximumStepSeconds=5.00000000e-06 stepRole=PRODUCTION_5_US_REFERENCE cleanup=true elapsedMillis=0
Q30_STEP_PROFILE seed=13 fault=SENSOR_A_OPEN profile=initial-electrical-settle boundary=BEGIN stepRole=EXPERIMENTAL_CANDIDATE_NOT_PROMOTED declaredMaximumStepSeconds=1.00000000e-05 configuredMaximumStepSeconds=1.00000000e-05 actualCurrentStepSeconds=1.00000000e-05 observedMinimumStepSeconds=1.00000000e-05 observedMaximumStepSeconds=1.00000000e-05 minimumTimeStepSeconds=5.00000000e-11 adaptive=true
Q30_STEP_PROFILE seed=13 fault=SENSOR_A_OPEN profile=initial-electrical-settle boundary=END stepRole=EXPERIMENTAL_CANDIDATE_NOT_PROMOTED declaredMaximumStepSeconds=1.00000000e-05 configuredMaximumStepSeconds=1.00000000e-05 actualCurrentStepSeconds=1.00000000e-05 observedMinimumStepSeconds=1.00000000e-05 observedMaximumStepSeconds=1.00000000e-05 minimumTimeStepSeconds=5.00000000e-11 adaptive=true
Q30_STEP_PROFILE seed=13 fault=SENSOR_A_OPEN profile=healthy-preparation boundary=BEGIN stepRole=EXPERIMENTAL_CANDIDATE_NOT_PROMOTED declaredMaximumStepSeconds=1.00000000e-05 configuredMaximumStepSeconds=1.00000000e-05 actualCurrentStepSeconds=1.00000000e-05 observedMinimumStepSeconds=1.00000000e-05 observedMaximumStepSeconds=1.00000000e-05 minimumTimeStepSeconds=5.00000000e-11 adaptive=true
Q30_STEP_PROFILE seed=13 fault=SENSOR_A_OPEN profile=healthy-preparation boundary=END stepRole=EXPERIMENTAL_CANDIDATE_NOT_PROMOTED declaredMaximumStepSeconds=1.00000000e-05 configuredMaximumStepSeconds=1.00000000e-05 actualCurrentStepSeconds=1.00000000e-05 observedMinimumStepSeconds=5.00000000e-06 observedMaximumStepSeconds=1.00000000e-05 minimumTimeStepSeconds=5.00000000e-11 adaptive=true
Q30_STEP_PROFILE seed=13 fault=SENSOR_A_OPEN profile=fault-profile-preparation boundary=BEGIN stepRole=EXPERIMENTAL_CANDIDATE_NOT_PROMOTED declaredMaximumStepSeconds=1.00000000e-05 configuredMaximumStepSeconds=1.00000000e-05 actualCurrentStepSeconds=1.00000000e-05 observedMinimumStepSeconds=1.00000000e-05 observedMaximumStepSeconds=1.00000000e-05 minimumTimeStepSeconds=5.00000000e-11 adaptive=true
Q30_STEP_PROFILE seed=13 fault=SENSOR_A_OPEN profile=fault-profile-preparation boundary=END stepRole=EXPERIMENTAL_CANDIDATE_NOT_PROMOTED declaredMaximumStepSeconds=1.00000000e-05 configuredMaximumStepSeconds=1.00000000e-05 actualCurrentStepSeconds=1.00000000e-05 observedMinimumStepSeconds=1.00000000e-05 observedMaximumStepSeconds=1.00000000e-05 minimumTimeStepSeconds=5.00000000e-11 adaptive=true
Q30_STEP_PROFILE seed=13 fault=SENSOR_A_OPEN profile=faulted-four-input-profile boundary=BEGIN stepRole=EXPERIMENTAL_CANDIDATE_NOT_PROMOTED declaredMaximumStepSeconds=1.00000000e-05 configuredMaximumStepSeconds=1.00000000e-05 actualCurrentStepSeconds=1.00000000e-05 observedMinimumStepSeconds=1.00000000e-05 observedMaximumStepSeconds=1.00000000e-05 minimumTimeStepSeconds=5.00000000e-11 adaptive=true
Q30_STEP_PROFILE seed=13 fault=SENSOR_A_OPEN profile=faulted-four-input-profile boundary=END stepRole=EXPERIMENTAL_CANDIDATE_NOT_PROMOTED declaredMaximumStepSeconds=1.00000000e-05 configuredMaximumStepSeconds=1.00000000e-05 actualCurrentStepSeconds=1.00000000e-05 observedMinimumStepSeconds=1.00000000e-05 observedMaximumStepSeconds=1.00000000e-05 minimumTimeStepSeconds=5.00000000e-11 adaptive=true
Q30_STEP_PROFILE seed=13 fault=SENSOR_A_OPEN profile=unrepaired-customer-retest boundary=BEGIN stepRole=EXPERIMENTAL_CANDIDATE_NOT_PROMOTED declaredMaximumStepSeconds=1.00000000e-05 configuredMaximumStepSeconds=1.00000000e-05 actualCurrentStepSeconds=1.00000000e-05 observedMinimumStepSeconds=1.00000000e-05 observedMaximumStepSeconds=1.00000000e-05 minimumTimeStepSeconds=5.00000000e-11 adaptive=true
Q30_STEP_PROFILE seed=13 fault=SENSOR_A_OPEN profile=unrepaired-customer-retest boundary=END stepRole=EXPERIMENTAL_CANDIDATE_NOT_PROMOTED declaredMaximumStepSeconds=1.00000000e-05 configuredMaximumStepSeconds=1.00000000e-05 actualCurrentStepSeconds=1.00000000e-05 observedMinimumStepSeconds=1.00000000e-05 observedMaximumStepSeconds=1.00000000e-05 minimumTimeStepSeconds=5.00000000e-11 adaptive=true
Q30_STEP_PROFILE seed=13 fault=SENSOR_A_OPEN profile=service-power-off-wait boundary=BEGIN stepRole=EXPERIMENTAL_CANDIDATE_NOT_PROMOTED declaredMaximumStepSeconds=1.00000000e-05 configuredMaximumStepSeconds=1.00000000e-05 actualCurrentStepSeconds=1.00000000e-05 observedMinimumStepSeconds=1.00000000e-05 observedMaximumStepSeconds=1.00000000e-05 minimumTimeStepSeconds=5.00000000e-11 adaptive=true
Q30_STEP_PROFILE seed=13 fault=SENSOR_A_OPEN profile=service-power-off-wait boundary=END stepRole=EXPERIMENTAL_CANDIDATE_NOT_PROMOTED declaredMaximumStepSeconds=1.00000000e-05 configuredMaximumStepSeconds=1.00000000e-05 actualCurrentStepSeconds=1.00000000e-05 observedMinimumStepSeconds=1.00000000e-05 observedMaximumStepSeconds=1.00000000e-05 minimumTimeStepSeconds=5.00000000e-11 adaptive=true
Q30_STEP_PROFILE seed=13 fault=SENSOR_A_OPEN profile=reinstalled-original-customer-retest boundary=BEGIN stepRole=EXPERIMENTAL_CANDIDATE_NOT_PROMOTED declaredMaximumStepSeconds=1.00000000e-05 configuredMaximumStepSeconds=1.00000000e-05 actualCurrentStepSeconds=1.00000000e-05 observedMinimumStepSeconds=1.00000000e-05 observedMaximumStepSeconds=1.00000000e-05 minimumTimeStepSeconds=5.00000000e-11 adaptive=true
Q30_STEP_PROFILE seed=13 fault=SENSOR_A_OPEN profile=reinstalled-original-customer-retest boundary=END stepRole=EXPERIMENTAL_CANDIDATE_NOT_PROMOTED declaredMaximumStepSeconds=1.00000000e-05 configuredMaximumStepSeconds=1.00000000e-05 actualCurrentStepSeconds=1.00000000e-05 observedMinimumStepSeconds=1.00000000e-05 observedMaximumStepSeconds=1.00000000e-05 minimumTimeStepSeconds=5.00000000e-11 adaptive=true
Q30_STEP_PROFILE seed=13 fault=SENSOR_A_OPEN profile=service-power-off-wait boundary=BEGIN stepRole=EXPERIMENTAL_CANDIDATE_NOT_PROMOTED declaredMaximumStepSeconds=1.00000000e-05 configuredMaximumStepSeconds=1.00000000e-05 actualCurrentStepSeconds=1.00000000e-05 observedMinimumStepSeconds=1.00000000e-05 observedMaximumStepSeconds=1.00000000e-05 minimumTimeStepSeconds=5.00000000e-11 adaptive=true
Q30_STEP_PROFILE seed=13 fault=SENSOR_A_OPEN profile=service-power-off-wait boundary=END stepRole=EXPERIMENTAL_CANDIDATE_NOT_PROMOTED declaredMaximumStepSeconds=1.00000000e-05 configuredMaximumStepSeconds=1.00000000e-05 actualCurrentStepSeconds=1.00000000e-05 observedMinimumStepSeconds=1.00000000e-05 observedMaximumStepSeconds=1.00000000e-05 minimumTimeStepSeconds=5.00000000e-11 adaptive=true
Q30_STEP_PROFILE seed=13 fault=SENSOR_A_OPEN profile=repaired-customer-retest boundary=BEGIN stepRole=EXPERIMENTAL_CANDIDATE_NOT_PROMOTED declaredMaximumStepSeconds=1.00000000e-05 configuredMaximumStepSeconds=1.00000000e-05 actualCurrentStepSeconds=1.00000000e-05 observedMinimumStepSeconds=1.00000000e-05 observedMaximumStepSeconds=1.00000000e-05 minimumTimeStepSeconds=5.00000000e-11 adaptive=true
Q30_STEP_PROFILE seed=13 fault=SENSOR_A_OPEN profile=repaired-customer-retest boundary=END stepRole=EXPERIMENTAL_CANDIDATE_NOT_PROMOTED declaredMaximumStepSeconds=1.00000000e-05 configuredMaximumStepSeconds=1.00000000e-05 actualCurrentStepSeconds=1.00000000e-05 observedMinimumStepSeconds=1.00000000e-05 observedMaximumStepSeconds=1.00000000e-05 minimumTimeStepSeconds=5.00000000e-11 adaptive=true
Q30_STEP_OWNER_CLEANUP seed=13 fault=SENSOR_A_OPEN declaredMaximumStepSeconds=1.00000000e-05 stepRole=EXPERIMENTAL_CANDIDATE_NOT_PROMOTED cleanup=true elapsedMillis=0
Q30_STEP_PAIR seed=13 support=FILTERED_35 fault=SENSOR_A_OPEN referenceMaximumStepSeconds=5.00000000e-06 experimentalCandidateMaximumStepSeconds=1.00000000e-05 candidateKind=EXPERIMENTAL_NOT_PROMOTED maxDeltaVolts=2.07304892e-07 toleranceVolts=0.0100004211 phase=faulted sample=SENSORS_LOW/RSA.2-J1.2 referenceElapsedMillis=9870 experimentalCandidateElapsedMillis=5022 referenceSimSeconds=1.16036000 experimentalCandidateSimSeconds=1.16072000 referenceCleanupMillis=0 experimentalCandidateCleanupMillis=0 cleanup=true
Q30_STEP_SEED seed=13 support=FILTERED_35 referenceMaximumStepSeconds=5.00000000e-06 experimentalCandidateMaximumStepSeconds=1.00000000e-05 candidateKind=EXPERIMENTAL_NOT_PROMOTED routeTopology=RB30_SEPARATE_DIRECT_A_NMOS_B_BJT_FILTERED_35 routeAndPairsElapsedMillis=20074
Q30_STEP_OWNER_CLEANUP seed=13 fault=DREV_OPEN declaredMaximumStepSeconds=5.00000000e-06 stepRole=PRODUCTION_5_US_REFERENCE cleanup=true elapsedMillis=0
Q30_STEP_SEED_CLEANUP seed=13 cleanup=true elapsedMillis=0
PASS: Q30 experimental solver step sensitivity assertions=1730 seed=13 support=FILTERED_35 faults=1 referenceMaximumStepSeconds=5.00000000e-06 experimentalCandidateMaximumStepSeconds=1.00000000e-05 candidateKind=EXPERIMENTAL_NOT_PROMOTED elapsedMillis=20074

node 11 unconnected
converged after 25 iterations, timeStep = 5.0E-6
converged after 6 iterations, timeStep = 5.0E-6
node 11 unconnected
node 11 unconnected
converged after 14 iterations, timeStep = 5.0E-6
node 11 unconnected
converged after 12 iterations, timeStep = 5.0E-6
converged after 19 iterations, timeStep = 5.0E-6
converged after 15 iterations, timeStep = 5.0E-6
node 11 unconnected
converged after 14 iterations, timeStep = 5.0E-6
node 11 unconnected
converged after 12 iterations, timeStep = 5.0E-6
converged after 15 iterations, timeStep = 5.0E-6
node 11 unconnected
converged after 16 iterations, timeStep = 5.0E-6
node 11 unconnected
converged after 12 iterations, timeStep = 5.0E-6
converged after 9 iterations, timeStep = 5.0E-6
node 11 unconnected
node 11 unconnected
converged after 16 iterations, timeStep = 5.0E-6
node 11 unconnected
node 11 unconnected
converged after 12 iterations, timeStep = 5.0E-6
converged after 9 iterations, timeStep = 5.0E-6
node 11 unconnected
node 11 unconnected
converged after 16 iterations, timeStep = 5.0E-6
node 11 unconnected
node 7 unconnected
node 11 unconnected
node 7 unconnected
node 11 unconnected
converged after 9 iterations, timeStep = 5.0E-6
node 7 unconnected
node 11 unconnected
node 7 unconnected
node 11 unconnected
node 7 unconnected
node 11 unconnected
node 7 unconnected
node 11 unconnected
node 7 unconnected
node 11 unconnected
node 29 unconnected
node 31 unconnected
node 7 unconnected
node 11 unconnected
node 11 unconnected
converged after 23 iterations, timeStep = 5.0E-6
node 11 unconnected
converged after 12 iterations, timeStep = 5.0E-6
converged after 16 iterations, timeStep = 5.0E-6
converged after 9 iterations, timeStep = 5.0E-6
node 11 unconnected
node 11 unconnected
converged after 16 iterations, timeStep = 5.0E-6
node 11 unconnected
node 7 unconnected
node 11 unconnected
node 7 unconnected
node 11 unconnected
converged after 9 iterations, timeStep = 5.0E-6
node 7 unconnected
node 11 unconnected
node 7 unconnected
node 11 unconnected
node 7 unconnected
node 11 unconnected
node 7 unconnected
node 11 unconnected
node 7 unconnected
node 11 unconnected
node 29 unconnected
node 31 unconnected
node 11 unconnected
node 29 unconnected
node 31 unconnected
node 11 unconnected
node 29 unconnected
node 31 unconnected
converged after 23 iterations, timeStep = 5.0E-6
node 11 unconnected
node 29 unconnected
node 31 unconnected
converged after 12 iterations, timeStep = 5.0E-6
converged after 16 iterations, timeStep = 5.0E-6
converged after 9 iterations, timeStep = 5.0E-6
node 11 unconnected
node 29 unconnected
node 31 unconnected
converged after 14 iterations, timeStep = 5.0E-6
node 11 unconnected
node 29 unconnected
node 31 unconnected
converged after 12 iterations, timeStep = 5.0E-6
converged after 19 iterations, timeStep = 5.0E-6
converged after 15 iterations, timeStep = 5.0E-6
node 11 unconnected
node 29 unconnected
node 31 unconnected
converged after 14 iterations, timeStep = 5.0E-6
node 11 unconnected
converged after 24 iterations, timeStep = 1.0E-5
node 11 unconnected
node 11 unconnected
converged after 14 iterations, timeStep = 1.0E-5
node 11 unconnected
converged after 12 iterations, timeStep = 1.0E-5
converged after 19 iterations, timeStep = 1.0E-5
converged after 15 iterations, timeStep = 1.0E-5
node 11 unconnected
converged after 14 iterations, timeStep = 1.0E-5
node 11 unconnected
converged after 12 iterations, timeStep = 1.0E-5
timestep down to 5.0E-6 at 0.13073999999998998
converged after 13 iterations, timeStep = 5.0E-6
converged after 3 iterations, timeStep = 5.0E-6
converged after 3 iterations, timeStep = 5.0E-6
converged after 3 iterations, timeStep = 5.0E-6
converged after 3 iterations, timeStep = 5.0E-6
converged after 3 iterations, timeStep = 5.0E-6
converged after 3 iterations, timeStep = 5.0E-6
converged after 3 iterations, timeStep = 5.0E-6
converged after 3 iterations, timeStep = 5.0E-6
converged after 3 iterations, timeStep = 5.0E-6
converged after 3 iterations, timeStep = 5.0E-6
converged after 3 iterations, timeStep = 5.0E-6
converged after 3 iterations, timeStep = 5.0E-6
converged after 3 iterations, timeStep = 5.0E-6
converged after 3 iterations, timeStep = 5.0E-6
converged after 3 iterations, timeStep = 5.0E-6
converged after 3 iterations, timeStep = 5.0E-6
converged after 3 iterations, timeStep = 5.0E-6
converged after 3 iterations, timeStep = 5.0E-6
converged after 3 iterations, timeStep = 5.0E-6
converged after 3 iterations, timeStep = 5.0E-6
converged after 3 iterations, timeStep = 5.0E-6
converged after 3 iterations, timeStep = 5.0E-6
converged after 3 iterations, timeStep = 5.0E-6
converged after 3 iterations, timeStep = 5.0E-6
converged after 3 iterations, timeStep = 5.0E-6
converged after 3 iterations, timeStep = 5.0E-6
converged after 3 iterations, timeStep = 5.0E-6
converged after 3 iterations, timeStep = 5.0E-6
converged after 3 iterations, timeStep = 5.0E-6
converged after 3 iterations, timeStep = 5.0E-6
converged after 3 iterations, timeStep = 5.0E-6
converged after 3 iterations, timeStep = 5.0E-6
converged after 3 iterations, timeStep = 5.0E-6
converged after 3 iterations, timeStep = 5.0E-6
converged after 3 iterations, timeStep = 5.0E-6
converged after 3 iterations, timeStep = 5.0E-6
converged after 2 iterations, timeStep = 5.0E-6
converged after 2 iterations, timeStep = 5.0E-6
converged after 2 iterations, timeStep = 5.0E-6
timestep up = 1.0E-5 at 0.13093999999999018
node 11 unconnected
converged after 15 iterations, timeStep = 1.0E-5
node 11 unconnected
converged after 12 iterations, timeStep = 1.0E-5
converged after 10 iterations, timeStep = 1.0E-5
node 11 unconnected
node 11 unconnected
converged after 15 iterations, timeStep = 1.0E-5
node 11 unconnected
node 11 unconnected
converged after 12 iterations, timeStep = 1.0E-5
converged after 10 iterations, timeStep = 1.0E-5
node 11 unconnected
node 11 unconnected
converged after 15 iterations, timeStep = 1.0E-5
node 11 unconnected
node 7 unconnected
node 11 unconnected
node 7 unconnected
node 11 unconnected
converged after 9 iterations, timeStep = 1.0E-5
node 7 unconnected
node 11 unconnected
node 7 unconnected
node 11 unconnected
node 7 unconnected
node 11 unconnected
node 7 unconnected
node 11 unconnected
node 7 unconnected
node 11 unconnected
node 29 unconnected
node 31 unconnected
node 7 unconnected
node 11 unconnected
node 11 unconnected
converged after 23 iterations, timeStep = 1.0E-5
converged after 6 iterations, timeStep = 1.0E-5
node 11 unconnected
converged after 12 iterations, timeStep = 1.0E-5
converged after 9 iterations, timeStep = 1.0E-5
converged after 10 iterations, timeStep = 1.0E-5
node 11 unconnected
node 11 unconnected
converged after 15 iterations, timeStep = 1.0E-5
node 11 unconnected
node 7 unconnected
node 11 unconnected
node 7 unconnected
node 11 unconnected
converged after 9 iterations, timeStep = 1.0E-5
node 7 unconnected
node 11 unconnected
node 7 unconnected
node 11 unconnected
node 7 unconnected
node 11 unconnected
node 7 unconnected
node 11 unconnected
node 7 unconnected
node 11 unconnected
node 29 unconnected
node 31 unconnected
node 11 unconnected
node 29 unconnected
node 31 unconnected
node 11 unconnected
node 29 unconnected
node 31 unconnected
converged after 23 iterations, timeStep = 1.0E-5
converged after 6 iterations, timeStep = 1.0E-5
node 11 unconnected
node 29 unconnected
node 31 unconnected
converged after 12 iterations, timeStep = 1.0E-5
converged after 9 iterations, timeStep = 1.0E-5
converged after 10 iterations, timeStep = 1.0E-5
node 11 unconnected
node 29 unconnected
node 31 unconnected
converged after 14 iterations, timeStep = 1.0E-5
node 11 unconnected
node 29 unconnected
node 31 unconnected
converged after 12 iterations, timeStep = 1.0E-5
converged after 19 iterations, timeStep = 1.0E-5
converged after 15 iterations, timeStep = 1.0E-5
node 11 unconnected
node 29 unconnected
node 31 unconnected
converged after 14 iterations, timeStep = 1.0E-5

Q30_SENSITIVITY_CASE seed=13 fault=DRIVE_A_OPEN exit=0 termination=True qualified=True
Q30_STEP_PROFILE seed=13 fault=DRIVE_A_OPEN profile=initial-electrical-settle boundary=BEGIN stepRole=PRODUCTION_5_US_REFERENCE declaredMaximumStepSeconds=5.00000000e-06 configuredMaximumStepSeconds=5.00000000e-06 actualCurrentStepSeconds=5.00000000e-06 observedMinimumStepSeconds=5.00000000e-06 observedMaximumStepSeconds=5.00000000e-06 minimumTimeStepSeconds=5.00000000e-11 adaptive=true
Q30_STEP_PROFILE seed=13 fault=DRIVE_A_OPEN profile=initial-electrical-settle boundary=END stepRole=PRODUCTION_5_US_REFERENCE declaredMaximumStepSeconds=5.00000000e-06 configuredMaximumStepSeconds=5.00000000e-06 actualCurrentStepSeconds=5.00000000e-06 observedMinimumStepSeconds=5.00000000e-06 observedMaximumStepSeconds=5.00000000e-06 minimumTimeStepSeconds=5.00000000e-11 adaptive=true
Q30_STEP_PROFILE seed=13 fault=DRIVE_A_OPEN profile=healthy-preparation boundary=BEGIN stepRole=PRODUCTION_5_US_REFERENCE declaredMaximumStepSeconds=5.00000000e-06 configuredMaximumStepSeconds=5.00000000e-06 actualCurrentStepSeconds=5.00000000e-06 observedMinimumStepSeconds=5.00000000e-06 observedMaximumStepSeconds=5.00000000e-06 minimumTimeStepSeconds=5.00000000e-11 adaptive=true
Q30_STEP_PROFILE seed=13 fault=DRIVE_A_OPEN profile=healthy-preparation boundary=END stepRole=PRODUCTION_5_US_REFERENCE declaredMaximumStepSeconds=5.00000000e-06 configuredMaximumStepSeconds=5.00000000e-06 actualCurrentStepSeconds=5.00000000e-06 observedMinimumStepSeconds=5.00000000e-06 observedMaximumStepSeconds=5.00000000e-06 minimumTimeStepSeconds=5.00000000e-11 adaptive=true
Q30_STEP_PROFILE seed=13 fault=DRIVE_A_OPEN profile=fault-profile-preparation boundary=BEGIN stepRole=PRODUCTION_5_US_REFERENCE declaredMaximumStepSeconds=5.00000000e-06 configuredMaximumStepSeconds=5.00000000e-06 actualCurrentStepSeconds=5.00000000e-06 observedMinimumStepSeconds=5.00000000e-06 observedMaximumStepSeconds=5.00000000e-06 minimumTimeStepSeconds=5.00000000e-11 adaptive=true
Q30_STEP_PROFILE seed=13 fault=DRIVE_A_OPEN profile=fault-profile-preparation boundary=END stepRole=PRODUCTION_5_US_REFERENCE declaredMaximumStepSeconds=5.00000000e-06 configuredMaximumStepSeconds=5.00000000e-06 actualCurrentStepSeconds=5.00000000e-06 observedMinimumStepSeconds=5.00000000e-06 observedMaximumStepSeconds=5.00000000e-06 minimumTimeStepSeconds=5.00000000e-11 adaptive=true
Q30_STEP_PROFILE seed=13 fault=DRIVE_A_OPEN profile=faulted-four-input-profile boundary=BEGIN stepRole=PRODUCTION_5_US_REFERENCE declaredMaximumStepSeconds=5.00000000e-06 configuredMaximumStepSeconds=5.00000000e-06 actualCurrentStepSeconds=5.00000000e-06 observedMinimumStepSeconds=5.00000000e-06 observedMaximumStepSeconds=5.00000000e-06 minimumTimeStepSeconds=5.00000000e-11 adaptive=true
Q30_STEP_PROFILE seed=13 fault=DRIVE_A_OPEN profile=faulted-four-input-profile boundary=END stepRole=PRODUCTION_5_US_REFERENCE declaredMaximumStepSeconds=5.00000000e-06 configuredMaximumStepSeconds=5.00000000e-06 actualCurrentStepSeconds=5.00000000e-06 observedMinimumStepSeconds=5.00000000e-06 observedMaximumStepSeconds=5.00000000e-06 minimumTimeStepSeconds=5.00000000e-11 adaptive=true
Q30_STEP_PROFILE seed=13 fault=DRIVE_A_OPEN profile=unrepaired-customer-retest boundary=BEGIN stepRole=PRODUCTION_5_US_REFERENCE declaredMaximumStepSeconds=5.00000000e-06 configuredMaximumStepSeconds=5.00000000e-06 actualCurrentStepSeconds=5.00000000e-06 observedMinimumStepSeconds=5.00000000e-06 observedMaximumStepSeconds=5.00000000e-06 minimumTimeStepSeconds=5.00000000e-11 adaptive=true
Q30_STEP_PROFILE seed=13 fault=DRIVE_A_OPEN profile=unrepaired-customer-retest boundary=END stepRole=PRODUCTION_5_US_REFERENCE declaredMaximumStepSeconds=5.00000000e-06 configuredMaximumStepSeconds=5.00000000e-06 actualCurrentStepSeconds=5.00000000e-06 observedMinimumStepSeconds=5.00000000e-06 observedMaximumStepSeconds=5.00000000e-06 minimumTimeStepSeconds=5.00000000e-11 adaptive=true
Q30_STEP_PROFILE seed=13 fault=DRIVE_A_OPEN profile=service-power-off-wait boundary=BEGIN stepRole=PRODUCTION_5_US_REFERENCE declaredMaximumStepSeconds=5.00000000e-06 configuredMaximumStepSeconds=5.00000000e-06 actualCurrentStepSeconds=5.00000000e-06 observedMinimumStepSeconds=5.00000000e-06 observedMaximumStepSeconds=5.00000000e-06 minimumTimeStepSeconds=5.00000000e-11 adaptive=true
Q30_STEP_PROFILE seed=13 fault=DRIVE_A_OPEN profile=service-power-off-wait boundary=END stepRole=PRODUCTION_5_US_REFERENCE declaredMaximumStepSeconds=5.00000000e-06 configuredMaximumStepSeconds=5.00000000e-06 actualCurrentStepSeconds=5.00000000e-06 observedMinimumStepSeconds=5.00000000e-06 observedMaximumStepSeconds=5.00000000e-06 minimumTimeStepSeconds=5.00000000e-11 adaptive=true
Q30_STEP_PROFILE seed=13 fault=DRIVE_A_OPEN profile=reinstalled-original-customer-retest boundary=BEGIN stepRole=PRODUCTION_5_US_REFERENCE declaredMaximumStepSeconds=5.00000000e-06 configuredMaximumStepSeconds=5.00000000e-06 actualCurrentStepSeconds=5.00000000e-06 observedMinimumStepSeconds=5.00000000e-06 observedMaximumStepSeconds=5.00000000e-06 minimumTimeStepSeconds=5.00000000e-11 adaptive=true
Q30_STEP_PROFILE seed=13 fault=DRIVE_A_OPEN profile=reinstalled-original-customer-retest boundary=END stepRole=PRODUCTION_5_US_REFERENCE declaredMaximumStepSeconds=5.00000000e-06 configuredMaximumStepSeconds=5.00000000e-06 actualCurrentStepSeconds=5.00000000e-06 observedMinimumStepSeconds=5.00000000e-06 observedMaximumStepSeconds=5.00000000e-06 minimumTimeStepSeconds=5.00000000e-11 adaptive=true
Q30_STEP_PROFILE seed=13 fault=DRIVE_A_OPEN profile=service-power-off-wait boundary=BEGIN stepRole=PRODUCTION_5_US_REFERENCE declaredMaximumStepSeconds=5.00000000e-06 configuredMaximumStepSeconds=5.00000000e-06 actualCurrentStepSeconds=5.00000000e-06 observedMinimumStepSeconds=5.00000000e-06 observedMaximumStepSeconds=5.00000000e-06 minimumTimeStepSeconds=5.00000000e-11 adaptive=true
Q30_STEP_PROFILE seed=13 fault=DRIVE_A_OPEN profile=service-power-off-wait boundary=END stepRole=PRODUCTION_5_US_REFERENCE declaredMaximumStepSeconds=5.00000000e-06 configuredMaximumStepSeconds=5.00000000e-06 actualCurrentStepSeconds=5.00000000e-06 observedMinimumStepSeconds=5.00000000e-06 observedMaximumStepSeconds=5.00000000e-06 minimumTimeStepSeconds=5.00000000e-11 adaptive=true
Q30_STEP_PROFILE seed=13 fault=DRIVE_A_OPEN profile=repaired-customer-retest boundary=BEGIN stepRole=PRODUCTION_5_US_REFERENCE declaredMaximumStepSeconds=5.00000000e-06 configuredMaximumStepSeconds=5.00000000e-06 actualCurrentStepSeconds=5.00000000e-06 observedMinimumStepSeconds=5.00000000e-06 observedMaximumStepSeconds=5.00000000e-06 minimumTimeStepSeconds=5.00000000e-11 adaptive=true
Q30_STEP_PROFILE seed=13 fault=DRIVE_A_OPEN profile=repaired-customer-retest boundary=END stepRole=PRODUCTION_5_US_REFERENCE declaredMaximumStepSeconds=5.00000000e-06 configuredMaximumStepSeconds=5.00000000e-06 actualCurrentStepSeconds=5.00000000e-06 observedMinimumStepSeconds=5.00000000e-06 observedMaximumStepSeconds=5.00000000e-06 minimumTimeStepSeconds=5.00000000e-11 adaptive=true
Q30_STEP_OWNER_CLEANUP seed=13 fault=DRIVE_A_OPEN declaredMaximumStepSeconds=5.00000000e-06 stepRole=PRODUCTION_5_US_REFERENCE cleanup=true elapsedMillis=0
Q30_STEP_PROFILE seed=13 fault=DRIVE_A_OPEN profile=initial-electrical-settle boundary=BEGIN stepRole=EXPERIMENTAL_CANDIDATE_NOT_PROMOTED declaredMaximumStepSeconds=1.00000000e-05 configuredMaximumStepSeconds=1.00000000e-05 actualCurrentStepSeconds=1.00000000e-05 observedMinimumStepSeconds=1.00000000e-05 observedMaximumStepSeconds=1.00000000e-05 minimumTimeStepSeconds=5.00000000e-11 adaptive=true
Q30_STEP_PROFILE seed=13 fault=DRIVE_A_OPEN profile=initial-electrical-settle boundary=END stepRole=EXPERIMENTAL_CANDIDATE_NOT_PROMOTED declaredMaximumStepSeconds=1.00000000e-05 configuredMaximumStepSeconds=1.00000000e-05 actualCurrentStepSeconds=1.00000000e-05 observedMinimumStepSeconds=1.00000000e-05 observedMaximumStepSeconds=1.00000000e-05 minimumTimeStepSeconds=5.00000000e-11 adaptive=true
Q30_STEP_PROFILE seed=13 fault=DRIVE_A_OPEN profile=healthy-preparation boundary=BEGIN stepRole=EXPERIMENTAL_CANDIDATE_NOT_PROMOTED declaredMaximumStepSeconds=1.00000000e-05 configuredMaximumStepSeconds=1.00000000e-05 actualCurrentStepSeconds=1.00000000e-05 observedMinimumStepSeconds=1.00000000e-05 observedMaximumStepSeconds=1.00000000e-05 minimumTimeStepSeconds=5.00000000e-11 adaptive=true
Q30_STEP_PROFILE seed=13 fault=DRIVE_A_OPEN profile=healthy-preparation boundary=END stepRole=EXPERIMENTAL_CANDIDATE_NOT_PROMOTED declaredMaximumStepSeconds=1.00000000e-05 configuredMaximumStepSeconds=1.00000000e-05 actualCurrentStepSeconds=1.00000000e-05 observedMinimumStepSeconds=5.00000000e-06 observedMaximumStepSeconds=1.00000000e-05 minimumTimeStepSeconds=5.00000000e-11 adaptive=true
Q30_STEP_PROFILE seed=13 fault=DRIVE_A_OPEN profile=fault-profile-preparation boundary=BEGIN stepRole=EXPERIMENTAL_CANDIDATE_NOT_PROMOTED declaredMaximumStepSeconds=1.00000000e-05 configuredMaximumStepSeconds=1.00000000e-05 actualCurrentStepSeconds=1.00000000e-05 observedMinimumStepSeconds=1.00000000e-05 observedMaximumStepSeconds=1.00000000e-05 minimumTimeStepSeconds=5.00000000e-11 adaptive=true
Q30_STEP_PROFILE seed=13 fault=DRIVE_A_OPEN profile=fault-profile-preparation boundary=END stepRole=EXPERIMENTAL_CANDIDATE_NOT_PROMOTED declaredMaximumStepSeconds=1.00000000e-05 configuredMaximumStepSeconds=1.00000000e-05 actualCurrentStepSeconds=1.00000000e-05 observedMinimumStepSeconds=1.00000000e-05 observedMaximumStepSeconds=1.00000000e-05 minimumTimeStepSeconds=5.00000000e-11 adaptive=true
Q30_STEP_PROFILE seed=13 fault=DRIVE_A_OPEN profile=faulted-four-input-profile boundary=BEGIN stepRole=EXPERIMENTAL_CANDIDATE_NOT_PROMOTED declaredMaximumStepSeconds=1.00000000e-05 configuredMaximumStepSeconds=1.00000000e-05 actualCurrentStepSeconds=1.00000000e-05 observedMinimumStepSeconds=1.00000000e-05 observedMaximumStepSeconds=1.00000000e-05 minimumTimeStepSeconds=5.00000000e-11 adaptive=true
Q30_STEP_PROFILE seed=13 fault=DRIVE_A_OPEN profile=faulted-four-input-profile boundary=END stepRole=EXPERIMENTAL_CANDIDATE_NOT_PROMOTED declaredMaximumStepSeconds=1.00000000e-05 configuredMaximumStepSeconds=1.00000000e-05 actualCurrentStepSeconds=1.00000000e-05 observedMinimumStepSeconds=1.00000000e-05 observedMaximumStepSeconds=1.00000000e-05 minimumTimeStepSeconds=5.00000000e-11 adaptive=true
Q30_STEP_PROFILE seed=13 fault=DRIVE_A_OPEN profile=unrepaired-customer-retest boundary=BEGIN stepRole=EXPERIMENTAL_CANDIDATE_NOT_PROMOTED declaredMaximumStepSeconds=1.00000000e-05 configuredMaximumStepSeconds=1.00000000e-05 actualCurrentStepSeconds=1.00000000e-05 observedMinimumStepSeconds=1.00000000e-05 observedMaximumStepSeconds=1.00000000e-05 minimumTimeStepSeconds=5.00000000e-11 adaptive=true
Q30_STEP_PROFILE seed=13 fault=DRIVE_A_OPEN profile=unrepaired-customer-retest boundary=END stepRole=EXPERIMENTAL_CANDIDATE_NOT_PROMOTED declaredMaximumStepSeconds=1.00000000e-05 configuredMaximumStepSeconds=1.00000000e-05 actualCurrentStepSeconds=1.00000000e-05 observedMinimumStepSeconds=1.00000000e-05 observedMaximumStepSeconds=1.00000000e-05 minimumTimeStepSeconds=5.00000000e-11 adaptive=true
Q30_STEP_PROFILE seed=13 fault=DRIVE_A_OPEN profile=service-power-off-wait boundary=BEGIN stepRole=EXPERIMENTAL_CANDIDATE_NOT_PROMOTED declaredMaximumStepSeconds=1.00000000e-05 configuredMaximumStepSeconds=1.00000000e-05 actualCurrentStepSeconds=1.00000000e-05 observedMinimumStepSeconds=1.00000000e-05 observedMaximumStepSeconds=1.00000000e-05 minimumTimeStepSeconds=5.00000000e-11 adaptive=true
Q30_STEP_PROFILE seed=13 fault=DRIVE_A_OPEN profile=service-power-off-wait boundary=END stepRole=EXPERIMENTAL_CANDIDATE_NOT_PROMOTED declaredMaximumStepSeconds=1.00000000e-05 configuredMaximumStepSeconds=1.00000000e-05 actualCurrentStepSeconds=1.00000000e-05 observedMinimumStepSeconds=1.00000000e-05 observedMaximumStepSeconds=1.00000000e-05 minimumTimeStepSeconds=5.00000000e-11 adaptive=true
Q30_STEP_PROFILE seed=13 fault=DRIVE_A_OPEN profile=reinstalled-original-customer-retest boundary=BEGIN stepRole=EXPERIMENTAL_CANDIDATE_NOT_PROMOTED declaredMaximumStepSeconds=1.00000000e-05 configuredMaximumStepSeconds=1.00000000e-05 actualCurrentStepSeconds=1.00000000e-05 observedMinimumStepSeconds=1.00000000e-05 observedMaximumStepSeconds=1.00000000e-05 minimumTimeStepSeconds=5.00000000e-11 adaptive=true
Q30_STEP_PROFILE seed=13 fault=DRIVE_A_OPEN profile=reinstalled-original-customer-retest boundary=END stepRole=EXPERIMENTAL_CANDIDATE_NOT_PROMOTED declaredMaximumStepSeconds=1.00000000e-05 configuredMaximumStepSeconds=1.00000000e-05 actualCurrentStepSeconds=1.00000000e-05 observedMinimumStepSeconds=1.00000000e-05 observedMaximumStepSeconds=1.00000000e-05 minimumTimeStepSeconds=5.00000000e-11 adaptive=true
Q30_STEP_PROFILE seed=13 fault=DRIVE_A_OPEN profile=service-power-off-wait boundary=BEGIN stepRole=EXPERIMENTAL_CANDIDATE_NOT_PROMOTED declaredMaximumStepSeconds=1.00000000e-05 configuredMaximumStepSeconds=1.00000000e-05 actualCurrentStepSeconds=1.00000000e-05 observedMinimumStepSeconds=1.00000000e-05 observedMaximumStepSeconds=1.00000000e-05 minimumTimeStepSeconds=5.00000000e-11 adaptive=true
Q30_STEP_PROFILE seed=13 fault=DRIVE_A_OPEN profile=service-power-off-wait boundary=END stepRole=EXPERIMENTAL_CANDIDATE_NOT_PROMOTED declaredMaximumStepSeconds=1.00000000e-05 configuredMaximumStepSeconds=1.00000000e-05 actualCurrentStepSeconds=1.00000000e-05 observedMinimumStepSeconds=1.00000000e-05 observedMaximumStepSeconds=1.00000000e-05 minimumTimeStepSeconds=5.00000000e-11 adaptive=true
Q30_STEP_PROFILE seed=13 fault=DRIVE_A_OPEN profile=repaired-customer-retest boundary=BEGIN stepRole=EXPERIMENTAL_CANDIDATE_NOT_PROMOTED declaredMaximumStepSeconds=1.00000000e-05 configuredMaximumStepSeconds=1.00000000e-05 actualCurrentStepSeconds=1.00000000e-05 observedMinimumStepSeconds=1.00000000e-05 observedMaximumStepSeconds=1.00000000e-05 minimumTimeStepSeconds=5.00000000e-11 adaptive=true
Q30_STEP_PROFILE seed=13 fault=DRIVE_A_OPEN profile=repaired-customer-retest boundary=END stepRole=EXPERIMENTAL_CANDIDATE_NOT_PROMOTED declaredMaximumStepSeconds=1.00000000e-05 configuredMaximumStepSeconds=1.00000000e-05 actualCurrentStepSeconds=1.00000000e-05 observedMinimumStepSeconds=5.00000000e-06 observedMaximumStepSeconds=1.00000000e-05 minimumTimeStepSeconds=5.00000000e-11 adaptive=true
Q30_STEP_OWNER_CLEANUP seed=13 fault=DRIVE_A_OPEN declaredMaximumStepSeconds=1.00000000e-05 stepRole=EXPERIMENTAL_CANDIDATE_NOT_PROMOTED cleanup=true elapsedMillis=0
Q30_STEP_PAIR seed=13 support=FILTERED_35 fault=DRIVE_A_OPEN referenceMaximumStepSeconds=5.00000000e-06 experimentalCandidateMaximumStepSeconds=1.00000000e-05 candidateKind=EXPERIMENTAL_NOT_PROMOTED maxDeltaVolts=3.75573996e-07 toleranceVolts=0.0100004042 phase=customer-retest sample=SENSORS_LOW/RSA.2-J1.2 referenceElapsedMillis=9578 experimentalCandidateElapsedMillis=4851 referenceSimSeconds=1.16036000 experimentalCandidateSimSeconds=1.16072000 referenceCleanupMillis=0 experimentalCandidateCleanupMillis=0 cleanup=true
Q30_STEP_SEED seed=13 support=FILTERED_35 referenceMaximumStepSeconds=5.00000000e-06 experimentalCandidateMaximumStepSeconds=1.00000000e-05 candidateKind=EXPERIMENTAL_NOT_PROMOTED routeTopology=RB30_SEPARATE_DIRECT_A_NMOS_B_BJT_FILTERED_35 routeAndPairsElapsedMillis=19178
Q30_STEP_OWNER_CLEANUP seed=13 fault=DREV_OPEN declaredMaximumStepSeconds=5.00000000e-06 stepRole=PRODUCTION_5_US_REFERENCE cleanup=true elapsedMillis=0
Q30_STEP_SEED_CLEANUP seed=13 cleanup=true elapsedMillis=0
PASS: Q30 experimental solver step sensitivity assertions=1730 seed=13 support=FILTERED_35 faults=1 referenceMaximumStepSeconds=5.00000000e-06 experimentalCandidateMaximumStepSeconds=1.00000000e-05 candidateKind=EXPERIMENTAL_NOT_PROMOTED elapsedMillis=19178

node 11 unconnected
converged after 25 iterations, timeStep = 5.0E-6
converged after 6 iterations, timeStep = 5.0E-6
node 11 unconnected
node 11 unconnected
converged after 14 iterations, timeStep = 5.0E-6
node 11 unconnected
converged after 12 iterations, timeStep = 5.0E-6
converged after 19 iterations, timeStep = 5.0E-6
converged after 15 iterations, timeStep = 5.0E-6
node 11 unconnected
converged after 14 iterations, timeStep = 5.0E-6
node 11 unconnected
converged after 12 iterations, timeStep = 5.0E-6
converged after 15 iterations, timeStep = 5.0E-6
node 11 unconnected
converged after 16 iterations, timeStep = 5.0E-6
node 11 unconnected
converged after 12 iterations, timeStep = 5.0E-6
converged after 9 iterations, timeStep = 5.0E-6
node 11 unconnected
node 11 unconnected
converged after 12 iterations, timeStep = 5.0E-6
converged after 16 iterations, timeStep = 5.0E-6
node 11 unconnected
node 11 unconnected
converged after 12 iterations, timeStep = 5.0E-6
converged after 9 iterations, timeStep = 5.0E-6
node 11 unconnected
node 11 unconnected
converged after 12 iterations, timeStep = 5.0E-6
converged after 16 iterations, timeStep = 5.0E-6
node 11 unconnected
node 11 unconnected
node 11 unconnected
converged after 9 iterations, timeStep = 5.0E-6
node 11 unconnected
node 11 unconnected
node 11 unconnected
node 11 unconnected
node 11 unconnected
node 36 unconnected
node 39 unconnected
node 11 unconnected
node 11 unconnected
converged after 23 iterations, timeStep = 5.0E-6
node 11 unconnected
converged after 12 iterations, timeStep = 5.0E-6
converged after 16 iterations, timeStep = 5.0E-6
converged after 9 iterations, timeStep = 5.0E-6
node 11 unconnected
node 11 unconnected
converged after 12 iterations, timeStep = 5.0E-6
converged after 16 iterations, timeStep = 5.0E-6
node 11 unconnected
node 11 unconnected
node 11 unconnected
converged after 9 iterations, timeStep = 5.0E-6
node 11 unconnected
node 11 unconnected
node 11 unconnected
node 11 unconnected
node 11 unconnected
node 36 unconnected
node 39 unconnected
node 11 unconnected
node 36 unconnected
node 39 unconnected
node 11 unconnected
node 36 unconnected
node 39 unconnected
converged after 23 iterations, timeStep = 5.0E-6
node 11 unconnected
node 36 unconnected
node 39 unconnected
converged after 12 iterations, timeStep = 5.0E-6
converged after 20 iterations, timeStep = 5.0E-6
converged after 15 iterations, timeStep = 5.0E-6
node 11 unconnected
node 36 unconnected
node 39 unconnected
converged after 14 iterations, timeStep = 5.0E-6
node 11 unconnected
node 36 unconnected
node 39 unconnected
converged after 12 iterations, timeStep = 5.0E-6
converged after 19 iterations, timeStep = 5.0E-6
converged after 15 iterations, timeStep = 5.0E-6
node 11 unconnected
node 36 unconnected
node 39 unconnected
converged after 14 iterations, timeStep = 5.0E-6
node 11 unconnected
converged after 24 iterations, timeStep = 1.0E-5
node 11 unconnected
node 11 unconnected
converged after 14 iterations, timeStep = 1.0E-5
node 11 unconnected
converged after 12 iterations, timeStep = 1.0E-5
converged after 19 iterations, timeStep = 1.0E-5
converged after 15 iterations, timeStep = 1.0E-5
node 11 unconnected
converged after 14 iterations, timeStep = 1.0E-5
node 11 unconnected
converged after 12 iterations, timeStep = 1.0E-5
timestep down to 5.0E-6 at 0.13073999999998998
converged after 13 iterations, timeStep = 5.0E-6
converged after 3 iterations, timeStep = 5.0E-6
converged after 3 iterations, timeStep = 5.0E-6
converged after 3 iterations, timeStep = 5.0E-6
converged after 3 iterations, timeStep = 5.0E-6
converged after 3 iterations, timeStep = 5.0E-6
converged after 3 iterations, timeStep = 5.0E-6
converged after 3 iterations, timeStep = 5.0E-6
converged after 3 iterations, timeStep = 5.0E-6
converged after 3 iterations, timeStep = 5.0E-6
converged after 3 iterations, timeStep = 5.0E-6
converged after 3 iterations, timeStep = 5.0E-6
converged after 3 iterations, timeStep = 5.0E-6
converged after 3 iterations, timeStep = 5.0E-6
converged after 3 iterations, timeStep = 5.0E-6
converged after 3 iterations, timeStep = 5.0E-6
converged after 3 iterations, timeStep = 5.0E-6
converged after 3 iterations, timeStep = 5.0E-6
converged after 3 iterations, timeStep = 5.0E-6
converged after 3 iterations, timeStep = 5.0E-6
converged after 3 iterations, timeStep = 5.0E-6
converged after 3 iterations, timeStep = 5.0E-6
converged after 3 iterations, timeStep = 5.0E-6
converged after 3 iterations, timeStep = 5.0E-6
converged after 3 iterations, timeStep = 5.0E-6
converged after 3 iterations, timeStep = 5.0E-6
converged after 3 iterations, timeStep = 5.0E-6
converged after 3 iterations, timeStep = 5.0E-6
converged after 3 iterations, timeStep = 5.0E-6
converged after 3 iterations, timeStep = 5.0E-6
converged after 3 iterations, timeStep = 5.0E-6
converged after 3 iterations, timeStep = 5.0E-6
converged after 3 iterations, timeStep = 5.0E-6
converged after 3 iterations, timeStep = 5.0E-6
converged after 3 iterations, timeStep = 5.0E-6
converged after 3 iterations, timeStep = 5.0E-6
converged after 3 iterations, timeStep = 5.0E-6
converged after 2 iterations, timeStep = 5.0E-6
converged after 2 iterations, timeStep = 5.0E-6
converged after 2 iterations, timeStep = 5.0E-6
timestep up = 1.0E-5 at 0.13093999999999018
node 11 unconnected
converged after 15 iterations, timeStep = 1.0E-5
node 11 unconnected
converged after 12 iterations, timeStep = 1.0E-5
converged after 10 iterations, timeStep = 1.0E-5
node 11 unconnected
node 11 unconnected
converged after 12 iterations, timeStep = 1.0E-5
converged after 15 iterations, timeStep = 1.0E-5
node 11 unconnected
node 11 unconnected
converged after 12 iterations, timeStep = 1.0E-5
converged after 10 iterations, timeStep = 1.0E-5
node 11 unconnected
node 11 unconnected
converged after 12 iterations, timeStep = 1.0E-5
converged after 15 iterations, timeStep = 1.0E-5
node 11 unconnected
node 11 unconnected
node 11 unconnected
converged after 9 iterations, timeStep = 1.0E-5
node 11 unconnected
node 11 unconnected
node 11 unconnected
node 11 unconnected
node 11 unconnected
node 36 unconnected
node 39 unconnected
node 11 unconnected
node 11 unconnected
converged after 23 iterations, timeStep = 1.0E-5
converged after 6 iterations, timeStep = 1.0E-5
node 11 unconnected
converged after 12 iterations, timeStep = 1.0E-5
converged after 9 iterations, timeStep = 1.0E-5
converged after 10 iterations, timeStep = 1.0E-5
node 11 unconnected
node 11 unconnected
converged after 12 iterations, timeStep = 1.0E-5
converged after 15 iterations, timeStep = 1.0E-5
node 11 unconnected
node 11 unconnected
node 11 unconnected
converged after 9 iterations, timeStep = 1.0E-5
node 11 unconnected
node 11 unconnected
node 11 unconnected
node 11 unconnected
node 11 unconnected
node 36 unconnected
node 39 unconnected
node 11 unconnected
node 36 unconnected
node 39 unconnected
node 11 unconnected
node 36 unconnected
node 39 unconnected
converged after 23 iterations, timeStep = 1.0E-5
converged after 6 iterations, timeStep = 1.0E-5
node 11 unconnected
node 36 unconnected
node 39 unconnected
converged after 12 iterations, timeStep = 1.0E-5
converged after 20 iterations, timeStep = 1.0E-5
timestep down to 5.0E-6 at 1.05132999999842
converged after 13 iterations, timeStep = 5.0E-6
converged after 3 iterations, timeStep = 5.0E-6
converged after 3 iterations, timeStep = 5.0E-6
converged after 3 iterations, timeStep = 5.0E-6
converged after 3 iterations, timeStep = 5.0E-6
converged after 3 iterations, timeStep = 5.0E-6
converged after 3 iterations, timeStep = 5.0E-6
converged after 3 iterations, timeStep = 5.0E-6
converged after 3 iterations, timeStep = 5.0E-6
converged after 3 iterations, timeStep = 5.0E-6
converged after 3 iterations, timeStep = 5.0E-6
converged after 3 iterations, timeStep = 5.0E-6
converged after 3 iterations, timeStep = 5.0E-6
converged after 3 iterations, timeStep = 5.0E-6
converged after 3 iterations, timeStep = 5.0E-6
converged after 3 iterations, timeStep = 5.0E-6
converged after 3 iterations, timeStep = 5.0E-6
converged after 3 iterations, timeStep = 5.0E-6
converged after 3 iterations, timeStep = 5.0E-6
converged after 3 iterations, timeStep = 5.0E-6
converged after 3 iterations, timeStep = 5.0E-6
converged after 3 iterations, timeStep = 5.0E-6
converged after 3 iterations, timeStep = 5.0E-6
converged after 3 iterations, timeStep = 5.0E-6
converged after 3 iterations, timeStep = 5.0E-6
converged after 3 iterations, timeStep = 5.0E-6
converged after 3 iterations, timeStep = 5.0E-6
converged after 3 iterations, timeStep = 5.0E-6
converged after 3 iterations, timeStep = 5.0E-6
converged after 3 iterations, timeStep = 5.0E-6
converged after 3 iterations, timeStep = 5.0E-6
converged after 3 iterations, timeStep = 5.0E-6
converged after 3 iterations, timeStep = 5.0E-6
converged after 3 iterations, timeStep = 5.0E-6
converged after 3 iterations, timeStep = 5.0E-6
converged after 3 iterations, timeStep = 5.0E-6
converged after 3 iterations, timeStep = 5.0E-6
converged after 2 iterations, timeStep = 5.0E-6
converged after 2 iterations, timeStep = 5.0E-6
converged after 2 iterations, timeStep = 5.0E-6
timestep up = 1.0E-5 at 1.0515299999984213
node 11 unconnected
node 36 unconnected
node 39 unconnected
converged after 14 iterations, timeStep = 1.0E-5
node 11 unconnected
node 36 unconnected
node 39 unconnected
converged after 12 iterations, timeStep = 1.0E-5
converged after 19 iterations, timeStep = 1.0E-5
converged after 15 iterations, timeStep = 1.0E-5
node 11 unconnected
node 36 unconnected
node 39 unconnected
converged after 14 iterations, timeStep = 1.0E-5

Q30_SENSITIVITY_CASE seed=13 fault=RELAY_B_COIL_OPEN exit=0 termination=True qualified=True
Q30_STEP_PROFILE seed=13 fault=RELAY_B_COIL_OPEN profile=initial-electrical-settle boundary=BEGIN stepRole=PRODUCTION_5_US_REFERENCE declaredMaximumStepSeconds=5.00000000e-06 configuredMaximumStepSeconds=5.00000000e-06 actualCurrentStepSeconds=5.00000000e-06 observedMinimumStepSeconds=5.00000000e-06 observedMaximumStepSeconds=5.00000000e-06 minimumTimeStepSeconds=5.00000000e-11 adaptive=true
Q30_STEP_PROFILE seed=13 fault=RELAY_B_COIL_OPEN profile=initial-electrical-settle boundary=END stepRole=PRODUCTION_5_US_REFERENCE declaredMaximumStepSeconds=5.00000000e-06 configuredMaximumStepSeconds=5.00000000e-06 actualCurrentStepSeconds=5.00000000e-06 observedMinimumStepSeconds=5.00000000e-06 observedMaximumStepSeconds=5.00000000e-06 minimumTimeStepSeconds=5.00000000e-11 adaptive=true
Q30_STEP_PROFILE seed=13 fault=RELAY_B_COIL_OPEN profile=healthy-preparation boundary=BEGIN stepRole=PRODUCTION_5_US_REFERENCE declaredMaximumStepSeconds=5.00000000e-06 configuredMaximumStepSeconds=5.00000000e-06 actualCurrentStepSeconds=5.00000000e-06 observedMinimumStepSeconds=5.00000000e-06 observedMaximumStepSeconds=5.00000000e-06 minimumTimeStepSeconds=5.00000000e-11 adaptive=true
Q30_STEP_PROFILE seed=13 fault=RELAY_B_COIL_OPEN profile=healthy-preparation boundary=END stepRole=PRODUCTION_5_US_REFERENCE declaredMaximumStepSeconds=5.00000000e-06 configuredMaximumStepSeconds=5.00000000e-06 actualCurrentStepSeconds=5.00000000e-06 observedMinimumStepSeconds=5.00000000e-06 observedMaximumStepSeconds=5.00000000e-06 minimumTimeStepSeconds=5.00000000e-11 adaptive=true
Q30_STEP_PROFILE seed=13 fault=RELAY_B_COIL_OPEN profile=fault-profile-preparation boundary=BEGIN stepRole=PRODUCTION_5_US_REFERENCE declaredMaximumStepSeconds=5.00000000e-06 configuredMaximumStepSeconds=5.00000000e-06 actualCurrentStepSeconds=5.00000000e-06 observedMinimumStepSeconds=5.00000000e-06 observedMaximumStepSeconds=5.00000000e-06 minimumTimeStepSeconds=5.00000000e-11 adaptive=true
Q30_STEP_PROFILE seed=13 fault=RELAY_B_COIL_OPEN profile=fault-profile-preparation boundary=END stepRole=PRODUCTION_5_US_REFERENCE declaredMaximumStepSeconds=5.00000000e-06 configuredMaximumStepSeconds=5.00000000e-06 actualCurrentStepSeconds=5.00000000e-06 observedMinimumStepSeconds=5.00000000e-06 observedMaximumStepSeconds=5.00000000e-06 minimumTimeStepSeconds=5.00000000e-11 adaptive=true
Q30_STEP_PROFILE seed=13 fault=RELAY_B_COIL_OPEN profile=faulted-four-input-profile boundary=BEGIN stepRole=PRODUCTION_5_US_REFERENCE declaredMaximumStepSeconds=5.00000000e-06 configuredMaximumStepSeconds=5.00000000e-06 actualCurrentStepSeconds=5.00000000e-06 observedMinimumStepSeconds=5.00000000e-06 observedMaximumStepSeconds=5.00000000e-06 minimumTimeStepSeconds=5.00000000e-11 adaptive=true
Q30_STEP_PROFILE seed=13 fault=RELAY_B_COIL_OPEN profile=faulted-four-input-profile boundary=END stepRole=PRODUCTION_5_US_REFERENCE declaredMaximumStepSeconds=5.00000000e-06 configuredMaximumStepSeconds=5.00000000e-06 actualCurrentStepSeconds=5.00000000e-06 observedMinimumStepSeconds=5.00000000e-06 observedMaximumStepSeconds=5.00000000e-06 minimumTimeStepSeconds=5.00000000e-11 adaptive=true
Q30_STEP_PROFILE seed=13 fault=RELAY_B_COIL_OPEN profile=unrepaired-customer-retest boundary=BEGIN stepRole=PRODUCTION_5_US_REFERENCE declaredMaximumStepSeconds=5.00000000e-06 configuredMaximumStepSeconds=5.00000000e-06 actualCurrentStepSeconds=5.00000000e-06 observedMinimumStepSeconds=5.00000000e-06 observedMaximumStepSeconds=5.00000000e-06 minimumTimeStepSeconds=5.00000000e-11 adaptive=true
Q30_STEP_PROFILE seed=13 fault=RELAY_B_COIL_OPEN profile=unrepaired-customer-retest boundary=END stepRole=PRODUCTION_5_US_REFERENCE declaredMaximumStepSeconds=5.00000000e-06 configuredMaximumStepSeconds=5.00000000e-06 actualCurrentStepSeconds=5.00000000e-06 observedMinimumStepSeconds=5.00000000e-06 observedMaximumStepSeconds=5.00000000e-06 minimumTimeStepSeconds=5.00000000e-11 adaptive=true
Q30_STEP_PROFILE seed=13 fault=RELAY_B_COIL_OPEN profile=service-power-off-wait boundary=BEGIN stepRole=PRODUCTION_5_US_REFERENCE declaredMaximumStepSeconds=5.00000000e-06 configuredMaximumStepSeconds=5.00000000e-06 actualCurrentStepSeconds=5.00000000e-06 observedMinimumStepSeconds=5.00000000e-06 observedMaximumStepSeconds=5.00000000e-06 minimumTimeStepSeconds=5.00000000e-11 adaptive=true
Q30_STEP_PROFILE seed=13 fault=RELAY_B_COIL_OPEN profile=service-power-off-wait boundary=END stepRole=PRODUCTION_5_US_REFERENCE declaredMaximumStepSeconds=5.00000000e-06 configuredMaximumStepSeconds=5.00000000e-06 actualCurrentStepSeconds=5.00000000e-06 observedMinimumStepSeconds=5.00000000e-06 observedMaximumStepSeconds=5.00000000e-06 minimumTimeStepSeconds=5.00000000e-11 adaptive=true
Q30_STEP_PROFILE seed=13 fault=RELAY_B_COIL_OPEN profile=reinstalled-original-customer-retest boundary=BEGIN stepRole=PRODUCTION_5_US_REFERENCE declaredMaximumStepSeconds=5.00000000e-06 configuredMaximumStepSeconds=5.00000000e-06 actualCurrentStepSeconds=5.00000000e-06 observedMinimumStepSeconds=5.00000000e-06 observedMaximumStepSeconds=5.00000000e-06 minimumTimeStepSeconds=5.00000000e-11 adaptive=true
Q30_STEP_PROFILE seed=13 fault=RELAY_B_COIL_OPEN profile=reinstalled-original-customer-retest boundary=END stepRole=PRODUCTION_5_US_REFERENCE declaredMaximumStepSeconds=5.00000000e-06 configuredMaximumStepSeconds=5.00000000e-06 actualCurrentStepSeconds=5.00000000e-06 observedMinimumStepSeconds=5.00000000e-06 observedMaximumStepSeconds=5.00000000e-06 minimumTimeStepSeconds=5.00000000e-11 adaptive=true
Q30_STEP_PROFILE seed=13 fault=RELAY_B_COIL_OPEN profile=service-power-off-wait boundary=BEGIN stepRole=PRODUCTION_5_US_REFERENCE declaredMaximumStepSeconds=5.00000000e-06 configuredMaximumStepSeconds=5.00000000e-06 actualCurrentStepSeconds=5.00000000e-06 observedMinimumStepSeconds=5.00000000e-06 observedMaximumStepSeconds=5.00000000e-06 minimumTimeStepSeconds=5.00000000e-11 adaptive=true
Q30_STEP_PROFILE seed=13 fault=RELAY_B_COIL_OPEN profile=service-power-off-wait boundary=END stepRole=PRODUCTION_5_US_REFERENCE declaredMaximumStepSeconds=5.00000000e-06 configuredMaximumStepSeconds=5.00000000e-06 actualCurrentStepSeconds=5.00000000e-06 observedMinimumStepSeconds=5.00000000e-06 observedMaximumStepSeconds=5.00000000e-06 minimumTimeStepSeconds=5.00000000e-11 adaptive=true
Q30_STEP_PROFILE seed=13 fault=RELAY_B_COIL_OPEN profile=repaired-customer-retest boundary=BEGIN stepRole=PRODUCTION_5_US_REFERENCE declaredMaximumStepSeconds=5.00000000e-06 configuredMaximumStepSeconds=5.00000000e-06 actualCurrentStepSeconds=5.00000000e-06 observedMinimumStepSeconds=5.00000000e-06 observedMaximumStepSeconds=5.00000000e-06 minimumTimeStepSeconds=5.00000000e-11 adaptive=true
Q30_STEP_PROFILE seed=13 fault=RELAY_B_COIL_OPEN profile=repaired-customer-retest boundary=END stepRole=PRODUCTION_5_US_REFERENCE declaredMaximumStepSeconds=5.00000000e-06 configuredMaximumStepSeconds=5.00000000e-06 actualCurrentStepSeconds=5.00000000e-06 observedMinimumStepSeconds=5.00000000e-06 observedMaximumStepSeconds=5.00000000e-06 minimumTimeStepSeconds=5.00000000e-11 adaptive=true
Q30_STEP_OWNER_CLEANUP seed=13 fault=RELAY_B_COIL_OPEN declaredMaximumStepSeconds=5.00000000e-06 stepRole=PRODUCTION_5_US_REFERENCE cleanup=true elapsedMillis=0
Q30_STEP_PROFILE seed=13 fault=RELAY_B_COIL_OPEN profile=initial-electrical-settle boundary=BEGIN stepRole=EXPERIMENTAL_CANDIDATE_NOT_PROMOTED declaredMaximumStepSeconds=1.00000000e-05 configuredMaximumStepSeconds=1.00000000e-05 actualCurrentStepSeconds=1.00000000e-05 observedMinimumStepSeconds=1.00000000e-05 observedMaximumStepSeconds=1.00000000e-05 minimumTimeStepSeconds=5.00000000e-11 adaptive=true
Q30_STEP_PROFILE seed=13 fault=RELAY_B_COIL_OPEN profile=initial-electrical-settle boundary=END stepRole=EXPERIMENTAL_CANDIDATE_NOT_PROMOTED declaredMaximumStepSeconds=1.00000000e-05 configuredMaximumStepSeconds=1.00000000e-05 actualCurrentStepSeconds=1.00000000e-05 observedMinimumStepSeconds=1.00000000e-05 observedMaximumStepSeconds=1.00000000e-05 minimumTimeStepSeconds=5.00000000e-11 adaptive=true
Q30_STEP_PROFILE seed=13 fault=RELAY_B_COIL_OPEN profile=healthy-preparation boundary=BEGIN stepRole=EXPERIMENTAL_CANDIDATE_NOT_PROMOTED declaredMaximumStepSeconds=1.00000000e-05 configuredMaximumStepSeconds=1.00000000e-05 actualCurrentStepSeconds=1.00000000e-05 observedMinimumStepSeconds=1.00000000e-05 observedMaximumStepSeconds=1.00000000e-05 minimumTimeStepSeconds=5.00000000e-11 adaptive=true
Q30_STEP_PROFILE seed=13 fault=RELAY_B_COIL_OPEN profile=healthy-preparation boundary=END stepRole=EXPERIMENTAL_CANDIDATE_NOT_PROMOTED declaredMaximumStepSeconds=1.00000000e-05 configuredMaximumStepSeconds=1.00000000e-05 actualCurrentStepSeconds=1.00000000e-05 observedMinimumStepSeconds=5.00000000e-06 observedMaximumStepSeconds=1.00000000e-05 minimumTimeStepSeconds=5.00000000e-11 adaptive=true
Q30_STEP_PROFILE seed=13 fault=RELAY_B_COIL_OPEN profile=fault-profile-preparation boundary=BEGIN stepRole=EXPERIMENTAL_CANDIDATE_NOT_PROMOTED declaredMaximumStepSeconds=1.00000000e-05 configuredMaximumStepSeconds=1.00000000e-05 actualCurrentStepSeconds=1.00000000e-05 observedMinimumStepSeconds=1.00000000e-05 observedMaximumStepSeconds=1.00000000e-05 minimumTimeStepSeconds=5.00000000e-11 adaptive=true
Q30_STEP_PROFILE seed=13 fault=RELAY_B_COIL_OPEN profile=fault-profile-preparation boundary=END stepRole=EXPERIMENTAL_CANDIDATE_NOT_PROMOTED declaredMaximumStepSeconds=1.00000000e-05 configuredMaximumStepSeconds=1.00000000e-05 actualCurrentStepSeconds=1.00000000e-05 observedMinimumStepSeconds=1.00000000e-05 observedMaximumStepSeconds=1.00000000e-05 minimumTimeStepSeconds=5.00000000e-11 adaptive=true
Q30_STEP_PROFILE seed=13 fault=RELAY_B_COIL_OPEN profile=faulted-four-input-profile boundary=BEGIN stepRole=EXPERIMENTAL_CANDIDATE_NOT_PROMOTED declaredMaximumStepSeconds=1.00000000e-05 configuredMaximumStepSeconds=1.00000000e-05 actualCurrentStepSeconds=1.00000000e-05 observedMinimumStepSeconds=1.00000000e-05 observedMaximumStepSeconds=1.00000000e-05 minimumTimeStepSeconds=5.00000000e-11 adaptive=true
Q30_STEP_PROFILE seed=13 fault=RELAY_B_COIL_OPEN profile=faulted-four-input-profile boundary=END stepRole=EXPERIMENTAL_CANDIDATE_NOT_PROMOTED declaredMaximumStepSeconds=1.00000000e-05 configuredMaximumStepSeconds=1.00000000e-05 actualCurrentStepSeconds=1.00000000e-05 observedMinimumStepSeconds=1.00000000e-05 observedMaximumStepSeconds=1.00000000e-05 minimumTimeStepSeconds=5.00000000e-11 adaptive=true
Q30_STEP_PROFILE seed=13 fault=RELAY_B_COIL_OPEN profile=unrepaired-customer-retest boundary=BEGIN stepRole=EXPERIMENTAL_CANDIDATE_NOT_PROMOTED declaredMaximumStepSeconds=1.00000000e-05 configuredMaximumStepSeconds=1.00000000e-05 actualCurrentStepSeconds=1.00000000e-05 observedMinimumStepSeconds=1.00000000e-05 observedMaximumStepSeconds=1.00000000e-05 minimumTimeStepSeconds=5.00000000e-11 adaptive=true
Q30_STEP_PROFILE seed=13 fault=RELAY_B_COIL_OPEN profile=unrepaired-customer-retest boundary=END stepRole=EXPERIMENTAL_CANDIDATE_NOT_PROMOTED declaredMaximumStepSeconds=1.00000000e-05 configuredMaximumStepSeconds=1.00000000e-05 actualCurrentStepSeconds=1.00000000e-05 observedMinimumStepSeconds=1.00000000e-05 observedMaximumStepSeconds=1.00000000e-05 minimumTimeStepSeconds=5.00000000e-11 adaptive=true
Q30_STEP_PROFILE seed=13 fault=RELAY_B_COIL_OPEN profile=service-power-off-wait boundary=BEGIN stepRole=EXPERIMENTAL_CANDIDATE_NOT_PROMOTED declaredMaximumStepSeconds=1.00000000e-05 configuredMaximumStepSeconds=1.00000000e-05 actualCurrentStepSeconds=1.00000000e-05 observedMinimumStepSeconds=1.00000000e-05 observedMaximumStepSeconds=1.00000000e-05 minimumTimeStepSeconds=5.00000000e-11 adaptive=true
Q30_STEP_PROFILE seed=13 fault=RELAY_B_COIL_OPEN profile=service-power-off-wait boundary=END stepRole=EXPERIMENTAL_CANDIDATE_NOT_PROMOTED declaredMaximumStepSeconds=1.00000000e-05 configuredMaximumStepSeconds=1.00000000e-05 actualCurrentStepSeconds=1.00000000e-05 observedMinimumStepSeconds=5.00000000e-06 observedMaximumStepSeconds=1.00000000e-05 minimumTimeStepSeconds=5.00000000e-11 adaptive=true
Q30_STEP_PROFILE seed=13 fault=RELAY_B_COIL_OPEN profile=reinstalled-original-customer-retest boundary=BEGIN stepRole=EXPERIMENTAL_CANDIDATE_NOT_PROMOTED declaredMaximumStepSeconds=1.00000000e-05 configuredMaximumStepSeconds=1.00000000e-05 actualCurrentStepSeconds=1.00000000e-05 observedMinimumStepSeconds=1.00000000e-05 observedMaximumStepSeconds=1.00000000e-05 minimumTimeStepSeconds=5.00000000e-11 adaptive=true
Q30_STEP_PROFILE seed=13 fault=RELAY_B_COIL_OPEN profile=reinstalled-original-customer-retest boundary=END stepRole=EXPERIMENTAL_CANDIDATE_NOT_PROMOTED declaredMaximumStepSeconds=1.00000000e-05 configuredMaximumStepSeconds=1.00000000e-05 actualCurrentStepSeconds=1.00000000e-05 observedMinimumStepSeconds=1.00000000e-05 observedMaximumStepSeconds=1.00000000e-05 minimumTimeStepSeconds=5.00000000e-11 adaptive=true
Q30_STEP_PROFILE seed=13 fault=RELAY_B_COIL_OPEN profile=service-power-off-wait boundary=BEGIN stepRole=EXPERIMENTAL_CANDIDATE_NOT_PROMOTED declaredMaximumStepSeconds=1.00000000e-05 configuredMaximumStepSeconds=1.00000000e-05 actualCurrentStepSeconds=1.00000000e-05 observedMinimumStepSeconds=1.00000000e-05 observedMaximumStepSeconds=1.00000000e-05 minimumTimeStepSeconds=5.00000000e-11 adaptive=true
Q30_STEP_PROFILE seed=13 fault=RELAY_B_COIL_OPEN profile=service-power-off-wait boundary=END stepRole=EXPERIMENTAL_CANDIDATE_NOT_PROMOTED declaredMaximumStepSeconds=1.00000000e-05 configuredMaximumStepSeconds=1.00000000e-05 actualCurrentStepSeconds=1.00000000e-05 observedMinimumStepSeconds=5.00000000e-06 observedMaximumStepSeconds=1.00000000e-05 minimumTimeStepSeconds=5.00000000e-11 adaptive=true
Q30_STEP_PROFILE seed=13 fault=RELAY_B_COIL_OPEN profile=repaired-customer-retest boundary=BEGIN stepRole=EXPERIMENTAL_CANDIDATE_NOT_PROMOTED declaredMaximumStepSeconds=1.00000000e-05 configuredMaximumStepSeconds=1.00000000e-05 actualCurrentStepSeconds=1.00000000e-05 observedMinimumStepSeconds=1.00000000e-05 observedMaximumStepSeconds=1.00000000e-05 minimumTimeStepSeconds=5.00000000e-11 adaptive=true
Q30_STEP_PROFILE seed=13 fault=RELAY_B_COIL_OPEN profile=repaired-customer-retest boundary=END stepRole=EXPERIMENTAL_CANDIDATE_NOT_PROMOTED declaredMaximumStepSeconds=1.00000000e-05 configuredMaximumStepSeconds=1.00000000e-05 actualCurrentStepSeconds=1.00000000e-05 observedMinimumStepSeconds=5.00000000e-06 observedMaximumStepSeconds=1.00000000e-05 minimumTimeStepSeconds=5.00000000e-11 adaptive=true
Q30_STEP_OWNER_CLEANUP seed=13 fault=RELAY_B_COIL_OPEN declaredMaximumStepSeconds=1.00000000e-05 stepRole=EXPERIMENTAL_CANDIDATE_NOT_PROMOTED cleanup=true elapsedMillis=0
Q30_STEP_PAIR seed=13 support=FILTERED_35 fault=RELAY_B_COIL_OPEN referenceMaximumStepSeconds=5.00000000e-06 experimentalCandidateMaximumStepSeconds=1.00000000e-05 candidateKind=EXPERIMENTAL_NOT_PROMOTED maxDeltaVolts=3.75611659e-07 toleranceVolts=0.0100004042 phase=customer-retest sample=SENSORS_LOW/RSA.2-J1.2 referenceElapsedMillis=10968 experimentalCandidateElapsedMillis=5762 referenceSimSeconds=1.16036000 experimentalCandidateSimSeconds=1.16072000 referenceCleanupMillis=0 experimentalCandidateCleanupMillis=0 cleanup=true
Q30_STEP_SEED seed=13 support=FILTERED_35 referenceMaximumStepSeconds=5.00000000e-06 experimentalCandidateMaximumStepSeconds=1.00000000e-05 candidateKind=EXPERIMENTAL_NOT_PROMOTED routeTopology=RB30_SEPARATE_DIRECT_A_NMOS_B_BJT_FILTERED_35 routeAndPairsElapsedMillis=21635
Q30_STEP_OWNER_CLEANUP seed=13 fault=DREV_OPEN declaredMaximumStepSeconds=5.00000000e-06 stepRole=PRODUCTION_5_US_REFERENCE cleanup=true elapsedMillis=0
Q30_STEP_SEED_CLEANUP seed=13 cleanup=true elapsedMillis=0
PASS: Q30 experimental solver step sensitivity assertions=1730 seed=13 support=FILTERED_35 faults=1 referenceMaximumStepSeconds=5.00000000e-06 experimentalCandidateMaximumStepSeconds=1.00000000e-05 candidateKind=EXPERIMENTAL_NOT_PROMOTED elapsedMillis=21635

node 11 unconnected
converged after 25 iterations, timeStep = 5.0E-6
converged after 6 iterations, timeStep = 5.0E-6
node 11 unconnected
node 11 unconnected
converged after 14 iterations, timeStep = 5.0E-6
node 11 unconnected
converged after 12 iterations, timeStep = 5.0E-6
converged after 19 iterations, timeStep = 5.0E-6
converged after 15 iterations, timeStep = 5.0E-6
node 11 unconnected
converged after 14 iterations, timeStep = 5.0E-6
node 11 unconnected
converged after 12 iterations, timeStep = 5.0E-6
converged after 15 iterations, timeStep = 5.0E-6
node 11 unconnected
converged after 14 iterations, timeStep = 5.0E-6
node 11 unconnected
converged after 12 iterations, timeStep = 5.0E-6
converged after 15 iterations, timeStep = 5.0E-6
node 11 unconnected
converged after 14 iterations, timeStep = 5.0E-6
node 11 unconnected
converged after 12 iterations, timeStep = 5.0E-6
converged after 14 iterations, timeStep = 5.0E-6
converged after 15 iterations, timeStep = 5.0E-6
node 11 unconnected
converged after 14 iterations, timeStep = 5.0E-6
node 11 unconnected
converged after 12 iterations, timeStep = 5.0E-6
converged after 15 iterations, timeStep = 5.0E-6
node 11 unconnected
converged after 14 iterations, timeStep = 5.0E-6
node 11 unconnected
converged after 12 iterations, timeStep = 5.0E-6
converged after 14 iterations, timeStep = 5.0E-6
converged after 15 iterations, timeStep = 5.0E-6
node 11 unconnected
converged after 14 iterations, timeStep = 5.0E-6
node 11 unconnected
node 11 unconnected
converged after 13 iterations, timeStep = 5.0E-6
node 11 unconnected
node 11 unconnected
node 11 unconnected
node 11 unconnected
node 11 unconnected
node 50 unconnected
node 53 unconnected
node 56 unconnected
node 11 unconnected
node 11 unconnected
converged after 23 iterations, timeStep = 5.0E-6
node 11 unconnected
converged after 12 iterations, timeStep = 5.0E-6
converged after 18 iterations, timeStep = 5.0E-6
converged after 15 iterations, timeStep = 5.0E-6
node 11 unconnected
converged after 14 iterations, timeStep = 5.0E-6
node 11 unconnected
converged after 12 iterations, timeStep = 5.0E-6
converged after 14 iterations, timeStep = 5.0E-6
converged after 15 iterations, timeStep = 5.0E-6
node 11 unconnected
converged after 14 iterations, timeStep = 5.0E-6
node 11 unconnected
node 11 unconnected
converged after 13 iterations, timeStep = 5.0E-6
node 11 unconnected
node 11 unconnected
node 11 unconnected
node 11 unconnected
node 11 unconnected
node 50 unconnected
node 53 unconnected
node 56 unconnected
node 11 unconnected
node 50 unconnected
node 53 unconnected
node 11 unconnected
node 50 unconnected
node 53 unconnected
converged after 23 iterations, timeStep = 5.0E-6
node 11 unconnected
node 50 unconnected
node 53 unconnected
converged after 12 iterations, timeStep = 5.0E-6
converged after 20 iterations, timeStep = 5.0E-6
converged after 15 iterations, timeStep = 5.0E-6
node 11 unconnected
node 50 unconnected
node 53 unconnected
converged after 14 iterations, timeStep = 5.0E-6
node 11 unconnected
node 50 unconnected
node 53 unconnected
converged after 12 iterations, timeStep = 5.0E-6
converged after 19 iterations, timeStep = 5.0E-6
converged after 15 iterations, timeStep = 5.0E-6
node 11 unconnected
node 50 unconnected
node 53 unconnected
converged after 14 iterations, timeStep = 5.0E-6
node 11 unconnected
converged after 24 iterations, timeStep = 1.0E-5
node 11 unconnected
node 11 unconnected
converged after 14 iterations, timeStep = 1.0E-5
node 11 unconnected
converged after 12 iterations, timeStep = 1.0E-5
converged after 19 iterations, timeStep = 1.0E-5
converged after 15 iterations, timeStep = 1.0E-5
node 11 unconnected
converged after 14 iterations, timeStep = 1.0E-5
node 11 unconnected
converged after 12 iterations, timeStep = 1.0E-5
timestep down to 5.0E-6 at 0.13073999999998998
converged after 13 iterations, timeStep = 5.0E-6
converged after 3 iterations, timeStep = 5.0E-6
converged after 3 iterations, timeStep = 5.0E-6
converged after 3 iterations, timeStep = 5.0E-6
converged after 3 iterations, timeStep = 5.0E-6
converged after 3 iterations, timeStep = 5.0E-6
converged after 3 iterations, timeStep = 5.0E-6
converged after 3 iterations, timeStep = 5.0E-6
converged after 3 iterations, timeStep = 5.0E-6
converged after 3 iterations, timeStep = 5.0E-6
converged after 3 iterations, timeStep = 5.0E-6
converged after 3 iterations, timeStep = 5.0E-6
converged after 3 iterations, timeStep = 5.0E-6
converged after 3 iterations, timeStep = 5.0E-6
converged after 3 iterations, timeStep = 5.0E-6
converged after 3 iterations, timeStep = 5.0E-6
converged after 3 iterations, timeStep = 5.0E-6
converged after 3 iterations, timeStep = 5.0E-6
converged after 3 iterations, timeStep = 5.0E-6
converged after 3 iterations, timeStep = 5.0E-6
converged after 3 iterations, timeStep = 5.0E-6
converged after 3 iterations, timeStep = 5.0E-6
converged after 3 iterations, timeStep = 5.0E-6
converged after 3 iterations, timeStep = 5.0E-6
converged after 3 iterations, timeStep = 5.0E-6
converged after 3 iterations, timeStep = 5.0E-6
converged after 3 iterations, timeStep = 5.0E-6
converged after 3 iterations, timeStep = 5.0E-6
converged after 3 iterations, timeStep = 5.0E-6
converged after 3 iterations, timeStep = 5.0E-6
converged after 3 iterations, timeStep = 5.0E-6
converged after 3 iterations, timeStep = 5.0E-6
converged after 3 iterations, timeStep = 5.0E-6
converged after 3 iterations, timeStep = 5.0E-6
converged after 3 iterations, timeStep = 5.0E-6
converged after 3 iterations, timeStep = 5.0E-6
converged after 3 iterations, timeStep = 5.0E-6
converged after 2 iterations, timeStep = 5.0E-6
converged after 2 iterations, timeStep = 5.0E-6
converged after 2 iterations, timeStep = 5.0E-6
timestep up = 1.0E-5 at 0.13093999999999018
node 11 unconnected
converged after 19 iterations, timeStep = 1.0E-5
node 11 unconnected
converged after 12 iterations, timeStep = 1.0E-5
converged after 15 iterations, timeStep = 1.0E-5
node 11 unconnected
converged after 14 iterations, timeStep = 1.0E-5
node 11 unconnected
converged after 12 iterations, timeStep = 1.0E-5
converged after 14 iterations, timeStep = 1.0E-5
converged after 15 iterations, timeStep = 1.0E-5
node 11 unconnected
converged after 14 iterations, timeStep = 1.0E-5
node 11 unconnected
converged after 12 iterations, timeStep = 1.0E-5
converged after 15 iterations, timeStep = 1.0E-5
node 11 unconnected
converged after 14 iterations, timeStep = 1.0E-5
node 11 unconnected
converged after 12 iterations, timeStep = 1.0E-5
converged after 14 iterations, timeStep = 1.0E-5
converged after 15 iterations, timeStep = 1.0E-5
node 11 unconnected
converged after 14 iterations, timeStep = 1.0E-5
node 11 unconnected
node 11 unconnected
timestep down to 5.0E-6 at 0.42299000000028225
converged after 1 iterations, timeStep = 5.0E-6
converged after 1 iterations, timeStep = 5.0E-6
converged after 5 iterations, timeStep = 5.0E-6
converged after 3 iterations, timeStep = 5.0E-6
converged after 3 iterations, timeStep = 5.0E-6
converged after 3 iterations, timeStep = 5.0E-6
converged after 3 iterations, timeStep = 5.0E-6
converged after 3 iterations, timeStep = 5.0E-6
converged after 3 iterations, timeStep = 5.0E-6
converged after 3 iterations, timeStep = 5.0E-6
converged after 3 iterations, timeStep = 5.0E-6
converged after 3 iterations, timeStep = 5.0E-6
converged after 3 iterations, timeStep = 5.0E-6
converged after 3 iterations, timeStep = 5.0E-6
converged after 3 iterations, timeStep = 5.0E-6
converged after 3 iterations, timeStep = 5.0E-6
converged after 3 iterations, timeStep = 5.0E-6
converged after 3 iterations, timeStep = 5.0E-6
converged after 3 iterations, timeStep = 5.0E-6
converged after 3 iterations, timeStep = 5.0E-6
converged after 3 iterations, timeStep = 5.0E-6
converged after 3 iterations, timeStep = 5.0E-6
converged after 3 iterations, timeStep = 5.0E-6
converged after 3 iterations, timeStep = 5.0E-6
converged after 3 iterations, timeStep = 5.0E-6
converged after 3 iterations, timeStep = 5.0E-6
converged after 3 iterations, timeStep = 5.0E-6
converged after 3 iterations, timeStep = 5.0E-6
converged after 3 iterations, timeStep = 5.0E-6
converged after 3 iterations, timeStep = 5.0E-6
converged after 3 iterations, timeStep = 5.0E-6
converged after 3 iterations, timeStep = 5.0E-6
converged after 3 iterations, timeStep = 5.0E-6
converged after 3 iterations, timeStep = 5.0E-6
converged after 3 iterations, timeStep = 5.0E-6
converged after 3 iterations, timeStep = 5.0E-6
converged after 3 iterations, timeStep = 5.0E-6
converged after 3 iterations, timeStep = 5.0E-6
converged after 3 iterations, timeStep = 5.0E-6
converged after 3 iterations, timeStep = 5.0E-6
converged after 3 iterations, timeStep = 5.0E-6
converged after 3 iterations, timeStep = 5.0E-6
converged after 3 iterations, timeStep = 5.0E-6
converged after 3 iterations, timeStep = 5.0E-6
converged after 3 iterations, timeStep = 5.0E-6
converged after 3 iterations, timeStep = 5.0E-6
converged after 3 iterations, timeStep = 5.0E-6
converged after 3 iterations, timeStep = 5.0E-6
converged after 3 iterations, timeStep = 5.0E-6
converged after 3 iterations, timeStep = 5.0E-6
converged after 3 iterations, timeStep = 5.0E-6
converged after 3 iterations, timeStep = 5.0E-6
converged after 3 iterations, timeStep = 5.0E-6
converged after 3 iterations, timeStep = 5.0E-6
converged after 3 iterations, timeStep = 5.0E-6
converged after 3 iterations, timeStep = 5.0E-6
converged after 3 iterations, timeStep = 5.0E-6
converged after 3 iterations, timeStep = 5.0E-6
converged after 3 iterations, timeStep = 5.0E-6
converged after 3 iterations, timeStep = 5.0E-6
converged after 3 iterations, timeStep = 5.0E-6
converged after 3 iterations, timeStep = 5.0E-6
converged after 3 iterations, timeStep = 5.0E-6
converged after 3 iterations, timeStep = 5.0E-6
converged after 3 iterations, timeStep = 5.0E-6
converged after 3 iterations, timeStep = 5.0E-6
converged after 3 iterations, timeStep = 5.0E-6
converged after 3 iterations, timeStep = 5.0E-6
converged after 3 iterations, timeStep = 5.0E-6
converged after 3 iterations, timeStep = 5.0E-6
converged after 3 iterations, timeStep = 5.0E-6
converged after 3 iterations, timeStep = 5.0E-6
converged after 3 iterations, timeStep = 5.0E-6
converged after 3 iterations, timeStep = 5.0E-6
converged after 3 iterations, timeStep = 5.0E-6
converged after 3 iterations, timeStep = 5.0E-6
converged after 3 iterations, timeStep = 5.0E-6
converged after 3 iterations, timeStep = 5.0E-6
converged after 3 iterations, timeStep = 5.0E-6
converged after 3 iterations, timeStep = 5.0E-6
converged after 3 iterations, timeStep = 5.0E-6
converged after 3 iterations, timeStep = 5.0E-6
converged after 3 iterations, timeStep = 5.0E-6
converged after 3 iterations, timeStep = 5.0E-6
converged after 3 iterations, timeStep = 5.0E-6
converged after 3 iterations, timeStep = 5.0E-6
converged after 3 iterations, timeStep = 5.0E-6
converged after 3 iterations, timeStep = 5.0E-6
converged after 3 iterations, timeStep = 5.0E-6
converged after 3 iterations, timeStep = 5.0E-6
converged after 3 iterations, timeStep = 5.0E-6
converged after 3 iterations, timeStep = 5.0E-6
converged after 3 iterations, timeStep = 5.0E-6
converged after 3 iterations, timeStep = 5.0E-6
converged after 3 iterations, timeStep = 5.0E-6
converged after 3 iterations, timeStep = 5.0E-6
converged after 3 iterations, timeStep = 5.0E-6
converged after 3 iterations, timeStep = 5.0E-6
converged after 3 iterations, timeStep = 5.0E-6
converged after 3 iterations, timeStep = 5.0E-6
converged after 3 iterations, timeStep = 5.0E-6
converged after 3 iterations, timeStep = 5.0E-6
converged after 3 iterations, timeStep = 5.0E-6
converged after 3 iterations, timeStep = 5.0E-6
converged after 3 iterations, timeStep = 5.0E-6
converged after 3 iterations, timeStep = 5.0E-6
converged after 3 iterations, timeStep = 5.0E-6
converged after 3 iterations, timeStep = 5.0E-6
converged after 3 iterations, timeStep = 5.0E-6
converged after 3 iterations, timeStep = 5.0E-6
converged after 3 iterations, timeStep = 5.0E-6
converged after 3 iterations, timeStep = 5.0E-6
converged after 3 iterations, timeStep = 5.0E-6
converged after 3 iterations, timeStep = 5.0E-6
converged after 3 iterations, timeStep = 5.0E-6
converged after 3 iterations, timeStep = 5.0E-6
converged after 3 iterations, timeStep = 5.0E-6
converged after 3 iterations, timeStep = 5.0E-6
converged after 3 iterations, timeStep = 5.0E-6
converged after 3 iterations, timeStep = 5.0E-6
converged after 3 iterations, timeStep = 5.0E-6
converged after 3 iterations, timeStep = 5.0E-6
converged after 3 iterations, timeStep = 5.0E-6
converged after 3 iterations, timeStep = 5.0E-6
converged after 3 iterations, timeStep = 5.0E-6
converged after 3 iterations, timeStep = 5.0E-6
converged after 3 iterations, timeStep = 5.0E-6
converged after 3 iterations, timeStep = 5.0E-6
converged after 3 iterations, timeStep = 5.0E-6
converged after 3 iterations, timeStep = 5.0E-6
converged after 3 iterations, timeStep = 5.0E-6
converged after 3 iterations, timeStep = 5.0E-6
converged after 3 iterations, timeStep = 5.0E-6
converged after 3 iterations, timeStep = 5.0E-6
converged after 3 iterations, timeStep = 5.0E-6
converged after 3 iterations, timeStep = 5.0E-6
converged after 3 iterations, timeStep = 5.0E-6
converged after 3 iterations, timeStep = 5.0E-6
converged after 3 iterations, timeStep = 5.0E-6
converged after 3 iterations, timeStep = 5.0E-6
converged after 13 iterations, timeStep = 5.0E-6
converged after 3 iterations, timeStep = 5.0E-6
converged after 3 iterations, timeStep = 5.0E-6
converged after 2 iterations, timeStep = 5.0E-6
converged after 2 iterations, timeStep = 5.0E-6
converged after 2 iterations, timeStep = 5.0E-6
timestep up = 1.0E-5 at 0.42372000000027893
node 11 unconnected
node 11 unconnected
node 11 unconnected
node 11 unconnected
node 11 unconnected
node 50 unconnected
node 53 unconnected
node 56 unconnected
node 11 unconnected
node 11 unconnected
converged after 23 iterations, timeStep = 1.0E-5
converged after 6 iterations, timeStep = 1.0E-5
node 11 unconnected
converged after 12 iterations, timeStep = 1.0E-5
converged after 18 iterations, timeStep = 1.0E-5
converged after 15 iterations, timeStep = 1.0E-5
node 11 unconnected
converged after 14 iterations, timeStep = 1.0E-5
node 11 unconnected
converged after 12 iterations, timeStep = 1.0E-5
converged after 14 iterations, timeStep = 1.0E-5
converged after 15 iterations, timeStep = 1.0E-5
node 11 unconnected
converged after 14 iterations, timeStep = 1.0E-5
node 11 unconnected
node 11 unconnected
timestep down to 5.0E-6 at 0.7933099999990203
converged after 1 iterations, timeStep = 5.0E-6
converged after 1 iterations, timeStep = 5.0E-6
converged after 5 iterations, timeStep = 5.0E-6
converged after 3 iterations, timeStep = 5.0E-6
converged after 3 iterations, timeStep = 5.0E-6
converged after 3 iterations, timeStep = 5.0E-6
converged after 3 iterations, timeStep = 5.0E-6
converged after 3 iterations, timeStep = 5.0E-6
converged after 3 iterations, timeStep = 5.0E-6
converged after 3 iterations, timeStep = 5.0E-6
converged after 3 iterations, timeStep = 5.0E-6
converged after 3 iterations, timeStep = 5.0E-6
converged after 3 iterations, timeStep = 5.0E-6
converged after 3 iterations, timeStep = 5.0E-6
converged after 3 iterations, timeStep = 5.0E-6
converged after 3 iterations, timeStep = 5.0E-6
converged after 3 iterations, timeStep = 5.0E-6
converged after 3 iterations, timeStep = 5.0E-6
converged after 3 iterations, timeStep = 5.0E-6
converged after 3 iterations, timeStep = 5.0E-6
converged after 3 iterations, timeStep = 5.0E-6
converged after 3 iterations, timeStep = 5.0E-6
converged after 3 iterations, timeStep = 5.0E-6
converged after 3 iterations, timeStep = 5.0E-6
converged after 3 iterations, timeStep = 5.0E-6
converged after 3 iterations, timeStep = 5.0E-6
converged after 3 iterations, timeStep = 5.0E-6
converged after 3 iterations, timeStep = 5.0E-6
converged after 3 iterations, timeStep = 5.0E-6
converged after 3 iterations, timeStep = 5.0E-6
converged after 3 iterations, timeStep = 5.0E-6
converged after 3 iterations, timeStep = 5.0E-6
converged after 3 iterations, timeStep = 5.0E-6
converged after 3 iterations, timeStep = 5.0E-6
converged after 3 iterations, timeStep = 5.0E-6
converged after 3 iterations, timeStep = 5.0E-6
converged after 3 iterations, timeStep = 5.0E-6
converged after 3 iterations, timeStep = 5.0E-6
converged after 3 iterations, timeStep = 5.0E-6
converged after 3 iterations, timeStep = 5.0E-6
converged after 3 iterations, timeStep = 5.0E-6
converged after 3 iterations, timeStep = 5.0E-6
converged after 3 iterations, timeStep = 5.0E-6
converged after 3 iterations, timeStep = 5.0E-6
converged after 3 iterations, timeStep = 5.0E-6
converged after 3 iterations, timeStep = 5.0E-6
converged after 3 iterations, timeStep = 5.0E-6
converged after 3 iterations, timeStep = 5.0E-6
converged after 3 iterations, timeStep = 5.0E-6
converged after 3 iterations, timeStep = 5.0E-6
converged after 3 iterations, timeStep = 5.0E-6
converged after 3 iterations, timeStep = 5.0E-6
converged after 3 iterations, timeStep = 5.0E-6
converged after 3 iterations, timeStep = 5.0E-6
converged after 3 iterations, timeStep = 5.0E-6
converged after 3 iterations, timeStep = 5.0E-6
converged after 3 iterations, timeStep = 5.0E-6
converged after 3 iterations, timeStep = 5.0E-6
converged after 3 iterations, timeStep = 5.0E-6
converged after 3 iterations, timeStep = 5.0E-6
converged after 3 iterations, timeStep = 5.0E-6
converged after 3 iterations, timeStep = 5.0E-6
converged after 3 iterations, timeStep = 5.0E-6
converged after 3 iterations, timeStep = 5.0E-6
converged after 3 iterations, timeStep = 5.0E-6
converged after 3 iterations, timeStep = 5.0E-6
converged after 3 iterations, timeStep = 5.0E-6
converged after 3 iterations, timeStep = 5.0E-6
converged after 3 iterations, timeStep = 5.0E-6
converged after 3 iterations, timeStep = 5.0E-6
converged after 3 iterations, timeStep = 5.0E-6
converged after 3 iterations, timeStep = 5.0E-6
converged after 3 iterations, timeStep = 5.0E-6
converged after 3 iterations, timeStep = 5.0E-6
converged after 3 iterations, timeStep = 5.0E-6
converged after 3 iterations, timeStep = 5.0E-6
converged after 3 iterations, timeStep = 5.0E-6
converged after 3 iterations, timeStep = 5.0E-6
converged after 3 iterations, timeStep = 5.0E-6
converged after 3 iterations, timeStep = 5.0E-6
converged after 3 iterations, timeStep = 5.0E-6
converged after 3 iterations, timeStep = 5.0E-6
converged after 3 iterations, timeStep = 5.0E-6
converged after 3 iterations, timeStep = 5.0E-6
converged after 3 iterations, timeStep = 5.0E-6
converged after 3 iterations, timeStep = 5.0E-6
converged after 3 iterations, timeStep = 5.0E-6
converged after 3 iterations, timeStep = 5.0E-6
converged after 3 iterations, timeStep = 5.0E-6
converged after 3 iterations, timeStep = 5.0E-6
converged after 3 iterations, timeStep = 5.0E-6
converged after 3 iterations, timeStep = 5.0E-6
converged after 3 iterations, timeStep = 5.0E-6
converged after 3 iterations, timeStep = 5.0E-6
converged after 3 iterations, timeStep = 5.0E-6
converged after 3 iterations, timeStep = 5.0E-6
converged after 3 iterations, timeStep = 5.0E-6
converged after 3 iterations, timeStep = 5.0E-6
converged after 3 iterations, timeStep = 5.0E-6
converged after 3 iterations, timeStep = 5.0E-6
converged after 3 iterations, timeStep = 5.0E-6
converged after 3 iterations, timeStep = 5.0E-6
converged after 3 iterations, timeStep = 5.0E-6
converged after 3 iterations, timeStep = 5.0E-6
converged after 3 iterations, timeStep = 5.0E-6
converged after 3 iterations, timeStep = 5.0E-6
converged after 3 iterations, timeStep = 5.0E-6
converged after 3 iterations, timeStep = 5.0E-6
converged after 3 iterations, timeStep = 5.0E-6
converged after 3 iterations, timeStep = 5.0E-6
converged after 3 iterations, timeStep = 5.0E-6
converged after 3 iterations, timeStep = 5.0E-6
converged after 3 iterations, timeStep = 5.0E-6
converged after 3 iterations, timeStep = 5.0E-6
converged after 3 iterations, timeStep = 5.0E-6
converged after 3 iterations, timeStep = 5.0E-6
converged after 3 iterations, timeStep = 5.0E-6
converged after 3 iterations, timeStep = 5.0E-6
converged after 3 iterations, timeStep = 5.0E-6
converged after 3 iterations, timeStep = 5.0E-6
converged after 3 iterations, timeStep = 5.0E-6
converged after 3 iterations, timeStep = 5.0E-6
converged after 3 iterations, timeStep = 5.0E-6
converged after 3 iterations, timeStep = 5.0E-6
converged after 3 iterations, timeStep = 5.0E-6
converged after 3 iterations, timeStep = 5.0E-6
converged after 3 iterations, timeStep = 5.0E-6
converged after 3 iterations, timeStep = 5.0E-6
converged after 3 iterations, timeStep = 5.0E-6
converged after 3 iterations, timeStep = 5.0E-6
converged after 3 iterations, timeStep = 5.0E-6
converged after 3 iterations, timeStep = 5.0E-6
converged after 3 iterations, timeStep = 5.0E-6
converged after 3 iterations, timeStep = 5.0E-6
converged after 3 iterations, timeStep = 5.0E-6
converged after 3 iterations, timeStep = 5.0E-6
converged after 3 iterations, timeStep = 5.0E-6
converged after 3 iterations, timeStep = 5.0E-6
converged after 3 iterations, timeStep = 5.0E-6
converged after 3 iterations, timeStep = 5.0E-6
converged after 13 iterations, timeStep = 5.0E-6
converged after 3 iterations, timeStep = 5.0E-6
converged after 3 iterations, timeStep = 5.0E-6
converged after 2 iterations, timeStep = 5.0E-6
converged after 2 iterations, timeStep = 5.0E-6
converged after 2 iterations, timeStep = 5.0E-6
timestep up = 1.0E-5 at 0.7940399999990251
node 11 unconnected
node 11 unconnected
node 11 unconnected
node 11 unconnected
node 11 unconnected
node 50 unconnected
node 53 unconnected
node 56 unconnected
node 11 unconnected
node 50 unconnected
node 53 unconnected
node 11 unconnected
node 50 unconnected
node 53 unconnected
converged after 23 iterations, timeStep = 1.0E-5
converged after 6 iterations, timeStep = 1.0E-5
node 11 unconnected
node 50 unconnected
node 53 unconnected
converged after 12 iterations, timeStep = 1.0E-5
converged after 20 iterations, timeStep = 1.0E-5
timestep down to 5.0E-6 at 1.051329999998424
converged after 13 iterations, timeStep = 5.0E-6
converged after 3 iterations, timeStep = 5.0E-6
converged after 3 iterations, timeStep = 5.0E-6
converged after 3 iterations, timeStep = 5.0E-6
converged after 3 iterations, timeStep = 5.0E-6
converged after 3 iterations, timeStep = 5.0E-6
converged after 3 iterations, timeStep = 5.0E-6
converged after 3 iterations, timeStep = 5.0E-6
converged after 3 iterations, timeStep = 5.0E-6
converged after 3 iterations, timeStep = 5.0E-6
converged after 3 iterations, timeStep = 5.0E-6
converged after 3 iterations, timeStep = 5.0E-6
converged after 3 iterations, timeStep = 5.0E-6
converged after 3 iterations, timeStep = 5.0E-6
converged after 3 iterations, timeStep = 5.0E-6
converged after 3 iterations, timeStep = 5.0E-6
converged after 3 iterations, timeStep = 5.0E-6
converged after 3 iterations, timeStep = 5.0E-6
converged after 3 iterations, timeStep = 5.0E-6
converged after 3 iterations, timeStep = 5.0E-6
converged after 3 iterations, timeStep = 5.0E-6
converged after 3 iterations, timeStep = 5.0E-6
converged after 3 iterations, timeStep = 5.0E-6
converged after 3 iterations, timeStep = 5.0E-6
converged after 3 iterations, timeStep = 5.0E-6
converged after 3 iterations, timeStep = 5.0E-6
converged after 3 iterations, timeStep = 5.0E-6
converged after 3 iterations, timeStep = 5.0E-6
converged after 3 iterations, timeStep = 5.0E-6
converged after 3 iterations, timeStep = 5.0E-6
converged after 3 iterations, timeStep = 5.0E-6
converged after 3 iterations, timeStep = 5.0E-6
converged after 3 iterations, timeStep = 5.0E-6
converged after 3 iterations, timeStep = 5.0E-6
converged after 3 iterations, timeStep = 5.0E-6
converged after 3 iterations, timeStep = 5.0E-6
converged after 3 iterations, timeStep = 5.0E-6
converged after 2 iterations, timeStep = 5.0E-6
converged after 2 iterations, timeStep = 5.0E-6
converged after 2 iterations, timeStep = 5.0E-6
timestep up = 1.0E-5 at 1.0515299999984253
node 11 unconnected
node 50 unconnected
node 53 unconnected
converged after 14 iterations, timeStep = 1.0E-5
node 11 unconnected
node 50 unconnected
node 53 unconnected
converged after 12 iterations, timeStep = 1.0E-5
converged after 19 iterations, timeStep = 1.0E-5
converged after 15 iterations, timeStep = 1.0E-5
node 11 unconnected
node 50 unconnected
node 53 unconnected
converged after 14 iterations, timeStep = 1.0E-5

Q30_SENSITIVITY_CASE seed=4 fault=DREV_OPEN exit=1 termination=True qualified=False
Q30_STEP_PROFILE seed=4 fault=DREV_OPEN profile=initial-electrical-settle boundary=BEGIN stepRole=PRODUCTION_5_US_REFERENCE declaredMaximumStepSeconds=5.00000000e-06 configuredMaximumStepSeconds=5.00000000e-06 actualCurrentStepSeconds=5.00000000e-06 observedMinimumStepSeconds=5.00000000e-06 observedMaximumStepSeconds=5.00000000e-06 minimumTimeStepSeconds=5.00000000e-11 adaptive=true
Q30_STEP_PROFILE seed=4 fault=DREV_OPEN profile=initial-electrical-settle boundary=END stepRole=PRODUCTION_5_US_REFERENCE declaredMaximumStepSeconds=5.00000000e-06 configuredMaximumStepSeconds=5.00000000e-06 actualCurrentStepSeconds=5.00000000e-06 observedMinimumStepSeconds=5.00000000e-06 observedMaximumStepSeconds=5.00000000e-06 minimumTimeStepSeconds=5.00000000e-11 adaptive=true
Q30_STEP_PROFILE seed=4 fault=DREV_OPEN profile=healthy-preparation boundary=BEGIN stepRole=PRODUCTION_5_US_REFERENCE declaredMaximumStepSeconds=5.00000000e-06 configuredMaximumStepSeconds=5.00000000e-06 actualCurrentStepSeconds=5.00000000e-06 observedMinimumStepSeconds=5.00000000e-06 observedMaximumStepSeconds=5.00000000e-06 minimumTimeStepSeconds=5.00000000e-11 adaptive=true
Q30_STEP_PROFILE seed=4 fault=DREV_OPEN profile=healthy-preparation boundary=END stepRole=PRODUCTION_5_US_REFERENCE declaredMaximumStepSeconds=5.00000000e-06 configuredMaximumStepSeconds=5.00000000e-06 actualCurrentStepSeconds=5.00000000e-06 observedMinimumStepSeconds=5.00000000e-06 observedMaximumStepSeconds=5.00000000e-06 minimumTimeStepSeconds=5.00000000e-11 adaptive=true
Q30_STEP_PROFILE seed=4 fault=DREV_OPEN profile=fault-profile-preparation boundary=BEGIN stepRole=PRODUCTION_5_US_REFERENCE declaredMaximumStepSeconds=5.00000000e-06 configuredMaximumStepSeconds=5.00000000e-06 actualCurrentStepSeconds=5.00000000e-06 observedMinimumStepSeconds=5.00000000e-06 observedMaximumStepSeconds=5.00000000e-06 minimumTimeStepSeconds=5.00000000e-11 adaptive=true
Q30_STEP_PROFILE seed=4 fault=DREV_OPEN profile=fault-profile-preparation boundary=END stepRole=PRODUCTION_5_US_REFERENCE declaredMaximumStepSeconds=5.00000000e-06 configuredMaximumStepSeconds=5.00000000e-06 actualCurrentStepSeconds=5.00000000e-06 observedMinimumStepSeconds=5.00000000e-06 observedMaximumStepSeconds=5.00000000e-06 minimumTimeStepSeconds=5.00000000e-11 adaptive=true
Q30_STEP_PROFILE seed=4 fault=DREV_OPEN profile=faulted-four-input-profile boundary=BEGIN stepRole=PRODUCTION_5_US_REFERENCE declaredMaximumStepSeconds=5.00000000e-06 configuredMaximumStepSeconds=5.00000000e-06 actualCurrentStepSeconds=5.00000000e-06 observedMinimumStepSeconds=5.00000000e-06 observedMaximumStepSeconds=5.00000000e-06 minimumTimeStepSeconds=5.00000000e-11 adaptive=true
Q30_STEP_PROFILE seed=4 fault=DREV_OPEN profile=faulted-four-input-profile boundary=END stepRole=PRODUCTION_5_US_REFERENCE declaredMaximumStepSeconds=5.00000000e-06 configuredMaximumStepSeconds=5.00000000e-06 actualCurrentStepSeconds=5.00000000e-06 observedMinimumStepSeconds=5.00000000e-06 observedMaximumStepSeconds=5.00000000e-06 minimumTimeStepSeconds=5.00000000e-11 adaptive=true
Q30_STEP_PROFILE seed=4 fault=DREV_OPEN profile=unrepaired-customer-retest boundary=BEGIN stepRole=PRODUCTION_5_US_REFERENCE declaredMaximumStepSeconds=5.00000000e-06 configuredMaximumStepSeconds=5.00000000e-06 actualCurrentStepSeconds=5.00000000e-06 observedMinimumStepSeconds=5.00000000e-06 observedMaximumStepSeconds=5.00000000e-06 minimumTimeStepSeconds=5.00000000e-11 adaptive=true
Q30_STEP_PROFILE seed=4 fault=DREV_OPEN profile=unrepaired-customer-retest boundary=END stepRole=PRODUCTION_5_US_REFERENCE declaredMaximumStepSeconds=5.00000000e-06 configuredMaximumStepSeconds=5.00000000e-06 actualCurrentStepSeconds=5.00000000e-06 observedMinimumStepSeconds=5.00000000e-06 observedMaximumStepSeconds=5.00000000e-06 minimumTimeStepSeconds=5.00000000e-11 adaptive=true
Q30_STEP_PROFILE seed=4 fault=DREV_OPEN profile=service-power-off-wait boundary=BEGIN stepRole=PRODUCTION_5_US_REFERENCE declaredMaximumStepSeconds=5.00000000e-06 configuredMaximumStepSeconds=5.00000000e-06 actualCurrentStepSeconds=5.00000000e-06 observedMinimumStepSeconds=5.00000000e-06 observedMaximumStepSeconds=5.00000000e-06 minimumTimeStepSeconds=5.00000000e-11 adaptive=true
Q30_STEP_PROFILE seed=4 fault=DREV_OPEN profile=service-power-off-wait boundary=END stepRole=PRODUCTION_5_US_REFERENCE declaredMaximumStepSeconds=5.00000000e-06 configuredMaximumStepSeconds=5.00000000e-06 actualCurrentStepSeconds=5.00000000e-06 observedMinimumStepSeconds=5.00000000e-06 observedMaximumStepSeconds=5.00000000e-06 minimumTimeStepSeconds=5.00000000e-11 adaptive=true
Q30_STEP_PROFILE seed=4 fault=DREV_OPEN profile=reinstalled-original-customer-retest boundary=BEGIN stepRole=PRODUCTION_5_US_REFERENCE declaredMaximumStepSeconds=5.00000000e-06 configuredMaximumStepSeconds=5.00000000e-06 actualCurrentStepSeconds=5.00000000e-06 observedMinimumStepSeconds=5.00000000e-06 observedMaximumStepSeconds=5.00000000e-06 minimumTimeStepSeconds=5.00000000e-11 adaptive=true
Q30_STEP_PROFILE seed=4 fault=DREV_OPEN profile=reinstalled-original-customer-retest boundary=END stepRole=PRODUCTION_5_US_REFERENCE declaredMaximumStepSeconds=5.00000000e-06 configuredMaximumStepSeconds=5.00000000e-06 actualCurrentStepSeconds=5.00000000e-06 observedMinimumStepSeconds=5.00000000e-06 observedMaximumStepSeconds=5.00000000e-06 minimumTimeStepSeconds=5.00000000e-11 adaptive=true
Q30_STEP_PROFILE seed=4 fault=DREV_OPEN profile=service-power-off-wait boundary=BEGIN stepRole=PRODUCTION_5_US_REFERENCE declaredMaximumStepSeconds=5.00000000e-06 configuredMaximumStepSeconds=5.00000000e-06 actualCurrentStepSeconds=5.00000000e-06 observedMinimumStepSeconds=5.00000000e-06 observedMaximumStepSeconds=5.00000000e-06 minimumTimeStepSeconds=5.00000000e-11 adaptive=true
Q30_STEP_PROFILE seed=4 fault=DREV_OPEN profile=service-power-off-wait boundary=END stepRole=PRODUCTION_5_US_REFERENCE declaredMaximumStepSeconds=5.00000000e-06 configuredMaximumStepSeconds=5.00000000e-06 actualCurrentStepSeconds=5.00000000e-06 observedMinimumStepSeconds=5.00000000e-06 observedMaximumStepSeconds=5.00000000e-06 minimumTimeStepSeconds=5.00000000e-11 adaptive=true
Q30_STEP_PROFILE seed=4 fault=DREV_OPEN profile=repaired-customer-retest boundary=BEGIN stepRole=PRODUCTION_5_US_REFERENCE declaredMaximumStepSeconds=5.00000000e-06 configuredMaximumStepSeconds=5.00000000e-06 actualCurrentStepSeconds=5.00000000e-06 observedMinimumStepSeconds=5.00000000e-06 observedMaximumStepSeconds=5.00000000e-06 minimumTimeStepSeconds=5.00000000e-11 adaptive=true
Q30_STEP_PROFILE seed=4 fault=DREV_OPEN profile=repaired-customer-retest boundary=END stepRole=PRODUCTION_5_US_REFERENCE declaredMaximumStepSeconds=5.00000000e-06 configuredMaximumStepSeconds=5.00000000e-06 actualCurrentStepSeconds=5.00000000e-06 observedMinimumStepSeconds=5.00000000e-06 observedMaximumStepSeconds=5.00000000e-06 minimumTimeStepSeconds=5.00000000e-11 adaptive=true
Q30_STEP_OWNER_CLEANUP seed=4 fault=DREV_OPEN declaredMaximumStepSeconds=5.00000000e-06 stepRole=PRODUCTION_5_US_REFERENCE cleanup=true elapsedMillis=0
Q30_STEP_PROFILE seed=4 fault=DREV_OPEN profile=initial-electrical-settle boundary=BEGIN stepRole=EXPERIMENTAL_CANDIDATE_NOT_PROMOTED declaredMaximumStepSeconds=1.00000000e-05 configuredMaximumStepSeconds=1.00000000e-05 actualCurrentStepSeconds=1.00000000e-05 observedMinimumStepSeconds=1.00000000e-05 observedMaximumStepSeconds=1.00000000e-05 minimumTimeStepSeconds=5.00000000e-11 adaptive=true
Q30_STEP_PROFILE seed=4 fault=DREV_OPEN profile=initial-electrical-settle boundary=END stepRole=EXPERIMENTAL_CANDIDATE_NOT_PROMOTED declaredMaximumStepSeconds=1.00000000e-05 configuredMaximumStepSeconds=1.00000000e-05 actualCurrentStepSeconds=1.00000000e-05 observedMinimumStepSeconds=1.00000000e-05 observedMaximumStepSeconds=1.00000000e-05 minimumTimeStepSeconds=5.00000000e-11 adaptive=true
Q30_STEP_PROFILE seed=4 fault=DREV_OPEN profile=healthy-preparation boundary=BEGIN stepRole=EXPERIMENTAL_CANDIDATE_NOT_PROMOTED declaredMaximumStepSeconds=1.00000000e-05 configuredMaximumStepSeconds=1.00000000e-05 actualCurrentStepSeconds=1.00000000e-05 observedMinimumStepSeconds=1.00000000e-05 observedMaximumStepSeconds=1.00000000e-05 minimumTimeStepSeconds=5.00000000e-11 adaptive=true
Q30_STEP_PROFILE seed=4 fault=DREV_OPEN profile=healthy-preparation boundary=END stepRole=EXPERIMENTAL_CANDIDATE_NOT_PROMOTED declaredMaximumStepSeconds=1.00000000e-05 configuredMaximumStepSeconds=1.00000000e-05 actualCurrentStepSeconds=1.00000000e-05 observedMinimumStepSeconds=5.00000000e-06 observedMaximumStepSeconds=1.00000000e-05 minimumTimeStepSeconds=5.00000000e-11 adaptive=true
Q30_STEP_PROFILE seed=4 fault=DREV_OPEN profile=fault-profile-preparation boundary=BEGIN stepRole=EXPERIMENTAL_CANDIDATE_NOT_PROMOTED declaredMaximumStepSeconds=1.00000000e-05 configuredMaximumStepSeconds=1.00000000e-05 actualCurrentStepSeconds=1.00000000e-05 observedMinimumStepSeconds=1.00000000e-05 observedMaximumStepSeconds=1.00000000e-05 minimumTimeStepSeconds=5.00000000e-11 adaptive=true
Q30_STEP_PROFILE seed=4 fault=DREV_OPEN profile=fault-profile-preparation boundary=END stepRole=EXPERIMENTAL_CANDIDATE_NOT_PROMOTED declaredMaximumStepSeconds=1.00000000e-05 configuredMaximumStepSeconds=1.00000000e-05 actualCurrentStepSeconds=1.00000000e-05 observedMinimumStepSeconds=3.12500000e-07 observedMaximumStepSeconds=1.00000000e-05 minimumTimeStepSeconds=5.00000000e-11 adaptive=true
Q30_STEP_PROFILE seed=4 fault=DREV_OPEN profile=faulted-four-input-profile boundary=BEGIN stepRole=EXPERIMENTAL_CANDIDATE_NOT_PROMOTED declaredMaximumStepSeconds=1.00000000e-05 configuredMaximumStepSeconds=1.00000000e-05 actualCurrentStepSeconds=1.00000000e-05 observedMinimumStepSeconds=1.00000000e-05 observedMaximumStepSeconds=1.00000000e-05 minimumTimeStepSeconds=5.00000000e-11 adaptive=true
Q30_STEP_PROFILE seed=4 fault=DREV_OPEN profile=faulted-four-input-profile boundary=END stepRole=EXPERIMENTAL_CANDIDATE_NOT_PROMOTED declaredMaximumStepSeconds=1.00000000e-05 configuredMaximumStepSeconds=1.00000000e-05 actualCurrentStepSeconds=1.00000000e-05 observedMinimumStepSeconds=1.00000000e-05 observedMaximumStepSeconds=1.00000000e-05 minimumTimeStepSeconds=5.00000000e-11 adaptive=true
Q30_STEP_PROFILE seed=4 fault=DREV_OPEN profile=unrepaired-customer-retest boundary=BEGIN stepRole=EXPERIMENTAL_CANDIDATE_NOT_PROMOTED declaredMaximumStepSeconds=1.00000000e-05 configuredMaximumStepSeconds=1.00000000e-05 actualCurrentStepSeconds=1.00000000e-05 observedMinimumStepSeconds=1.00000000e-05 observedMaximumStepSeconds=1.00000000e-05 minimumTimeStepSeconds=5.00000000e-11 adaptive=true
Q30_STEP_PROFILE seed=4 fault=DREV_OPEN profile=unrepaired-customer-retest boundary=END stepRole=EXPERIMENTAL_CANDIDATE_NOT_PROMOTED declaredMaximumStepSeconds=1.00000000e-05 configuredMaximumStepSeconds=1.00000000e-05 actualCurrentStepSeconds=1.00000000e-05 observedMinimumStepSeconds=1.00000000e-05 observedMaximumStepSeconds=1.00000000e-05 minimumTimeStepSeconds=5.00000000e-11 adaptive=true
Q30_STEP_PROFILE seed=4 fault=DREV_OPEN profile=service-power-off-wait boundary=BEGIN stepRole=EXPERIMENTAL_CANDIDATE_NOT_PROMOTED declaredMaximumStepSeconds=1.00000000e-05 configuredMaximumStepSeconds=1.00000000e-05 actualCurrentStepSeconds=1.00000000e-05 observedMinimumStepSeconds=1.00000000e-05 observedMaximumStepSeconds=1.00000000e-05 minimumTimeStepSeconds=5.00000000e-11 adaptive=true
Q30_STEP_PROFILE seed=4 fault=DREV_OPEN profile=service-power-off-wait boundary=END stepRole=EXPERIMENTAL_CANDIDATE_NOT_PROMOTED declaredMaximumStepSeconds=1.00000000e-05 configuredMaximumStepSeconds=1.00000000e-05 actualCurrentStepSeconds=1.00000000e-05 observedMinimumStepSeconds=1.00000000e-05 observedMaximumStepSeconds=1.00000000e-05 minimumTimeStepSeconds=5.00000000e-11 adaptive=true
Q30_STEP_PROFILE seed=4 fault=DREV_OPEN profile=reinstalled-original-customer-retest boundary=BEGIN stepRole=EXPERIMENTAL_CANDIDATE_NOT_PROMOTED declaredMaximumStepSeconds=1.00000000e-05 configuredMaximumStepSeconds=1.00000000e-05 actualCurrentStepSeconds=1.00000000e-05 observedMinimumStepSeconds=1.00000000e-05 observedMaximumStepSeconds=1.00000000e-05 minimumTimeStepSeconds=5.00000000e-11 adaptive=true
Q30_STEP_PROFILE seed=4 fault=DREV_OPEN profile=reinstalled-original-customer-retest boundary=END stepRole=EXPERIMENTAL_CANDIDATE_NOT_PROMOTED declaredMaximumStepSeconds=1.00000000e-05 configuredMaximumStepSeconds=1.00000000e-05 actualCurrentStepSeconds=1.00000000e-05 observedMinimumStepSeconds=1.00000000e-05 observedMaximumStepSeconds=1.00000000e-05 minimumTimeStepSeconds=5.00000000e-11 adaptive=true
Q30_STEP_PROFILE seed=4 fault=DREV_OPEN profile=service-power-off-wait boundary=BEGIN stepRole=EXPERIMENTAL_CANDIDATE_NOT_PROMOTED declaredMaximumStepSeconds=1.00000000e-05 configuredMaximumStepSeconds=1.00000000e-05 actualCurrentStepSeconds=1.00000000e-05 observedMinimumStepSeconds=1.00000000e-05 observedMaximumStepSeconds=1.00000000e-05 minimumTimeStepSeconds=5.00000000e-11 adaptive=true
Q30_STEP_PROFILE seed=4 fault=DREV_OPEN profile=service-power-off-wait boundary=END stepRole=EXPERIMENTAL_CANDIDATE_NOT_PROMOTED declaredMaximumStepSeconds=1.00000000e-05 configuredMaximumStepSeconds=1.00000000e-05 actualCurrentStepSeconds=1.00000000e-05 observedMinimumStepSeconds=1.00000000e-05 observedMaximumStepSeconds=1.00000000e-05 minimumTimeStepSeconds=5.00000000e-11 adaptive=true
Q30_STEP_PROFILE seed=4 fault=DREV_OPEN profile=repaired-customer-retest boundary=BEGIN stepRole=EXPERIMENTAL_CANDIDATE_NOT_PROMOTED declaredMaximumStepSeconds=1.00000000e-05 configuredMaximumStepSeconds=1.00000000e-05 actualCurrentStepSeconds=1.00000000e-05 observedMinimumStepSeconds=1.00000000e-05 observedMaximumStepSeconds=1.00000000e-05 minimumTimeStepSeconds=5.00000000e-11 adaptive=true
Q30_STEP_FAILURE seed=4 fault=DREV_OPEN stage=temporal-advance phase=customer-retest profile=repaired-customer-retest durationSeconds=0.0300000000 declaredMaximumStepSeconds=1.00000000e-05 configuredMaximumStepSeconds=1.00000000e-05 actualCurrentStepSeconds=1.00000000e-05 U1_INPUT_to_U1_RETURN_V=25.6976386 U1_INPUT_to_J1_2_V=25.6976386 U1_RETURN_to_J1_2_V=0.00000000 regulatorModelInput_V=25.6976386 E02_maximumInput_V=24.0000000 diagnosticFailure=none originalException=java.lang.IllegalArgumentException:Rail input exceeds declared envelope
Q30_STEP_FAILURE seed=4 fault=DREV_OPEN stage=temporal-advance phase=customer-retest profile=repaired-customer-retest durationSeconds=0.0300000000 declaredMaximumStepSeconds=1.00000000e-05 configuredMaximumStepSeconds=1.00000000e-05 actualCurrentStepSeconds=1.00000000e-05 U1_INPUT_to_U1_RETURN_V=25.6976386 U1_INPUT_to_J1_2_V=25.6976386 U1_RETURN_to_J1_2_V=0.00000000 regulatorModelInput_V=25.6976386 E02_maximumInput_V=24.0000000 diagnosticFailure=none originalException=java.lang.IllegalArgumentException:Rail input exceeds declared envelope
Q30_STEP_OWNER_CLEANUP seed=4 fault=DREV_OPEN declaredMaximumStepSeconds=1.00000000e-05 stepRole=EXPERIMENTAL_CANDIDATE_NOT_PROMOTED cleanup=true elapsedMillis=0
Q30_STEP_SEED_CLEANUP seed=4 cleanup=true elapsedMillis=0

node 11 unconnected
converged after 25 iterations, timeStep = 5.0E-6
converged after 6 iterations, timeStep = 5.0E-6
node 11 unconnected
node 11 unconnected
converged after 16 iterations, timeStep = 5.0E-6
node 11 unconnected
converged after 12 iterations, timeStep = 5.0E-6
converged after 14 iterations, timeStep = 5.0E-6
converged after 10 iterations, timeStep = 5.0E-6
node 11 unconnected
converged after 19 iterations, timeStep = 5.0E-6
node 11 unconnected
converged after 12 iterations, timeStep = 5.0E-6
converged after 15 iterations, timeStep = 5.0E-6
node 11 unconnected
converged after 15 iterations, timeStep = 5.0E-6
converged after 20 iterations, timeStep = 5.0E-6
converged after 13 iterations, timeStep = 5.0E-6
node 11 unconnected
converged after 12 iterations, timeStep = 5.0E-6
node 11 unconnected
node 11 unconnected
converged after 12 iterations, timeStep = 5.0E-6
node 11 unconnected
node 11 unconnected
converged after 12 iterations, timeStep = 5.0E-6
node 11 unconnected
node 11 unconnected
converged after 12 iterations, timeStep = 5.0E-6
node 11 unconnected
node 11 unconnected
node 11 unconnected
node 11 unconnected
node 11 unconnected
node 11 unconnected
node 11 unconnected
node 11 unconnected
node 16 unconnected
node 20 unconnected
node 11 unconnected
node 11 unconnected
node 11 unconnected
converged after 12 iterations, timeStep = 5.0E-6
node 11 unconnected
node 11 unconnected
converged after 12 iterations, timeStep = 5.0E-6
node 11 unconnected
node 11 unconnected
node 11 unconnected
node 11 unconnected
node 11 unconnected
node 11 unconnected
node 11 unconnected
node 11 unconnected
node 16 unconnected
node 20 unconnected
node 11 unconnected
node 16 unconnected
node 20 unconnected
converged after 7 iterations, timeStep = 5.0E-6
converged after 6 iterations, timeStep = 5.0E-6
node 11 unconnected
node 16 unconnected
node 20 unconnected
converged after 40 iterations, timeStep = 5.0E-6
node 11 unconnected
node 16 unconnected
node 20 unconnected
converged after 12 iterations, timeStep = 5.0E-6
converged after 20 iterations, timeStep = 5.0E-6
converged after 15 iterations, timeStep = 5.0E-6
node 11 unconnected
node 16 unconnected
node 20 unconnected
converged after 16 iterations, timeStep = 5.0E-6
node 11 unconnected
node 16 unconnected
node 20 unconnected
converged after 12 iterations, timeStep = 5.0E-6
converged after 14 iterations, timeStep = 5.0E-6
converged after 10 iterations, timeStep = 5.0E-6
node 11 unconnected
node 16 unconnected
node 20 unconnected
converged after 18 iterations, timeStep = 5.0E-6
node 11 unconnected
converged after 24 iterations, timeStep = 1.0E-5
node 11 unconnected
node 11 unconnected
converged after 15 iterations, timeStep = 1.0E-5
node 11 unconnected
converged after 12 iterations, timeStep = 1.0E-5
converged after 14 iterations, timeStep = 1.0E-5
converged after 10 iterations, timeStep = 1.0E-5
node 11 unconnected
converged after 19 iterations, timeStep = 1.0E-5
node 11 unconnected
converged after 12 iterations, timeStep = 1.0E-5
timestep down to 5.0E-6 at 0.13073999999998998
converged after 13 iterations, timeStep = 5.0E-6
converged after 3 iterations, timeStep = 5.0E-6
converged after 3 iterations, timeStep = 5.0E-6
converged after 3 iterations, timeStep = 5.0E-6
converged after 3 iterations, timeStep = 5.0E-6
converged after 3 iterations, timeStep = 5.0E-6
converged after 3 iterations, timeStep = 5.0E-6
converged after 3 iterations, timeStep = 5.0E-6
converged after 3 iterations, timeStep = 5.0E-6
converged after 3 iterations, timeStep = 5.0E-6
converged after 3 iterations, timeStep = 5.0E-6
converged after 3 iterations, timeStep = 5.0E-6
converged after 3 iterations, timeStep = 5.0E-6
converged after 3 iterations, timeStep = 5.0E-6
converged after 3 iterations, timeStep = 5.0E-6
converged after 3 iterations, timeStep = 5.0E-6
converged after 3 iterations, timeStep = 5.0E-6
converged after 3 iterations, timeStep = 5.0E-6
converged after 3 iterations, timeStep = 5.0E-6
converged after 3 iterations, timeStep = 5.0E-6
converged after 3 iterations, timeStep = 5.0E-6
converged after 3 iterations, timeStep = 5.0E-6
converged after 3 iterations, timeStep = 5.0E-6
converged after 3 iterations, timeStep = 5.0E-6
converged after 3 iterations, timeStep = 5.0E-6
converged after 3 iterations, timeStep = 5.0E-6
converged after 3 iterations, timeStep = 5.0E-6
converged after 3 iterations, timeStep = 5.0E-6
converged after 3 iterations, timeStep = 5.0E-6
converged after 3 iterations, timeStep = 5.0E-6
converged after 3 iterations, timeStep = 5.0E-6
converged after 3 iterations, timeStep = 5.0E-6
converged after 3 iterations, timeStep = 5.0E-6
converged after 3 iterations, timeStep = 5.0E-6
converged after 3 iterations, timeStep = 5.0E-6
converged after 3 iterations, timeStep = 5.0E-6
converged after 3 iterations, timeStep = 5.0E-6
converged after 2 iterations, timeStep = 5.0E-6
converged after 2 iterations, timeStep = 5.0E-6
converged after 2 iterations, timeStep = 5.0E-6
timestep up = 1.0E-5 at 0.13093999999999018
node 11 unconnected
converged after 15 iterations, timeStep = 1.0E-5
converged after 19 iterations, timeStep = 1.0E-5
timestep down to 5.0E-6 at 0.15350000000001274
converged after 2 iterations, timeStep = 5.0E-6
converged after 1 iterations, timeStep = 5.0E-6
converged after 5 iterations, timeStep = 5.0E-6
converged after 3 iterations, timeStep = 5.0E-6
converged after 3 iterations, timeStep = 5.0E-6
converged after 3 iterations, timeStep = 5.0E-6
converged after 3 iterations, timeStep = 5.0E-6
converged after 3 iterations, timeStep = 5.0E-6
converged after 3 iterations, timeStep = 5.0E-6
converged after 3 iterations, timeStep = 5.0E-6
converged after 3 iterations, timeStep = 5.0E-6
converged after 3 iterations, timeStep = 5.0E-6
converged after 3 iterations, timeStep = 5.0E-6
converged after 3 iterations, timeStep = 5.0E-6
converged after 3 iterations, timeStep = 5.0E-6
converged after 3 iterations, timeStep = 5.0E-6
converged after 3 iterations, timeStep = 5.0E-6
converged after 3 iterations, timeStep = 5.0E-6
converged after 3 iterations, timeStep = 5.0E-6
converged after 3 iterations, timeStep = 5.0E-6
converged after 3 iterations, timeStep = 5.0E-6
converged after 3 iterations, timeStep = 5.0E-6
converged after 3 iterations, timeStep = 5.0E-6
converged after 3 iterations, timeStep = 5.0E-6
converged after 3 iterations, timeStep = 5.0E-6
converged after 3 iterations, timeStep = 5.0E-6
converged after 3 iterations, timeStep = 5.0E-6
converged after 3 iterations, timeStep = 5.0E-6
converged after 3 iterations, timeStep = 5.0E-6
converged after 3 iterations, timeStep = 5.0E-6
converged after 3 iterations, timeStep = 5.0E-6
converged after 3 iterations, timeStep = 5.0E-6
converged after 3 iterations, timeStep = 5.0E-6
converged after 3 iterations, timeStep = 5.0E-6
converged after 3 iterations, timeStep = 5.0E-6
converged after 3 iterations, timeStep = 5.0E-6
converged after 3 iterations, timeStep = 5.0E-6
converged after 3 iterations, timeStep = 5.0E-6
converged after 3 iterations, timeStep = 5.0E-6
converged after 3 iterations, timeStep = 5.0E-6
converged after 3 iterations, timeStep = 5.0E-6
converged after 3 iterations, timeStep = 5.0E-6
converged after 3 iterations, timeStep = 5.0E-6
converged after 3 iterations, timeStep = 5.0E-6
converged after 3 iterations, timeStep = 5.0E-6
converged after 3 iterations, timeStep = 5.0E-6
converged after 3 iterations, timeStep = 5.0E-6
converged after 3 iterations, timeStep = 5.0E-6
converged after 3 iterations, timeStep = 5.0E-6
converged after 3 iterations, timeStep = 5.0E-6
converged after 3 iterations, timeStep = 5.0E-6
converged after 3 iterations, timeStep = 5.0E-6
converged after 3 iterations, timeStep = 5.0E-6
converged after 3 iterations, timeStep = 5.0E-6
converged after 3 iterations, timeStep = 5.0E-6
converged after 3 iterations, timeStep = 5.0E-6
converged after 3 iterations, timeStep = 5.0E-6
converged after 3 iterations, timeStep = 5.0E-6
converged after 3 iterations, timeStep = 5.0E-6
converged after 3 iterations, timeStep = 5.0E-6
converged after 3 iterations, timeStep = 5.0E-6
converged after 3 iterations, timeStep = 5.0E-6
converged after 3 iterations, timeStep = 5.0E-6
converged after 3 iterations, timeStep = 5.0E-6
converged after 3 iterations, timeStep = 5.0E-6
converged after 3 iterations, timeStep = 5.0E-6
converged after 3 iterations, timeStep = 5.0E-6
converged after 3 iterations, timeStep = 5.0E-6
converged after 3 iterations, timeStep = 5.0E-6
converged after 3 iterations, timeStep = 5.0E-6
converged after 3 iterations, timeStep = 5.0E-6
converged after 3 iterations, timeStep = 5.0E-6
converged after 3 iterations, timeStep = 5.0E-6
converged after 3 iterations, timeStep = 5.0E-6
converged after 3 iterations, timeStep = 5.0E-6
converged after 3 iterations, timeStep = 5.0E-6
converged after 3 iterations, timeStep = 5.0E-6
converged after 3 iterations, timeStep = 5.0E-6
converged after 3 iterations, timeStep = 5.0E-6
converged after 3 iterations, timeStep = 5.0E-6
converged after 3 iterations, timeStep = 5.0E-6
converged after 3 iterations, timeStep = 5.0E-6
timestep down to 2.5E-6 at 0.15391000000001315
timestep down to 1.25E-6 at 0.15391000000001315
timestep down to 6.25E-7 at 0.15391000000001315
timestep down to 3.125E-7 at 0.15391000000001315
converged after 13 iterations, timeStep = 3.125E-7
converged after 3 iterations, timeStep = 3.125E-7
converged after 3 iterations, timeStep = 3.125E-7
converged after 3 iterations, timeStep = 3.125E-7
converged after 3 iterations, timeStep = 3.125E-7
converged after 3 iterations, timeStep = 3.125E-7
converged after 3 iterations, timeStep = 3.125E-7
converged after 13 iterations, timeStep = 3.125E-7
converged after 3 iterations, timeStep = 3.125E-7
converged after 2 iterations, timeStep = 3.125E-7
converged after 2 iterations, timeStep = 3.125E-7
converged after 2 iterations, timeStep = 3.125E-7
timestep up = 6.25E-7 at 0.153913750000013
converged after 3 iterations, timeStep = 6.25E-7
converged after 2 iterations, timeStep = 6.25E-7
converged after 2 iterations, timeStep = 6.25E-7
converged after 1 iterations, timeStep = 6.25E-7
timestep up = 1.25E-6 at 0.15391625000001302
converged after 2 iterations, timeStep = 1.25E-6
converged after 2 iterations, timeStep = 1.25E-6
converged after 2 iterations, timeStep = 1.25E-6
timestep up = 2.5E-6 at 0.15392000000001305
converged after 2 iterations, timeStep = 2.5E-6
converged after 2 iterations, timeStep = 2.5E-6
converged after 2 iterations, timeStep = 2.5E-6
timestep up = 5.0E-6 at 0.153927500000013
converged after 2 iterations, timeStep = 5.0E-6
converged after 2 iterations, timeStep = 5.0E-6
converged after 2 iterations, timeStep = 5.0E-6
timestep up = 1.0E-5 at 0.15394250000001303
node 11 unconnected
converged after 12 iterations, timeStep = 1.0E-5
node 11 unconnected
node 11 unconnected
converged after 12 iterations, timeStep = 1.0E-5
node 11 unconnected
node 11 unconnected
converged after 12 iterations, timeStep = 1.0E-5
node 11 unconnected
node 11 unconnected
converged after 12 iterations, timeStep = 1.0E-5
node 11 unconnected
node 11 unconnected
node 11 unconnected
node 11 unconnected
node 11 unconnected
node 11 unconnected
node 11 unconnected
node 11 unconnected
node 16 unconnected
node 20 unconnected
node 11 unconnected
node 11 unconnected
node 11 unconnected
converged after 12 iterations, timeStep = 1.0E-5
node 11 unconnected
node 11 unconnected
converged after 12 iterations, timeStep = 1.0E-5
node 11 unconnected
node 11 unconnected
node 11 unconnected
node 11 unconnected
node 11 unconnected
node 11 unconnected
node 11 unconnected
node 11 unconnected
node 16 unconnected
node 20 unconnected
node 11 unconnected
node 16 unconnected
node 20 unconnected
converged after 8 iterations, timeStep = 1.0E-5
converged after 6 iterations, timeStep = 1.0E-5
node 11 unconnected
node 16 unconnected
node 20 unconnected
converged after 39 iterations, timeStep = 1.0E-5
converged after 7 iterations, timeStep = 1.0E-5
converged after 7 iterations, timeStep = 1.0E-5
converged after 7 iterations, timeStep = 1.0E-5
converged after 10 iterations, timeStep = 1.0E-5
node 11 unconnected
node 16 unconnected
node 20 unconnected
converged after 12 iterations, timeStep = 1.0E-5
converged after 20 iterations, timeStep = 1.0E-5
timestep down to 5.0E-6 at 1.05133249999842
converged after 12 iterations, timeStep = 5.0E-6
converged after 3 iterations, timeStep = 5.0E-6
converged after 3 iterations, timeStep = 5.0E-6
converged after 3 iterations, timeStep = 5.0E-6
converged after 3 iterations, timeStep = 5.0E-6
converged after 3 iterations, timeStep = 5.0E-6
converged after 3 iterations, timeStep = 5.0E-6
converged after 3 iterations, timeStep = 5.0E-6
converged after 3 iterations, timeStep = 5.0E-6
converged after 3 iterations, timeStep = 5.0E-6
converged after 3 iterations, timeStep = 5.0E-6
converged after 3 iterations, timeStep = 5.0E-6
converged after 3 iterations, timeStep = 5.0E-6
converged after 3 iterations, timeStep = 5.0E-6
converged after 3 iterations, timeStep = 5.0E-6
converged after 3 iterations, timeStep = 5.0E-6
converged after 3 iterations, timeStep = 5.0E-6
converged after 3 iterations, timeStep = 5.0E-6
converged after 3 iterations, timeStep = 5.0E-6
converged after 3 iterations, timeStep = 5.0E-6
converged after 3 iterations, timeStep = 5.0E-6
converged after 3 iterations, timeStep = 5.0E-6
converged after 3 iterations, timeStep = 5.0E-6
converged after 3 iterations, timeStep = 5.0E-6
converged after 3 iterations, timeStep = 5.0E-6
converged after 3 iterations, timeStep = 5.0E-6
converged after 3 iterations, timeStep = 5.0E-6
converged after 3 iterations, timeStep = 5.0E-6
converged after 3 iterations, timeStep = 5.0E-6
converged after 3 iterations, timeStep = 5.0E-6
converged after 3 iterations, timeStep = 5.0E-6
converged after 3 iterations, timeStep = 5.0E-6
converged after 3 iterations, timeStep = 5.0E-6
converged after 3 iterations, timeStep = 5.0E-6
converged after 2 iterations, timeStep = 5.0E-6
converged after 2 iterations, timeStep = 5.0E-6
converged after 2 iterations, timeStep = 5.0E-6
timestep up = 1.0E-5 at 1.0515174999984211
node 11 unconnected
node 16 unconnected
node 20 unconnected
converged after 15 iterations, timeStep = 1.0E-5
node 11 unconnected
node 16 unconnected
node 20 unconnected
converged after 12 iterations, timeStep = 1.0E-5
node 11 unconnected
node 16 unconnected
node 20 unconnected
Exception in thread "main" java.lang.IllegalArgumentException: Rail input exceeds declared envelope
	at com.lushprojects.circuitjs1.client.AbstractRailRegulatorElm.validateOperatingPoint(AbstractRailRegulatorElm.java:484)
	at com.lushprojects.circuitjs1.client.AbstractRailRegulatorElm.doStep(AbstractRailRegulatorElm.java:127)
	at com.lushprojects.circuitjs1.client.CirSim.runCircuitOwned(CirSim.java:3357)
	at com.lushprojects.circuitjs1.client.CircuitSolverExecutor.advanceFor(CircuitSolverExecutor.java:144)
	at com.lushprojects.circuitjs1.client.CircuitSolverExecutor.advanceFor(CircuitSolverExecutor.java:135)
	at com.lushprojects.circuitjs1.client.CirSim.advanceGeneratedTemporalSolver(CirSim.java:6344)
	at com.lushprojects.circuitjs1.client.CirSim.advanceGeneratedTemporalProfile(CirSim.java:6321)
	at com.lushprojects.circuitjs1.client.Q30SolverStepSensitivityContractTest$SensitivityCirSim.advanceGeneratedTemporalProfile(Q30SolverStepSensitivityContractTest.java:846)
	at com.lushprojects.circuitjs1.client.Rb30Behavior$ProfileWork.applyInput(Rb30Behavior.java:391)
	at com.lushprojects.circuitjs1.client.Rb30Behavior$ProfileWork.observeCondition(Rb30Behavior.java:372)
	at com.lushprojects.circuitjs1.client.Rb30Behavior$ProfileWork.step(Rb30Behavior.java:361)
	at com.lushprojects.circuitjs1.client.Rb30Behavior$4.step(Rb30Behavior.java:188)
	at com.lushprojects.circuitjs1.client.GeneratedWork.complete(GeneratedWork.java:17)
	at com.lushprojects.circuitjs1.client.GeneratedBoardOperation$ResumableExecutor.execute(GeneratedBoardOperation.java:14)
	at com.lushprojects.circuitjs1.client.GeneratedBoardOperation.execute(GeneratedBoardOperation.java:39)
	at com.lushprojects.circuitjs1.client.GeneratedBoardOperationCatalog.invoke(GeneratedBoardOperationCatalog.java:32)
	at com.lushprojects.circuitjs1.client.GeneratedBoardInstance.invokeOperation(GeneratedBoardInstance.java:362)
	at com.lushprojects.circuitjs1.client.Q30SolverStepSensitivityContractTest.runOwner(Q30SolverStepSensitivityContractTest.java:388)
	at com.lushprojects.circuitjs1.client.Q30SolverStepSensitivityContractTest.verifySeed(Q30SolverStepSensitivityContractTest.java:144)
	at com.lushprojects.circuitjs1.client.Q30SolverStepSensitivityContractTest.main(Q30SolverStepSensitivityContractTest.java:74)
	Suppressed: java.lang.IllegalArgumentException: Rail input exceeds declared envelope
		at com.lushprojects.circuitjs1.client.AbstractRailRegulatorElm.validateOperatingPoint(AbstractRailRegulatorElm.java:484)
		at com.lushprojects.circuitjs1.client.AbstractRailRegulatorElm.doStep(AbstractRailRegulatorElm.java:127)
		at com.lushprojects.circuitjs1.client.CirSim.runCircuitOwned(CirSim.java:3357)
		at com.lushprojects.circuitjs1.client.CircuitSolverExecutor.advanceFor(CircuitSolverExecutor.java:144)
		at com.lushprojects.circuitjs1.client.CircuitSolverExecutor.advanceFor(CircuitSolverExecutor.java:135)
		at com.lushprojects.circuitjs1.client.CirSim.advanceGeneratedTemporalSolver(CirSim.java:6344)
		at com.lushprojects.circuitjs1.client.CirSim.advanceGeneratedTemporalProfile(CirSim.java:6321)
		at com.lushprojects.circuitjs1.client.Q30SolverStepSensitivityContractTest$SensitivityCirSim.advanceGeneratedTemporalProfile(Q30SolverStepSensitivityContractTest.java:846)
		at com.lushprojects.circuitjs1.client.Rb30Behavior$ProfileWork.applyInput(Rb30Behavior.java:391)
		at com.lushprojects.circuitjs1.client.Rb30Behavior$ProfileWork.cancel(Rb30Behavior.java:421)
		at com.lushprojects.circuitjs1.client.Rb30Behavior$4.cancel(Rb30Behavior.java:201)
		at com.lushprojects.circuitjs1.client.GeneratedWork.cancelAfterFailure(GeneratedWork.java:29)
		at com.lushprojects.circuitjs1.client.GeneratedWork.complete(GeneratedWork.java:20)
		... 7 more

Q30_SENSITIVITY_CASE seed=4 fault=REN_OPEN exit=1 termination=True qualified=False
Q30_STEP_PROFILE seed=4 fault=REN_OPEN profile=initial-electrical-settle boundary=BEGIN stepRole=PRODUCTION_5_US_REFERENCE declaredMaximumStepSeconds=5.00000000e-06 configuredMaximumStepSeconds=5.00000000e-06 actualCurrentStepSeconds=5.00000000e-06 observedMinimumStepSeconds=5.00000000e-06 observedMaximumStepSeconds=5.00000000e-06 minimumTimeStepSeconds=5.00000000e-11 adaptive=true
Q30_STEP_PROFILE seed=4 fault=REN_OPEN profile=initial-electrical-settle boundary=END stepRole=PRODUCTION_5_US_REFERENCE declaredMaximumStepSeconds=5.00000000e-06 configuredMaximumStepSeconds=5.00000000e-06 actualCurrentStepSeconds=5.00000000e-06 observedMinimumStepSeconds=5.00000000e-06 observedMaximumStepSeconds=5.00000000e-06 minimumTimeStepSeconds=5.00000000e-11 adaptive=true
Q30_STEP_PROFILE seed=4 fault=REN_OPEN profile=healthy-preparation boundary=BEGIN stepRole=PRODUCTION_5_US_REFERENCE declaredMaximumStepSeconds=5.00000000e-06 configuredMaximumStepSeconds=5.00000000e-06 actualCurrentStepSeconds=5.00000000e-06 observedMinimumStepSeconds=5.00000000e-06 observedMaximumStepSeconds=5.00000000e-06 minimumTimeStepSeconds=5.00000000e-11 adaptive=true
Q30_STEP_PROFILE seed=4 fault=REN_OPEN profile=healthy-preparation boundary=END stepRole=PRODUCTION_5_US_REFERENCE declaredMaximumStepSeconds=5.00000000e-06 configuredMaximumStepSeconds=5.00000000e-06 actualCurrentStepSeconds=5.00000000e-06 observedMinimumStepSeconds=5.00000000e-06 observedMaximumStepSeconds=5.00000000e-06 minimumTimeStepSeconds=5.00000000e-11 adaptive=true
Q30_STEP_PROFILE seed=4 fault=REN_OPEN profile=fault-profile-preparation boundary=BEGIN stepRole=PRODUCTION_5_US_REFERENCE declaredMaximumStepSeconds=5.00000000e-06 configuredMaximumStepSeconds=5.00000000e-06 actualCurrentStepSeconds=5.00000000e-06 observedMinimumStepSeconds=5.00000000e-06 observedMaximumStepSeconds=5.00000000e-06 minimumTimeStepSeconds=5.00000000e-11 adaptive=true
Q30_STEP_PROFILE seed=4 fault=REN_OPEN profile=fault-profile-preparation boundary=END stepRole=PRODUCTION_5_US_REFERENCE declaredMaximumStepSeconds=5.00000000e-06 configuredMaximumStepSeconds=5.00000000e-06 actualCurrentStepSeconds=5.00000000e-06 observedMinimumStepSeconds=5.00000000e-06 observedMaximumStepSeconds=5.00000000e-06 minimumTimeStepSeconds=5.00000000e-11 adaptive=true
Q30_STEP_PROFILE seed=4 fault=REN_OPEN profile=faulted-four-input-profile boundary=BEGIN stepRole=PRODUCTION_5_US_REFERENCE declaredMaximumStepSeconds=5.00000000e-06 configuredMaximumStepSeconds=5.00000000e-06 actualCurrentStepSeconds=5.00000000e-06 observedMinimumStepSeconds=5.00000000e-06 observedMaximumStepSeconds=5.00000000e-06 minimumTimeStepSeconds=5.00000000e-11 adaptive=true
Q30_STEP_PROFILE seed=4 fault=REN_OPEN profile=faulted-four-input-profile boundary=END stepRole=PRODUCTION_5_US_REFERENCE declaredMaximumStepSeconds=5.00000000e-06 configuredMaximumStepSeconds=5.00000000e-06 actualCurrentStepSeconds=5.00000000e-06 observedMinimumStepSeconds=5.00000000e-06 observedMaximumStepSeconds=5.00000000e-06 minimumTimeStepSeconds=5.00000000e-11 adaptive=true
Q30_STEP_PROFILE seed=4 fault=REN_OPEN profile=unrepaired-customer-retest boundary=BEGIN stepRole=PRODUCTION_5_US_REFERENCE declaredMaximumStepSeconds=5.00000000e-06 configuredMaximumStepSeconds=5.00000000e-06 actualCurrentStepSeconds=5.00000000e-06 observedMinimumStepSeconds=5.00000000e-06 observedMaximumStepSeconds=5.00000000e-06 minimumTimeStepSeconds=5.00000000e-11 adaptive=true
Q30_STEP_PROFILE seed=4 fault=REN_OPEN profile=unrepaired-customer-retest boundary=END stepRole=PRODUCTION_5_US_REFERENCE declaredMaximumStepSeconds=5.00000000e-06 configuredMaximumStepSeconds=5.00000000e-06 actualCurrentStepSeconds=5.00000000e-06 observedMinimumStepSeconds=5.00000000e-06 observedMaximumStepSeconds=5.00000000e-06 minimumTimeStepSeconds=5.00000000e-11 adaptive=true
Q30_STEP_PROFILE seed=4 fault=REN_OPEN profile=service-power-off-wait boundary=BEGIN stepRole=PRODUCTION_5_US_REFERENCE declaredMaximumStepSeconds=5.00000000e-06 configuredMaximumStepSeconds=5.00000000e-06 actualCurrentStepSeconds=5.00000000e-06 observedMinimumStepSeconds=5.00000000e-06 observedMaximumStepSeconds=5.00000000e-06 minimumTimeStepSeconds=5.00000000e-11 adaptive=true
Q30_STEP_PROFILE seed=4 fault=REN_OPEN profile=service-power-off-wait boundary=END stepRole=PRODUCTION_5_US_REFERENCE declaredMaximumStepSeconds=5.00000000e-06 configuredMaximumStepSeconds=5.00000000e-06 actualCurrentStepSeconds=5.00000000e-06 observedMinimumStepSeconds=5.00000000e-06 observedMaximumStepSeconds=5.00000000e-06 minimumTimeStepSeconds=5.00000000e-11 adaptive=true
Q30_STEP_PROFILE seed=4 fault=REN_OPEN profile=reinstalled-original-customer-retest boundary=BEGIN stepRole=PRODUCTION_5_US_REFERENCE declaredMaximumStepSeconds=5.00000000e-06 configuredMaximumStepSeconds=5.00000000e-06 actualCurrentStepSeconds=5.00000000e-06 observedMinimumStepSeconds=5.00000000e-06 observedMaximumStepSeconds=5.00000000e-06 minimumTimeStepSeconds=5.00000000e-11 adaptive=true
Q30_STEP_PROFILE seed=4 fault=REN_OPEN profile=reinstalled-original-customer-retest boundary=END stepRole=PRODUCTION_5_US_REFERENCE declaredMaximumStepSeconds=5.00000000e-06 configuredMaximumStepSeconds=5.00000000e-06 actualCurrentStepSeconds=5.00000000e-06 observedMinimumStepSeconds=5.00000000e-06 observedMaximumStepSeconds=5.00000000e-06 minimumTimeStepSeconds=5.00000000e-11 adaptive=true
Q30_STEP_PROFILE seed=4 fault=REN_OPEN profile=service-power-off-wait boundary=BEGIN stepRole=PRODUCTION_5_US_REFERENCE declaredMaximumStepSeconds=5.00000000e-06 configuredMaximumStepSeconds=5.00000000e-06 actualCurrentStepSeconds=5.00000000e-06 observedMinimumStepSeconds=5.00000000e-06 observedMaximumStepSeconds=5.00000000e-06 minimumTimeStepSeconds=5.00000000e-11 adaptive=true
Q30_STEP_PROFILE seed=4 fault=REN_OPEN profile=service-power-off-wait boundary=END stepRole=PRODUCTION_5_US_REFERENCE declaredMaximumStepSeconds=5.00000000e-06 configuredMaximumStepSeconds=5.00000000e-06 actualCurrentStepSeconds=5.00000000e-06 observedMinimumStepSeconds=5.00000000e-06 observedMaximumStepSeconds=5.00000000e-06 minimumTimeStepSeconds=5.00000000e-11 adaptive=true
Q30_STEP_OWNER_CLEANUP seed=4 fault=REN_OPEN declaredMaximumStepSeconds=5.00000000e-06 stepRole=PRODUCTION_5_US_REFERENCE cleanup=true elapsedMillis=0
Q30_STEP_OWNER_CLEANUP seed=4 fault=DREV_OPEN declaredMaximumStepSeconds=5.00000000e-06 stepRole=PRODUCTION_5_US_REFERENCE cleanup=true elapsedMillis=0
Q30_STEP_OWNER_CLEANUP seed=4 fault=REN_OPEN declaredMaximumStepSeconds=1.00000000e-05 stepRole=EXPERIMENTAL_CANDIDATE_NOT_PROMOTED cleanup=true elapsedMillis=0
Q30_STEP_SEED_CLEANUP seed=4 cleanup=true elapsedMillis=0

node 11 unconnected
converged after 25 iterations, timeStep = 5.0E-6
converged after 6 iterations, timeStep = 5.0E-6
node 11 unconnected
node 11 unconnected
converged after 16 iterations, timeStep = 5.0E-6
node 11 unconnected
converged after 12 iterations, timeStep = 5.0E-6
converged after 14 iterations, timeStep = 5.0E-6
converged after 10 iterations, timeStep = 5.0E-6
node 11 unconnected
converged after 19 iterations, timeStep = 5.0E-6
node 11 unconnected
converged after 12 iterations, timeStep = 5.0E-6
converged after 15 iterations, timeStep = 5.0E-6
node 11 unconnected
node 20 unconnected
converged after 12 iterations, timeStep = 5.0E-6
converged after 20 iterations, timeStep = 5.0E-6
converged after 12 iterations, timeStep = 5.0E-6
node 11 unconnected
node 20 unconnected
converged after 12 iterations, timeStep = 5.0E-6
node 11 unconnected
node 20 unconnected
node 11 unconnected
node 20 unconnected
converged after 12 iterations, timeStep = 5.0E-6
node 11 unconnected
node 20 unconnected
node 11 unconnected
node 20 unconnected
converged after 12 iterations, timeStep = 5.0E-6
node 11 unconnected
node 20 unconnected
node 11 unconnected
node 20 unconnected
converged after 12 iterations, timeStep = 5.0E-6
node 11 unconnected
node 20 unconnected
node 11 unconnected
node 20 unconnected
node 11 unconnected
node 20 unconnected
node 11 unconnected
node 20 unconnected
node 11 unconnected
node 20 unconnected
node 11 unconnected
node 20 unconnected
node 11 unconnected
node 20 unconnected
node 11 unconnected
node 20 unconnected
node 21 unconnected
node 23 unconnected
node 11 unconnected
node 20 unconnected
node 11 unconnected
node 20 unconnected
converged after 6 iterations, timeStep = 5.0E-6
node 11 unconnected
node 20 unconnected
converged after 12 iterations, timeStep = 5.0E-6
node 11 unconnected
node 20 unconnected
node 11 unconnected
node 20 unconnected
converged after 12 iterations, timeStep = 5.0E-6
node 11 unconnected
node 20 unconnected
node 11 unconnected
node 20 unconnected
node 11 unconnected
node 20 unconnected
node 11 unconnected
node 20 unconnected
node 11 unconnected
node 20 unconnected
node 11 unconnected
node 20 unconnected
node 11 unconnected
node 20 unconnected
node 11 unconnected
node 20 unconnected
node 21 unconnected
node 23 unconnected
node 11 unconnected
node 21 unconnected
node 23 unconnected
converged after 9 iterations, timeStep = 5.0E-6
Exception in thread "main" java.lang.IllegalArgumentException: Negative E02 rail output is unsupported
	at com.lushprojects.circuitjs1.client.AbstractRailRegulatorElm.validateOperatingPoint(AbstractRailRegulatorElm.java:466)
	at com.lushprojects.circuitjs1.client.AbstractRailRegulatorElm.doStep(AbstractRailRegulatorElm.java:127)
	at com.lushprojects.circuitjs1.client.CirSim.runCircuitOwned(CirSim.java:3357)
	at com.lushprojects.circuitjs1.client.CircuitSolverExecutor.advanceOne(CircuitSolverExecutor.java:218)
	at com.lushprojects.circuitjs1.client.CircuitSolverExecutor.advanceSteps(CircuitSolverExecutor.java:128)
	at com.lushprojects.circuitjs1.client.CircuitSolverExecutor.advanceSteps(CircuitSolverExecutor.java:123)
	at com.lushprojects.circuitjs1.client.Q30SolverStepSensitivityContractTest.settleElectrical(Q30SolverStepSensitivityContractTest.java:522)
	at com.lushprojects.circuitjs1.client.Q30SolverStepSensitivityContractTest.settleMutation(Q30SolverStepSensitivityContractTest.java:500)
	at com.lushprojects.circuitjs1.client.Q30SolverStepSensitivityContractTest.runOwner(Q30SolverStepSensitivityContractTest.java:374)
	at com.lushprojects.circuitjs1.client.Q30SolverStepSensitivityContractTest.verifySeed(Q30SolverStepSensitivityContractTest.java:142)
	at com.lushprojects.circuitjs1.client.Q30SolverStepSensitivityContractTest.main(Q30SolverStepSensitivityContractTest.java:74)

Q30_SENSITIVITY_CASE seed=4 fault=SENSOR_A_OPEN exit=0 termination=True qualified=True
Q30_STEP_PROFILE seed=4 fault=SENSOR_A_OPEN profile=initial-electrical-settle boundary=BEGIN stepRole=PRODUCTION_5_US_REFERENCE declaredMaximumStepSeconds=5.00000000e-06 configuredMaximumStepSeconds=5.00000000e-06 actualCurrentStepSeconds=5.00000000e-06 observedMinimumStepSeconds=5.00000000e-06 observedMaximumStepSeconds=5.00000000e-06 minimumTimeStepSeconds=5.00000000e-11 adaptive=true
Q30_STEP_PROFILE seed=4 fault=SENSOR_A_OPEN profile=initial-electrical-settle boundary=END stepRole=PRODUCTION_5_US_REFERENCE declaredMaximumStepSeconds=5.00000000e-06 configuredMaximumStepSeconds=5.00000000e-06 actualCurrentStepSeconds=5.00000000e-06 observedMinimumStepSeconds=5.00000000e-06 observedMaximumStepSeconds=5.00000000e-06 minimumTimeStepSeconds=5.00000000e-11 adaptive=true
Q30_STEP_PROFILE seed=4 fault=SENSOR_A_OPEN profile=healthy-preparation boundary=BEGIN stepRole=PRODUCTION_5_US_REFERENCE declaredMaximumStepSeconds=5.00000000e-06 configuredMaximumStepSeconds=5.00000000e-06 actualCurrentStepSeconds=5.00000000e-06 observedMinimumStepSeconds=5.00000000e-06 observedMaximumStepSeconds=5.00000000e-06 minimumTimeStepSeconds=5.00000000e-11 adaptive=true
Q30_STEP_PROFILE seed=4 fault=SENSOR_A_OPEN profile=healthy-preparation boundary=END stepRole=PRODUCTION_5_US_REFERENCE declaredMaximumStepSeconds=5.00000000e-06 configuredMaximumStepSeconds=5.00000000e-06 actualCurrentStepSeconds=5.00000000e-06 observedMinimumStepSeconds=5.00000000e-06 observedMaximumStepSeconds=5.00000000e-06 minimumTimeStepSeconds=5.00000000e-11 adaptive=true
Q30_STEP_PROFILE seed=4 fault=SENSOR_A_OPEN profile=fault-profile-preparation boundary=BEGIN stepRole=PRODUCTION_5_US_REFERENCE declaredMaximumStepSeconds=5.00000000e-06 configuredMaximumStepSeconds=5.00000000e-06 actualCurrentStepSeconds=5.00000000e-06 observedMinimumStepSeconds=5.00000000e-06 observedMaximumStepSeconds=5.00000000e-06 minimumTimeStepSeconds=5.00000000e-11 adaptive=true
Q30_STEP_PROFILE seed=4 fault=SENSOR_A_OPEN profile=fault-profile-preparation boundary=END stepRole=PRODUCTION_5_US_REFERENCE declaredMaximumStepSeconds=5.00000000e-06 configuredMaximumStepSeconds=5.00000000e-06 actualCurrentStepSeconds=5.00000000e-06 observedMinimumStepSeconds=5.00000000e-06 observedMaximumStepSeconds=5.00000000e-06 minimumTimeStepSeconds=5.00000000e-11 adaptive=true
Q30_STEP_PROFILE seed=4 fault=SENSOR_A_OPEN profile=faulted-four-input-profile boundary=BEGIN stepRole=PRODUCTION_5_US_REFERENCE declaredMaximumStepSeconds=5.00000000e-06 configuredMaximumStepSeconds=5.00000000e-06 actualCurrentStepSeconds=5.00000000e-06 observedMinimumStepSeconds=5.00000000e-06 observedMaximumStepSeconds=5.00000000e-06 minimumTimeStepSeconds=5.00000000e-11 adaptive=true
Q30_STEP_PROFILE seed=4 fault=SENSOR_A_OPEN profile=faulted-four-input-profile boundary=END stepRole=PRODUCTION_5_US_REFERENCE declaredMaximumStepSeconds=5.00000000e-06 configuredMaximumStepSeconds=5.00000000e-06 actualCurrentStepSeconds=5.00000000e-06 observedMinimumStepSeconds=5.00000000e-06 observedMaximumStepSeconds=5.00000000e-06 minimumTimeStepSeconds=5.00000000e-11 adaptive=true
Q30_STEP_PROFILE seed=4 fault=SENSOR_A_OPEN profile=unrepaired-customer-retest boundary=BEGIN stepRole=PRODUCTION_5_US_REFERENCE declaredMaximumStepSeconds=5.00000000e-06 configuredMaximumStepSeconds=5.00000000e-06 actualCurrentStepSeconds=5.00000000e-06 observedMinimumStepSeconds=5.00000000e-06 observedMaximumStepSeconds=5.00000000e-06 minimumTimeStepSeconds=5.00000000e-11 adaptive=true
Q30_STEP_PROFILE seed=4 fault=SENSOR_A_OPEN profile=unrepaired-customer-retest boundary=END stepRole=PRODUCTION_5_US_REFERENCE declaredMaximumStepSeconds=5.00000000e-06 configuredMaximumStepSeconds=5.00000000e-06 actualCurrentStepSeconds=5.00000000e-06 observedMinimumStepSeconds=5.00000000e-06 observedMaximumStepSeconds=5.00000000e-06 minimumTimeStepSeconds=5.00000000e-11 adaptive=true
Q30_STEP_PROFILE seed=4 fault=SENSOR_A_OPEN profile=service-power-off-wait boundary=BEGIN stepRole=PRODUCTION_5_US_REFERENCE declaredMaximumStepSeconds=5.00000000e-06 configuredMaximumStepSeconds=5.00000000e-06 actualCurrentStepSeconds=5.00000000e-06 observedMinimumStepSeconds=5.00000000e-06 observedMaximumStepSeconds=5.00000000e-06 minimumTimeStepSeconds=5.00000000e-11 adaptive=true
Q30_STEP_PROFILE seed=4 fault=SENSOR_A_OPEN profile=service-power-off-wait boundary=END stepRole=PRODUCTION_5_US_REFERENCE declaredMaximumStepSeconds=5.00000000e-06 configuredMaximumStepSeconds=5.00000000e-06 actualCurrentStepSeconds=5.00000000e-06 observedMinimumStepSeconds=5.00000000e-06 observedMaximumStepSeconds=5.00000000e-06 minimumTimeStepSeconds=5.00000000e-11 adaptive=true
Q30_STEP_PROFILE seed=4 fault=SENSOR_A_OPEN profile=reinstalled-original-customer-retest boundary=BEGIN stepRole=PRODUCTION_5_US_REFERENCE declaredMaximumStepSeconds=5.00000000e-06 configuredMaximumStepSeconds=5.00000000e-06 actualCurrentStepSeconds=5.00000000e-06 observedMinimumStepSeconds=5.00000000e-06 observedMaximumStepSeconds=5.00000000e-06 minimumTimeStepSeconds=5.00000000e-11 adaptive=true
Q30_STEP_PROFILE seed=4 fault=SENSOR_A_OPEN profile=reinstalled-original-customer-retest boundary=END stepRole=PRODUCTION_5_US_REFERENCE declaredMaximumStepSeconds=5.00000000e-06 configuredMaximumStepSeconds=5.00000000e-06 actualCurrentStepSeconds=5.00000000e-06 observedMinimumStepSeconds=5.00000000e-06 observedMaximumStepSeconds=5.00000000e-06 minimumTimeStepSeconds=5.00000000e-11 adaptive=true
Q30_STEP_PROFILE seed=4 fault=SENSOR_A_OPEN profile=service-power-off-wait boundary=BEGIN stepRole=PRODUCTION_5_US_REFERENCE declaredMaximumStepSeconds=5.00000000e-06 configuredMaximumStepSeconds=5.00000000e-06 actualCurrentStepSeconds=5.00000000e-06 observedMinimumStepSeconds=5.00000000e-06 observedMaximumStepSeconds=5.00000000e-06 minimumTimeStepSeconds=5.00000000e-11 adaptive=true
Q30_STEP_PROFILE seed=4 fault=SENSOR_A_OPEN profile=service-power-off-wait boundary=END stepRole=PRODUCTION_5_US_REFERENCE declaredMaximumStepSeconds=5.00000000e-06 configuredMaximumStepSeconds=5.00000000e-06 actualCurrentStepSeconds=5.00000000e-06 observedMinimumStepSeconds=5.00000000e-06 observedMaximumStepSeconds=5.00000000e-06 minimumTimeStepSeconds=5.00000000e-11 adaptive=true
Q30_STEP_PROFILE seed=4 fault=SENSOR_A_OPEN profile=repaired-customer-retest boundary=BEGIN stepRole=PRODUCTION_5_US_REFERENCE declaredMaximumStepSeconds=5.00000000e-06 configuredMaximumStepSeconds=5.00000000e-06 actualCurrentStepSeconds=5.00000000e-06 observedMinimumStepSeconds=5.00000000e-06 observedMaximumStepSeconds=5.00000000e-06 minimumTimeStepSeconds=5.00000000e-11 adaptive=true
Q30_STEP_PROFILE seed=4 fault=SENSOR_A_OPEN profile=repaired-customer-retest boundary=END stepRole=PRODUCTION_5_US_REFERENCE declaredMaximumStepSeconds=5.00000000e-06 configuredMaximumStepSeconds=5.00000000e-06 actualCurrentStepSeconds=5.00000000e-06 observedMinimumStepSeconds=5.00000000e-06 observedMaximumStepSeconds=5.00000000e-06 minimumTimeStepSeconds=5.00000000e-11 adaptive=true
Q30_STEP_OWNER_CLEANUP seed=4 fault=SENSOR_A_OPEN declaredMaximumStepSeconds=5.00000000e-06 stepRole=PRODUCTION_5_US_REFERENCE cleanup=true elapsedMillis=0
Q30_STEP_PROFILE seed=4 fault=SENSOR_A_OPEN profile=initial-electrical-settle boundary=BEGIN stepRole=EXPERIMENTAL_CANDIDATE_NOT_PROMOTED declaredMaximumStepSeconds=1.00000000e-05 configuredMaximumStepSeconds=1.00000000e-05 actualCurrentStepSeconds=1.00000000e-05 observedMinimumStepSeconds=1.00000000e-05 observedMaximumStepSeconds=1.00000000e-05 minimumTimeStepSeconds=5.00000000e-11 adaptive=true
Q30_STEP_PROFILE seed=4 fault=SENSOR_A_OPEN profile=initial-electrical-settle boundary=END stepRole=EXPERIMENTAL_CANDIDATE_NOT_PROMOTED declaredMaximumStepSeconds=1.00000000e-05 configuredMaximumStepSeconds=1.00000000e-05 actualCurrentStepSeconds=1.00000000e-05 observedMinimumStepSeconds=1.00000000e-05 observedMaximumStepSeconds=1.00000000e-05 minimumTimeStepSeconds=5.00000000e-11 adaptive=true
Q30_STEP_PROFILE seed=4 fault=SENSOR_A_OPEN profile=healthy-preparation boundary=BEGIN stepRole=EXPERIMENTAL_CANDIDATE_NOT_PROMOTED declaredMaximumStepSeconds=1.00000000e-05 configuredMaximumStepSeconds=1.00000000e-05 actualCurrentStepSeconds=1.00000000e-05 observedMinimumStepSeconds=1.00000000e-05 observedMaximumStepSeconds=1.00000000e-05 minimumTimeStepSeconds=5.00000000e-11 adaptive=true
Q30_STEP_PROFILE seed=4 fault=SENSOR_A_OPEN profile=healthy-preparation boundary=END stepRole=EXPERIMENTAL_CANDIDATE_NOT_PROMOTED declaredMaximumStepSeconds=1.00000000e-05 configuredMaximumStepSeconds=1.00000000e-05 actualCurrentStepSeconds=1.00000000e-05 observedMinimumStepSeconds=5.00000000e-06 observedMaximumStepSeconds=1.00000000e-05 minimumTimeStepSeconds=5.00000000e-11 adaptive=true
Q30_STEP_PROFILE seed=4 fault=SENSOR_A_OPEN profile=fault-profile-preparation boundary=BEGIN stepRole=EXPERIMENTAL_CANDIDATE_NOT_PROMOTED declaredMaximumStepSeconds=1.00000000e-05 configuredMaximumStepSeconds=1.00000000e-05 actualCurrentStepSeconds=1.00000000e-05 observedMinimumStepSeconds=1.00000000e-05 observedMaximumStepSeconds=1.00000000e-05 minimumTimeStepSeconds=5.00000000e-11 adaptive=true
Q30_STEP_PROFILE seed=4 fault=SENSOR_A_OPEN profile=fault-profile-preparation boundary=END stepRole=EXPERIMENTAL_CANDIDATE_NOT_PROMOTED declaredMaximumStepSeconds=1.00000000e-05 configuredMaximumStepSeconds=1.00000000e-05 actualCurrentStepSeconds=1.00000000e-05 observedMinimumStepSeconds=1.00000000e-05 observedMaximumStepSeconds=1.00000000e-05 minimumTimeStepSeconds=5.00000000e-11 adaptive=true
Q30_STEP_PROFILE seed=4 fault=SENSOR_A_OPEN profile=faulted-four-input-profile boundary=BEGIN stepRole=EXPERIMENTAL_CANDIDATE_NOT_PROMOTED declaredMaximumStepSeconds=1.00000000e-05 configuredMaximumStepSeconds=1.00000000e-05 actualCurrentStepSeconds=1.00000000e-05 observedMinimumStepSeconds=1.00000000e-05 observedMaximumStepSeconds=1.00000000e-05 minimumTimeStepSeconds=5.00000000e-11 adaptive=true
Q30_STEP_PROFILE seed=4 fault=SENSOR_A_OPEN profile=faulted-four-input-profile boundary=END stepRole=EXPERIMENTAL_CANDIDATE_NOT_PROMOTED declaredMaximumStepSeconds=1.00000000e-05 configuredMaximumStepSeconds=1.00000000e-05 actualCurrentStepSeconds=1.00000000e-05 observedMinimumStepSeconds=1.00000000e-05 observedMaximumStepSeconds=1.00000000e-05 minimumTimeStepSeconds=5.00000000e-11 adaptive=true
Q30_STEP_PROFILE seed=4 fault=SENSOR_A_OPEN profile=unrepaired-customer-retest boundary=BEGIN stepRole=EXPERIMENTAL_CANDIDATE_NOT_PROMOTED declaredMaximumStepSeconds=1.00000000e-05 configuredMaximumStepSeconds=1.00000000e-05 actualCurrentStepSeconds=1.00000000e-05 observedMinimumStepSeconds=1.00000000e-05 observedMaximumStepSeconds=1.00000000e-05 minimumTimeStepSeconds=5.00000000e-11 adaptive=true
Q30_STEP_PROFILE seed=4 fault=SENSOR_A_OPEN profile=unrepaired-customer-retest boundary=END stepRole=EXPERIMENTAL_CANDIDATE_NOT_PROMOTED declaredMaximumStepSeconds=1.00000000e-05 configuredMaximumStepSeconds=1.00000000e-05 actualCurrentStepSeconds=1.00000000e-05 observedMinimumStepSeconds=1.00000000e-05 observedMaximumStepSeconds=1.00000000e-05 minimumTimeStepSeconds=5.00000000e-11 adaptive=true
Q30_STEP_PROFILE seed=4 fault=SENSOR_A_OPEN profile=service-power-off-wait boundary=BEGIN stepRole=EXPERIMENTAL_CANDIDATE_NOT_PROMOTED declaredMaximumStepSeconds=1.00000000e-05 configuredMaximumStepSeconds=1.00000000e-05 actualCurrentStepSeconds=1.00000000e-05 observedMinimumStepSeconds=1.00000000e-05 observedMaximumStepSeconds=1.00000000e-05 minimumTimeStepSeconds=5.00000000e-11 adaptive=true
Q30_STEP_PROFILE seed=4 fault=SENSOR_A_OPEN profile=service-power-off-wait boundary=END stepRole=EXPERIMENTAL_CANDIDATE_NOT_PROMOTED declaredMaximumStepSeconds=1.00000000e-05 configuredMaximumStepSeconds=1.00000000e-05 actualCurrentStepSeconds=1.00000000e-05 observedMinimumStepSeconds=5.00000000e-06 observedMaximumStepSeconds=1.00000000e-05 minimumTimeStepSeconds=5.00000000e-11 adaptive=true
Q30_STEP_PROFILE seed=4 fault=SENSOR_A_OPEN profile=reinstalled-original-customer-retest boundary=BEGIN stepRole=EXPERIMENTAL_CANDIDATE_NOT_PROMOTED declaredMaximumStepSeconds=1.00000000e-05 configuredMaximumStepSeconds=1.00000000e-05 actualCurrentStepSeconds=1.00000000e-05 observedMinimumStepSeconds=1.00000000e-05 observedMaximumStepSeconds=1.00000000e-05 minimumTimeStepSeconds=5.00000000e-11 adaptive=true
Q30_STEP_PROFILE seed=4 fault=SENSOR_A_OPEN profile=reinstalled-original-customer-retest boundary=END stepRole=EXPERIMENTAL_CANDIDATE_NOT_PROMOTED declaredMaximumStepSeconds=1.00000000e-05 configuredMaximumStepSeconds=1.00000000e-05 actualCurrentStepSeconds=1.00000000e-05 observedMinimumStepSeconds=1.00000000e-05 observedMaximumStepSeconds=1.00000000e-05 minimumTimeStepSeconds=5.00000000e-11 adaptive=true
Q30_STEP_PROFILE seed=4 fault=SENSOR_A_OPEN profile=service-power-off-wait boundary=BEGIN stepRole=EXPERIMENTAL_CANDIDATE_NOT_PROMOTED declaredMaximumStepSeconds=1.00000000e-05 configuredMaximumStepSeconds=1.00000000e-05 actualCurrentStepSeconds=1.00000000e-05 observedMinimumStepSeconds=1.00000000e-05 observedMaximumStepSeconds=1.00000000e-05 minimumTimeStepSeconds=5.00000000e-11 adaptive=true
Q30_STEP_PROFILE seed=4 fault=SENSOR_A_OPEN profile=service-power-off-wait boundary=END stepRole=EXPERIMENTAL_CANDIDATE_NOT_PROMOTED declaredMaximumStepSeconds=1.00000000e-05 configuredMaximumStepSeconds=1.00000000e-05 actualCurrentStepSeconds=1.00000000e-05 observedMinimumStepSeconds=5.00000000e-06 observedMaximumStepSeconds=1.00000000e-05 minimumTimeStepSeconds=5.00000000e-11 adaptive=true
Q30_STEP_PROFILE seed=4 fault=SENSOR_A_OPEN profile=repaired-customer-retest boundary=BEGIN stepRole=EXPERIMENTAL_CANDIDATE_NOT_PROMOTED declaredMaximumStepSeconds=1.00000000e-05 configuredMaximumStepSeconds=1.00000000e-05 actualCurrentStepSeconds=1.00000000e-05 observedMinimumStepSeconds=1.00000000e-05 observedMaximumStepSeconds=1.00000000e-05 minimumTimeStepSeconds=5.00000000e-11 adaptive=true
Q30_STEP_PROFILE seed=4 fault=SENSOR_A_OPEN profile=repaired-customer-retest boundary=END stepRole=EXPERIMENTAL_CANDIDATE_NOT_PROMOTED declaredMaximumStepSeconds=1.00000000e-05 configuredMaximumStepSeconds=1.00000000e-05 actualCurrentStepSeconds=1.00000000e-05 observedMinimumStepSeconds=1.00000000e-05 observedMaximumStepSeconds=1.00000000e-05 minimumTimeStepSeconds=5.00000000e-11 adaptive=true
Q30_STEP_OWNER_CLEANUP seed=4 fault=SENSOR_A_OPEN declaredMaximumStepSeconds=1.00000000e-05 stepRole=EXPERIMENTAL_CANDIDATE_NOT_PROMOTED cleanup=true elapsedMillis=0
Q30_STEP_PAIR seed=4 support=FILTERED_35 fault=SENSOR_A_OPEN referenceMaximumStepSeconds=5.00000000e-06 experimentalCandidateMaximumStepSeconds=1.00000000e-05 candidateKind=EXPERIMENTAL_NOT_PROMOTED maxDeltaVolts=2.07304892e-07 toleranceVolts=0.0100004211 phase=faulted sample=SENSORS_LOW/RSA.2-J1.2 referenceElapsedMillis=10030 experimentalCandidateElapsedMillis=5154 referenceSimSeconds=1.16036000 experimentalCandidateSimSeconds=1.16072000 referenceCleanupMillis=0 experimentalCandidateCleanupMillis=0 cleanup=true
Q30_STEP_SEED seed=4 support=FILTERED_35 referenceMaximumStepSeconds=5.00000000e-06 experimentalCandidateMaximumStepSeconds=1.00000000e-05 candidateKind=EXPERIMENTAL_NOT_PROMOTED routeTopology=RB30_SEPARATE_DIRECT_A_BJT_B_NMOS_FILTERED_35 routeAndPairsElapsedMillis=19074
Q30_STEP_OWNER_CLEANUP seed=4 fault=DREV_OPEN declaredMaximumStepSeconds=5.00000000e-06 stepRole=PRODUCTION_5_US_REFERENCE cleanup=true elapsedMillis=0
Q30_STEP_SEED_CLEANUP seed=4 cleanup=true elapsedMillis=0
PASS: Q30 experimental solver step sensitivity assertions=1730 seed=4 support=FILTERED_35 faults=1 referenceMaximumStepSeconds=5.00000000e-06 experimentalCandidateMaximumStepSeconds=1.00000000e-05 candidateKind=EXPERIMENTAL_NOT_PROMOTED elapsedMillis=19074

node 11 unconnected
converged after 25 iterations, timeStep = 5.0E-6
converged after 6 iterations, timeStep = 5.0E-6
node 11 unconnected
node 11 unconnected
converged after 16 iterations, timeStep = 5.0E-6
node 11 unconnected
converged after 12 iterations, timeStep = 5.0E-6
converged after 14 iterations, timeStep = 5.0E-6
converged after 10 iterations, timeStep = 5.0E-6
node 11 unconnected
converged after 19 iterations, timeStep = 5.0E-6
node 11 unconnected
converged after 12 iterations, timeStep = 5.0E-6
converged after 15 iterations, timeStep = 5.0E-6
node 11 unconnected
converged after 14 iterations, timeStep = 5.0E-6
node 11 unconnected
converged after 12 iterations, timeStep = 5.0E-6
converged after 15 iterations, timeStep = 5.0E-6
node 11 unconnected
node 11 unconnected
converged after 14 iterations, timeStep = 5.0E-6
node 11 unconnected
node 11 unconnected
converged after 12 iterations, timeStep = 5.0E-6
converged after 15 iterations, timeStep = 5.0E-6
node 11 unconnected
node 11 unconnected
converged after 14 iterations, timeStep = 5.0E-6
node 11 unconnected
node 7 unconnected
node 11 unconnected
node 7 unconnected
node 11 unconnected
converged after 13 iterations, timeStep = 5.0E-6
node 7 unconnected
node 11 unconnected
node 7 unconnected
node 11 unconnected
node 7 unconnected
node 11 unconnected
node 7 unconnected
node 11 unconnected
node 7 unconnected
node 11 unconnected
node 29 unconnected
node 31 unconnected
node 7 unconnected
node 11 unconnected
node 11 unconnected
converged after 23 iterations, timeStep = 5.0E-6
node 11 unconnected
converged after 12 iterations, timeStep = 5.0E-6
converged after 13 iterations, timeStep = 5.0E-6
converged after 15 iterations, timeStep = 5.0E-6
node 11 unconnected
node 11 unconnected
converged after 14 iterations, timeStep = 5.0E-6
node 11 unconnected
node 7 unconnected
node 11 unconnected
node 7 unconnected
node 11 unconnected
converged after 13 iterations, timeStep = 5.0E-6
node 7 unconnected
node 11 unconnected
node 7 unconnected
node 11 unconnected
node 7 unconnected
node 11 unconnected
node 7 unconnected
node 11 unconnected
node 7 unconnected
node 11 unconnected
node 29 unconnected
node 31 unconnected
node 11 unconnected
node 29 unconnected
node 31 unconnected
node 11 unconnected
node 29 unconnected
node 31 unconnected
converged after 23 iterations, timeStep = 5.0E-6
node 11 unconnected
node 29 unconnected
node 31 unconnected
converged after 12 iterations, timeStep = 5.0E-6
converged after 13 iterations, timeStep = 5.0E-6
converged after 15 iterations, timeStep = 5.0E-6
node 11 unconnected
node 29 unconnected
node 31 unconnected
converged after 16 iterations, timeStep = 5.0E-6
node 11 unconnected
node 29 unconnected
node 31 unconnected
converged after 12 iterations, timeStep = 5.0E-6
converged after 14 iterations, timeStep = 5.0E-6
converged after 10 iterations, timeStep = 5.0E-6
node 11 unconnected
node 29 unconnected
node 31 unconnected
converged after 19 iterations, timeStep = 5.0E-6
node 11 unconnected
converged after 24 iterations, timeStep = 1.0E-5
node 11 unconnected
node 11 unconnected
converged after 15 iterations, timeStep = 1.0E-5
node 11 unconnected
converged after 12 iterations, timeStep = 1.0E-5
converged after 14 iterations, timeStep = 1.0E-5
converged after 10 iterations, timeStep = 1.0E-5
node 11 unconnected
converged after 19 iterations, timeStep = 1.0E-5
node 11 unconnected
converged after 12 iterations, timeStep = 1.0E-5
timestep down to 5.0E-6 at 0.13073999999998998
converged after 13 iterations, timeStep = 5.0E-6
converged after 3 iterations, timeStep = 5.0E-6
converged after 3 iterations, timeStep = 5.0E-6
converged after 3 iterations, timeStep = 5.0E-6
converged after 3 iterations, timeStep = 5.0E-6
converged after 3 iterations, timeStep = 5.0E-6
converged after 3 iterations, timeStep = 5.0E-6
converged after 3 iterations, timeStep = 5.0E-6
converged after 3 iterations, timeStep = 5.0E-6
converged after 3 iterations, timeStep = 5.0E-6
converged after 3 iterations, timeStep = 5.0E-6
converged after 3 iterations, timeStep = 5.0E-6
converged after 3 iterations, timeStep = 5.0E-6
converged after 3 iterations, timeStep = 5.0E-6
converged after 3 iterations, timeStep = 5.0E-6
converged after 3 iterations, timeStep = 5.0E-6
converged after 3 iterations, timeStep = 5.0E-6
converged after 3 iterations, timeStep = 5.0E-6
converged after 3 iterations, timeStep = 5.0E-6
converged after 3 iterations, timeStep = 5.0E-6
converged after 3 iterations, timeStep = 5.0E-6
converged after 3 iterations, timeStep = 5.0E-6
converged after 3 iterations, timeStep = 5.0E-6
converged after 3 iterations, timeStep = 5.0E-6
converged after 3 iterations, timeStep = 5.0E-6
converged after 3 iterations, timeStep = 5.0E-6
converged after 3 iterations, timeStep = 5.0E-6
converged after 3 iterations, timeStep = 5.0E-6
converged after 3 iterations, timeStep = 5.0E-6
converged after 3 iterations, timeStep = 5.0E-6
converged after 3 iterations, timeStep = 5.0E-6
converged after 3 iterations, timeStep = 5.0E-6
converged after 3 iterations, timeStep = 5.0E-6
converged after 3 iterations, timeStep = 5.0E-6
converged after 3 iterations, timeStep = 5.0E-6
converged after 3 iterations, timeStep = 5.0E-6
converged after 3 iterations, timeStep = 5.0E-6
converged after 2 iterations, timeStep = 5.0E-6
converged after 2 iterations, timeStep = 5.0E-6
converged after 2 iterations, timeStep = 5.0E-6
timestep up = 1.0E-5 at 0.13093999999999018
node 11 unconnected
converged after 14 iterations, timeStep = 1.0E-5
node 11 unconnected
converged after 12 iterations, timeStep = 1.0E-5
converged after 15 iterations, timeStep = 1.0E-5
node 11 unconnected
node 11 unconnected
converged after 14 iterations, timeStep = 1.0E-5
node 11 unconnected
node 11 unconnected
converged after 12 iterations, timeStep = 1.0E-5
converged after 15 iterations, timeStep = 1.0E-5
node 11 unconnected
node 11 unconnected
converged after 14 iterations, timeStep = 1.0E-5
node 11 unconnected
node 7 unconnected
node 11 unconnected
node 7 unconnected
node 11 unconnected
timestep down to 5.0E-6 at 0.42299000000028225
converged after 1 iterations, timeStep = 5.0E-6
converged after 1 iterations, timeStep = 5.0E-6
converged after 5 iterations, timeStep = 5.0E-6
converged after 3 iterations, timeStep = 5.0E-6
converged after 3 iterations, timeStep = 5.0E-6
converged after 3 iterations, timeStep = 5.0E-6
converged after 3 iterations, timeStep = 5.0E-6
converged after 3 iterations, timeStep = 5.0E-6
converged after 3 iterations, timeStep = 5.0E-6
converged after 3 iterations, timeStep = 5.0E-6
converged after 3 iterations, timeStep = 5.0E-6
converged after 3 iterations, timeStep = 5.0E-6
converged after 3 iterations, timeStep = 5.0E-6
converged after 3 iterations, timeStep = 5.0E-6
converged after 3 iterations, timeStep = 5.0E-6
converged after 3 iterations, timeStep = 5.0E-6
converged after 3 iterations, timeStep = 5.0E-6
converged after 3 iterations, timeStep = 5.0E-6
converged after 3 iterations, timeStep = 5.0E-6
converged after 3 iterations, timeStep = 5.0E-6
converged after 3 iterations, timeStep = 5.0E-6
converged after 3 iterations, timeStep = 5.0E-6
converged after 3 iterations, timeStep = 5.0E-6
converged after 3 iterations, timeStep = 5.0E-6
converged after 3 iterations, timeStep = 5.0E-6
converged after 3 iterations, timeStep = 5.0E-6
converged after 3 iterations, timeStep = 5.0E-6
converged after 3 iterations, timeStep = 5.0E-6
converged after 3 iterations, timeStep = 5.0E-6
converged after 3 iterations, timeStep = 5.0E-6
converged after 3 iterations, timeStep = 5.0E-6
converged after 3 iterations, timeStep = 5.0E-6
converged after 3 iterations, timeStep = 5.0E-6
converged after 3 iterations, timeStep = 5.0E-6
converged after 3 iterations, timeStep = 5.0E-6
converged after 3 iterations, timeStep = 5.0E-6
converged after 3 iterations, timeStep = 5.0E-6
converged after 3 iterations, timeStep = 5.0E-6
converged after 3 iterations, timeStep = 5.0E-6
converged after 3 iterations, timeStep = 5.0E-6
converged after 3 iterations, timeStep = 5.0E-6
converged after 3 iterations, timeStep = 5.0E-6
converged after 3 iterations, timeStep = 5.0E-6
converged after 3 iterations, timeStep = 5.0E-6
converged after 3 iterations, timeStep = 5.0E-6
converged after 3 iterations, timeStep = 5.0E-6
converged after 3 iterations, timeStep = 5.0E-6
converged after 3 iterations, timeStep = 5.0E-6
converged after 3 iterations, timeStep = 5.0E-6
converged after 3 iterations, timeStep = 5.0E-6
converged after 3 iterations, timeStep = 5.0E-6
converged after 3 iterations, timeStep = 5.0E-6
converged after 3 iterations, timeStep = 5.0E-6
converged after 3 iterations, timeStep = 5.0E-6
converged after 3 iterations, timeStep = 5.0E-6
converged after 3 iterations, timeStep = 5.0E-6
converged after 3 iterations, timeStep = 5.0E-6
converged after 3 iterations, timeStep = 5.0E-6
converged after 3 iterations, timeStep = 5.0E-6
converged after 3 iterations, timeStep = 5.0E-6
converged after 3 iterations, timeStep = 5.0E-6
converged after 3 iterations, timeStep = 5.0E-6
converged after 3 iterations, timeStep = 5.0E-6
converged after 3 iterations, timeStep = 5.0E-6
converged after 3 iterations, timeStep = 5.0E-6
converged after 3 iterations, timeStep = 5.0E-6
converged after 3 iterations, timeStep = 5.0E-6
converged after 3 iterations, timeStep = 5.0E-6
converged after 3 iterations, timeStep = 5.0E-6
converged after 3 iterations, timeStep = 5.0E-6
converged after 3 iterations, timeStep = 5.0E-6
converged after 3 iterations, timeStep = 5.0E-6
converged after 3 iterations, timeStep = 5.0E-6
converged after 3 iterations, timeStep = 5.0E-6
converged after 3 iterations, timeStep = 5.0E-6
converged after 3 iterations, timeStep = 5.0E-6
converged after 3 iterations, timeStep = 5.0E-6
converged after 3 iterations, timeStep = 5.0E-6
converged after 3 iterations, timeStep = 5.0E-6
converged after 3 iterations, timeStep = 5.0E-6
converged after 3 iterations, timeStep = 5.0E-6
converged after 3 iterations, timeStep = 5.0E-6
converged after 3 iterations, timeStep = 5.0E-6
converged after 3 iterations, timeStep = 5.0E-6
converged after 3 iterations, timeStep = 5.0E-6
converged after 3 iterations, timeStep = 5.0E-6
converged after 3 iterations, timeStep = 5.0E-6
converged after 3 iterations, timeStep = 5.0E-6
converged after 3 iterations, timeStep = 5.0E-6
converged after 3 iterations, timeStep = 5.0E-6
converged after 3 iterations, timeStep = 5.0E-6
converged after 3 iterations, timeStep = 5.0E-6
converged after 3 iterations, timeStep = 5.0E-6
converged after 3 iterations, timeStep = 5.0E-6
converged after 3 iterations, timeStep = 5.0E-6
converged after 3 iterations, timeStep = 5.0E-6
converged after 3 iterations, timeStep = 5.0E-6
converged after 3 iterations, timeStep = 5.0E-6
converged after 3 iterations, timeStep = 5.0E-6
converged after 3 iterations, timeStep = 5.0E-6
converged after 3 iterations, timeStep = 5.0E-6
converged after 3 iterations, timeStep = 5.0E-6
converged after 3 iterations, timeStep = 5.0E-6
converged after 3 iterations, timeStep = 5.0E-6
converged after 3 iterations, timeStep = 5.0E-6
converged after 3 iterations, timeStep = 5.0E-6
converged after 3 iterations, timeStep = 5.0E-6
converged after 3 iterations, timeStep = 5.0E-6
converged after 3 iterations, timeStep = 5.0E-6
converged after 3 iterations, timeStep = 5.0E-6
converged after 3 iterations, timeStep = 5.0E-6
converged after 3 iterations, timeStep = 5.0E-6
converged after 3 iterations, timeStep = 5.0E-6
converged after 3 iterations, timeStep = 5.0E-6
converged after 3 iterations, timeStep = 5.0E-6
converged after 3 iterations, timeStep = 5.0E-6
converged after 3 iterations, timeStep = 5.0E-6
converged after 3 iterations, timeStep = 5.0E-6
converged after 3 iterations, timeStep = 5.0E-6
converged after 3 iterations, timeStep = 5.0E-6
converged after 3 iterations, timeStep = 5.0E-6
converged after 3 iterations, timeStep = 5.0E-6
converged after 3 iterations, timeStep = 5.0E-6
converged after 3 iterations, timeStep = 5.0E-6
converged after 3 iterations, timeStep = 5.0E-6
converged after 3 iterations, timeStep = 5.0E-6
converged after 3 iterations, timeStep = 5.0E-6
converged after 3 iterations, timeStep = 5.0E-6
converged after 3 iterations, timeStep = 5.0E-6
converged after 3 iterations, timeStep = 5.0E-6
converged after 3 iterations, timeStep = 5.0E-6
converged after 3 iterations, timeStep = 5.0E-6
converged after 3 iterations, timeStep = 5.0E-6
converged after 3 iterations, timeStep = 5.0E-6
converged after 3 iterations, timeStep = 5.0E-6
converged after 3 iterations, timeStep = 5.0E-6
converged after 3 iterations, timeStep = 5.0E-6
converged after 3 iterations, timeStep = 5.0E-6
converged after 3 iterations, timeStep = 5.0E-6
converged after 3 iterations, timeStep = 5.0E-6
converged after 13 iterations, timeStep = 5.0E-6
converged after 3 iterations, timeStep = 5.0E-6
converged after 3 iterations, timeStep = 5.0E-6
converged after 2 iterations, timeStep = 5.0E-6
converged after 2 iterations, timeStep = 5.0E-6
converged after 2 iterations, timeStep = 5.0E-6
timestep up = 1.0E-5 at 0.42372000000027893
node 7 unconnected
node 11 unconnected
node 7 unconnected
node 11 unconnected
node 7 unconnected
node 11 unconnected
node 7 unconnected
node 11 unconnected
node 7 unconnected
node 11 unconnected
node 29 unconnected
node 31 unconnected
node 7 unconnected
node 11 unconnected
node 11 unconnected
converged after 23 iterations, timeStep = 1.0E-5
converged after 6 iterations, timeStep = 1.0E-5
node 11 unconnected
converged after 12 iterations, timeStep = 1.0E-5
converged after 13 iterations, timeStep = 1.0E-5
converged after 15 iterations, timeStep = 1.0E-5
node 11 unconnected
node 11 unconnected
converged after 14 iterations, timeStep = 1.0E-5
node 11 unconnected
node 7 unconnected
node 11 unconnected
node 7 unconnected
node 11 unconnected
timestep down to 5.0E-6 at 0.7933099999990203
converged after 1 iterations, timeStep = 5.0E-6
converged after 1 iterations, timeStep = 5.0E-6
converged after 5 iterations, timeStep = 5.0E-6
converged after 3 iterations, timeStep = 5.0E-6
converged after 3 iterations, timeStep = 5.0E-6
converged after 3 iterations, timeStep = 5.0E-6
converged after 3 iterations, timeStep = 5.0E-6
converged after 3 iterations, timeStep = 5.0E-6
converged after 3 iterations, timeStep = 5.0E-6
converged after 3 iterations, timeStep = 5.0E-6
converged after 3 iterations, timeStep = 5.0E-6
converged after 3 iterations, timeStep = 5.0E-6
converged after 3 iterations, timeStep = 5.0E-6
converged after 3 iterations, timeStep = 5.0E-6
converged after 3 iterations, timeStep = 5.0E-6
converged after 3 iterations, timeStep = 5.0E-6
converged after 3 iterations, timeStep = 5.0E-6
converged after 3 iterations, timeStep = 5.0E-6
converged after 3 iterations, timeStep = 5.0E-6
converged after 3 iterations, timeStep = 5.0E-6
converged after 3 iterations, timeStep = 5.0E-6
converged after 3 iterations, timeStep = 5.0E-6
converged after 3 iterations, timeStep = 5.0E-6
converged after 3 iterations, timeStep = 5.0E-6
converged after 3 iterations, timeStep = 5.0E-6
converged after 3 iterations, timeStep = 5.0E-6
converged after 3 iterations, timeStep = 5.0E-6
converged after 3 iterations, timeStep = 5.0E-6
converged after 3 iterations, timeStep = 5.0E-6
converged after 3 iterations, timeStep = 5.0E-6
converged after 3 iterations, timeStep = 5.0E-6
converged after 3 iterations, timeStep = 5.0E-6
converged after 3 iterations, timeStep = 5.0E-6
converged after 3 iterations, timeStep = 5.0E-6
converged after 3 iterations, timeStep = 5.0E-6
converged after 3 iterations, timeStep = 5.0E-6
converged after 3 iterations, timeStep = 5.0E-6
converged after 3 iterations, timeStep = 5.0E-6
converged after 3 iterations, timeStep = 5.0E-6
converged after 3 iterations, timeStep = 5.0E-6
converged after 3 iterations, timeStep = 5.0E-6
converged after 3 iterations, timeStep = 5.0E-6
converged after 3 iterations, timeStep = 5.0E-6
converged after 3 iterations, timeStep = 5.0E-6
converged after 3 iterations, timeStep = 5.0E-6
converged after 3 iterations, timeStep = 5.0E-6
converged after 3 iterations, timeStep = 5.0E-6
converged after 3 iterations, timeStep = 5.0E-6
converged after 3 iterations, timeStep = 5.0E-6
converged after 3 iterations, timeStep = 5.0E-6
converged after 3 iterations, timeStep = 5.0E-6
converged after 3 iterations, timeStep = 5.0E-6
converged after 3 iterations, timeStep = 5.0E-6
converged after 3 iterations, timeStep = 5.0E-6
converged after 3 iterations, timeStep = 5.0E-6
converged after 3 iterations, timeStep = 5.0E-6
converged after 3 iterations, timeStep = 5.0E-6
converged after 3 iterations, timeStep = 5.0E-6
converged after 3 iterations, timeStep = 5.0E-6
converged after 3 iterations, timeStep = 5.0E-6
converged after 3 iterations, timeStep = 5.0E-6
converged after 3 iterations, timeStep = 5.0E-6
converged after 3 iterations, timeStep = 5.0E-6
converged after 3 iterations, timeStep = 5.0E-6
converged after 3 iterations, timeStep = 5.0E-6
converged after 3 iterations, timeStep = 5.0E-6
converged after 3 iterations, timeStep = 5.0E-6
converged after 3 iterations, timeStep = 5.0E-6
converged after 3 iterations, timeStep = 5.0E-6
converged after 3 iterations, timeStep = 5.0E-6
converged after 3 iterations, timeStep = 5.0E-6
converged after 3 iterations, timeStep = 5.0E-6
converged after 3 iterations, timeStep = 5.0E-6
converged after 3 iterations, timeStep = 5.0E-6
converged after 3 iterations, timeStep = 5.0E-6
converged after 3 iterations, timeStep = 5.0E-6
converged after 3 iterations, timeStep = 5.0E-6
converged after 3 iterations, timeStep = 5.0E-6
converged after 3 iterations, timeStep = 5.0E-6
converged after 3 iterations, timeStep = 5.0E-6
converged after 3 iterations, timeStep = 5.0E-6
converged after 3 iterations, timeStep = 5.0E-6
converged after 3 iterations, timeStep = 5.0E-6
converged after 3 iterations, timeStep = 5.0E-6
converged after 3 iterations, timeStep = 5.0E-6
converged after 3 iterations, timeStep = 5.0E-6
converged after 3 iterations, timeStep = 5.0E-6
converged after 3 iterations, timeStep = 5.0E-6
converged after 3 iterations, timeStep = 5.0E-6
converged after 3 iterations, timeStep = 5.0E-6
converged after 3 iterations, timeStep = 5.0E-6
converged after 3 iterations, timeStep = 5.0E-6
converged after 3 iterations, timeStep = 5.0E-6
converged after 3 iterations, timeStep = 5.0E-6
converged after 3 iterations, timeStep = 5.0E-6
converged after 3 iterations, timeStep = 5.0E-6
converged after 3 iterations, timeStep = 5.0E-6
converged after 3 iterations, timeStep = 5.0E-6
converged after 3 iterations, timeStep = 5.0E-6
converged after 3 iterations, timeStep = 5.0E-6
converged after 3 iterations, timeStep = 5.0E-6
converged after 3 iterations, timeStep = 5.0E-6
converged after 3 iterations, timeStep = 5.0E-6
converged after 3 iterations, timeStep = 5.0E-6
converged after 3 iterations, timeStep = 5.0E-6
converged after 3 iterations, timeStep = 5.0E-6
converged after 3 iterations, timeStep = 5.0E-6
converged after 3 iterations, timeStep = 5.0E-6
converged after 3 iterations, timeStep = 5.0E-6
converged after 3 iterations, timeStep = 5.0E-6
converged after 3 iterations, timeStep = 5.0E-6
converged after 3 iterations, timeStep = 5.0E-6
converged after 3 iterations, timeStep = 5.0E-6
converged after 3 iterations, timeStep = 5.0E-6
converged after 3 iterations, timeStep = 5.0E-6
converged after 3 iterations, timeStep = 5.0E-6
converged after 3 iterations, timeStep = 5.0E-6
converged after 3 iterations, timeStep = 5.0E-6
converged after 3 iterations, timeStep = 5.0E-6
converged after 3 iterations, timeStep = 5.0E-6
converged after 3 iterations, timeStep = 5.0E-6
converged after 3 iterations, timeStep = 5.0E-6
converged after 3 iterations, timeStep = 5.0E-6
converged after 3 iterations, timeStep = 5.0E-6
converged after 3 iterations, timeStep = 5.0E-6
converged after 3 iterations, timeStep = 5.0E-6
converged after 3 iterations, timeStep = 5.0E-6
converged after 3 iterations, timeStep = 5.0E-6
converged after 3 iterations, timeStep = 5.0E-6
converged after 3 iterations, timeStep = 5.0E-6
converged after 3 iterations, timeStep = 5.0E-6
converged after 3 iterations, timeStep = 5.0E-6
converged after 3 iterations, timeStep = 5.0E-6
converged after 3 iterations, timeStep = 5.0E-6
converged after 3 iterations, timeStep = 5.0E-6
converged after 3 iterations, timeStep = 5.0E-6
converged after 3 iterations, timeStep = 5.0E-6
converged after 3 iterations, timeStep = 5.0E-6
converged after 3 iterations, timeStep = 5.0E-6
converged after 3 iterations, timeStep = 5.0E-6
converged after 13 iterations, timeStep = 5.0E-6
converged after 3 iterations, timeStep = 5.0E-6
converged after 3 iterations, timeStep = 5.0E-6
converged after 2 iterations, timeStep = 5.0E-6
converged after 2 iterations, timeStep = 5.0E-6
converged after 2 iterations, timeStep = 5.0E-6
timestep up = 1.0E-5 at 0.7940399999990251
node 7 unconnected
node 11 unconnected
node 7 unconnected
node 11 unconnected
node 7 unconnected
node 11 unconnected
node 7 unconnected
node 11 unconnected
node 7 unconnected
node 11 unconnected
node 29 unconnected
node 31 unconnected
node 11 unconnected
node 29 unconnected
node 31 unconnected
node 11 unconnected
node 29 unconnected
node 31 unconnected
converged after 23 iterations, timeStep = 1.0E-5
converged after 6 iterations, timeStep = 1.0E-5
node 11 unconnected
node 29 unconnected
node 31 unconnected
converged after 12 iterations, timeStep = 1.0E-5
converged after 13 iterations, timeStep = 1.0E-5
converged after 15 iterations, timeStep = 1.0E-5
node 11 unconnected
node 29 unconnected
node 31 unconnected
converged after 15 iterations, timeStep = 1.0E-5
node 11 unconnected
node 29 unconnected
node 31 unconnected
converged after 12 iterations, timeStep = 1.0E-5
converged after 14 iterations, timeStep = 1.0E-5
converged after 10 iterations, timeStep = 1.0E-5
node 11 unconnected
node 29 unconnected
node 31 unconnected
converged after 19 iterations, timeStep = 1.0E-5

Q30_SENSITIVITY_CASE seed=4 fault=DRIVE_A_OPEN exit=0 termination=True qualified=True
Q30_STEP_PROFILE seed=4 fault=DRIVE_A_OPEN profile=initial-electrical-settle boundary=BEGIN stepRole=PRODUCTION_5_US_REFERENCE declaredMaximumStepSeconds=5.00000000e-06 configuredMaximumStepSeconds=5.00000000e-06 actualCurrentStepSeconds=5.00000000e-06 observedMinimumStepSeconds=5.00000000e-06 observedMaximumStepSeconds=5.00000000e-06 minimumTimeStepSeconds=5.00000000e-11 adaptive=true
Q30_STEP_PROFILE seed=4 fault=DRIVE_A_OPEN profile=initial-electrical-settle boundary=END stepRole=PRODUCTION_5_US_REFERENCE declaredMaximumStepSeconds=5.00000000e-06 configuredMaximumStepSeconds=5.00000000e-06 actualCurrentStepSeconds=5.00000000e-06 observedMinimumStepSeconds=5.00000000e-06 observedMaximumStepSeconds=5.00000000e-06 minimumTimeStepSeconds=5.00000000e-11 adaptive=true
Q30_STEP_PROFILE seed=4 fault=DRIVE_A_OPEN profile=healthy-preparation boundary=BEGIN stepRole=PRODUCTION_5_US_REFERENCE declaredMaximumStepSeconds=5.00000000e-06 configuredMaximumStepSeconds=5.00000000e-06 actualCurrentStepSeconds=5.00000000e-06 observedMinimumStepSeconds=5.00000000e-06 observedMaximumStepSeconds=5.00000000e-06 minimumTimeStepSeconds=5.00000000e-11 adaptive=true
Q30_STEP_PROFILE seed=4 fault=DRIVE_A_OPEN profile=healthy-preparation boundary=END stepRole=PRODUCTION_5_US_REFERENCE declaredMaximumStepSeconds=5.00000000e-06 configuredMaximumStepSeconds=5.00000000e-06 actualCurrentStepSeconds=5.00000000e-06 observedMinimumStepSeconds=5.00000000e-06 observedMaximumStepSeconds=5.00000000e-06 minimumTimeStepSeconds=5.00000000e-11 adaptive=true
Q30_STEP_PROFILE seed=4 fault=DRIVE_A_OPEN profile=fault-profile-preparation boundary=BEGIN stepRole=PRODUCTION_5_US_REFERENCE declaredMaximumStepSeconds=5.00000000e-06 configuredMaximumStepSeconds=5.00000000e-06 actualCurrentStepSeconds=5.00000000e-06 observedMinimumStepSeconds=5.00000000e-06 observedMaximumStepSeconds=5.00000000e-06 minimumTimeStepSeconds=5.00000000e-11 adaptive=true
Q30_STEP_PROFILE seed=4 fault=DRIVE_A_OPEN profile=fault-profile-preparation boundary=END stepRole=PRODUCTION_5_US_REFERENCE declaredMaximumStepSeconds=5.00000000e-06 configuredMaximumStepSeconds=5.00000000e-06 actualCurrentStepSeconds=5.00000000e-06 observedMinimumStepSeconds=5.00000000e-06 observedMaximumStepSeconds=5.00000000e-06 minimumTimeStepSeconds=5.00000000e-11 adaptive=true
Q30_STEP_PROFILE seed=4 fault=DRIVE_A_OPEN profile=faulted-four-input-profile boundary=BEGIN stepRole=PRODUCTION_5_US_REFERENCE declaredMaximumStepSeconds=5.00000000e-06 configuredMaximumStepSeconds=5.00000000e-06 actualCurrentStepSeconds=5.00000000e-06 observedMinimumStepSeconds=5.00000000e-06 observedMaximumStepSeconds=5.00000000e-06 minimumTimeStepSeconds=5.00000000e-11 adaptive=true
Q30_STEP_PROFILE seed=4 fault=DRIVE_A_OPEN profile=faulted-four-input-profile boundary=END stepRole=PRODUCTION_5_US_REFERENCE declaredMaximumStepSeconds=5.00000000e-06 configuredMaximumStepSeconds=5.00000000e-06 actualCurrentStepSeconds=5.00000000e-06 observedMinimumStepSeconds=5.00000000e-06 observedMaximumStepSeconds=5.00000000e-06 minimumTimeStepSeconds=5.00000000e-11 adaptive=true
Q30_STEP_PROFILE seed=4 fault=DRIVE_A_OPEN profile=unrepaired-customer-retest boundary=BEGIN stepRole=PRODUCTION_5_US_REFERENCE declaredMaximumStepSeconds=5.00000000e-06 configuredMaximumStepSeconds=5.00000000e-06 actualCurrentStepSeconds=5.00000000e-06 observedMinimumStepSeconds=5.00000000e-06 observedMaximumStepSeconds=5.00000000e-06 minimumTimeStepSeconds=5.00000000e-11 adaptive=true
Q30_STEP_PROFILE seed=4 fault=DRIVE_A_OPEN profile=unrepaired-customer-retest boundary=END stepRole=PRODUCTION_5_US_REFERENCE declaredMaximumStepSeconds=5.00000000e-06 configuredMaximumStepSeconds=5.00000000e-06 actualCurrentStepSeconds=5.00000000e-06 observedMinimumStepSeconds=5.00000000e-06 observedMaximumStepSeconds=5.00000000e-06 minimumTimeStepSeconds=5.00000000e-11 adaptive=true
Q30_STEP_PROFILE seed=4 fault=DRIVE_A_OPEN profile=service-power-off-wait boundary=BEGIN stepRole=PRODUCTION_5_US_REFERENCE declaredMaximumStepSeconds=5.00000000e-06 configuredMaximumStepSeconds=5.00000000e-06 actualCurrentStepSeconds=5.00000000e-06 observedMinimumStepSeconds=5.00000000e-06 observedMaximumStepSeconds=5.00000000e-06 minimumTimeStepSeconds=5.00000000e-11 adaptive=true
Q30_STEP_PROFILE seed=4 fault=DRIVE_A_OPEN profile=service-power-off-wait boundary=END stepRole=PRODUCTION_5_US_REFERENCE declaredMaximumStepSeconds=5.00000000e-06 configuredMaximumStepSeconds=5.00000000e-06 actualCurrentStepSeconds=5.00000000e-06 observedMinimumStepSeconds=5.00000000e-06 observedMaximumStepSeconds=5.00000000e-06 minimumTimeStepSeconds=5.00000000e-11 adaptive=true
Q30_STEP_PROFILE seed=4 fault=DRIVE_A_OPEN profile=reinstalled-original-customer-retest boundary=BEGIN stepRole=PRODUCTION_5_US_REFERENCE declaredMaximumStepSeconds=5.00000000e-06 configuredMaximumStepSeconds=5.00000000e-06 actualCurrentStepSeconds=5.00000000e-06 observedMinimumStepSeconds=5.00000000e-06 observedMaximumStepSeconds=5.00000000e-06 minimumTimeStepSeconds=5.00000000e-11 adaptive=true
Q30_STEP_PROFILE seed=4 fault=DRIVE_A_OPEN profile=reinstalled-original-customer-retest boundary=END stepRole=PRODUCTION_5_US_REFERENCE declaredMaximumStepSeconds=5.00000000e-06 configuredMaximumStepSeconds=5.00000000e-06 actualCurrentStepSeconds=5.00000000e-06 observedMinimumStepSeconds=5.00000000e-06 observedMaximumStepSeconds=5.00000000e-06 minimumTimeStepSeconds=5.00000000e-11 adaptive=true
Q30_STEP_PROFILE seed=4 fault=DRIVE_A_OPEN profile=service-power-off-wait boundary=BEGIN stepRole=PRODUCTION_5_US_REFERENCE declaredMaximumStepSeconds=5.00000000e-06 configuredMaximumStepSeconds=5.00000000e-06 actualCurrentStepSeconds=5.00000000e-06 observedMinimumStepSeconds=5.00000000e-06 observedMaximumStepSeconds=5.00000000e-06 minimumTimeStepSeconds=5.00000000e-11 adaptive=true
Q30_STEP_PROFILE seed=4 fault=DRIVE_A_OPEN profile=service-power-off-wait boundary=END stepRole=PRODUCTION_5_US_REFERENCE declaredMaximumStepSeconds=5.00000000e-06 configuredMaximumStepSeconds=5.00000000e-06 actualCurrentStepSeconds=5.00000000e-06 observedMinimumStepSeconds=5.00000000e-06 observedMaximumStepSeconds=5.00000000e-06 minimumTimeStepSeconds=5.00000000e-11 adaptive=true
Q30_STEP_PROFILE seed=4 fault=DRIVE_A_OPEN profile=repaired-customer-retest boundary=BEGIN stepRole=PRODUCTION_5_US_REFERENCE declaredMaximumStepSeconds=5.00000000e-06 configuredMaximumStepSeconds=5.00000000e-06 actualCurrentStepSeconds=5.00000000e-06 observedMinimumStepSeconds=5.00000000e-06 observedMaximumStepSeconds=5.00000000e-06 minimumTimeStepSeconds=5.00000000e-11 adaptive=true
Q30_STEP_PROFILE seed=4 fault=DRIVE_A_OPEN profile=repaired-customer-retest boundary=END stepRole=PRODUCTION_5_US_REFERENCE declaredMaximumStepSeconds=5.00000000e-06 configuredMaximumStepSeconds=5.00000000e-06 actualCurrentStepSeconds=5.00000000e-06 observedMinimumStepSeconds=5.00000000e-06 observedMaximumStepSeconds=5.00000000e-06 minimumTimeStepSeconds=5.00000000e-11 adaptive=true
Q30_STEP_OWNER_CLEANUP seed=4 fault=DRIVE_A_OPEN declaredMaximumStepSeconds=5.00000000e-06 stepRole=PRODUCTION_5_US_REFERENCE cleanup=true elapsedMillis=0
Q30_STEP_PROFILE seed=4 fault=DRIVE_A_OPEN profile=initial-electrical-settle boundary=BEGIN stepRole=EXPERIMENTAL_CANDIDATE_NOT_PROMOTED declaredMaximumStepSeconds=1.00000000e-05 configuredMaximumStepSeconds=1.00000000e-05 actualCurrentStepSeconds=1.00000000e-05 observedMinimumStepSeconds=1.00000000e-05 observedMaximumStepSeconds=1.00000000e-05 minimumTimeStepSeconds=5.00000000e-11 adaptive=true
Q30_STEP_PROFILE seed=4 fault=DRIVE_A_OPEN profile=initial-electrical-settle boundary=END stepRole=EXPERIMENTAL_CANDIDATE_NOT_PROMOTED declaredMaximumStepSeconds=1.00000000e-05 configuredMaximumStepSeconds=1.00000000e-05 actualCurrentStepSeconds=1.00000000e-05 observedMinimumStepSeconds=1.00000000e-05 observedMaximumStepSeconds=1.00000000e-05 minimumTimeStepSeconds=5.00000000e-11 adaptive=true
Q30_STEP_PROFILE seed=4 fault=DRIVE_A_OPEN profile=healthy-preparation boundary=BEGIN stepRole=EXPERIMENTAL_CANDIDATE_NOT_PROMOTED declaredMaximumStepSeconds=1.00000000e-05 configuredMaximumStepSeconds=1.00000000e-05 actualCurrentStepSeconds=1.00000000e-05 observedMinimumStepSeconds=1.00000000e-05 observedMaximumStepSeconds=1.00000000e-05 minimumTimeStepSeconds=5.00000000e-11 adaptive=true
Q30_STEP_PROFILE seed=4 fault=DRIVE_A_OPEN profile=healthy-preparation boundary=END stepRole=EXPERIMENTAL_CANDIDATE_NOT_PROMOTED declaredMaximumStepSeconds=1.00000000e-05 configuredMaximumStepSeconds=1.00000000e-05 actualCurrentStepSeconds=1.00000000e-05 observedMinimumStepSeconds=5.00000000e-06 observedMaximumStepSeconds=1.00000000e-05 minimumTimeStepSeconds=5.00000000e-11 adaptive=true
Q30_STEP_PROFILE seed=4 fault=DRIVE_A_OPEN profile=fault-profile-preparation boundary=BEGIN stepRole=EXPERIMENTAL_CANDIDATE_NOT_PROMOTED declaredMaximumStepSeconds=1.00000000e-05 configuredMaximumStepSeconds=1.00000000e-05 actualCurrentStepSeconds=1.00000000e-05 observedMinimumStepSeconds=1.00000000e-05 observedMaximumStepSeconds=1.00000000e-05 minimumTimeStepSeconds=5.00000000e-11 adaptive=true
Q30_STEP_PROFILE seed=4 fault=DRIVE_A_OPEN profile=fault-profile-preparation boundary=END stepRole=EXPERIMENTAL_CANDIDATE_NOT_PROMOTED declaredMaximumStepSeconds=1.00000000e-05 configuredMaximumStepSeconds=1.00000000e-05 actualCurrentStepSeconds=1.00000000e-05 observedMinimumStepSeconds=1.00000000e-05 observedMaximumStepSeconds=1.00000000e-05 minimumTimeStepSeconds=5.00000000e-11 adaptive=true
Q30_STEP_PROFILE seed=4 fault=DRIVE_A_OPEN profile=faulted-four-input-profile boundary=BEGIN stepRole=EXPERIMENTAL_CANDIDATE_NOT_PROMOTED declaredMaximumStepSeconds=1.00000000e-05 configuredMaximumStepSeconds=1.00000000e-05 actualCurrentStepSeconds=1.00000000e-05 observedMinimumStepSeconds=1.00000000e-05 observedMaximumStepSeconds=1.00000000e-05 minimumTimeStepSeconds=5.00000000e-11 adaptive=true
Q30_STEP_PROFILE seed=4 fault=DRIVE_A_OPEN profile=faulted-four-input-profile boundary=END stepRole=EXPERIMENTAL_CANDIDATE_NOT_PROMOTED declaredMaximumStepSeconds=1.00000000e-05 configuredMaximumStepSeconds=1.00000000e-05 actualCurrentStepSeconds=1.00000000e-05 observedMinimumStepSeconds=1.00000000e-05 observedMaximumStepSeconds=1.00000000e-05 minimumTimeStepSeconds=5.00000000e-11 adaptive=true
Q30_STEP_PROFILE seed=4 fault=DRIVE_A_OPEN profile=unrepaired-customer-retest boundary=BEGIN stepRole=EXPERIMENTAL_CANDIDATE_NOT_PROMOTED declaredMaximumStepSeconds=1.00000000e-05 configuredMaximumStepSeconds=1.00000000e-05 actualCurrentStepSeconds=1.00000000e-05 observedMinimumStepSeconds=1.00000000e-05 observedMaximumStepSeconds=1.00000000e-05 minimumTimeStepSeconds=5.00000000e-11 adaptive=true
Q30_STEP_PROFILE seed=4 fault=DRIVE_A_OPEN profile=unrepaired-customer-retest boundary=END stepRole=EXPERIMENTAL_CANDIDATE_NOT_PROMOTED declaredMaximumStepSeconds=1.00000000e-05 configuredMaximumStepSeconds=1.00000000e-05 actualCurrentStepSeconds=1.00000000e-05 observedMinimumStepSeconds=1.00000000e-05 observedMaximumStepSeconds=1.00000000e-05 minimumTimeStepSeconds=5.00000000e-11 adaptive=true
Q30_STEP_PROFILE seed=4 fault=DRIVE_A_OPEN profile=service-power-off-wait boundary=BEGIN stepRole=EXPERIMENTAL_CANDIDATE_NOT_PROMOTED declaredMaximumStepSeconds=1.00000000e-05 configuredMaximumStepSeconds=1.00000000e-05 actualCurrentStepSeconds=1.00000000e-05 observedMinimumStepSeconds=1.00000000e-05 observedMaximumStepSeconds=1.00000000e-05 minimumTimeStepSeconds=5.00000000e-11 adaptive=true
Q30_STEP_PROFILE seed=4 fault=DRIVE_A_OPEN profile=service-power-off-wait boundary=END stepRole=EXPERIMENTAL_CANDIDATE_NOT_PROMOTED declaredMaximumStepSeconds=1.00000000e-05 configuredMaximumStepSeconds=1.00000000e-05 actualCurrentStepSeconds=1.00000000e-05 observedMinimumStepSeconds=5.00000000e-06 observedMaximumStepSeconds=1.00000000e-05 minimumTimeStepSeconds=5.00000000e-11 adaptive=true
Q30_STEP_PROFILE seed=4 fault=DRIVE_A_OPEN profile=reinstalled-original-customer-retest boundary=BEGIN stepRole=EXPERIMENTAL_CANDIDATE_NOT_PROMOTED declaredMaximumStepSeconds=1.00000000e-05 configuredMaximumStepSeconds=1.00000000e-05 actualCurrentStepSeconds=1.00000000e-05 observedMinimumStepSeconds=1.00000000e-05 observedMaximumStepSeconds=1.00000000e-05 minimumTimeStepSeconds=5.00000000e-11 adaptive=true
Q30_STEP_PROFILE seed=4 fault=DRIVE_A_OPEN profile=reinstalled-original-customer-retest boundary=END stepRole=EXPERIMENTAL_CANDIDATE_NOT_PROMOTED declaredMaximumStepSeconds=1.00000000e-05 configuredMaximumStepSeconds=1.00000000e-05 actualCurrentStepSeconds=1.00000000e-05 observedMinimumStepSeconds=1.00000000e-05 observedMaximumStepSeconds=1.00000000e-05 minimumTimeStepSeconds=5.00000000e-11 adaptive=true
Q30_STEP_PROFILE seed=4 fault=DRIVE_A_OPEN profile=service-power-off-wait boundary=BEGIN stepRole=EXPERIMENTAL_CANDIDATE_NOT_PROMOTED declaredMaximumStepSeconds=1.00000000e-05 configuredMaximumStepSeconds=1.00000000e-05 actualCurrentStepSeconds=1.00000000e-05 observedMinimumStepSeconds=1.00000000e-05 observedMaximumStepSeconds=1.00000000e-05 minimumTimeStepSeconds=5.00000000e-11 adaptive=true
Q30_STEP_PROFILE seed=4 fault=DRIVE_A_OPEN profile=service-power-off-wait boundary=END stepRole=EXPERIMENTAL_CANDIDATE_NOT_PROMOTED declaredMaximumStepSeconds=1.00000000e-05 configuredMaximumStepSeconds=1.00000000e-05 actualCurrentStepSeconds=1.00000000e-05 observedMinimumStepSeconds=5.00000000e-06 observedMaximumStepSeconds=1.00000000e-05 minimumTimeStepSeconds=5.00000000e-11 adaptive=true
Q30_STEP_PROFILE seed=4 fault=DRIVE_A_OPEN profile=repaired-customer-retest boundary=BEGIN stepRole=EXPERIMENTAL_CANDIDATE_NOT_PROMOTED declaredMaximumStepSeconds=1.00000000e-05 configuredMaximumStepSeconds=1.00000000e-05 actualCurrentStepSeconds=1.00000000e-05 observedMinimumStepSeconds=1.00000000e-05 observedMaximumStepSeconds=1.00000000e-05 minimumTimeStepSeconds=5.00000000e-11 adaptive=true
Q30_STEP_PROFILE seed=4 fault=DRIVE_A_OPEN profile=repaired-customer-retest boundary=END stepRole=EXPERIMENTAL_CANDIDATE_NOT_PROMOTED declaredMaximumStepSeconds=1.00000000e-05 configuredMaximumStepSeconds=1.00000000e-05 actualCurrentStepSeconds=1.00000000e-05 observedMinimumStepSeconds=5.00000000e-06 observedMaximumStepSeconds=1.00000000e-05 minimumTimeStepSeconds=5.00000000e-11 adaptive=true
Q30_STEP_OWNER_CLEANUP seed=4 fault=DRIVE_A_OPEN declaredMaximumStepSeconds=1.00000000e-05 stepRole=EXPERIMENTAL_CANDIDATE_NOT_PROMOTED cleanup=true elapsedMillis=0
Q30_STEP_PAIR seed=4 support=FILTERED_35 fault=DRIVE_A_OPEN referenceMaximumStepSeconds=5.00000000e-06 experimentalCandidateMaximumStepSeconds=1.00000000e-05 candidateKind=EXPERIMENTAL_NOT_PROMOTED maxDeltaVolts=3.75611659e-07 toleranceVolts=0.0100004042 phase=customer-retest sample=SENSORS_LOW/RSA.2-J1.2 referenceElapsedMillis=10341 experimentalCandidateElapsedMillis=5383 referenceSimSeconds=1.16036000 experimentalCandidateSimSeconds=1.16072000 referenceCleanupMillis=0 experimentalCandidateCleanupMillis=0 cleanup=true
Q30_STEP_SEED seed=4 support=FILTERED_35 referenceMaximumStepSeconds=5.00000000e-06 experimentalCandidateMaximumStepSeconds=1.00000000e-05 candidateKind=EXPERIMENTAL_NOT_PROMOTED routeTopology=RB30_SEPARATE_DIRECT_A_BJT_B_NMOS_FILTERED_35 routeAndPairsElapsedMillis=19537
Q30_STEP_OWNER_CLEANUP seed=4 fault=DREV_OPEN declaredMaximumStepSeconds=5.00000000e-06 stepRole=PRODUCTION_5_US_REFERENCE cleanup=true elapsedMillis=0
Q30_STEP_SEED_CLEANUP seed=4 cleanup=true elapsedMillis=0
PASS: Q30 experimental solver step sensitivity assertions=1730 seed=4 support=FILTERED_35 faults=1 referenceMaximumStepSeconds=5.00000000e-06 experimentalCandidateMaximumStepSeconds=1.00000000e-05 candidateKind=EXPERIMENTAL_NOT_PROMOTED elapsedMillis=19538

node 11 unconnected
converged after 25 iterations, timeStep = 5.0E-6
converged after 6 iterations, timeStep = 5.0E-6
node 11 unconnected
node 11 unconnected
converged after 16 iterations, timeStep = 5.0E-6
node 11 unconnected
converged after 12 iterations, timeStep = 5.0E-6
converged after 14 iterations, timeStep = 5.0E-6
converged after 10 iterations, timeStep = 5.0E-6
node 11 unconnected
converged after 19 iterations, timeStep = 5.0E-6
node 11 unconnected
converged after 12 iterations, timeStep = 5.0E-6
converged after 15 iterations, timeStep = 5.0E-6
node 11 unconnected
converged after 14 iterations, timeStep = 5.0E-6
node 11 unconnected
converged after 12 iterations, timeStep = 5.0E-6
converged after 15 iterations, timeStep = 5.0E-6
node 11 unconnected
node 11 unconnected
converged after 12 iterations, timeStep = 5.0E-6
converged after 14 iterations, timeStep = 5.0E-6
node 11 unconnected
node 11 unconnected
converged after 12 iterations, timeStep = 5.0E-6
converged after 15 iterations, timeStep = 5.0E-6
node 11 unconnected
node 11 unconnected
converged after 12 iterations, timeStep = 5.0E-6
converged after 14 iterations, timeStep = 5.0E-6
node 11 unconnected
node 11 unconnected
node 11 unconnected
converged after 13 iterations, timeStep = 5.0E-6
node 11 unconnected
node 11 unconnected
node 11 unconnected
node 11 unconnected
node 11 unconnected
node 36 unconnected
node 39 unconnected
node 11 unconnected
node 11 unconnected
converged after 23 iterations, timeStep = 5.0E-6
node 11 unconnected
converged after 12 iterations, timeStep = 5.0E-6
converged after 13 iterations, timeStep = 5.0E-6
converged after 15 iterations, timeStep = 5.0E-6
node 11 unconnected
node 11 unconnected
converged after 12 iterations, timeStep = 5.0E-6
converged after 14 iterations, timeStep = 5.0E-6
node 11 unconnected
node 11 unconnected
node 11 unconnected
converged after 13 iterations, timeStep = 5.0E-6
node 11 unconnected
node 11 unconnected
node 11 unconnected
node 11 unconnected
node 11 unconnected
node 36 unconnected
node 39 unconnected
node 11 unconnected
node 36 unconnected
node 39 unconnected
node 11 unconnected
node 36 unconnected
node 39 unconnected
converged after 23 iterations, timeStep = 5.0E-6
node 11 unconnected
node 36 unconnected
node 39 unconnected
converged after 12 iterations, timeStep = 5.0E-6
converged after 20 iterations, timeStep = 5.0E-6
converged after 15 iterations, timeStep = 5.0E-6
node 11 unconnected
node 36 unconnected
node 39 unconnected
converged after 16 iterations, timeStep = 5.0E-6
node 11 unconnected
node 36 unconnected
node 39 unconnected
converged after 12 iterations, timeStep = 5.0E-6
converged after 14 iterations, timeStep = 5.0E-6
converged after 10 iterations, timeStep = 5.0E-6
node 11 unconnected
node 36 unconnected
node 39 unconnected
converged after 19 iterations, timeStep = 5.0E-6
node 11 unconnected
converged after 24 iterations, timeStep = 1.0E-5
node 11 unconnected
node 11 unconnected
converged after 15 iterations, timeStep = 1.0E-5
node 11 unconnected
converged after 12 iterations, timeStep = 1.0E-5
converged after 14 iterations, timeStep = 1.0E-5
converged after 10 iterations, timeStep = 1.0E-5
node 11 unconnected
converged after 19 iterations, timeStep = 1.0E-5
node 11 unconnected
converged after 12 iterations, timeStep = 1.0E-5
timestep down to 5.0E-6 at 0.13073999999998998
converged after 13 iterations, timeStep = 5.0E-6
converged after 3 iterations, timeStep = 5.0E-6
converged after 3 iterations, timeStep = 5.0E-6
converged after 3 iterations, timeStep = 5.0E-6
converged after 3 iterations, timeStep = 5.0E-6
converged after 3 iterations, timeStep = 5.0E-6
converged after 3 iterations, timeStep = 5.0E-6
converged after 3 iterations, timeStep = 5.0E-6
converged after 3 iterations, timeStep = 5.0E-6
converged after 3 iterations, timeStep = 5.0E-6
converged after 3 iterations, timeStep = 5.0E-6
converged after 3 iterations, timeStep = 5.0E-6
converged after 3 iterations, timeStep = 5.0E-6
converged after 3 iterations, timeStep = 5.0E-6
converged after 3 iterations, timeStep = 5.0E-6
converged after 3 iterations, timeStep = 5.0E-6
converged after 3 iterations, timeStep = 5.0E-6
converged after 3 iterations, timeStep = 5.0E-6
converged after 3 iterations, timeStep = 5.0E-6
converged after 3 iterations, timeStep = 5.0E-6
converged after 3 iterations, timeStep = 5.0E-6
converged after 3 iterations, timeStep = 5.0E-6
converged after 3 iterations, timeStep = 5.0E-6
converged after 3 iterations, timeStep = 5.0E-6
converged after 3 iterations, timeStep = 5.0E-6
converged after 3 iterations, timeStep = 5.0E-6
converged after 3 iterations, timeStep = 5.0E-6
converged after 3 iterations, timeStep = 5.0E-6
converged after 3 iterations, timeStep = 5.0E-6
converged after 3 iterations, timeStep = 5.0E-6
converged after 3 iterations, timeStep = 5.0E-6
converged after 3 iterations, timeStep = 5.0E-6
converged after 3 iterations, timeStep = 5.0E-6
converged after 3 iterations, timeStep = 5.0E-6
converged after 3 iterations, timeStep = 5.0E-6
converged after 3 iterations, timeStep = 5.0E-6
converged after 3 iterations, timeStep = 5.0E-6
converged after 2 iterations, timeStep = 5.0E-6
converged after 2 iterations, timeStep = 5.0E-6
converged after 2 iterations, timeStep = 5.0E-6
timestep up = 1.0E-5 at 0.13093999999999018
node 11 unconnected
converged after 14 iterations, timeStep = 1.0E-5
node 11 unconnected
converged after 12 iterations, timeStep = 1.0E-5
converged after 15 iterations, timeStep = 1.0E-5
node 11 unconnected
node 11 unconnected
converged after 12 iterations, timeStep = 1.0E-5
converged after 14 iterations, timeStep = 1.0E-5
node 11 unconnected
node 11 unconnected
converged after 12 iterations, timeStep = 1.0E-5
converged after 15 iterations, timeStep = 1.0E-5
node 11 unconnected
node 11 unconnected
converged after 12 iterations, timeStep = 1.0E-5
converged after 14 iterations, timeStep = 1.0E-5
node 11 unconnected
node 11 unconnected
node 11 unconnected
timestep down to 5.0E-6 at 0.42299000000028225
converged after 1 iterations, timeStep = 5.0E-6
converged after 1 iterations, timeStep = 5.0E-6
converged after 5 iterations, timeStep = 5.0E-6
converged after 3 iterations, timeStep = 5.0E-6
converged after 3 iterations, timeStep = 5.0E-6
converged after 3 iterations, timeStep = 5.0E-6
converged after 3 iterations, timeStep = 5.0E-6
converged after 3 iterations, timeStep = 5.0E-6
converged after 3 iterations, timeStep = 5.0E-6
converged after 3 iterations, timeStep = 5.0E-6
converged after 3 iterations, timeStep = 5.0E-6
converged after 3 iterations, timeStep = 5.0E-6
converged after 3 iterations, timeStep = 5.0E-6
converged after 3 iterations, timeStep = 5.0E-6
converged after 3 iterations, timeStep = 5.0E-6
converged after 3 iterations, timeStep = 5.0E-6
converged after 3 iterations, timeStep = 5.0E-6
converged after 3 iterations, timeStep = 5.0E-6
converged after 3 iterations, timeStep = 5.0E-6
converged after 3 iterations, timeStep = 5.0E-6
converged after 3 iterations, timeStep = 5.0E-6
converged after 3 iterations, timeStep = 5.0E-6
converged after 3 iterations, timeStep = 5.0E-6
converged after 3 iterations, timeStep = 5.0E-6
converged after 3 iterations, timeStep = 5.0E-6
converged after 3 iterations, timeStep = 5.0E-6
converged after 3 iterations, timeStep = 5.0E-6
converged after 3 iterations, timeStep = 5.0E-6
converged after 3 iterations, timeStep = 5.0E-6
converged after 3 iterations, timeStep = 5.0E-6
converged after 3 iterations, timeStep = 5.0E-6
converged after 3 iterations, timeStep = 5.0E-6
converged after 3 iterations, timeStep = 5.0E-6
converged after 3 iterations, timeStep = 5.0E-6
converged after 3 iterations, timeStep = 5.0E-6
converged after 3 iterations, timeStep = 5.0E-6
converged after 3 iterations, timeStep = 5.0E-6
converged after 3 iterations, timeStep = 5.0E-6
converged after 3 iterations, timeStep = 5.0E-6
converged after 3 iterations, timeStep = 5.0E-6
converged after 3 iterations, timeStep = 5.0E-6
converged after 3 iterations, timeStep = 5.0E-6
converged after 3 iterations, timeStep = 5.0E-6
converged after 3 iterations, timeStep = 5.0E-6
converged after 3 iterations, timeStep = 5.0E-6
converged after 3 iterations, timeStep = 5.0E-6
converged after 3 iterations, timeStep = 5.0E-6
converged after 3 iterations, timeStep = 5.0E-6
converged after 3 iterations, timeStep = 5.0E-6
converged after 3 iterations, timeStep = 5.0E-6
converged after 3 iterations, timeStep = 5.0E-6
converged after 3 iterations, timeStep = 5.0E-6
converged after 3 iterations, timeStep = 5.0E-6
converged after 3 iterations, timeStep = 5.0E-6
converged after 3 iterations, timeStep = 5.0E-6
converged after 3 iterations, timeStep = 5.0E-6
converged after 3 iterations, timeStep = 5.0E-6
converged after 3 iterations, timeStep = 5.0E-6
converged after 3 iterations, timeStep = 5.0E-6
converged after 3 iterations, timeStep = 5.0E-6
converged after 3 iterations, timeStep = 5.0E-6
converged after 3 iterations, timeStep = 5.0E-6
converged after 3 iterations, timeStep = 5.0E-6
converged after 3 iterations, timeStep = 5.0E-6
converged after 3 iterations, timeStep = 5.0E-6
converged after 3 iterations, timeStep = 5.0E-6
converged after 3 iterations, timeStep = 5.0E-6
converged after 3 iterations, timeStep = 5.0E-6
converged after 3 iterations, timeStep = 5.0E-6
converged after 3 iterations, timeStep = 5.0E-6
converged after 3 iterations, timeStep = 5.0E-6
converged after 3 iterations, timeStep = 5.0E-6
converged after 3 iterations, timeStep = 5.0E-6
converged after 3 iterations, timeStep = 5.0E-6
converged after 3 iterations, timeStep = 5.0E-6
converged after 3 iterations, timeStep = 5.0E-6
converged after 3 iterations, timeStep = 5.0E-6
converged after 3 iterations, timeStep = 5.0E-6
converged after 3 iterations, timeStep = 5.0E-6
converged after 3 iterations, timeStep = 5.0E-6
converged after 3 iterations, timeStep = 5.0E-6
converged after 3 iterations, timeStep = 5.0E-6
converged after 3 iterations, timeStep = 5.0E-6
converged after 3 iterations, timeStep = 5.0E-6
converged after 3 iterations, timeStep = 5.0E-6
converged after 3 iterations, timeStep = 5.0E-6
converged after 3 iterations, timeStep = 5.0E-6
converged after 3 iterations, timeStep = 5.0E-6
converged after 3 iterations, timeStep = 5.0E-6
converged after 3 iterations, timeStep = 5.0E-6
converged after 3 iterations, timeStep = 5.0E-6
converged after 3 iterations, timeStep = 5.0E-6
converged after 3 iterations, timeStep = 5.0E-6
converged after 3 iterations, timeStep = 5.0E-6
converged after 3 iterations, timeStep = 5.0E-6
converged after 3 iterations, timeStep = 5.0E-6
converged after 3 iterations, timeStep = 5.0E-6
converged after 3 iterations, timeStep = 5.0E-6
converged after 3 iterations, timeStep = 5.0E-6
converged after 3 iterations, timeStep = 5.0E-6
converged after 3 iterations, timeStep = 5.0E-6
converged after 3 iterations, timeStep = 5.0E-6
converged after 3 iterations, timeStep = 5.0E-6
converged after 3 iterations, timeStep = 5.0E-6
converged after 3 iterations, timeStep = 5.0E-6
converged after 3 iterations, timeStep = 5.0E-6
converged after 3 iterations, timeStep = 5.0E-6
converged after 3 iterations, timeStep = 5.0E-6
converged after 3 iterations, timeStep = 5.0E-6
converged after 3 iterations, timeStep = 5.0E-6
converged after 3 iterations, timeStep = 5.0E-6
converged after 3 iterations, timeStep = 5.0E-6
converged after 3 iterations, timeStep = 5.0E-6
converged after 3 iterations, timeStep = 5.0E-6
converged after 3 iterations, timeStep = 5.0E-6
converged after 3 iterations, timeStep = 5.0E-6
converged after 3 iterations, timeStep = 5.0E-6
converged after 3 iterations, timeStep = 5.0E-6
converged after 3 iterations, timeStep = 5.0E-6
converged after 3 iterations, timeStep = 5.0E-6
converged after 3 iterations, timeStep = 5.0E-6
converged after 3 iterations, timeStep = 5.0E-6
converged after 3 iterations, timeStep = 5.0E-6
converged after 3 iterations, timeStep = 5.0E-6
converged after 3 iterations, timeStep = 5.0E-6
converged after 3 iterations, timeStep = 5.0E-6
converged after 3 iterations, timeStep = 5.0E-6
converged after 3 iterations, timeStep = 5.0E-6
converged after 3 iterations, timeStep = 5.0E-6
converged after 3 iterations, timeStep = 5.0E-6
converged after 3 iterations, timeStep = 5.0E-6
converged after 3 iterations, timeStep = 5.0E-6
converged after 3 iterations, timeStep = 5.0E-6
converged after 3 iterations, timeStep = 5.0E-6
converged after 3 iterations, timeStep = 5.0E-6
converged after 3 iterations, timeStep = 5.0E-6
converged after 3 iterations, timeStep = 5.0E-6
converged after 3 iterations, timeStep = 5.0E-6
converged after 3 iterations, timeStep = 5.0E-6
converged after 3 iterations, timeStep = 5.0E-6
converged after 13 iterations, timeStep = 5.0E-6
converged after 3 iterations, timeStep = 5.0E-6
converged after 3 iterations, timeStep = 5.0E-6
converged after 2 iterations, timeStep = 5.0E-6
converged after 2 iterations, timeStep = 5.0E-6
converged after 2 iterations, timeStep = 5.0E-6
timestep up = 1.0E-5 at 0.42372000000027893
node 11 unconnected
node 11 unconnected
node 11 unconnected
node 11 unconnected
node 11 unconnected
node 36 unconnected
node 39 unconnected
node 11 unconnected
node 11 unconnected
converged after 23 iterations, timeStep = 1.0E-5
converged after 6 iterations, timeStep = 1.0E-5
node 11 unconnected
converged after 12 iterations, timeStep = 1.0E-5
converged after 13 iterations, timeStep = 1.0E-5
converged after 15 iterations, timeStep = 1.0E-5
node 11 unconnected
node 11 unconnected
converged after 12 iterations, timeStep = 1.0E-5
converged after 14 iterations, timeStep = 1.0E-5
node 11 unconnected
node 11 unconnected
node 11 unconnected
timestep down to 5.0E-6 at 0.7933099999990203
converged after 1 iterations, timeStep = 5.0E-6
converged after 1 iterations, timeStep = 5.0E-6
converged after 5 iterations, timeStep = 5.0E-6
converged after 3 iterations, timeStep = 5.0E-6
converged after 3 iterations, timeStep = 5.0E-6
converged after 3 iterations, timeStep = 5.0E-6
converged after 3 iterations, timeStep = 5.0E-6
converged after 3 iterations, timeStep = 5.0E-6
converged after 3 iterations, timeStep = 5.0E-6
converged after 3 iterations, timeStep = 5.0E-6
converged after 3 iterations, timeStep = 5.0E-6
converged after 3 iterations, timeStep = 5.0E-6
converged after 3 iterations, timeStep = 5.0E-6
converged after 3 iterations, timeStep = 5.0E-6
converged after 3 iterations, timeStep = 5.0E-6
converged after 3 iterations, timeStep = 5.0E-6
converged after 3 iterations, timeStep = 5.0E-6
converged after 3 iterations, timeStep = 5.0E-6
converged after 3 iterations, timeStep = 5.0E-6
converged after 3 iterations, timeStep = 5.0E-6
converged after 3 iterations, timeStep = 5.0E-6
converged after 3 iterations, timeStep = 5.0E-6
converged after 3 iterations, timeStep = 5.0E-6
converged after 3 iterations, timeStep = 5.0E-6
converged after 3 iterations, timeStep = 5.0E-6
converged after 3 iterations, timeStep = 5.0E-6
converged after 3 iterations, timeStep = 5.0E-6
converged after 3 iterations, timeStep = 5.0E-6
converged after 3 iterations, timeStep = 5.0E-6
converged after 3 iterations, timeStep = 5.0E-6
converged after 3 iterations, timeStep = 5.0E-6
converged after 3 iterations, timeStep = 5.0E-6
converged after 3 iterations, timeStep = 5.0E-6
converged after 3 iterations, timeStep = 5.0E-6
converged after 3 iterations, timeStep = 5.0E-6
converged after 3 iterations, timeStep = 5.0E-6
converged after 3 iterations, timeStep = 5.0E-6
converged after 3 iterations, timeStep = 5.0E-6
converged after 3 iterations, timeStep = 5.0E-6
converged after 3 iterations, timeStep = 5.0E-6
converged after 3 iterations, timeStep = 5.0E-6
converged after 3 iterations, timeStep = 5.0E-6
converged after 3 iterations, timeStep = 5.0E-6
converged after 3 iterations, timeStep = 5.0E-6
converged after 3 iterations, timeStep = 5.0E-6
converged after 3 iterations, timeStep = 5.0E-6
converged after 3 iterations, timeStep = 5.0E-6
converged after 3 iterations, timeStep = 5.0E-6
converged after 3 iterations, timeStep = 5.0E-6
converged after 3 iterations, timeStep = 5.0E-6
converged after 3 iterations, timeStep = 5.0E-6
converged after 3 iterations, timeStep = 5.0E-6
converged after 3 iterations, timeStep = 5.0E-6
converged after 3 iterations, timeStep = 5.0E-6
converged after 3 iterations, timeStep = 5.0E-6
converged after 3 iterations, timeStep = 5.0E-6
converged after 3 iterations, timeStep = 5.0E-6
converged after 3 iterations, timeStep = 5.0E-6
converged after 3 iterations, timeStep = 5.0E-6
converged after 3 iterations, timeStep = 5.0E-6
converged after 3 iterations, timeStep = 5.0E-6
converged after 3 iterations, timeStep = 5.0E-6
converged after 3 iterations, timeStep = 5.0E-6
converged after 3 iterations, timeStep = 5.0E-6
converged after 3 iterations, timeStep = 5.0E-6
converged after 3 iterations, timeStep = 5.0E-6
converged after 3 iterations, timeStep = 5.0E-6
converged after 3 iterations, timeStep = 5.0E-6
converged after 3 iterations, timeStep = 5.0E-6
converged after 3 iterations, timeStep = 5.0E-6
converged after 3 iterations, timeStep = 5.0E-6
converged after 3 iterations, timeStep = 5.0E-6
converged after 3 iterations, timeStep = 5.0E-6
converged after 3 iterations, timeStep = 5.0E-6
converged after 3 iterations, timeStep = 5.0E-6
converged after 3 iterations, timeStep = 5.0E-6
converged after 3 iterations, timeStep = 5.0E-6
converged after 3 iterations, timeStep = 5.0E-6
converged after 3 iterations, timeStep = 5.0E-6
converged after 3 iterations, timeStep = 5.0E-6
converged after 3 iterations, timeStep = 5.0E-6
converged after 3 iterations, timeStep = 5.0E-6
converged after 3 iterations, timeStep = 5.0E-6
converged after 3 iterations, timeStep = 5.0E-6
converged after 3 iterations, timeStep = 5.0E-6
converged after 3 iterations, timeStep = 5.0E-6
converged after 3 iterations, timeStep = 5.0E-6
converged after 3 iterations, timeStep = 5.0E-6
converged after 3 iterations, timeStep = 5.0E-6
converged after 3 iterations, timeStep = 5.0E-6
converged after 3 iterations, timeStep = 5.0E-6
converged after 3 iterations, timeStep = 5.0E-6
converged after 3 iterations, timeStep = 5.0E-6
converged after 3 iterations, timeStep = 5.0E-6
converged after 3 iterations, timeStep = 5.0E-6
converged after 3 iterations, timeStep = 5.0E-6
converged after 3 iterations, timeStep = 5.0E-6
converged after 3 iterations, timeStep = 5.0E-6
converged after 3 iterations, timeStep = 5.0E-6
converged after 3 iterations, timeStep = 5.0E-6
converged after 3 iterations, timeStep = 5.0E-6
converged after 3 iterations, timeStep = 5.0E-6
converged after 3 iterations, timeStep = 5.0E-6
converged after 3 iterations, timeStep = 5.0E-6
converged after 3 iterations, timeStep = 5.0E-6
converged after 3 iterations, timeStep = 5.0E-6
converged after 3 iterations, timeStep = 5.0E-6
converged after 3 iterations, timeStep = 5.0E-6
converged after 3 iterations, timeStep = 5.0E-6
converged after 3 iterations, timeStep = 5.0E-6
converged after 3 iterations, timeStep = 5.0E-6
converged after 3 iterations, timeStep = 5.0E-6
converged after 3 iterations, timeStep = 5.0E-6
converged after 3 iterations, timeStep = 5.0E-6
converged after 3 iterations, timeStep = 5.0E-6
converged after 3 iterations, timeStep = 5.0E-6
converged after 3 iterations, timeStep = 5.0E-6
converged after 3 iterations, timeStep = 5.0E-6
converged after 3 iterations, timeStep = 5.0E-6
converged after 3 iterations, timeStep = 5.0E-6
converged after 3 iterations, timeStep = 5.0E-6
converged after 3 iterations, timeStep = 5.0E-6
converged after 3 iterations, timeStep = 5.0E-6
converged after 3 iterations, timeStep = 5.0E-6
converged after 3 iterations, timeStep = 5.0E-6
converged after 3 iterations, timeStep = 5.0E-6
converged after 3 iterations, timeStep = 5.0E-6
converged after 3 iterations, timeStep = 5.0E-6
converged after 3 iterations, timeStep = 5.0E-6
converged after 3 iterations, timeStep = 5.0E-6
converged after 3 iterations, timeStep = 5.0E-6
converged after 3 iterations, timeStep = 5.0E-6
converged after 3 iterations, timeStep = 5.0E-6
converged after 3 iterations, timeStep = 5.0E-6
converged after 3 iterations, timeStep = 5.0E-6
converged after 3 iterations, timeStep = 5.0E-6
converged after 3 iterations, timeStep = 5.0E-6
converged after 3 iterations, timeStep = 5.0E-6
converged after 3 iterations, timeStep = 5.0E-6
converged after 3 iterations, timeStep = 5.0E-6
converged after 13 iterations, timeStep = 5.0E-6
converged after 3 iterations, timeStep = 5.0E-6
converged after 3 iterations, timeStep = 5.0E-6
converged after 2 iterations, timeStep = 5.0E-6
converged after 2 iterations, timeStep = 5.0E-6
converged after 2 iterations, timeStep = 5.0E-6
timestep up = 1.0E-5 at 0.7940399999990251
node 11 unconnected
node 11 unconnected
node 11 unconnected
node 11 unconnected
node 11 unconnected
node 36 unconnected
node 39 unconnected
node 11 unconnected
node 36 unconnected
node 39 unconnected
node 11 unconnected
node 36 unconnected
node 39 unconnected
converged after 23 iterations, timeStep = 1.0E-5
converged after 6 iterations, timeStep = 1.0E-5
node 11 unconnected
node 36 unconnected
node 39 unconnected
converged after 12 iterations, timeStep = 1.0E-5
converged after 20 iterations, timeStep = 1.0E-5
timestep down to 5.0E-6 at 1.051329999998424
converged after 13 iterations, timeStep = 5.0E-6
converged after 3 iterations, timeStep = 5.0E-6
converged after 3 iterations, timeStep = 5.0E-6
converged after 3 iterations, timeStep = 5.0E-6
converged after 3 iterations, timeStep = 5.0E-6
converged after 3 iterations, timeStep = 5.0E-6
converged after 3 iterations, timeStep = 5.0E-6
converged after 3 iterations, timeStep = 5.0E-6
converged after 3 iterations, timeStep = 5.0E-6
converged after 3 iterations, timeStep = 5.0E-6
converged after 3 iterations, timeStep = 5.0E-6
converged after 3 iterations, timeStep = 5.0E-6
converged after 3 iterations, timeStep = 5.0E-6
converged after 3 iterations, timeStep = 5.0E-6
converged after 3 iterations, timeStep = 5.0E-6
converged after 3 iterations, timeStep = 5.0E-6
converged after 3 iterations, timeStep = 5.0E-6
converged after 3 iterations, timeStep = 5.0E-6
converged after 3 iterations, timeStep = 5.0E-6
converged after 3 iterations, timeStep = 5.0E-6
converged after 3 iterations, timeStep = 5.0E-6
converged after 3 iterations, timeStep = 5.0E-6
converged after 3 iterations, timeStep = 5.0E-6
converged after 3 iterations, timeStep = 5.0E-6
converged after 3 iterations, timeStep = 5.0E-6
converged after 3 iterations, timeStep = 5.0E-6
converged after 3 iterations, timeStep = 5.0E-6
converged after 3 iterations, timeStep = 5.0E-6
converged after 3 iterations, timeStep = 5.0E-6
converged after 3 iterations, timeStep = 5.0E-6
converged after 3 iterations, timeStep = 5.0E-6
converged after 3 iterations, timeStep = 5.0E-6
converged after 3 iterations, timeStep = 5.0E-6
converged after 3 iterations, timeStep = 5.0E-6
converged after 3 iterations, timeStep = 5.0E-6
converged after 3 iterations, timeStep = 5.0E-6
converged after 3 iterations, timeStep = 5.0E-6
converged after 2 iterations, timeStep = 5.0E-6
converged after 2 iterations, timeStep = 5.0E-6
converged after 2 iterations, timeStep = 5.0E-6
timestep up = 1.0E-5 at 1.0515299999984253
node 11 unconnected
node 36 unconnected
node 39 unconnected
converged after 15 iterations, timeStep = 1.0E-5
node 11 unconnected
node 36 unconnected
node 39 unconnected
converged after 12 iterations, timeStep = 1.0E-5
converged after 14 iterations, timeStep = 1.0E-5
converged after 10 iterations, timeStep = 1.0E-5
node 11 unconnected
node 36 unconnected
node 39 unconnected
converged after 19 iterations, timeStep = 1.0E-5

Q30_SENSITIVITY_CASE seed=4 fault=RELAY_B_COIL_OPEN exit=0 termination=True qualified=True
Q30_STEP_PROFILE seed=4 fault=RELAY_B_COIL_OPEN profile=initial-electrical-settle boundary=BEGIN stepRole=PRODUCTION_5_US_REFERENCE declaredMaximumStepSeconds=5.00000000e-06 configuredMaximumStepSeconds=5.00000000e-06 actualCurrentStepSeconds=5.00000000e-06 observedMinimumStepSeconds=5.00000000e-06 observedMaximumStepSeconds=5.00000000e-06 minimumTimeStepSeconds=5.00000000e-11 adaptive=true
Q30_STEP_PROFILE seed=4 fault=RELAY_B_COIL_OPEN profile=initial-electrical-settle boundary=END stepRole=PRODUCTION_5_US_REFERENCE declaredMaximumStepSeconds=5.00000000e-06 configuredMaximumStepSeconds=5.00000000e-06 actualCurrentStepSeconds=5.00000000e-06 observedMinimumStepSeconds=5.00000000e-06 observedMaximumStepSeconds=5.00000000e-06 minimumTimeStepSeconds=5.00000000e-11 adaptive=true
Q30_STEP_PROFILE seed=4 fault=RELAY_B_COIL_OPEN profile=healthy-preparation boundary=BEGIN stepRole=PRODUCTION_5_US_REFERENCE declaredMaximumStepSeconds=5.00000000e-06 configuredMaximumStepSeconds=5.00000000e-06 actualCurrentStepSeconds=5.00000000e-06 observedMinimumStepSeconds=5.00000000e-06 observedMaximumStepSeconds=5.00000000e-06 minimumTimeStepSeconds=5.00000000e-11 adaptive=true
Q30_STEP_PROFILE seed=4 fault=RELAY_B_COIL_OPEN profile=healthy-preparation boundary=END stepRole=PRODUCTION_5_US_REFERENCE declaredMaximumStepSeconds=5.00000000e-06 configuredMaximumStepSeconds=5.00000000e-06 actualCurrentStepSeconds=5.00000000e-06 observedMinimumStepSeconds=5.00000000e-06 observedMaximumStepSeconds=5.00000000e-06 minimumTimeStepSeconds=5.00000000e-11 adaptive=true
Q30_STEP_PROFILE seed=4 fault=RELAY_B_COIL_OPEN profile=fault-profile-preparation boundary=BEGIN stepRole=PRODUCTION_5_US_REFERENCE declaredMaximumStepSeconds=5.00000000e-06 configuredMaximumStepSeconds=5.00000000e-06 actualCurrentStepSeconds=5.00000000e-06 observedMinimumStepSeconds=5.00000000e-06 observedMaximumStepSeconds=5.00000000e-06 minimumTimeStepSeconds=5.00000000e-11 adaptive=true
Q30_STEP_PROFILE seed=4 fault=RELAY_B_COIL_OPEN profile=fault-profile-preparation boundary=END stepRole=PRODUCTION_5_US_REFERENCE declaredMaximumStepSeconds=5.00000000e-06 configuredMaximumStepSeconds=5.00000000e-06 actualCurrentStepSeconds=5.00000000e-06 observedMinimumStepSeconds=5.00000000e-06 observedMaximumStepSeconds=5.00000000e-06 minimumTimeStepSeconds=5.00000000e-11 adaptive=true
Q30_STEP_PROFILE seed=4 fault=RELAY_B_COIL_OPEN profile=faulted-four-input-profile boundary=BEGIN stepRole=PRODUCTION_5_US_REFERENCE declaredMaximumStepSeconds=5.00000000e-06 configuredMaximumStepSeconds=5.00000000e-06 actualCurrentStepSeconds=5.00000000e-06 observedMinimumStepSeconds=5.00000000e-06 observedMaximumStepSeconds=5.00000000e-06 minimumTimeStepSeconds=5.00000000e-11 adaptive=true
Q30_STEP_PROFILE seed=4 fault=RELAY_B_COIL_OPEN profile=faulted-four-input-profile boundary=END stepRole=PRODUCTION_5_US_REFERENCE declaredMaximumStepSeconds=5.00000000e-06 configuredMaximumStepSeconds=5.00000000e-06 actualCurrentStepSeconds=5.00000000e-06 observedMinimumStepSeconds=5.00000000e-06 observedMaximumStepSeconds=5.00000000e-06 minimumTimeStepSeconds=5.00000000e-11 adaptive=true
Q30_STEP_PROFILE seed=4 fault=RELAY_B_COIL_OPEN profile=unrepaired-customer-retest boundary=BEGIN stepRole=PRODUCTION_5_US_REFERENCE declaredMaximumStepSeconds=5.00000000e-06 configuredMaximumStepSeconds=5.00000000e-06 actualCurrentStepSeconds=5.00000000e-06 observedMinimumStepSeconds=5.00000000e-06 observedMaximumStepSeconds=5.00000000e-06 minimumTimeStepSeconds=5.00000000e-11 adaptive=true
Q30_STEP_PROFILE seed=4 fault=RELAY_B_COIL_OPEN profile=unrepaired-customer-retest boundary=END stepRole=PRODUCTION_5_US_REFERENCE declaredMaximumStepSeconds=5.00000000e-06 configuredMaximumStepSeconds=5.00000000e-06 actualCurrentStepSeconds=5.00000000e-06 observedMinimumStepSeconds=5.00000000e-06 observedMaximumStepSeconds=5.00000000e-06 minimumTimeStepSeconds=5.00000000e-11 adaptive=true
Q30_STEP_PROFILE seed=4 fault=RELAY_B_COIL_OPEN profile=service-power-off-wait boundary=BEGIN stepRole=PRODUCTION_5_US_REFERENCE declaredMaximumStepSeconds=5.00000000e-06 configuredMaximumStepSeconds=5.00000000e-06 actualCurrentStepSeconds=5.00000000e-06 observedMinimumStepSeconds=5.00000000e-06 observedMaximumStepSeconds=5.00000000e-06 minimumTimeStepSeconds=5.00000000e-11 adaptive=true
Q30_STEP_PROFILE seed=4 fault=RELAY_B_COIL_OPEN profile=service-power-off-wait boundary=END stepRole=PRODUCTION_5_US_REFERENCE declaredMaximumStepSeconds=5.00000000e-06 configuredMaximumStepSeconds=5.00000000e-06 actualCurrentStepSeconds=5.00000000e-06 observedMinimumStepSeconds=5.00000000e-06 observedMaximumStepSeconds=5.00000000e-06 minimumTimeStepSeconds=5.00000000e-11 adaptive=true
Q30_STEP_PROFILE seed=4 fault=RELAY_B_COIL_OPEN profile=reinstalled-original-customer-retest boundary=BEGIN stepRole=PRODUCTION_5_US_REFERENCE declaredMaximumStepSeconds=5.00000000e-06 configuredMaximumStepSeconds=5.00000000e-06 actualCurrentStepSeconds=5.00000000e-06 observedMinimumStepSeconds=5.00000000e-06 observedMaximumStepSeconds=5.00000000e-06 minimumTimeStepSeconds=5.00000000e-11 adaptive=true
Q30_STEP_PROFILE seed=4 fault=RELAY_B_COIL_OPEN profile=reinstalled-original-customer-retest boundary=END stepRole=PRODUCTION_5_US_REFERENCE declaredMaximumStepSeconds=5.00000000e-06 configuredMaximumStepSeconds=5.00000000e-06 actualCurrentStepSeconds=5.00000000e-06 observedMinimumStepSeconds=5.00000000e-06 observedMaximumStepSeconds=5.00000000e-06 minimumTimeStepSeconds=5.00000000e-11 adaptive=true
Q30_STEP_PROFILE seed=4 fault=RELAY_B_COIL_OPEN profile=service-power-off-wait boundary=BEGIN stepRole=PRODUCTION_5_US_REFERENCE declaredMaximumStepSeconds=5.00000000e-06 configuredMaximumStepSeconds=5.00000000e-06 actualCurrentStepSeconds=5.00000000e-06 observedMinimumStepSeconds=5.00000000e-06 observedMaximumStepSeconds=5.00000000e-06 minimumTimeStepSeconds=5.00000000e-11 adaptive=true
Q30_STEP_PROFILE seed=4 fault=RELAY_B_COIL_OPEN profile=service-power-off-wait boundary=END stepRole=PRODUCTION_5_US_REFERENCE declaredMaximumStepSeconds=5.00000000e-06 configuredMaximumStepSeconds=5.00000000e-06 actualCurrentStepSeconds=5.00000000e-06 observedMinimumStepSeconds=5.00000000e-06 observedMaximumStepSeconds=5.00000000e-06 minimumTimeStepSeconds=5.00000000e-11 adaptive=true
Q30_STEP_PROFILE seed=4 fault=RELAY_B_COIL_OPEN profile=repaired-customer-retest boundary=BEGIN stepRole=PRODUCTION_5_US_REFERENCE declaredMaximumStepSeconds=5.00000000e-06 configuredMaximumStepSeconds=5.00000000e-06 actualCurrentStepSeconds=5.00000000e-06 observedMinimumStepSeconds=5.00000000e-06 observedMaximumStepSeconds=5.00000000e-06 minimumTimeStepSeconds=5.00000000e-11 adaptive=true
Q30_STEP_PROFILE seed=4 fault=RELAY_B_COIL_OPEN profile=repaired-customer-retest boundary=END stepRole=PRODUCTION_5_US_REFERENCE declaredMaximumStepSeconds=5.00000000e-06 configuredMaximumStepSeconds=5.00000000e-06 actualCurrentStepSeconds=5.00000000e-06 observedMinimumStepSeconds=5.00000000e-06 observedMaximumStepSeconds=5.00000000e-06 minimumTimeStepSeconds=5.00000000e-11 adaptive=true
Q30_STEP_OWNER_CLEANUP seed=4 fault=RELAY_B_COIL_OPEN declaredMaximumStepSeconds=5.00000000e-06 stepRole=PRODUCTION_5_US_REFERENCE cleanup=true elapsedMillis=0
Q30_STEP_PROFILE seed=4 fault=RELAY_B_COIL_OPEN profile=initial-electrical-settle boundary=BEGIN stepRole=EXPERIMENTAL_CANDIDATE_NOT_PROMOTED declaredMaximumStepSeconds=1.00000000e-05 configuredMaximumStepSeconds=1.00000000e-05 actualCurrentStepSeconds=1.00000000e-05 observedMinimumStepSeconds=1.00000000e-05 observedMaximumStepSeconds=1.00000000e-05 minimumTimeStepSeconds=5.00000000e-11 adaptive=true
Q30_STEP_PROFILE seed=4 fault=RELAY_B_COIL_OPEN profile=initial-electrical-settle boundary=END stepRole=EXPERIMENTAL_CANDIDATE_NOT_PROMOTED declaredMaximumStepSeconds=1.00000000e-05 configuredMaximumStepSeconds=1.00000000e-05 actualCurrentStepSeconds=1.00000000e-05 observedMinimumStepSeconds=1.00000000e-05 observedMaximumStepSeconds=1.00000000e-05 minimumTimeStepSeconds=5.00000000e-11 adaptive=true
Q30_STEP_PROFILE seed=4 fault=RELAY_B_COIL_OPEN profile=healthy-preparation boundary=BEGIN stepRole=EXPERIMENTAL_CANDIDATE_NOT_PROMOTED declaredMaximumStepSeconds=1.00000000e-05 configuredMaximumStepSeconds=1.00000000e-05 actualCurrentStepSeconds=1.00000000e-05 observedMinimumStepSeconds=1.00000000e-05 observedMaximumStepSeconds=1.00000000e-05 minimumTimeStepSeconds=5.00000000e-11 adaptive=true
Q30_STEP_PROFILE seed=4 fault=RELAY_B_COIL_OPEN profile=healthy-preparation boundary=END stepRole=EXPERIMENTAL_CANDIDATE_NOT_PROMOTED declaredMaximumStepSeconds=1.00000000e-05 configuredMaximumStepSeconds=1.00000000e-05 actualCurrentStepSeconds=1.00000000e-05 observedMinimumStepSeconds=5.00000000e-06 observedMaximumStepSeconds=1.00000000e-05 minimumTimeStepSeconds=5.00000000e-11 adaptive=true
Q30_STEP_PROFILE seed=4 fault=RELAY_B_COIL_OPEN profile=fault-profile-preparation boundary=BEGIN stepRole=EXPERIMENTAL_CANDIDATE_NOT_PROMOTED declaredMaximumStepSeconds=1.00000000e-05 configuredMaximumStepSeconds=1.00000000e-05 actualCurrentStepSeconds=1.00000000e-05 observedMinimumStepSeconds=1.00000000e-05 observedMaximumStepSeconds=1.00000000e-05 minimumTimeStepSeconds=5.00000000e-11 adaptive=true
Q30_STEP_PROFILE seed=4 fault=RELAY_B_COIL_OPEN profile=fault-profile-preparation boundary=END stepRole=EXPERIMENTAL_CANDIDATE_NOT_PROMOTED declaredMaximumStepSeconds=1.00000000e-05 configuredMaximumStepSeconds=1.00000000e-05 actualCurrentStepSeconds=1.00000000e-05 observedMinimumStepSeconds=1.00000000e-05 observedMaximumStepSeconds=1.00000000e-05 minimumTimeStepSeconds=5.00000000e-11 adaptive=true
Q30_STEP_PROFILE seed=4 fault=RELAY_B_COIL_OPEN profile=faulted-four-input-profile boundary=BEGIN stepRole=EXPERIMENTAL_CANDIDATE_NOT_PROMOTED declaredMaximumStepSeconds=1.00000000e-05 configuredMaximumStepSeconds=1.00000000e-05 actualCurrentStepSeconds=1.00000000e-05 observedMinimumStepSeconds=1.00000000e-05 observedMaximumStepSeconds=1.00000000e-05 minimumTimeStepSeconds=5.00000000e-11 adaptive=true
Q30_STEP_PROFILE seed=4 fault=RELAY_B_COIL_OPEN profile=faulted-four-input-profile boundary=END stepRole=EXPERIMENTAL_CANDIDATE_NOT_PROMOTED declaredMaximumStepSeconds=1.00000000e-05 configuredMaximumStepSeconds=1.00000000e-05 actualCurrentStepSeconds=1.00000000e-05 observedMinimumStepSeconds=1.00000000e-05 observedMaximumStepSeconds=1.00000000e-05 minimumTimeStepSeconds=5.00000000e-11 adaptive=true
Q30_STEP_PROFILE seed=4 fault=RELAY_B_COIL_OPEN profile=unrepaired-customer-retest boundary=BEGIN stepRole=EXPERIMENTAL_CANDIDATE_NOT_PROMOTED declaredMaximumStepSeconds=1.00000000e-05 configuredMaximumStepSeconds=1.00000000e-05 actualCurrentStepSeconds=1.00000000e-05 observedMinimumStepSeconds=1.00000000e-05 observedMaximumStepSeconds=1.00000000e-05 minimumTimeStepSeconds=5.00000000e-11 adaptive=true
Q30_STEP_PROFILE seed=4 fault=RELAY_B_COIL_OPEN profile=unrepaired-customer-retest boundary=END stepRole=EXPERIMENTAL_CANDIDATE_NOT_PROMOTED declaredMaximumStepSeconds=1.00000000e-05 configuredMaximumStepSeconds=1.00000000e-05 actualCurrentStepSeconds=1.00000000e-05 observedMinimumStepSeconds=1.00000000e-05 observedMaximumStepSeconds=1.00000000e-05 minimumTimeStepSeconds=5.00000000e-11 adaptive=true
Q30_STEP_PROFILE seed=4 fault=RELAY_B_COIL_OPEN profile=service-power-off-wait boundary=BEGIN stepRole=EXPERIMENTAL_CANDIDATE_NOT_PROMOTED declaredMaximumStepSeconds=1.00000000e-05 configuredMaximumStepSeconds=1.00000000e-05 actualCurrentStepSeconds=1.00000000e-05 observedMinimumStepSeconds=1.00000000e-05 observedMaximumStepSeconds=1.00000000e-05 minimumTimeStepSeconds=5.00000000e-11 adaptive=true
Q30_STEP_PROFILE seed=4 fault=RELAY_B_COIL_OPEN profile=service-power-off-wait boundary=END stepRole=EXPERIMENTAL_CANDIDATE_NOT_PROMOTED declaredMaximumStepSeconds=1.00000000e-05 configuredMaximumStepSeconds=1.00000000e-05 actualCurrentStepSeconds=1.00000000e-05 observedMinimumStepSeconds=1.00000000e-05 observedMaximumStepSeconds=1.00000000e-05 minimumTimeStepSeconds=5.00000000e-11 adaptive=true
Q30_STEP_PROFILE seed=4 fault=RELAY_B_COIL_OPEN profile=reinstalled-original-customer-retest boundary=BEGIN stepRole=EXPERIMENTAL_CANDIDATE_NOT_PROMOTED declaredMaximumStepSeconds=1.00000000e-05 configuredMaximumStepSeconds=1.00000000e-05 actualCurrentStepSeconds=1.00000000e-05 observedMinimumStepSeconds=1.00000000e-05 observedMaximumStepSeconds=1.00000000e-05 minimumTimeStepSeconds=5.00000000e-11 adaptive=true
Q30_STEP_PROFILE seed=4 fault=RELAY_B_COIL_OPEN profile=reinstalled-original-customer-retest boundary=END stepRole=EXPERIMENTAL_CANDIDATE_NOT_PROMOTED declaredMaximumStepSeconds=1.00000000e-05 configuredMaximumStepSeconds=1.00000000e-05 actualCurrentStepSeconds=1.00000000e-05 observedMinimumStepSeconds=1.00000000e-05 observedMaximumStepSeconds=1.00000000e-05 minimumTimeStepSeconds=5.00000000e-11 adaptive=true
Q30_STEP_PROFILE seed=4 fault=RELAY_B_COIL_OPEN profile=service-power-off-wait boundary=BEGIN stepRole=EXPERIMENTAL_CANDIDATE_NOT_PROMOTED declaredMaximumStepSeconds=1.00000000e-05 configuredMaximumStepSeconds=1.00000000e-05 actualCurrentStepSeconds=1.00000000e-05 observedMinimumStepSeconds=1.00000000e-05 observedMaximumStepSeconds=1.00000000e-05 minimumTimeStepSeconds=5.00000000e-11 adaptive=true
Q30_STEP_PROFILE seed=4 fault=RELAY_B_COIL_OPEN profile=service-power-off-wait boundary=END stepRole=EXPERIMENTAL_CANDIDATE_NOT_PROMOTED declaredMaximumStepSeconds=1.00000000e-05 configuredMaximumStepSeconds=1.00000000e-05 actualCurrentStepSeconds=1.00000000e-05 observedMinimumStepSeconds=1.00000000e-05 observedMaximumStepSeconds=1.00000000e-05 minimumTimeStepSeconds=5.00000000e-11 adaptive=true
Q30_STEP_PROFILE seed=4 fault=RELAY_B_COIL_OPEN profile=repaired-customer-retest boundary=BEGIN stepRole=EXPERIMENTAL_CANDIDATE_NOT_PROMOTED declaredMaximumStepSeconds=1.00000000e-05 configuredMaximumStepSeconds=1.00000000e-05 actualCurrentStepSeconds=1.00000000e-05 observedMinimumStepSeconds=1.00000000e-05 observedMaximumStepSeconds=1.00000000e-05 minimumTimeStepSeconds=5.00000000e-11 adaptive=true
Q30_STEP_PROFILE seed=4 fault=RELAY_B_COIL_OPEN profile=repaired-customer-retest boundary=END stepRole=EXPERIMENTAL_CANDIDATE_NOT_PROMOTED declaredMaximumStepSeconds=1.00000000e-05 configuredMaximumStepSeconds=1.00000000e-05 actualCurrentStepSeconds=1.00000000e-05 observedMinimumStepSeconds=5.00000000e-06 observedMaximumStepSeconds=1.00000000e-05 minimumTimeStepSeconds=5.00000000e-11 adaptive=true
Q30_STEP_OWNER_CLEANUP seed=4 fault=RELAY_B_COIL_OPEN declaredMaximumStepSeconds=1.00000000e-05 stepRole=EXPERIMENTAL_CANDIDATE_NOT_PROMOTED cleanup=true elapsedMillis=0
Q30_STEP_PAIR seed=4 support=FILTERED_35 fault=RELAY_B_COIL_OPEN referenceMaximumStepSeconds=5.00000000e-06 experimentalCandidateMaximumStepSeconds=1.00000000e-05 candidateKind=EXPERIMENTAL_NOT_PROMOTED maxDeltaVolts=3.75573996e-07 toleranceVolts=0.0100004042 phase=customer-retest sample=SENSORS_LOW/RSA.2-J1.2 referenceElapsedMillis=11481 experimentalCandidateElapsedMillis=5772 referenceSimSeconds=1.16036000 experimentalCandidateSimSeconds=1.16072000 referenceCleanupMillis=0 experimentalCandidateCleanupMillis=0 cleanup=true
Q30_STEP_SEED seed=4 support=FILTERED_35 referenceMaximumStepSeconds=5.00000000e-06 experimentalCandidateMaximumStepSeconds=1.00000000e-05 candidateKind=EXPERIMENTAL_NOT_PROMOTED routeTopology=RB30_SEPARATE_DIRECT_A_BJT_B_NMOS_FILTERED_35 routeAndPairsElapsedMillis=21146
Q30_STEP_OWNER_CLEANUP seed=4 fault=DREV_OPEN declaredMaximumStepSeconds=5.00000000e-06 stepRole=PRODUCTION_5_US_REFERENCE cleanup=true elapsedMillis=0
Q30_STEP_SEED_CLEANUP seed=4 cleanup=true elapsedMillis=0
PASS: Q30 experimental solver step sensitivity assertions=1730 seed=4 support=FILTERED_35 faults=1 referenceMaximumStepSeconds=5.00000000e-06 experimentalCandidateMaximumStepSeconds=1.00000000e-05 candidateKind=EXPERIMENTAL_NOT_PROMOTED elapsedMillis=21146

node 11 unconnected
converged after 25 iterations, timeStep = 5.0E-6
converged after 6 iterations, timeStep = 5.0E-6
node 11 unconnected
node 11 unconnected
converged after 16 iterations, timeStep = 5.0E-6
node 11 unconnected
converged after 12 iterations, timeStep = 5.0E-6
converged after 14 iterations, timeStep = 5.0E-6
converged after 10 iterations, timeStep = 5.0E-6
node 11 unconnected
converged after 19 iterations, timeStep = 5.0E-6
node 11 unconnected
converged after 12 iterations, timeStep = 5.0E-6
converged after 15 iterations, timeStep = 5.0E-6
node 11 unconnected
converged after 11 iterations, timeStep = 5.0E-6
converged after 16 iterations, timeStep = 5.0E-6
node 11 unconnected
converged after 12 iterations, timeStep = 5.0E-6
converged after 9 iterations, timeStep = 5.0E-6
node 11 unconnected
converged after 16 iterations, timeStep = 5.0E-6
node 11 unconnected
converged after 12 iterations, timeStep = 5.0E-6
converged after 10 iterations, timeStep = 5.0E-6
node 11 unconnected
converged after 16 iterations, timeStep = 5.0E-6
node 11 unconnected
converged after 12 iterations, timeStep = 5.0E-6
converged after 9 iterations, timeStep = 5.0E-6
node 11 unconnected
converged after 16 iterations, timeStep = 5.0E-6
node 11 unconnected
converged after 12 iterations, timeStep = 5.0E-6
converged after 10 iterations, timeStep = 5.0E-6
node 11 unconnected
converged after 16 iterations, timeStep = 5.0E-6
node 11 unconnected
node 11 unconnected
converged after 10 iterations, timeStep = 5.0E-6
node 11 unconnected
node 11 unconnected
node 11 unconnected
node 11 unconnected
node 11 unconnected
node 50 unconnected
node 53 unconnected
node 56 unconnected
node 11 unconnected
node 11 unconnected
converged after 23 iterations, timeStep = 5.0E-6
node 11 unconnected
converged after 12 iterations, timeStep = 5.0E-6
converged after 16 iterations, timeStep = 5.0E-6
converged after 9 iterations, timeStep = 5.0E-6
node 11 unconnected
converged after 16 iterations, timeStep = 5.0E-6
node 11 unconnected
converged after 12 iterations, timeStep = 5.0E-6
converged after 10 iterations, timeStep = 5.0E-6
node 11 unconnected
converged after 16 iterations, timeStep = 5.0E-6
node 11 unconnected
node 11 unconnected
converged after 10 iterations, timeStep = 5.0E-6
node 11 unconnected
node 11 unconnected
node 11 unconnected
node 11 unconnected
node 11 unconnected
node 50 unconnected
node 53 unconnected
node 56 unconnected
node 11 unconnected
node 50 unconnected
node 53 unconnected
node 11 unconnected
node 50 unconnected
node 53 unconnected
converged after 23 iterations, timeStep = 5.0E-6
node 11 unconnected
node 50 unconnected
node 53 unconnected
converged after 12 iterations, timeStep = 5.0E-6
converged after 20 iterations, timeStep = 5.0E-6
converged after 15 iterations, timeStep = 5.0E-6
node 11 unconnected
node 50 unconnected
node 53 unconnected
converged after 16 iterations, timeStep = 5.0E-6
node 11 unconnected
node 50 unconnected
node 53 unconnected
converged after 12 iterations, timeStep = 5.0E-6
converged after 14 iterations, timeStep = 5.0E-6
converged after 10 iterations, timeStep = 5.0E-6
node 11 unconnected
node 50 unconnected
node 53 unconnected
converged after 19 iterations, timeStep = 5.0E-6
node 11 unconnected
converged after 24 iterations, timeStep = 1.0E-5
node 11 unconnected
node 11 unconnected
converged after 15 iterations, timeStep = 1.0E-5
node 11 unconnected
converged after 12 iterations, timeStep = 1.0E-5
converged after 14 iterations, timeStep = 1.0E-5
converged after 10 iterations, timeStep = 1.0E-5
node 11 unconnected
converged after 19 iterations, timeStep = 1.0E-5
node 11 unconnected
converged after 12 iterations, timeStep = 1.0E-5
timestep down to 5.0E-6 at 0.13073999999998998
converged after 13 iterations, timeStep = 5.0E-6
converged after 3 iterations, timeStep = 5.0E-6
converged after 3 iterations, timeStep = 5.0E-6
converged after 3 iterations, timeStep = 5.0E-6
converged after 3 iterations, timeStep = 5.0E-6
converged after 3 iterations, timeStep = 5.0E-6
converged after 3 iterations, timeStep = 5.0E-6
converged after 3 iterations, timeStep = 5.0E-6
converged after 3 iterations, timeStep = 5.0E-6
converged after 3 iterations, timeStep = 5.0E-6
converged after 3 iterations, timeStep = 5.0E-6
converged after 3 iterations, timeStep = 5.0E-6
converged after 3 iterations, timeStep = 5.0E-6
converged after 3 iterations, timeStep = 5.0E-6
converged after 3 iterations, timeStep = 5.0E-6
converged after 3 iterations, timeStep = 5.0E-6
converged after 3 iterations, timeStep = 5.0E-6
converged after 3 iterations, timeStep = 5.0E-6
converged after 3 iterations, timeStep = 5.0E-6
converged after 3 iterations, timeStep = 5.0E-6
converged after 3 iterations, timeStep = 5.0E-6
converged after 3 iterations, timeStep = 5.0E-6
converged after 3 iterations, timeStep = 5.0E-6
converged after 3 iterations, timeStep = 5.0E-6
converged after 3 iterations, timeStep = 5.0E-6
converged after 3 iterations, timeStep = 5.0E-6
converged after 3 iterations, timeStep = 5.0E-6
converged after 3 iterations, timeStep = 5.0E-6
converged after 3 iterations, timeStep = 5.0E-6
converged after 3 iterations, timeStep = 5.0E-6
converged after 3 iterations, timeStep = 5.0E-6
converged after 3 iterations, timeStep = 5.0E-6
converged after 3 iterations, timeStep = 5.0E-6
converged after 3 iterations, timeStep = 5.0E-6
converged after 3 iterations, timeStep = 5.0E-6
converged after 3 iterations, timeStep = 5.0E-6
converged after 3 iterations, timeStep = 5.0E-6
converged after 2 iterations, timeStep = 5.0E-6
converged after 2 iterations, timeStep = 5.0E-6
converged after 2 iterations, timeStep = 5.0E-6
timestep up = 1.0E-5 at 0.13093999999999018
node 11 unconnected
converged after 11 iterations, timeStep = 1.0E-5
converged after 15 iterations, timeStep = 1.0E-5
node 11 unconnected
converged after 12 iterations, timeStep = 1.0E-5
converged after 11 iterations, timeStep = 1.0E-5
node 11 unconnected
converged after 15 iterations, timeStep = 1.0E-5
node 11 unconnected
converged after 12 iterations, timeStep = 1.0E-5
converged after 10 iterations, timeStep = 1.0E-5
node 11 unconnected
converged after 15 iterations, timeStep = 1.0E-5
node 11 unconnected
converged after 12 iterations, timeStep = 1.0E-5
converged after 11 iterations, timeStep = 1.0E-5
node 11 unconnected
converged after 15 iterations, timeStep = 1.0E-5
node 11 unconnected
converged after 12 iterations, timeStep = 1.0E-5
converged after 10 iterations, timeStep = 1.0E-5
node 11 unconnected
converged after 15 iterations, timeStep = 1.0E-5
node 11 unconnected
node 11 unconnected
converged after 10 iterations, timeStep = 1.0E-5
node 11 unconnected
node 11 unconnected
node 11 unconnected
node 11 unconnected
node 11 unconnected
node 50 unconnected
node 53 unconnected
node 56 unconnected
node 11 unconnected
node 11 unconnected
converged after 23 iterations, timeStep = 1.0E-5
converged after 6 iterations, timeStep = 1.0E-5
node 11 unconnected
converged after 12 iterations, timeStep = 1.0E-5
converged after 9 iterations, timeStep = 1.0E-5
converged after 11 iterations, timeStep = 1.0E-5
node 11 unconnected
converged after 15 iterations, timeStep = 1.0E-5
node 11 unconnected
converged after 12 iterations, timeStep = 1.0E-5
converged after 10 iterations, timeStep = 1.0E-5
node 11 unconnected
converged after 15 iterations, timeStep = 1.0E-5
node 11 unconnected
node 11 unconnected
converged after 10 iterations, timeStep = 1.0E-5
node 11 unconnected
node 11 unconnected
node 11 unconnected
node 11 unconnected
node 11 unconnected
node 50 unconnected
node 53 unconnected
node 56 unconnected
node 11 unconnected
node 50 unconnected
node 53 unconnected
node 11 unconnected
node 50 unconnected
node 53 unconnected
converged after 23 iterations, timeStep = 1.0E-5
converged after 6 iterations, timeStep = 1.0E-5
node 11 unconnected
node 50 unconnected
node 53 unconnected
converged after 12 iterations, timeStep = 1.0E-5
converged after 20 iterations, timeStep = 1.0E-5
timestep down to 5.0E-6 at 1.05132999999842
converged after 13 iterations, timeStep = 5.0E-6
converged after 3 iterations, timeStep = 5.0E-6
converged after 3 iterations, timeStep = 5.0E-6
converged after 3 iterations, timeStep = 5.0E-6
converged after 3 iterations, timeStep = 5.0E-6
converged after 3 iterations, timeStep = 5.0E-6
converged after 3 iterations, timeStep = 5.0E-6
converged after 3 iterations, timeStep = 5.0E-6
converged after 3 iterations, timeStep = 5.0E-6
converged after 3 iterations, timeStep = 5.0E-6
converged after 3 iterations, timeStep = 5.0E-6
converged after 3 iterations, timeStep = 5.0E-6
converged after 3 iterations, timeStep = 5.0E-6
converged after 3 iterations, timeStep = 5.0E-6
converged after 3 iterations, timeStep = 5.0E-6
converged after 3 iterations, timeStep = 5.0E-6
converged after 3 iterations, timeStep = 5.0E-6
converged after 3 iterations, timeStep = 5.0E-6
converged after 3 iterations, timeStep = 5.0E-6
converged after 3 iterations, timeStep = 5.0E-6
converged after 3 iterations, timeStep = 5.0E-6
converged after 3 iterations, timeStep = 5.0E-6
converged after 3 iterations, timeStep = 5.0E-6
converged after 3 iterations, timeStep = 5.0E-6
converged after 3 iterations, timeStep = 5.0E-6
converged after 3 iterations, timeStep = 5.0E-6
converged after 3 iterations, timeStep = 5.0E-6
converged after 3 iterations, timeStep = 5.0E-6
converged after 3 iterations, timeStep = 5.0E-6
converged after 3 iterations, timeStep = 5.0E-6
converged after 3 iterations, timeStep = 5.0E-6
converged after 3 iterations, timeStep = 5.0E-6
converged after 3 iterations, timeStep = 5.0E-6
converged after 3 iterations, timeStep = 5.0E-6
converged after 3 iterations, timeStep = 5.0E-6
converged after 3 iterations, timeStep = 5.0E-6
converged after 3 iterations, timeStep = 5.0E-6
converged after 2 iterations, timeStep = 5.0E-6
converged after 2 iterations, timeStep = 5.0E-6
converged after 2 iterations, timeStep = 5.0E-6
timestep up = 1.0E-5 at 1.0515299999984213
node 11 unconnected
node 50 unconnected
node 53 unconnected
converged after 15 iterations, timeStep = 1.0E-5
node 11 unconnected
node 50 unconnected
node 53 unconnected
converged after 12 iterations, timeStep = 1.0E-5
converged after 14 iterations, timeStep = 1.0E-5
converged after 10 iterations, timeStep = 1.0E-5
node 11 unconnected
node 50 unconnected
node 53 unconnected
converged after 19 iterations, timeStep = 1.0E-5

Q30_SENSITIVITY_CASE seed=14 fault=DREV_OPEN exit=1 termination=True qualified=False
Q30_STEP_PROFILE seed=14 fault=DREV_OPEN profile=initial-electrical-settle boundary=BEGIN stepRole=PRODUCTION_5_US_REFERENCE declaredMaximumStepSeconds=5.00000000e-06 configuredMaximumStepSeconds=5.00000000e-06 actualCurrentStepSeconds=5.00000000e-06 observedMinimumStepSeconds=5.00000000e-06 observedMaximumStepSeconds=5.00000000e-06 minimumTimeStepSeconds=5.00000000e-11 adaptive=true
Q30_STEP_PROFILE seed=14 fault=DREV_OPEN profile=initial-electrical-settle boundary=END stepRole=PRODUCTION_5_US_REFERENCE declaredMaximumStepSeconds=5.00000000e-06 configuredMaximumStepSeconds=5.00000000e-06 actualCurrentStepSeconds=5.00000000e-06 observedMinimumStepSeconds=5.00000000e-06 observedMaximumStepSeconds=5.00000000e-06 minimumTimeStepSeconds=5.00000000e-11 adaptive=true
Q30_STEP_PROFILE seed=14 fault=DREV_OPEN profile=healthy-preparation boundary=BEGIN stepRole=PRODUCTION_5_US_REFERENCE declaredMaximumStepSeconds=5.00000000e-06 configuredMaximumStepSeconds=5.00000000e-06 actualCurrentStepSeconds=5.00000000e-06 observedMinimumStepSeconds=5.00000000e-06 observedMaximumStepSeconds=5.00000000e-06 minimumTimeStepSeconds=5.00000000e-11 adaptive=true
Q30_STEP_PROFILE seed=14 fault=DREV_OPEN profile=healthy-preparation boundary=END stepRole=PRODUCTION_5_US_REFERENCE declaredMaximumStepSeconds=5.00000000e-06 configuredMaximumStepSeconds=5.00000000e-06 actualCurrentStepSeconds=5.00000000e-06 observedMinimumStepSeconds=5.00000000e-06 observedMaximumStepSeconds=5.00000000e-06 minimumTimeStepSeconds=5.00000000e-11 adaptive=true
Q30_STEP_PROFILE seed=14 fault=DREV_OPEN profile=fault-profile-preparation boundary=BEGIN stepRole=PRODUCTION_5_US_REFERENCE declaredMaximumStepSeconds=5.00000000e-06 configuredMaximumStepSeconds=5.00000000e-06 actualCurrentStepSeconds=5.00000000e-06 observedMinimumStepSeconds=5.00000000e-06 observedMaximumStepSeconds=5.00000000e-06 minimumTimeStepSeconds=5.00000000e-11 adaptive=true
Q30_STEP_PROFILE seed=14 fault=DREV_OPEN profile=fault-profile-preparation boundary=END stepRole=PRODUCTION_5_US_REFERENCE declaredMaximumStepSeconds=5.00000000e-06 configuredMaximumStepSeconds=5.00000000e-06 actualCurrentStepSeconds=5.00000000e-06 observedMinimumStepSeconds=5.00000000e-06 observedMaximumStepSeconds=5.00000000e-06 minimumTimeStepSeconds=5.00000000e-11 adaptive=true
Q30_STEP_PROFILE seed=14 fault=DREV_OPEN profile=faulted-four-input-profile boundary=BEGIN stepRole=PRODUCTION_5_US_REFERENCE declaredMaximumStepSeconds=5.00000000e-06 configuredMaximumStepSeconds=5.00000000e-06 actualCurrentStepSeconds=5.00000000e-06 observedMinimumStepSeconds=5.00000000e-06 observedMaximumStepSeconds=5.00000000e-06 minimumTimeStepSeconds=5.00000000e-11 adaptive=true
Q30_STEP_PROFILE seed=14 fault=DREV_OPEN profile=faulted-four-input-profile boundary=END stepRole=PRODUCTION_5_US_REFERENCE declaredMaximumStepSeconds=5.00000000e-06 configuredMaximumStepSeconds=5.00000000e-06 actualCurrentStepSeconds=5.00000000e-06 observedMinimumStepSeconds=5.00000000e-06 observedMaximumStepSeconds=5.00000000e-06 minimumTimeStepSeconds=5.00000000e-11 adaptive=true
Q30_STEP_PROFILE seed=14 fault=DREV_OPEN profile=unrepaired-customer-retest boundary=BEGIN stepRole=PRODUCTION_5_US_REFERENCE declaredMaximumStepSeconds=5.00000000e-06 configuredMaximumStepSeconds=5.00000000e-06 actualCurrentStepSeconds=5.00000000e-06 observedMinimumStepSeconds=5.00000000e-06 observedMaximumStepSeconds=5.00000000e-06 minimumTimeStepSeconds=5.00000000e-11 adaptive=true
Q30_STEP_PROFILE seed=14 fault=DREV_OPEN profile=unrepaired-customer-retest boundary=END stepRole=PRODUCTION_5_US_REFERENCE declaredMaximumStepSeconds=5.00000000e-06 configuredMaximumStepSeconds=5.00000000e-06 actualCurrentStepSeconds=5.00000000e-06 observedMinimumStepSeconds=5.00000000e-06 observedMaximumStepSeconds=5.00000000e-06 minimumTimeStepSeconds=5.00000000e-11 adaptive=true
Q30_STEP_PROFILE seed=14 fault=DREV_OPEN profile=service-power-off-wait boundary=BEGIN stepRole=PRODUCTION_5_US_REFERENCE declaredMaximumStepSeconds=5.00000000e-06 configuredMaximumStepSeconds=5.00000000e-06 actualCurrentStepSeconds=5.00000000e-06 observedMinimumStepSeconds=5.00000000e-06 observedMaximumStepSeconds=5.00000000e-06 minimumTimeStepSeconds=5.00000000e-11 adaptive=true
Q30_STEP_PROFILE seed=14 fault=DREV_OPEN profile=service-power-off-wait boundary=END stepRole=PRODUCTION_5_US_REFERENCE declaredMaximumStepSeconds=5.00000000e-06 configuredMaximumStepSeconds=5.00000000e-06 actualCurrentStepSeconds=5.00000000e-06 observedMinimumStepSeconds=5.00000000e-06 observedMaximumStepSeconds=5.00000000e-06 minimumTimeStepSeconds=5.00000000e-11 adaptive=true
Q30_STEP_PROFILE seed=14 fault=DREV_OPEN profile=reinstalled-original-customer-retest boundary=BEGIN stepRole=PRODUCTION_5_US_REFERENCE declaredMaximumStepSeconds=5.00000000e-06 configuredMaximumStepSeconds=5.00000000e-06 actualCurrentStepSeconds=5.00000000e-06 observedMinimumStepSeconds=5.00000000e-06 observedMaximumStepSeconds=5.00000000e-06 minimumTimeStepSeconds=5.00000000e-11 adaptive=true
Q30_STEP_PROFILE seed=14 fault=DREV_OPEN profile=reinstalled-original-customer-retest boundary=END stepRole=PRODUCTION_5_US_REFERENCE declaredMaximumStepSeconds=5.00000000e-06 configuredMaximumStepSeconds=5.00000000e-06 actualCurrentStepSeconds=5.00000000e-06 observedMinimumStepSeconds=5.00000000e-06 observedMaximumStepSeconds=5.00000000e-06 minimumTimeStepSeconds=5.00000000e-11 adaptive=true
Q30_STEP_PROFILE seed=14 fault=DREV_OPEN profile=service-power-off-wait boundary=BEGIN stepRole=PRODUCTION_5_US_REFERENCE declaredMaximumStepSeconds=5.00000000e-06 configuredMaximumStepSeconds=5.00000000e-06 actualCurrentStepSeconds=5.00000000e-06 observedMinimumStepSeconds=5.00000000e-06 observedMaximumStepSeconds=5.00000000e-06 minimumTimeStepSeconds=5.00000000e-11 adaptive=true
Q30_STEP_PROFILE seed=14 fault=DREV_OPEN profile=service-power-off-wait boundary=END stepRole=PRODUCTION_5_US_REFERENCE declaredMaximumStepSeconds=5.00000000e-06 configuredMaximumStepSeconds=5.00000000e-06 actualCurrentStepSeconds=5.00000000e-06 observedMinimumStepSeconds=5.00000000e-06 observedMaximumStepSeconds=5.00000000e-06 minimumTimeStepSeconds=5.00000000e-11 adaptive=true
Q30_STEP_PROFILE seed=14 fault=DREV_OPEN profile=repaired-customer-retest boundary=BEGIN stepRole=PRODUCTION_5_US_REFERENCE declaredMaximumStepSeconds=5.00000000e-06 configuredMaximumStepSeconds=5.00000000e-06 actualCurrentStepSeconds=5.00000000e-06 observedMinimumStepSeconds=5.00000000e-06 observedMaximumStepSeconds=5.00000000e-06 minimumTimeStepSeconds=5.00000000e-11 adaptive=true
Q30_STEP_PROFILE seed=14 fault=DREV_OPEN profile=repaired-customer-retest boundary=END stepRole=PRODUCTION_5_US_REFERENCE declaredMaximumStepSeconds=5.00000000e-06 configuredMaximumStepSeconds=5.00000000e-06 actualCurrentStepSeconds=5.00000000e-06 observedMinimumStepSeconds=5.00000000e-06 observedMaximumStepSeconds=5.00000000e-06 minimumTimeStepSeconds=5.00000000e-11 adaptive=true
Q30_STEP_OWNER_CLEANUP seed=14 fault=DREV_OPEN declaredMaximumStepSeconds=5.00000000e-06 stepRole=PRODUCTION_5_US_REFERENCE cleanup=true elapsedMillis=0
Q30_STEP_PROFILE seed=14 fault=DREV_OPEN profile=initial-electrical-settle boundary=BEGIN stepRole=EXPERIMENTAL_CANDIDATE_NOT_PROMOTED declaredMaximumStepSeconds=1.00000000e-05 configuredMaximumStepSeconds=1.00000000e-05 actualCurrentStepSeconds=1.00000000e-05 observedMinimumStepSeconds=1.00000000e-05 observedMaximumStepSeconds=1.00000000e-05 minimumTimeStepSeconds=5.00000000e-11 adaptive=true
Q30_STEP_PROFILE seed=14 fault=DREV_OPEN profile=initial-electrical-settle boundary=END stepRole=EXPERIMENTAL_CANDIDATE_NOT_PROMOTED declaredMaximumStepSeconds=1.00000000e-05 configuredMaximumStepSeconds=1.00000000e-05 actualCurrentStepSeconds=1.00000000e-05 observedMinimumStepSeconds=1.00000000e-05 observedMaximumStepSeconds=1.00000000e-05 minimumTimeStepSeconds=5.00000000e-11 adaptive=true
Q30_STEP_PROFILE seed=14 fault=DREV_OPEN profile=healthy-preparation boundary=BEGIN stepRole=EXPERIMENTAL_CANDIDATE_NOT_PROMOTED declaredMaximumStepSeconds=1.00000000e-05 configuredMaximumStepSeconds=1.00000000e-05 actualCurrentStepSeconds=1.00000000e-05 observedMinimumStepSeconds=1.00000000e-05 observedMaximumStepSeconds=1.00000000e-05 minimumTimeStepSeconds=5.00000000e-11 adaptive=true
Q30_STEP_PROFILE seed=14 fault=DREV_OPEN profile=healthy-preparation boundary=END stepRole=EXPERIMENTAL_CANDIDATE_NOT_PROMOTED declaredMaximumStepSeconds=1.00000000e-05 configuredMaximumStepSeconds=1.00000000e-05 actualCurrentStepSeconds=1.00000000e-05 observedMinimumStepSeconds=1.00000000e-05 observedMaximumStepSeconds=1.00000000e-05 minimumTimeStepSeconds=5.00000000e-11 adaptive=true
Q30_STEP_PROFILE seed=14 fault=DREV_OPEN profile=fault-profile-preparation boundary=BEGIN stepRole=EXPERIMENTAL_CANDIDATE_NOT_PROMOTED declaredMaximumStepSeconds=1.00000000e-05 configuredMaximumStepSeconds=1.00000000e-05 actualCurrentStepSeconds=1.00000000e-05 observedMinimumStepSeconds=1.00000000e-05 observedMaximumStepSeconds=1.00000000e-05 minimumTimeStepSeconds=5.00000000e-11 adaptive=true
Q30_STEP_PROFILE seed=14 fault=DREV_OPEN profile=fault-profile-preparation boundary=END stepRole=EXPERIMENTAL_CANDIDATE_NOT_PROMOTED declaredMaximumStepSeconds=1.00000000e-05 configuredMaximumStepSeconds=1.00000000e-05 actualCurrentStepSeconds=1.00000000e-05 observedMinimumStepSeconds=5.00000000e-06 observedMaximumStepSeconds=1.00000000e-05 minimumTimeStepSeconds=5.00000000e-11 adaptive=true
Q30_STEP_PROFILE seed=14 fault=DREV_OPEN profile=faulted-four-input-profile boundary=BEGIN stepRole=EXPERIMENTAL_CANDIDATE_NOT_PROMOTED declaredMaximumStepSeconds=1.00000000e-05 configuredMaximumStepSeconds=1.00000000e-05 actualCurrentStepSeconds=1.00000000e-05 observedMinimumStepSeconds=1.00000000e-05 observedMaximumStepSeconds=1.00000000e-05 minimumTimeStepSeconds=5.00000000e-11 adaptive=true
Q30_STEP_PROFILE seed=14 fault=DREV_OPEN profile=faulted-four-input-profile boundary=END stepRole=EXPERIMENTAL_CANDIDATE_NOT_PROMOTED declaredMaximumStepSeconds=1.00000000e-05 configuredMaximumStepSeconds=1.00000000e-05 actualCurrentStepSeconds=1.00000000e-05 observedMinimumStepSeconds=1.00000000e-05 observedMaximumStepSeconds=1.00000000e-05 minimumTimeStepSeconds=5.00000000e-11 adaptive=true
Q30_STEP_PROFILE seed=14 fault=DREV_OPEN profile=unrepaired-customer-retest boundary=BEGIN stepRole=EXPERIMENTAL_CANDIDATE_NOT_PROMOTED declaredMaximumStepSeconds=1.00000000e-05 configuredMaximumStepSeconds=1.00000000e-05 actualCurrentStepSeconds=1.00000000e-05 observedMinimumStepSeconds=1.00000000e-05 observedMaximumStepSeconds=1.00000000e-05 minimumTimeStepSeconds=5.00000000e-11 adaptive=true
Q30_STEP_PROFILE seed=14 fault=DREV_OPEN profile=unrepaired-customer-retest boundary=END stepRole=EXPERIMENTAL_CANDIDATE_NOT_PROMOTED declaredMaximumStepSeconds=1.00000000e-05 configuredMaximumStepSeconds=1.00000000e-05 actualCurrentStepSeconds=1.00000000e-05 observedMinimumStepSeconds=1.00000000e-05 observedMaximumStepSeconds=1.00000000e-05 minimumTimeStepSeconds=5.00000000e-11 adaptive=true
Q30_STEP_PROFILE seed=14 fault=DREV_OPEN profile=service-power-off-wait boundary=BEGIN stepRole=EXPERIMENTAL_CANDIDATE_NOT_PROMOTED declaredMaximumStepSeconds=1.00000000e-05 configuredMaximumStepSeconds=1.00000000e-05 actualCurrentStepSeconds=1.00000000e-05 observedMinimumStepSeconds=1.00000000e-05 observedMaximumStepSeconds=1.00000000e-05 minimumTimeStepSeconds=5.00000000e-11 adaptive=true
Q30_STEP_PROFILE seed=14 fault=DREV_OPEN profile=service-power-off-wait boundary=END stepRole=EXPERIMENTAL_CANDIDATE_NOT_PROMOTED declaredMaximumStepSeconds=1.00000000e-05 configuredMaximumStepSeconds=1.00000000e-05 actualCurrentStepSeconds=1.00000000e-05 observedMinimumStepSeconds=1.00000000e-05 observedMaximumStepSeconds=1.00000000e-05 minimumTimeStepSeconds=5.00000000e-11 adaptive=true
Q30_STEP_PROFILE seed=14 fault=DREV_OPEN profile=reinstalled-original-customer-retest boundary=BEGIN stepRole=EXPERIMENTAL_CANDIDATE_NOT_PROMOTED declaredMaximumStepSeconds=1.00000000e-05 configuredMaximumStepSeconds=1.00000000e-05 actualCurrentStepSeconds=1.00000000e-05 observedMinimumStepSeconds=1.00000000e-05 observedMaximumStepSeconds=1.00000000e-05 minimumTimeStepSeconds=5.00000000e-11 adaptive=true
Q30_STEP_PROFILE seed=14 fault=DREV_OPEN profile=reinstalled-original-customer-retest boundary=END stepRole=EXPERIMENTAL_CANDIDATE_NOT_PROMOTED declaredMaximumStepSeconds=1.00000000e-05 configuredMaximumStepSeconds=1.00000000e-05 actualCurrentStepSeconds=1.00000000e-05 observedMinimumStepSeconds=1.00000000e-05 observedMaximumStepSeconds=1.00000000e-05 minimumTimeStepSeconds=5.00000000e-11 adaptive=true
Q30_STEP_PROFILE seed=14 fault=DREV_OPEN profile=service-power-off-wait boundary=BEGIN stepRole=EXPERIMENTAL_CANDIDATE_NOT_PROMOTED declaredMaximumStepSeconds=1.00000000e-05 configuredMaximumStepSeconds=1.00000000e-05 actualCurrentStepSeconds=1.00000000e-05 observedMinimumStepSeconds=1.00000000e-05 observedMaximumStepSeconds=1.00000000e-05 minimumTimeStepSeconds=5.00000000e-11 adaptive=true
Q30_STEP_PROFILE seed=14 fault=DREV_OPEN profile=service-power-off-wait boundary=END stepRole=EXPERIMENTAL_CANDIDATE_NOT_PROMOTED declaredMaximumStepSeconds=1.00000000e-05 configuredMaximumStepSeconds=1.00000000e-05 actualCurrentStepSeconds=1.00000000e-05 observedMinimumStepSeconds=1.00000000e-05 observedMaximumStepSeconds=1.00000000e-05 minimumTimeStepSeconds=5.00000000e-11 adaptive=true
Q30_STEP_PROFILE seed=14 fault=DREV_OPEN profile=repaired-customer-retest boundary=BEGIN stepRole=EXPERIMENTAL_CANDIDATE_NOT_PROMOTED declaredMaximumStepSeconds=1.00000000e-05 configuredMaximumStepSeconds=1.00000000e-05 actualCurrentStepSeconds=1.00000000e-05 observedMinimumStepSeconds=1.00000000e-05 observedMaximumStepSeconds=1.00000000e-05 minimumTimeStepSeconds=5.00000000e-11 adaptive=true
Q30_STEP_FAILURE seed=14 fault=DREV_OPEN stage=temporal-advance phase=customer-retest profile=repaired-customer-retest durationSeconds=0.0300000000 declaredMaximumStepSeconds=1.00000000e-05 configuredMaximumStepSeconds=1.00000000e-05 actualCurrentStepSeconds=1.00000000e-05 U1_INPUT_to_U1_RETURN_V=25.7067765 U1_INPUT_to_J1_2_V=25.7067765 U1_RETURN_to_J1_2_V=0.00000000 regulatorModelInput_V=25.7067765 E02_maximumInput_V=24.0000000 diagnosticFailure=none originalException=java.lang.IllegalArgumentException:Rail input exceeds declared envelope
Q30_STEP_FAILURE seed=14 fault=DREV_OPEN stage=temporal-advance phase=customer-retest profile=repaired-customer-retest durationSeconds=0.0300000000 declaredMaximumStepSeconds=1.00000000e-05 configuredMaximumStepSeconds=1.00000000e-05 actualCurrentStepSeconds=1.00000000e-05 U1_INPUT_to_U1_RETURN_V=25.7067765 U1_INPUT_to_J1_2_V=25.7067765 U1_RETURN_to_J1_2_V=0.00000000 regulatorModelInput_V=25.7067765 E02_maximumInput_V=24.0000000 diagnosticFailure=none originalException=java.lang.IllegalArgumentException:Rail input exceeds declared envelope
Q30_STEP_OWNER_CLEANUP seed=14 fault=DREV_OPEN declaredMaximumStepSeconds=1.00000000e-05 stepRole=EXPERIMENTAL_CANDIDATE_NOT_PROMOTED cleanup=true elapsedMillis=0
Q30_STEP_SEED_CLEANUP seed=14 cleanup=true elapsedMillis=0

node 11 unconnected
converged after 25 iterations, timeStep = 5.0E-6
converged after 6 iterations, timeStep = 5.0E-6
node 11 unconnected
node 11 unconnected
converged after 14 iterations, timeStep = 5.0E-6
node 11 unconnected
converged after 15 iterations, timeStep = 5.0E-6
node 11 unconnected
converged after 14 iterations, timeStep = 5.0E-6
node 11 unconnected
converged after 15 iterations, timeStep = 5.0E-6
node 11 unconnected
converged after 15 iterations, timeStep = 5.0E-6
converged after 13 iterations, timeStep = 5.0E-6
node 11 unconnected
node 11 unconnected
node 11 unconnected
node 11 unconnected
node 11 unconnected
node 11 unconnected
node 11 unconnected
node 11 unconnected
node 11 unconnected
node 11 unconnected
node 11 unconnected
node 11 unconnected
node 11 unconnected
node 11 unconnected
node 11 unconnected
node 16 unconnected
node 20 unconnected
node 11 unconnected
node 11 unconnected
node 11 unconnected
node 11 unconnected
node 11 unconnected
node 11 unconnected
node 11 unconnected
node 11 unconnected
node 11 unconnected
node 11 unconnected
node 11 unconnected
node 11 unconnected
node 11 unconnected
node 16 unconnected
node 20 unconnected
node 11 unconnected
node 16 unconnected
node 20 unconnected
converged after 7 iterations, timeStep = 5.0E-6
converged after 6 iterations, timeStep = 5.0E-6
node 11 unconnected
node 16 unconnected
node 20 unconnected
converged after 40 iterations, timeStep = 5.0E-6
node 11 unconnected
node 16 unconnected
node 20 unconnected
converged after 10 iterations, timeStep = 5.0E-6
node 11 unconnected
node 16 unconnected
node 20 unconnected
converged after 14 iterations, timeStep = 5.0E-6
node 11 unconnected
node 16 unconnected
node 20 unconnected
converged after 15 iterations, timeStep = 5.0E-6
node 11 unconnected
node 16 unconnected
node 20 unconnected
converged after 14 iterations, timeStep = 5.0E-6
node 11 unconnected
converged after 24 iterations, timeStep = 1.0E-5
node 11 unconnected
node 11 unconnected
converged after 14 iterations, timeStep = 1.0E-5
node 11 unconnected
converged after 15 iterations, timeStep = 1.0E-5
node 11 unconnected
converged after 14 iterations, timeStep = 1.0E-5
node 11 unconnected
converged after 15 iterations, timeStep = 1.0E-5
node 11 unconnected
timestep down to 5.0E-6 at 0.15008000000000932
converged after 15 iterations, timeStep = 5.0E-6
converged after 3 iterations, timeStep = 5.0E-6
converged after 2 iterations, timeStep = 5.0E-6
converged after 3 iterations, timeStep = 5.0E-6
converged after 2 iterations, timeStep = 5.0E-6
converged after 2 iterations, timeStep = 5.0E-6
converged after 2 iterations, timeStep = 5.0E-6
timestep up = 1.0E-5 at 0.15011500000000935
converged after 13 iterations, timeStep = 1.0E-5
node 11 unconnected
node 11 unconnected
node 11 unconnected
node 11 unconnected
node 11 unconnected
node 11 unconnected
node 11 unconnected
node 11 unconnected
node 11 unconnected
node 11 unconnected
node 11 unconnected
node 11 unconnected
node 11 unconnected
node 11 unconnected
node 11 unconnected
node 16 unconnected
node 20 unconnected
node 11 unconnected
node 11 unconnected
node 11 unconnected
node 11 unconnected
node 11 unconnected
node 11 unconnected
node 11 unconnected
node 11 unconnected
node 11 unconnected
node 11 unconnected
node 11 unconnected
node 11 unconnected
node 11 unconnected
node 16 unconnected
node 20 unconnected
node 11 unconnected
node 16 unconnected
node 20 unconnected
converged after 8 iterations, timeStep = 1.0E-5
converged after 6 iterations, timeStep = 1.0E-5
node 11 unconnected
node 16 unconnected
node 20 unconnected
converged after 39 iterations, timeStep = 1.0E-5
converged after 7 iterations, timeStep = 1.0E-5
converged after 7 iterations, timeStep = 1.0E-5
converged after 7 iterations, timeStep = 1.0E-5
converged after 10 iterations, timeStep = 1.0E-5
node 11 unconnected
node 16 unconnected
node 20 unconnected
node 11 unconnected
node 16 unconnected
node 20 unconnected
converged after 14 iterations, timeStep = 1.0E-5
node 11 unconnected
node 16 unconnected
node 20 unconnected
node 11 unconnected
node 16 unconnected
node 20 unconnected
Exception in thread "main" java.lang.IllegalArgumentException: Rail input exceeds declared envelope
	at com.lushprojects.circuitjs1.client.AbstractRailRegulatorElm.validateOperatingPoint(AbstractRailRegulatorElm.java:484)
	at com.lushprojects.circuitjs1.client.AbstractRailRegulatorElm.doStep(AbstractRailRegulatorElm.java:127)
	at com.lushprojects.circuitjs1.client.CirSim.runCircuitOwned(CirSim.java:3357)
	at com.lushprojects.circuitjs1.client.CircuitSolverExecutor.advanceFor(CircuitSolverExecutor.java:144)
	at com.lushprojects.circuitjs1.client.CircuitSolverExecutor.advanceFor(CircuitSolverExecutor.java:135)
	at com.lushprojects.circuitjs1.client.CirSim.advanceGeneratedTemporalSolver(CirSim.java:6344)
	at com.lushprojects.circuitjs1.client.CirSim.advanceGeneratedTemporalProfile(CirSim.java:6321)
	at com.lushprojects.circuitjs1.client.Q30SolverStepSensitivityContractTest$SensitivityCirSim.advanceGeneratedTemporalProfile(Q30SolverStepSensitivityContractTest.java:846)
	at com.lushprojects.circuitjs1.client.Rb30Behavior$ProfileWork.applyInput(Rb30Behavior.java:391)
	at com.lushprojects.circuitjs1.client.Rb30Behavior$ProfileWork.observeCondition(Rb30Behavior.java:372)
	at com.lushprojects.circuitjs1.client.Rb30Behavior$ProfileWork.step(Rb30Behavior.java:361)
	at com.lushprojects.circuitjs1.client.Rb30Behavior$4.step(Rb30Behavior.java:188)
	at com.lushprojects.circuitjs1.client.GeneratedWork.complete(GeneratedWork.java:17)
	at com.lushprojects.circuitjs1.client.GeneratedBoardOperation$ResumableExecutor.execute(GeneratedBoardOperation.java:14)
	at com.lushprojects.circuitjs1.client.GeneratedBoardOperation.execute(GeneratedBoardOperation.java:39)
	at com.lushprojects.circuitjs1.client.GeneratedBoardOperationCatalog.invoke(GeneratedBoardOperationCatalog.java:32)
	at com.lushprojects.circuitjs1.client.GeneratedBoardInstance.invokeOperation(GeneratedBoardInstance.java:362)
	at com.lushprojects.circuitjs1.client.Q30SolverStepSensitivityContractTest.runOwner(Q30SolverStepSensitivityContractTest.java:388)
	at com.lushprojects.circuitjs1.client.Q30SolverStepSensitivityContractTest.verifySeed(Q30SolverStepSensitivityContractTest.java:144)
	at com.lushprojects.circuitjs1.client.Q30SolverStepSensitivityContractTest.main(Q30SolverStepSensitivityContractTest.java:74)
	Suppressed: java.lang.IllegalArgumentException: Rail input exceeds declared envelope
		at com.lushprojects.circuitjs1.client.AbstractRailRegulatorElm.validateOperatingPoint(AbstractRailRegulatorElm.java:484)
		at com.lushprojects.circuitjs1.client.AbstractRailRegulatorElm.doStep(AbstractRailRegulatorElm.java:127)
		at com.lushprojects.circuitjs1.client.CirSim.runCircuitOwned(CirSim.java:3357)
		at com.lushprojects.circuitjs1.client.CircuitSolverExecutor.advanceFor(CircuitSolverExecutor.java:144)
		at com.lushprojects.circuitjs1.client.CircuitSolverExecutor.advanceFor(CircuitSolverExecutor.java:135)
		at com.lushprojects.circuitjs1.client.CirSim.advanceGeneratedTemporalSolver(CirSim.java:6344)
		at com.lushprojects.circuitjs1.client.CirSim.advanceGeneratedTemporalProfile(CirSim.java:6321)
		at com.lushprojects.circuitjs1.client.Q30SolverStepSensitivityContractTest$SensitivityCirSim.advanceGeneratedTemporalProfile(Q30SolverStepSensitivityContractTest.java:846)
		at com.lushprojects.circuitjs1.client.Rb30Behavior$ProfileWork.applyInput(Rb30Behavior.java:391)
		at com.lushprojects.circuitjs1.client.Rb30Behavior$ProfileWork.cancel(Rb30Behavior.java:421)
		at com.lushprojects.circuitjs1.client.Rb30Behavior$4.cancel(Rb30Behavior.java:201)
		at com.lushprojects.circuitjs1.client.GeneratedWork.cancelAfterFailure(GeneratedWork.java:29)
		at com.lushprojects.circuitjs1.client.GeneratedWork.complete(GeneratedWork.java:20)
		... 7 more

Q30_SENSITIVITY_CASE seed=14 fault=REN_OPEN exit=0 termination=True qualified=True
Q30_STEP_PROFILE seed=14 fault=REN_OPEN profile=initial-electrical-settle boundary=BEGIN stepRole=PRODUCTION_5_US_REFERENCE declaredMaximumStepSeconds=5.00000000e-06 configuredMaximumStepSeconds=5.00000000e-06 actualCurrentStepSeconds=5.00000000e-06 observedMinimumStepSeconds=5.00000000e-06 observedMaximumStepSeconds=5.00000000e-06 minimumTimeStepSeconds=5.00000000e-11 adaptive=true
Q30_STEP_PROFILE seed=14 fault=REN_OPEN profile=initial-electrical-settle boundary=END stepRole=PRODUCTION_5_US_REFERENCE declaredMaximumStepSeconds=5.00000000e-06 configuredMaximumStepSeconds=5.00000000e-06 actualCurrentStepSeconds=5.00000000e-06 observedMinimumStepSeconds=5.00000000e-06 observedMaximumStepSeconds=5.00000000e-06 minimumTimeStepSeconds=5.00000000e-11 adaptive=true
Q30_STEP_PROFILE seed=14 fault=REN_OPEN profile=healthy-preparation boundary=BEGIN stepRole=PRODUCTION_5_US_REFERENCE declaredMaximumStepSeconds=5.00000000e-06 configuredMaximumStepSeconds=5.00000000e-06 actualCurrentStepSeconds=5.00000000e-06 observedMinimumStepSeconds=5.00000000e-06 observedMaximumStepSeconds=5.00000000e-06 minimumTimeStepSeconds=5.00000000e-11 adaptive=true
Q30_STEP_PROFILE seed=14 fault=REN_OPEN profile=healthy-preparation boundary=END stepRole=PRODUCTION_5_US_REFERENCE declaredMaximumStepSeconds=5.00000000e-06 configuredMaximumStepSeconds=5.00000000e-06 actualCurrentStepSeconds=5.00000000e-06 observedMinimumStepSeconds=5.00000000e-06 observedMaximumStepSeconds=5.00000000e-06 minimumTimeStepSeconds=5.00000000e-11 adaptive=true
Q30_STEP_PROFILE seed=14 fault=REN_OPEN profile=fault-profile-preparation boundary=BEGIN stepRole=PRODUCTION_5_US_REFERENCE declaredMaximumStepSeconds=5.00000000e-06 configuredMaximumStepSeconds=5.00000000e-06 actualCurrentStepSeconds=5.00000000e-06 observedMinimumStepSeconds=5.00000000e-06 observedMaximumStepSeconds=5.00000000e-06 minimumTimeStepSeconds=5.00000000e-11 adaptive=true
Q30_STEP_PROFILE seed=14 fault=REN_OPEN profile=fault-profile-preparation boundary=END stepRole=PRODUCTION_5_US_REFERENCE declaredMaximumStepSeconds=5.00000000e-06 configuredMaximumStepSeconds=5.00000000e-06 actualCurrentStepSeconds=5.00000000e-06 observedMinimumStepSeconds=5.00000000e-06 observedMaximumStepSeconds=5.00000000e-06 minimumTimeStepSeconds=5.00000000e-11 adaptive=true
Q30_STEP_PROFILE seed=14 fault=REN_OPEN profile=faulted-four-input-profile boundary=BEGIN stepRole=PRODUCTION_5_US_REFERENCE declaredMaximumStepSeconds=5.00000000e-06 configuredMaximumStepSeconds=5.00000000e-06 actualCurrentStepSeconds=5.00000000e-06 observedMinimumStepSeconds=5.00000000e-06 observedMaximumStepSeconds=5.00000000e-06 minimumTimeStepSeconds=5.00000000e-11 adaptive=true
Q30_STEP_PROFILE seed=14 fault=REN_OPEN profile=faulted-four-input-profile boundary=END stepRole=PRODUCTION_5_US_REFERENCE declaredMaximumStepSeconds=5.00000000e-06 configuredMaximumStepSeconds=5.00000000e-06 actualCurrentStepSeconds=5.00000000e-06 observedMinimumStepSeconds=5.00000000e-06 observedMaximumStepSeconds=5.00000000e-06 minimumTimeStepSeconds=5.00000000e-11 adaptive=true
Q30_STEP_PROFILE seed=14 fault=REN_OPEN profile=unrepaired-customer-retest boundary=BEGIN stepRole=PRODUCTION_5_US_REFERENCE declaredMaximumStepSeconds=5.00000000e-06 configuredMaximumStepSeconds=5.00000000e-06 actualCurrentStepSeconds=5.00000000e-06 observedMinimumStepSeconds=5.00000000e-06 observedMaximumStepSeconds=5.00000000e-06 minimumTimeStepSeconds=5.00000000e-11 adaptive=true
Q30_STEP_PROFILE seed=14 fault=REN_OPEN profile=unrepaired-customer-retest boundary=END stepRole=PRODUCTION_5_US_REFERENCE declaredMaximumStepSeconds=5.00000000e-06 configuredMaximumStepSeconds=5.00000000e-06 actualCurrentStepSeconds=5.00000000e-06 observedMinimumStepSeconds=5.00000000e-06 observedMaximumStepSeconds=5.00000000e-06 minimumTimeStepSeconds=5.00000000e-11 adaptive=true
Q30_STEP_PROFILE seed=14 fault=REN_OPEN profile=service-power-off-wait boundary=BEGIN stepRole=PRODUCTION_5_US_REFERENCE declaredMaximumStepSeconds=5.00000000e-06 configuredMaximumStepSeconds=5.00000000e-06 actualCurrentStepSeconds=5.00000000e-06 observedMinimumStepSeconds=5.00000000e-06 observedMaximumStepSeconds=5.00000000e-06 minimumTimeStepSeconds=5.00000000e-11 adaptive=true
Q30_STEP_PROFILE seed=14 fault=REN_OPEN profile=service-power-off-wait boundary=END stepRole=PRODUCTION_5_US_REFERENCE declaredMaximumStepSeconds=5.00000000e-06 configuredMaximumStepSeconds=5.00000000e-06 actualCurrentStepSeconds=5.00000000e-06 observedMinimumStepSeconds=5.00000000e-06 observedMaximumStepSeconds=5.00000000e-06 minimumTimeStepSeconds=5.00000000e-11 adaptive=true
Q30_STEP_PROFILE seed=14 fault=REN_OPEN profile=reinstalled-original-customer-retest boundary=BEGIN stepRole=PRODUCTION_5_US_REFERENCE declaredMaximumStepSeconds=5.00000000e-06 configuredMaximumStepSeconds=5.00000000e-06 actualCurrentStepSeconds=5.00000000e-06 observedMinimumStepSeconds=5.00000000e-06 observedMaximumStepSeconds=5.00000000e-06 minimumTimeStepSeconds=5.00000000e-11 adaptive=true
Q30_STEP_PROFILE seed=14 fault=REN_OPEN profile=reinstalled-original-customer-retest boundary=END stepRole=PRODUCTION_5_US_REFERENCE declaredMaximumStepSeconds=5.00000000e-06 configuredMaximumStepSeconds=5.00000000e-06 actualCurrentStepSeconds=5.00000000e-06 observedMinimumStepSeconds=5.00000000e-06 observedMaximumStepSeconds=5.00000000e-06 minimumTimeStepSeconds=5.00000000e-11 adaptive=true
Q30_STEP_PROFILE seed=14 fault=REN_OPEN profile=service-power-off-wait boundary=BEGIN stepRole=PRODUCTION_5_US_REFERENCE declaredMaximumStepSeconds=5.00000000e-06 configuredMaximumStepSeconds=5.00000000e-06 actualCurrentStepSeconds=5.00000000e-06 observedMinimumStepSeconds=5.00000000e-06 observedMaximumStepSeconds=5.00000000e-06 minimumTimeStepSeconds=5.00000000e-11 adaptive=true
Q30_STEP_PROFILE seed=14 fault=REN_OPEN profile=service-power-off-wait boundary=END stepRole=PRODUCTION_5_US_REFERENCE declaredMaximumStepSeconds=5.00000000e-06 configuredMaximumStepSeconds=5.00000000e-06 actualCurrentStepSeconds=5.00000000e-06 observedMinimumStepSeconds=5.00000000e-06 observedMaximumStepSeconds=5.00000000e-06 minimumTimeStepSeconds=5.00000000e-11 adaptive=true
Q30_STEP_PROFILE seed=14 fault=REN_OPEN profile=repaired-customer-retest boundary=BEGIN stepRole=PRODUCTION_5_US_REFERENCE declaredMaximumStepSeconds=5.00000000e-06 configuredMaximumStepSeconds=5.00000000e-06 actualCurrentStepSeconds=5.00000000e-06 observedMinimumStepSeconds=5.00000000e-06 observedMaximumStepSeconds=5.00000000e-06 minimumTimeStepSeconds=5.00000000e-11 adaptive=true
Q30_STEP_PROFILE seed=14 fault=REN_OPEN profile=repaired-customer-retest boundary=END stepRole=PRODUCTION_5_US_REFERENCE declaredMaximumStepSeconds=5.00000000e-06 configuredMaximumStepSeconds=5.00000000e-06 actualCurrentStepSeconds=5.00000000e-06 observedMinimumStepSeconds=5.00000000e-06 observedMaximumStepSeconds=5.00000000e-06 minimumTimeStepSeconds=5.00000000e-11 adaptive=true
Q30_STEP_OWNER_CLEANUP seed=14 fault=REN_OPEN declaredMaximumStepSeconds=5.00000000e-06 stepRole=PRODUCTION_5_US_REFERENCE cleanup=true elapsedMillis=0
Q30_STEP_PROFILE seed=14 fault=REN_OPEN profile=initial-electrical-settle boundary=BEGIN stepRole=EXPERIMENTAL_CANDIDATE_NOT_PROMOTED declaredMaximumStepSeconds=1.00000000e-05 configuredMaximumStepSeconds=1.00000000e-05 actualCurrentStepSeconds=1.00000000e-05 observedMinimumStepSeconds=1.00000000e-05 observedMaximumStepSeconds=1.00000000e-05 minimumTimeStepSeconds=5.00000000e-11 adaptive=true
Q30_STEP_PROFILE seed=14 fault=REN_OPEN profile=initial-electrical-settle boundary=END stepRole=EXPERIMENTAL_CANDIDATE_NOT_PROMOTED declaredMaximumStepSeconds=1.00000000e-05 configuredMaximumStepSeconds=1.00000000e-05 actualCurrentStepSeconds=1.00000000e-05 observedMinimumStepSeconds=1.00000000e-05 observedMaximumStepSeconds=1.00000000e-05 minimumTimeStepSeconds=5.00000000e-11 adaptive=true
Q30_STEP_PROFILE seed=14 fault=REN_OPEN profile=healthy-preparation boundary=BEGIN stepRole=EXPERIMENTAL_CANDIDATE_NOT_PROMOTED declaredMaximumStepSeconds=1.00000000e-05 configuredMaximumStepSeconds=1.00000000e-05 actualCurrentStepSeconds=1.00000000e-05 observedMinimumStepSeconds=1.00000000e-05 observedMaximumStepSeconds=1.00000000e-05 minimumTimeStepSeconds=5.00000000e-11 adaptive=true
Q30_STEP_PROFILE seed=14 fault=REN_OPEN profile=healthy-preparation boundary=END stepRole=EXPERIMENTAL_CANDIDATE_NOT_PROMOTED declaredMaximumStepSeconds=1.00000000e-05 configuredMaximumStepSeconds=1.00000000e-05 actualCurrentStepSeconds=1.00000000e-05 observedMinimumStepSeconds=1.00000000e-05 observedMaximumStepSeconds=1.00000000e-05 minimumTimeStepSeconds=5.00000000e-11 adaptive=true
Q30_STEP_PROFILE seed=14 fault=REN_OPEN profile=fault-profile-preparation boundary=BEGIN stepRole=EXPERIMENTAL_CANDIDATE_NOT_PROMOTED declaredMaximumStepSeconds=1.00000000e-05 configuredMaximumStepSeconds=1.00000000e-05 actualCurrentStepSeconds=1.00000000e-05 observedMinimumStepSeconds=1.00000000e-05 observedMaximumStepSeconds=1.00000000e-05 minimumTimeStepSeconds=5.00000000e-11 adaptive=true
Q30_STEP_PROFILE seed=14 fault=REN_OPEN profile=fault-profile-preparation boundary=END stepRole=EXPERIMENTAL_CANDIDATE_NOT_PROMOTED declaredMaximumStepSeconds=1.00000000e-05 configuredMaximumStepSeconds=1.00000000e-05 actualCurrentStepSeconds=1.00000000e-05 observedMinimumStepSeconds=5.00000000e-06 observedMaximumStepSeconds=1.00000000e-05 minimumTimeStepSeconds=5.00000000e-11 adaptive=true
Q30_STEP_PROFILE seed=14 fault=REN_OPEN profile=faulted-four-input-profile boundary=BEGIN stepRole=EXPERIMENTAL_CANDIDATE_NOT_PROMOTED declaredMaximumStepSeconds=1.00000000e-05 configuredMaximumStepSeconds=1.00000000e-05 actualCurrentStepSeconds=1.00000000e-05 observedMinimumStepSeconds=1.00000000e-05 observedMaximumStepSeconds=1.00000000e-05 minimumTimeStepSeconds=5.00000000e-11 adaptive=true
Q30_STEP_PROFILE seed=14 fault=REN_OPEN profile=faulted-four-input-profile boundary=END stepRole=EXPERIMENTAL_CANDIDATE_NOT_PROMOTED declaredMaximumStepSeconds=1.00000000e-05 configuredMaximumStepSeconds=1.00000000e-05 actualCurrentStepSeconds=1.00000000e-05 observedMinimumStepSeconds=1.00000000e-05 observedMaximumStepSeconds=1.00000000e-05 minimumTimeStepSeconds=5.00000000e-11 adaptive=true
Q30_STEP_PROFILE seed=14 fault=REN_OPEN profile=unrepaired-customer-retest boundary=BEGIN stepRole=EXPERIMENTAL_CANDIDATE_NOT_PROMOTED declaredMaximumStepSeconds=1.00000000e-05 configuredMaximumStepSeconds=1.00000000e-05 actualCurrentStepSeconds=1.00000000e-05 observedMinimumStepSeconds=1.00000000e-05 observedMaximumStepSeconds=1.00000000e-05 minimumTimeStepSeconds=5.00000000e-11 adaptive=true
Q30_STEP_PROFILE seed=14 fault=REN_OPEN profile=unrepaired-customer-retest boundary=END stepRole=EXPERIMENTAL_CANDIDATE_NOT_PROMOTED declaredMaximumStepSeconds=1.00000000e-05 configuredMaximumStepSeconds=1.00000000e-05 actualCurrentStepSeconds=1.00000000e-05 observedMinimumStepSeconds=1.00000000e-05 observedMaximumStepSeconds=1.00000000e-05 minimumTimeStepSeconds=5.00000000e-11 adaptive=true
Q30_STEP_PROFILE seed=14 fault=REN_OPEN profile=service-power-off-wait boundary=BEGIN stepRole=EXPERIMENTAL_CANDIDATE_NOT_PROMOTED declaredMaximumStepSeconds=1.00000000e-05 configuredMaximumStepSeconds=1.00000000e-05 actualCurrentStepSeconds=1.00000000e-05 observedMinimumStepSeconds=1.00000000e-05 observedMaximumStepSeconds=1.00000000e-05 minimumTimeStepSeconds=5.00000000e-11 adaptive=true
Q30_STEP_PROFILE seed=14 fault=REN_OPEN profile=service-power-off-wait boundary=END stepRole=EXPERIMENTAL_CANDIDATE_NOT_PROMOTED declaredMaximumStepSeconds=1.00000000e-05 configuredMaximumStepSeconds=1.00000000e-05 actualCurrentStepSeconds=1.00000000e-05 observedMinimumStepSeconds=1.00000000e-05 observedMaximumStepSeconds=1.00000000e-05 minimumTimeStepSeconds=5.00000000e-11 adaptive=true
Q30_STEP_PROFILE seed=14 fault=REN_OPEN profile=reinstalled-original-customer-retest boundary=BEGIN stepRole=EXPERIMENTAL_CANDIDATE_NOT_PROMOTED declaredMaximumStepSeconds=1.00000000e-05 configuredMaximumStepSeconds=1.00000000e-05 actualCurrentStepSeconds=1.00000000e-05 observedMinimumStepSeconds=1.00000000e-05 observedMaximumStepSeconds=1.00000000e-05 minimumTimeStepSeconds=5.00000000e-11 adaptive=true
Q30_STEP_PROFILE seed=14 fault=REN_OPEN profile=reinstalled-original-customer-retest boundary=END stepRole=EXPERIMENTAL_CANDIDATE_NOT_PROMOTED declaredMaximumStepSeconds=1.00000000e-05 configuredMaximumStepSeconds=1.00000000e-05 actualCurrentStepSeconds=1.00000000e-05 observedMinimumStepSeconds=1.00000000e-05 observedMaximumStepSeconds=1.00000000e-05 minimumTimeStepSeconds=5.00000000e-11 adaptive=true
Q30_STEP_PROFILE seed=14 fault=REN_OPEN profile=service-power-off-wait boundary=BEGIN stepRole=EXPERIMENTAL_CANDIDATE_NOT_PROMOTED declaredMaximumStepSeconds=1.00000000e-05 configuredMaximumStepSeconds=1.00000000e-05 actualCurrentStepSeconds=1.00000000e-05 observedMinimumStepSeconds=1.00000000e-05 observedMaximumStepSeconds=1.00000000e-05 minimumTimeStepSeconds=5.00000000e-11 adaptive=true
Q30_STEP_PROFILE seed=14 fault=REN_OPEN profile=service-power-off-wait boundary=END stepRole=EXPERIMENTAL_CANDIDATE_NOT_PROMOTED declaredMaximumStepSeconds=1.00000000e-05 configuredMaximumStepSeconds=1.00000000e-05 actualCurrentStepSeconds=1.00000000e-05 observedMinimumStepSeconds=1.00000000e-05 observedMaximumStepSeconds=1.00000000e-05 minimumTimeStepSeconds=5.00000000e-11 adaptive=true
Q30_STEP_PROFILE seed=14 fault=REN_OPEN profile=repaired-customer-retest boundary=BEGIN stepRole=EXPERIMENTAL_CANDIDATE_NOT_PROMOTED declaredMaximumStepSeconds=1.00000000e-05 configuredMaximumStepSeconds=1.00000000e-05 actualCurrentStepSeconds=5.00000000e-06 observedMinimumStepSeconds=5.00000000e-06 observedMaximumStepSeconds=5.00000000e-06 minimumTimeStepSeconds=5.00000000e-11 adaptive=true
Q30_STEP_PROFILE seed=14 fault=REN_OPEN profile=repaired-customer-retest boundary=END stepRole=EXPERIMENTAL_CANDIDATE_NOT_PROMOTED declaredMaximumStepSeconds=1.00000000e-05 configuredMaximumStepSeconds=1.00000000e-05 actualCurrentStepSeconds=1.00000000e-05 observedMinimumStepSeconds=5.00000000e-06 observedMaximumStepSeconds=1.00000000e-05 minimumTimeStepSeconds=5.00000000e-11 adaptive=true
Q30_STEP_OWNER_CLEANUP seed=14 fault=REN_OPEN declaredMaximumStepSeconds=1.00000000e-05 stepRole=EXPERIMENTAL_CANDIDATE_NOT_PROMOTED cleanup=true elapsedMillis=0
Q30_STEP_PAIR seed=14 support=COMPACT_31 fault=REN_OPEN referenceMaximumStepSeconds=5.00000000e-06 experimentalCandidateMaximumStepSeconds=1.00000000e-05 candidateKind=EXPERIMENTAL_NOT_PROMOTED maxDeltaVolts=7.36269357e-09 toleranceVolts=0.125746769 phase=faulted sample=SENSORS_LOW/DREV.K-J1.2 referenceElapsedMillis=7050 experimentalCandidateElapsedMillis=3516 referenceSimSeconds=1.16036000 experimentalCandidateSimSeconds=1.16068000 referenceCleanupMillis=0 experimentalCandidateCleanupMillis=0 cleanup=true
Q30_STEP_SEED seed=14 support=COMPACT_31 referenceMaximumStepSeconds=5.00000000e-06 experimentalCandidateMaximumStepSeconds=1.00000000e-05 candidateKind=EXPERIMENTAL_NOT_PROMOTED routeTopology=RB30_SEPARATE_DIRECT_A_NMOS_B_NMOS_COMPACT_31 routeAndPairsElapsedMillis=14181
Q30_STEP_OWNER_CLEANUP seed=14 fault=DREV_OPEN declaredMaximumStepSeconds=5.00000000e-06 stepRole=PRODUCTION_5_US_REFERENCE cleanup=true elapsedMillis=0
Q30_STEP_SEED_CLEANUP seed=14 cleanup=true elapsedMillis=0
PASS: Q30 experimental solver step sensitivity assertions=1672 seed=14 support=COMPACT_31 faults=1 referenceMaximumStepSeconds=5.00000000e-06 experimentalCandidateMaximumStepSeconds=1.00000000e-05 candidateKind=EXPERIMENTAL_NOT_PROMOTED elapsedMillis=14182

node 11 unconnected
converged after 25 iterations, timeStep = 5.0E-6
converged after 6 iterations, timeStep = 5.0E-6
node 11 unconnected
node 11 unconnected
converged after 14 iterations, timeStep = 5.0E-6
node 11 unconnected
converged after 15 iterations, timeStep = 5.0E-6
node 11 unconnected
converged after 14 iterations, timeStep = 5.0E-6
node 11 unconnected
converged after 15 iterations, timeStep = 5.0E-6
node 11 unconnected
node 20 unconnected
converged after 18 iterations, timeStep = 5.0E-6
converged after 12 iterations, timeStep = 5.0E-6
node 11 unconnected
node 20 unconnected
node 11 unconnected
node 20 unconnected
node 11 unconnected
node 20 unconnected
node 11 unconnected
node 20 unconnected
node 11 unconnected
node 20 unconnected
node 11 unconnected
node 20 unconnected
node 11 unconnected
node 20 unconnected
node 11 unconnected
node 20 unconnected
node 11 unconnected
node 20 unconnected
node 11 unconnected
node 20 unconnected
node 11 unconnected
node 20 unconnected
node 11 unconnected
node 20 unconnected
node 11 unconnected
node 20 unconnected
node 11 unconnected
node 20 unconnected
node 11 unconnected
node 20 unconnected
node 21 unconnected
node 23 unconnected
node 11 unconnected
node 20 unconnected
node 11 unconnected
node 20 unconnected
converged after 6 iterations, timeStep = 5.0E-6
node 11 unconnected
node 20 unconnected
node 11 unconnected
node 20 unconnected
node 11 unconnected
node 20 unconnected
node 11 unconnected
node 20 unconnected
node 11 unconnected
node 20 unconnected
node 11 unconnected
node 20 unconnected
node 11 unconnected
node 20 unconnected
node 11 unconnected
node 20 unconnected
node 11 unconnected
node 20 unconnected
node 11 unconnected
node 20 unconnected
node 11 unconnected
node 20 unconnected
node 21 unconnected
node 23 unconnected
node 11 unconnected
node 21 unconnected
node 23 unconnected
converged after 6 iterations, timeStep = 5.0E-6
node 11 unconnected
node 21 unconnected
node 23 unconnected
converged after 14 iterations, timeStep = 5.0E-6
converged after 7 iterations, timeStep = 5.0E-6
node 11 unconnected
node 21 unconnected
node 23 unconnected
converged after 15 iterations, timeStep = 5.0E-6
node 11 unconnected
node 21 unconnected
node 23 unconnected
converged after 14 iterations, timeStep = 5.0E-6
node 11 unconnected
node 21 unconnected
node 23 unconnected
converged after 15 iterations, timeStep = 5.0E-6
node 11 unconnected
node 21 unconnected
node 23 unconnected
converged after 14 iterations, timeStep = 5.0E-6
node 11 unconnected
converged after 24 iterations, timeStep = 1.0E-5
node 11 unconnected
node 11 unconnected
converged after 14 iterations, timeStep = 1.0E-5
node 11 unconnected
converged after 15 iterations, timeStep = 1.0E-5
node 11 unconnected
converged after 14 iterations, timeStep = 1.0E-5
node 11 unconnected
converged after 15 iterations, timeStep = 1.0E-5
node 11 unconnected
node 20 unconnected
timestep down to 5.0E-6 at 0.15008000000000932
converged after 18 iterations, timeStep = 5.0E-6
converged after 3 iterations, timeStep = 5.0E-6
converged after 3 iterations, timeStep = 5.0E-6
converged after 3 iterations, timeStep = 5.0E-6
converged after 3 iterations, timeStep = 5.0E-6
converged after 3 iterations, timeStep = 5.0E-6
converged after 3 iterations, timeStep = 5.0E-6
converged after 3 iterations, timeStep = 5.0E-6
converged after 3 iterations, timeStep = 5.0E-6
converged after 3 iterations, timeStep = 5.0E-6
converged after 3 iterations, timeStep = 5.0E-6
converged after 3 iterations, timeStep = 5.0E-6
converged after 3 iterations, timeStep = 5.0E-6
converged after 3 iterations, timeStep = 5.0E-6
converged after 3 iterations, timeStep = 5.0E-6
converged after 3 iterations, timeStep = 5.0E-6
converged after 3 iterations, timeStep = 5.0E-6
converged after 3 iterations, timeStep = 5.0E-6
converged after 3 iterations, timeStep = 5.0E-6
converged after 3 iterations, timeStep = 5.0E-6
converged after 3 iterations, timeStep = 5.0E-6
converged after 3 iterations, timeStep = 5.0E-6
converged after 3 iterations, timeStep = 5.0E-6
converged after 3 iterations, timeStep = 5.0E-6
converged after 3 iterations, timeStep = 5.0E-6
converged after 3 iterations, timeStep = 5.0E-6
converged after 3 iterations, timeStep = 5.0E-6
converged after 3 iterations, timeStep = 5.0E-6
converged after 3 iterations, timeStep = 5.0E-6
converged after 3 iterations, timeStep = 5.0E-6
converged after 3 iterations, timeStep = 5.0E-6
converged after 3 iterations, timeStep = 5.0E-6
converged after 3 iterations, timeStep = 5.0E-6
converged after 3 iterations, timeStep = 5.0E-6
converged after 3 iterations, timeStep = 5.0E-6
converged after 3 iterations, timeStep = 5.0E-6
converged after 3 iterations, timeStep = 5.0E-6
converged after 3 iterations, timeStep = 5.0E-6
converged after 3 iterations, timeStep = 5.0E-6
converged after 3 iterations, timeStep = 5.0E-6
converged after 3 iterations, timeStep = 5.0E-6
converged after 3 iterations, timeStep = 5.0E-6
converged after 3 iterations, timeStep = 5.0E-6
converged after 3 iterations, timeStep = 5.0E-6
converged after 12 iterations, timeStep = 5.0E-6
converged after 2 iterations, timeStep = 5.0E-6
converged after 2 iterations, timeStep = 5.0E-6
converged after 2 iterations, timeStep = 5.0E-6
timestep up = 1.0E-5 at 0.15032000000000956
node 11 unconnected
node 20 unconnected
node 11 unconnected
node 20 unconnected
node 11 unconnected
node 20 unconnected
node 11 unconnected
node 20 unconnected
node 11 unconnected
node 20 unconnected
node 11 unconnected
node 20 unconnected
node 11 unconnected
node 20 unconnected
node 11 unconnected
node 20 unconnected
node 11 unconnected
node 20 unconnected
node 11 unconnected
node 20 unconnected
node 11 unconnected
node 20 unconnected
node 11 unconnected
node 20 unconnected
node 11 unconnected
node 20 unconnected
node 11 unconnected
node 20 unconnected
node 11 unconnected
node 20 unconnected
node 21 unconnected
node 23 unconnected
node 11 unconnected
node 20 unconnected
node 11 unconnected
node 20 unconnected
converged after 7 iterations, timeStep = 1.0E-5
node 11 unconnected
node 20 unconnected
node 11 unconnected
node 20 unconnected
node 11 unconnected
node 20 unconnected
node 11 unconnected
node 20 unconnected
node 11 unconnected
node 20 unconnected
node 11 unconnected
node 20 unconnected
node 11 unconnected
node 20 unconnected
node 11 unconnected
node 20 unconnected
node 11 unconnected
node 20 unconnected
node 11 unconnected
node 20 unconnected
node 11 unconnected
node 20 unconnected
node 21 unconnected
node 23 unconnected
node 11 unconnected
node 21 unconnected
node 23 unconnected
converged after 6 iterations, timeStep = 1.0E-5
converged after 6 iterations, timeStep = 1.0E-5
node 11 unconnected
node 21 unconnected
node 23 unconnected
timestep down to 5.0E-6 at 1.04063999999835
converged after 18 iterations, timeStep = 5.0E-6
converged after 6 iterations, timeStep = 5.0E-6
converged after 4 iterations, timeStep = 5.0E-6
converged after 5 iterations, timeStep = 5.0E-6
converged after 5 iterations, timeStep = 5.0E-6
converged after 3 iterations, timeStep = 5.0E-6
converged after 3 iterations, timeStep = 5.0E-6
converged after 3 iterations, timeStep = 5.0E-6
node 11 unconnected
node 21 unconnected
node 23 unconnected
converged after 16 iterations, timeStep = 1.0E-5
node 11 unconnected
node 21 unconnected
node 23 unconnected
converged after 14 iterations, timeStep = 1.0E-5
node 11 unconnected
node 21 unconnected
node 23 unconnected
converged after 15 iterations, timeStep = 1.0E-5
node 11 unconnected
node 21 unconnected
node 23 unconnected
converged after 14 iterations, timeStep = 1.0E-5

Q30_SENSITIVITY_CASE seed=14 fault=SENSOR_A_OPEN exit=0 termination=True qualified=True
Q30_STEP_PROFILE seed=14 fault=SENSOR_A_OPEN profile=initial-electrical-settle boundary=BEGIN stepRole=PRODUCTION_5_US_REFERENCE declaredMaximumStepSeconds=5.00000000e-06 configuredMaximumStepSeconds=5.00000000e-06 actualCurrentStepSeconds=5.00000000e-06 observedMinimumStepSeconds=5.00000000e-06 observedMaximumStepSeconds=5.00000000e-06 minimumTimeStepSeconds=5.00000000e-11 adaptive=true
Q30_STEP_PROFILE seed=14 fault=SENSOR_A_OPEN profile=initial-electrical-settle boundary=END stepRole=PRODUCTION_5_US_REFERENCE declaredMaximumStepSeconds=5.00000000e-06 configuredMaximumStepSeconds=5.00000000e-06 actualCurrentStepSeconds=5.00000000e-06 observedMinimumStepSeconds=5.00000000e-06 observedMaximumStepSeconds=5.00000000e-06 minimumTimeStepSeconds=5.00000000e-11 adaptive=true
Q30_STEP_PROFILE seed=14 fault=SENSOR_A_OPEN profile=healthy-preparation boundary=BEGIN stepRole=PRODUCTION_5_US_REFERENCE declaredMaximumStepSeconds=5.00000000e-06 configuredMaximumStepSeconds=5.00000000e-06 actualCurrentStepSeconds=5.00000000e-06 observedMinimumStepSeconds=5.00000000e-06 observedMaximumStepSeconds=5.00000000e-06 minimumTimeStepSeconds=5.00000000e-11 adaptive=true
Q30_STEP_PROFILE seed=14 fault=SENSOR_A_OPEN profile=healthy-preparation boundary=END stepRole=PRODUCTION_5_US_REFERENCE declaredMaximumStepSeconds=5.00000000e-06 configuredMaximumStepSeconds=5.00000000e-06 actualCurrentStepSeconds=5.00000000e-06 observedMinimumStepSeconds=5.00000000e-06 observedMaximumStepSeconds=5.00000000e-06 minimumTimeStepSeconds=5.00000000e-11 adaptive=true
Q30_STEP_PROFILE seed=14 fault=SENSOR_A_OPEN profile=fault-profile-preparation boundary=BEGIN stepRole=PRODUCTION_5_US_REFERENCE declaredMaximumStepSeconds=5.00000000e-06 configuredMaximumStepSeconds=5.00000000e-06 actualCurrentStepSeconds=5.00000000e-06 observedMinimumStepSeconds=5.00000000e-06 observedMaximumStepSeconds=5.00000000e-06 minimumTimeStepSeconds=5.00000000e-11 adaptive=true
Q30_STEP_PROFILE seed=14 fault=SENSOR_A_OPEN profile=fault-profile-preparation boundary=END stepRole=PRODUCTION_5_US_REFERENCE declaredMaximumStepSeconds=5.00000000e-06 configuredMaximumStepSeconds=5.00000000e-06 actualCurrentStepSeconds=5.00000000e-06 observedMinimumStepSeconds=5.00000000e-06 observedMaximumStepSeconds=5.00000000e-06 minimumTimeStepSeconds=5.00000000e-11 adaptive=true
Q30_STEP_PROFILE seed=14 fault=SENSOR_A_OPEN profile=faulted-four-input-profile boundary=BEGIN stepRole=PRODUCTION_5_US_REFERENCE declaredMaximumStepSeconds=5.00000000e-06 configuredMaximumStepSeconds=5.00000000e-06 actualCurrentStepSeconds=5.00000000e-06 observedMinimumStepSeconds=5.00000000e-06 observedMaximumStepSeconds=5.00000000e-06 minimumTimeStepSeconds=5.00000000e-11 adaptive=true
Q30_STEP_PROFILE seed=14 fault=SENSOR_A_OPEN profile=faulted-four-input-profile boundary=END stepRole=PRODUCTION_5_US_REFERENCE declaredMaximumStepSeconds=5.00000000e-06 configuredMaximumStepSeconds=5.00000000e-06 actualCurrentStepSeconds=5.00000000e-06 observedMinimumStepSeconds=5.00000000e-06 observedMaximumStepSeconds=5.00000000e-06 minimumTimeStepSeconds=5.00000000e-11 adaptive=true
Q30_STEP_PROFILE seed=14 fault=SENSOR_A_OPEN profile=unrepaired-customer-retest boundary=BEGIN stepRole=PRODUCTION_5_US_REFERENCE declaredMaximumStepSeconds=5.00000000e-06 configuredMaximumStepSeconds=5.00000000e-06 actualCurrentStepSeconds=5.00000000e-06 observedMinimumStepSeconds=5.00000000e-06 observedMaximumStepSeconds=5.00000000e-06 minimumTimeStepSeconds=5.00000000e-11 adaptive=true
Q30_STEP_PROFILE seed=14 fault=SENSOR_A_OPEN profile=unrepaired-customer-retest boundary=END stepRole=PRODUCTION_5_US_REFERENCE declaredMaximumStepSeconds=5.00000000e-06 configuredMaximumStepSeconds=5.00000000e-06 actualCurrentStepSeconds=5.00000000e-06 observedMinimumStepSeconds=5.00000000e-06 observedMaximumStepSeconds=5.00000000e-06 minimumTimeStepSeconds=5.00000000e-11 adaptive=true
Q30_STEP_PROFILE seed=14 fault=SENSOR_A_OPEN profile=service-power-off-wait boundary=BEGIN stepRole=PRODUCTION_5_US_REFERENCE declaredMaximumStepSeconds=5.00000000e-06 configuredMaximumStepSeconds=5.00000000e-06 actualCurrentStepSeconds=5.00000000e-06 observedMinimumStepSeconds=5.00000000e-06 observedMaximumStepSeconds=5.00000000e-06 minimumTimeStepSeconds=5.00000000e-11 adaptive=true
Q30_STEP_PROFILE seed=14 fault=SENSOR_A_OPEN profile=service-power-off-wait boundary=END stepRole=PRODUCTION_5_US_REFERENCE declaredMaximumStepSeconds=5.00000000e-06 configuredMaximumStepSeconds=5.00000000e-06 actualCurrentStepSeconds=5.00000000e-06 observedMinimumStepSeconds=5.00000000e-06 observedMaximumStepSeconds=5.00000000e-06 minimumTimeStepSeconds=5.00000000e-11 adaptive=true
Q30_STEP_PROFILE seed=14 fault=SENSOR_A_OPEN profile=reinstalled-original-customer-retest boundary=BEGIN stepRole=PRODUCTION_5_US_REFERENCE declaredMaximumStepSeconds=5.00000000e-06 configuredMaximumStepSeconds=5.00000000e-06 actualCurrentStepSeconds=5.00000000e-06 observedMinimumStepSeconds=5.00000000e-06 observedMaximumStepSeconds=5.00000000e-06 minimumTimeStepSeconds=5.00000000e-11 adaptive=true
Q30_STEP_PROFILE seed=14 fault=SENSOR_A_OPEN profile=reinstalled-original-customer-retest boundary=END stepRole=PRODUCTION_5_US_REFERENCE declaredMaximumStepSeconds=5.00000000e-06 configuredMaximumStepSeconds=5.00000000e-06 actualCurrentStepSeconds=5.00000000e-06 observedMinimumStepSeconds=5.00000000e-06 observedMaximumStepSeconds=5.00000000e-06 minimumTimeStepSeconds=5.00000000e-11 adaptive=true
Q30_STEP_PROFILE seed=14 fault=SENSOR_A_OPEN profile=service-power-off-wait boundary=BEGIN stepRole=PRODUCTION_5_US_REFERENCE declaredMaximumStepSeconds=5.00000000e-06 configuredMaximumStepSeconds=5.00000000e-06 actualCurrentStepSeconds=5.00000000e-06 observedMinimumStepSeconds=5.00000000e-06 observedMaximumStepSeconds=5.00000000e-06 minimumTimeStepSeconds=5.00000000e-11 adaptive=true
Q30_STEP_PROFILE seed=14 fault=SENSOR_A_OPEN profile=service-power-off-wait boundary=END stepRole=PRODUCTION_5_US_REFERENCE declaredMaximumStepSeconds=5.00000000e-06 configuredMaximumStepSeconds=5.00000000e-06 actualCurrentStepSeconds=5.00000000e-06 observedMinimumStepSeconds=5.00000000e-06 observedMaximumStepSeconds=5.00000000e-06 minimumTimeStepSeconds=5.00000000e-11 adaptive=true
Q30_STEP_PROFILE seed=14 fault=SENSOR_A_OPEN profile=repaired-customer-retest boundary=BEGIN stepRole=PRODUCTION_5_US_REFERENCE declaredMaximumStepSeconds=5.00000000e-06 configuredMaximumStepSeconds=5.00000000e-06 actualCurrentStepSeconds=5.00000000e-06 observedMinimumStepSeconds=5.00000000e-06 observedMaximumStepSeconds=5.00000000e-06 minimumTimeStepSeconds=5.00000000e-11 adaptive=true
Q30_STEP_PROFILE seed=14 fault=SENSOR_A_OPEN profile=repaired-customer-retest boundary=END stepRole=PRODUCTION_5_US_REFERENCE declaredMaximumStepSeconds=5.00000000e-06 configuredMaximumStepSeconds=5.00000000e-06 actualCurrentStepSeconds=5.00000000e-06 observedMinimumStepSeconds=5.00000000e-06 observedMaximumStepSeconds=5.00000000e-06 minimumTimeStepSeconds=5.00000000e-11 adaptive=true
Q30_STEP_OWNER_CLEANUP seed=14 fault=SENSOR_A_OPEN declaredMaximumStepSeconds=5.00000000e-06 stepRole=PRODUCTION_5_US_REFERENCE cleanup=true elapsedMillis=0
Q30_STEP_PROFILE seed=14 fault=SENSOR_A_OPEN profile=initial-electrical-settle boundary=BEGIN stepRole=EXPERIMENTAL_CANDIDATE_NOT_PROMOTED declaredMaximumStepSeconds=1.00000000e-05 configuredMaximumStepSeconds=1.00000000e-05 actualCurrentStepSeconds=1.00000000e-05 observedMinimumStepSeconds=1.00000000e-05 observedMaximumStepSeconds=1.00000000e-05 minimumTimeStepSeconds=5.00000000e-11 adaptive=true
Q30_STEP_PROFILE seed=14 fault=SENSOR_A_OPEN profile=initial-electrical-settle boundary=END stepRole=EXPERIMENTAL_CANDIDATE_NOT_PROMOTED declaredMaximumStepSeconds=1.00000000e-05 configuredMaximumStepSeconds=1.00000000e-05 actualCurrentStepSeconds=1.00000000e-05 observedMinimumStepSeconds=1.00000000e-05 observedMaximumStepSeconds=1.00000000e-05 minimumTimeStepSeconds=5.00000000e-11 adaptive=true
Q30_STEP_PROFILE seed=14 fault=SENSOR_A_OPEN profile=healthy-preparation boundary=BEGIN stepRole=EXPERIMENTAL_CANDIDATE_NOT_PROMOTED declaredMaximumStepSeconds=1.00000000e-05 configuredMaximumStepSeconds=1.00000000e-05 actualCurrentStepSeconds=1.00000000e-05 observedMinimumStepSeconds=1.00000000e-05 observedMaximumStepSeconds=1.00000000e-05 minimumTimeStepSeconds=5.00000000e-11 adaptive=true
Q30_STEP_PROFILE seed=14 fault=SENSOR_A_OPEN profile=healthy-preparation boundary=END stepRole=EXPERIMENTAL_CANDIDATE_NOT_PROMOTED declaredMaximumStepSeconds=1.00000000e-05 configuredMaximumStepSeconds=1.00000000e-05 actualCurrentStepSeconds=1.00000000e-05 observedMinimumStepSeconds=1.00000000e-05 observedMaximumStepSeconds=1.00000000e-05 minimumTimeStepSeconds=5.00000000e-11 adaptive=true
Q30_STEP_PROFILE seed=14 fault=SENSOR_A_OPEN profile=fault-profile-preparation boundary=BEGIN stepRole=EXPERIMENTAL_CANDIDATE_NOT_PROMOTED declaredMaximumStepSeconds=1.00000000e-05 configuredMaximumStepSeconds=1.00000000e-05 actualCurrentStepSeconds=1.00000000e-05 observedMinimumStepSeconds=1.00000000e-05 observedMaximumStepSeconds=1.00000000e-05 minimumTimeStepSeconds=5.00000000e-11 adaptive=true
Q30_STEP_PROFILE seed=14 fault=SENSOR_A_OPEN profile=fault-profile-preparation boundary=END stepRole=EXPERIMENTAL_CANDIDATE_NOT_PROMOTED declaredMaximumStepSeconds=1.00000000e-05 configuredMaximumStepSeconds=1.00000000e-05 actualCurrentStepSeconds=1.00000000e-05 observedMinimumStepSeconds=1.00000000e-05 observedMaximumStepSeconds=1.00000000e-05 minimumTimeStepSeconds=5.00000000e-11 adaptive=true
Q30_STEP_PROFILE seed=14 fault=SENSOR_A_OPEN profile=faulted-four-input-profile boundary=BEGIN stepRole=EXPERIMENTAL_CANDIDATE_NOT_PROMOTED declaredMaximumStepSeconds=1.00000000e-05 configuredMaximumStepSeconds=1.00000000e-05 actualCurrentStepSeconds=1.00000000e-05 observedMinimumStepSeconds=1.00000000e-05 observedMaximumStepSeconds=1.00000000e-05 minimumTimeStepSeconds=5.00000000e-11 adaptive=true
Q30_STEP_PROFILE seed=14 fault=SENSOR_A_OPEN profile=faulted-four-input-profile boundary=END stepRole=EXPERIMENTAL_CANDIDATE_NOT_PROMOTED declaredMaximumStepSeconds=1.00000000e-05 configuredMaximumStepSeconds=1.00000000e-05 actualCurrentStepSeconds=1.00000000e-05 observedMinimumStepSeconds=1.00000000e-05 observedMaximumStepSeconds=1.00000000e-05 minimumTimeStepSeconds=5.00000000e-11 adaptive=true
Q30_STEP_PROFILE seed=14 fault=SENSOR_A_OPEN profile=unrepaired-customer-retest boundary=BEGIN stepRole=EXPERIMENTAL_CANDIDATE_NOT_PROMOTED declaredMaximumStepSeconds=1.00000000e-05 configuredMaximumStepSeconds=1.00000000e-05 actualCurrentStepSeconds=1.00000000e-05 observedMinimumStepSeconds=1.00000000e-05 observedMaximumStepSeconds=1.00000000e-05 minimumTimeStepSeconds=5.00000000e-11 adaptive=true
Q30_STEP_PROFILE seed=14 fault=SENSOR_A_OPEN profile=unrepaired-customer-retest boundary=END stepRole=EXPERIMENTAL_CANDIDATE_NOT_PROMOTED declaredMaximumStepSeconds=1.00000000e-05 configuredMaximumStepSeconds=1.00000000e-05 actualCurrentStepSeconds=1.00000000e-05 observedMinimumStepSeconds=1.00000000e-05 observedMaximumStepSeconds=1.00000000e-05 minimumTimeStepSeconds=5.00000000e-11 adaptive=true
Q30_STEP_PROFILE seed=14 fault=SENSOR_A_OPEN profile=service-power-off-wait boundary=BEGIN stepRole=EXPERIMENTAL_CANDIDATE_NOT_PROMOTED declaredMaximumStepSeconds=1.00000000e-05 configuredMaximumStepSeconds=1.00000000e-05 actualCurrentStepSeconds=1.00000000e-05 observedMinimumStepSeconds=1.00000000e-05 observedMaximumStepSeconds=1.00000000e-05 minimumTimeStepSeconds=5.00000000e-11 adaptive=true
Q30_STEP_PROFILE seed=14 fault=SENSOR_A_OPEN profile=service-power-off-wait boundary=END stepRole=EXPERIMENTAL_CANDIDATE_NOT_PROMOTED declaredMaximumStepSeconds=1.00000000e-05 configuredMaximumStepSeconds=1.00000000e-05 actualCurrentStepSeconds=1.00000000e-05 observedMinimumStepSeconds=1.00000000e-05 observedMaximumStepSeconds=1.00000000e-05 minimumTimeStepSeconds=5.00000000e-11 adaptive=true
Q30_STEP_PROFILE seed=14 fault=SENSOR_A_OPEN profile=reinstalled-original-customer-retest boundary=BEGIN stepRole=EXPERIMENTAL_CANDIDATE_NOT_PROMOTED declaredMaximumStepSeconds=1.00000000e-05 configuredMaximumStepSeconds=1.00000000e-05 actualCurrentStepSeconds=1.00000000e-05 observedMinimumStepSeconds=1.00000000e-05 observedMaximumStepSeconds=1.00000000e-05 minimumTimeStepSeconds=5.00000000e-11 adaptive=true
Q30_STEP_PROFILE seed=14 fault=SENSOR_A_OPEN profile=reinstalled-original-customer-retest boundary=END stepRole=EXPERIMENTAL_CANDIDATE_NOT_PROMOTED declaredMaximumStepSeconds=1.00000000e-05 configuredMaximumStepSeconds=1.00000000e-05 actualCurrentStepSeconds=1.00000000e-05 observedMinimumStepSeconds=1.00000000e-05 observedMaximumStepSeconds=1.00000000e-05 minimumTimeStepSeconds=5.00000000e-11 adaptive=true
Q30_STEP_PROFILE seed=14 fault=SENSOR_A_OPEN profile=service-power-off-wait boundary=BEGIN stepRole=EXPERIMENTAL_CANDIDATE_NOT_PROMOTED declaredMaximumStepSeconds=1.00000000e-05 configuredMaximumStepSeconds=1.00000000e-05 actualCurrentStepSeconds=1.00000000e-05 observedMinimumStepSeconds=1.00000000e-05 observedMaximumStepSeconds=1.00000000e-05 minimumTimeStepSeconds=5.00000000e-11 adaptive=true
Q30_STEP_PROFILE seed=14 fault=SENSOR_A_OPEN profile=service-power-off-wait boundary=END stepRole=EXPERIMENTAL_CANDIDATE_NOT_PROMOTED declaredMaximumStepSeconds=1.00000000e-05 configuredMaximumStepSeconds=1.00000000e-05 actualCurrentStepSeconds=1.00000000e-05 observedMinimumStepSeconds=1.00000000e-05 observedMaximumStepSeconds=1.00000000e-05 minimumTimeStepSeconds=5.00000000e-11 adaptive=true
Q30_STEP_PROFILE seed=14 fault=SENSOR_A_OPEN profile=repaired-customer-retest boundary=BEGIN stepRole=EXPERIMENTAL_CANDIDATE_NOT_PROMOTED declaredMaximumStepSeconds=1.00000000e-05 configuredMaximumStepSeconds=1.00000000e-05 actualCurrentStepSeconds=1.00000000e-05 observedMinimumStepSeconds=1.00000000e-05 observedMaximumStepSeconds=1.00000000e-05 minimumTimeStepSeconds=5.00000000e-11 adaptive=true
Q30_STEP_PROFILE seed=14 fault=SENSOR_A_OPEN profile=repaired-customer-retest boundary=END stepRole=EXPERIMENTAL_CANDIDATE_NOT_PROMOTED declaredMaximumStepSeconds=1.00000000e-05 configuredMaximumStepSeconds=1.00000000e-05 actualCurrentStepSeconds=1.00000000e-05 observedMinimumStepSeconds=1.00000000e-05 observedMaximumStepSeconds=1.00000000e-05 minimumTimeStepSeconds=5.00000000e-11 adaptive=true
Q30_STEP_OWNER_CLEANUP seed=14 fault=SENSOR_A_OPEN declaredMaximumStepSeconds=1.00000000e-05 stepRole=EXPERIMENTAL_CANDIDATE_NOT_PROMOTED cleanup=true elapsedMillis=0
Q30_STEP_PAIR seed=14 support=COMPACT_31 fault=SENSOR_A_OPEN referenceMaximumStepSeconds=5.00000000e-06 experimentalCandidateMaximumStepSeconds=1.00000000e-05 candidateKind=EXPERIMENTAL_NOT_PROMOTED maxDeltaVolts=5.53406210e-11 toleranceVolts=0.119998186 phase=healthy sample=SENSORS_HIGH/REN.2-J1.2 referenceElapsedMillis=7867 experimentalCandidateElapsedMillis=4080 referenceSimSeconds=1.16036000 experimentalCandidateSimSeconds=1.16072000 referenceCleanupMillis=0 experimentalCandidateCleanupMillis=0 cleanup=true
Q30_STEP_SEED seed=14 support=COMPACT_31 referenceMaximumStepSeconds=5.00000000e-06 experimentalCandidateMaximumStepSeconds=1.00000000e-05 candidateKind=EXPERIMENTAL_NOT_PROMOTED routeTopology=RB30_SEPARATE_DIRECT_A_NMOS_B_NMOS_COMPACT_31 routeAndPairsElapsedMillis=15587
Q30_STEP_OWNER_CLEANUP seed=14 fault=DREV_OPEN declaredMaximumStepSeconds=5.00000000e-06 stepRole=PRODUCTION_5_US_REFERENCE cleanup=true elapsedMillis=0
Q30_STEP_SEED_CLEANUP seed=14 cleanup=true elapsedMillis=0
PASS: Q30 experimental solver step sensitivity assertions=1672 seed=14 support=COMPACT_31 faults=1 referenceMaximumStepSeconds=5.00000000e-06 experimentalCandidateMaximumStepSeconds=1.00000000e-05 candidateKind=EXPERIMENTAL_NOT_PROMOTED elapsedMillis=15588

node 11 unconnected
converged after 25 iterations, timeStep = 5.0E-6
converged after 6 iterations, timeStep = 5.0E-6
node 11 unconnected
node 11 unconnected
converged after 14 iterations, timeStep = 5.0E-6
node 11 unconnected
converged after 15 iterations, timeStep = 5.0E-6
node 11 unconnected
converged after 14 iterations, timeStep = 5.0E-6
node 11 unconnected
converged after 15 iterations, timeStep = 5.0E-6
node 11 unconnected
converged after 14 iterations, timeStep = 5.0E-6
node 11 unconnected
converged after 15 iterations, timeStep = 5.0E-6
node 11 unconnected
node 11 unconnected
converged after 14 iterations, timeStep = 5.0E-6
node 11 unconnected
node 11 unconnected
converged after 15 iterations, timeStep = 5.0E-6
node 11 unconnected
node 11 unconnected
converged after 14 iterations, timeStep = 5.0E-6
node 11 unconnected
node 7 unconnected
node 11 unconnected
converged after 15 iterations, timeStep = 5.0E-6
node 7 unconnected
node 11 unconnected
node 7 unconnected
node 11 unconnected
node 7 unconnected
node 11 unconnected
node 7 unconnected
node 11 unconnected
node 7 unconnected
node 11 unconnected
node 7 unconnected
node 11 unconnected
node 29 unconnected
node 31 unconnected
node 7 unconnected
node 11 unconnected
node 11 unconnected
converged after 23 iterations, timeStep = 5.0E-6
node 11 unconnected
node 11 unconnected
node 11 unconnected
converged after 14 iterations, timeStep = 5.0E-6
node 11 unconnected
node 7 unconnected
node 11 unconnected
converged after 15 iterations, timeStep = 5.0E-6
node 7 unconnected
node 11 unconnected
node 7 unconnected
node 11 unconnected
node 7 unconnected
node 11 unconnected
node 7 unconnected
node 11 unconnected
node 7 unconnected
node 11 unconnected
node 7 unconnected
node 11 unconnected
node 29 unconnected
node 31 unconnected
node 11 unconnected
node 29 unconnected
node 31 unconnected
node 11 unconnected
node 29 unconnected
node 31 unconnected
converged after 23 iterations, timeStep = 5.0E-6
node 11 unconnected
node 29 unconnected
node 31 unconnected
node 11 unconnected
node 29 unconnected
node 31 unconnected
converged after 14 iterations, timeStep = 5.0E-6
node 11 unconnected
node 29 unconnected
node 31 unconnected
converged after 15 iterations, timeStep = 5.0E-6
node 11 unconnected
node 29 unconnected
node 31 unconnected
converged after 14 iterations, timeStep = 5.0E-6
node 11 unconnected
converged after 24 iterations, timeStep = 1.0E-5
node 11 unconnected
node 11 unconnected
converged after 14 iterations, timeStep = 1.0E-5
node 11 unconnected
converged after 15 iterations, timeStep = 1.0E-5
node 11 unconnected
converged after 14 iterations, timeStep = 1.0E-5
node 11 unconnected
converged after 15 iterations, timeStep = 1.0E-5
node 11 unconnected
converged after 14 iterations, timeStep = 1.0E-5
node 11 unconnected
converged after 15 iterations, timeStep = 1.0E-5
node 11 unconnected
node 11 unconnected
converged after 14 iterations, timeStep = 1.0E-5
node 11 unconnected
node 11 unconnected
converged after 15 iterations, timeStep = 1.0E-5
node 11 unconnected
node 11 unconnected
converged after 14 iterations, timeStep = 1.0E-5
node 11 unconnected
node 7 unconnected
node 11 unconnected
converged after 15 iterations, timeStep = 1.0E-5
node 7 unconnected
node 11 unconnected
node 7 unconnected
node 11 unconnected
node 7 unconnected
node 11 unconnected
node 7 unconnected
node 11 unconnected
node 7 unconnected
node 11 unconnected
node 7 unconnected
node 11 unconnected
node 29 unconnected
node 31 unconnected
node 7 unconnected
node 11 unconnected
node 11 unconnected
converged after 23 iterations, timeStep = 1.0E-5
converged after 6 iterations, timeStep = 1.0E-5
node 11 unconnected
node 11 unconnected
node 11 unconnected
converged after 14 iterations, timeStep = 1.0E-5
node 11 unconnected
node 7 unconnected
node 11 unconnected
converged after 15 iterations, timeStep = 1.0E-5
node 7 unconnected
node 11 unconnected
node 7 unconnected
node 11 unconnected
node 7 unconnected
node 11 unconnected
node 7 unconnected
node 11 unconnected
node 7 unconnected
node 11 unconnected
node 7 unconnected
node 11 unconnected
node 29 unconnected
node 31 unconnected
node 11 unconnected
node 29 unconnected
node 31 unconnected
node 11 unconnected
node 29 unconnected
node 31 unconnected
converged after 23 iterations, timeStep = 1.0E-5
converged after 6 iterations, timeStep = 1.0E-5
node 11 unconnected
node 29 unconnected
node 31 unconnected
node 11 unconnected
node 29 unconnected
node 31 unconnected
converged after 14 iterations, timeStep = 1.0E-5
node 11 unconnected
node 29 unconnected
node 31 unconnected
converged after 15 iterations, timeStep = 1.0E-5
node 11 unconnected
node 29 unconnected
node 31 unconnected
converged after 14 iterations, timeStep = 1.0E-5

Q30_SENSITIVITY_CASE seed=14 fault=DRIVE_A_OPEN exit=0 termination=True qualified=True
Q30_STEP_PROFILE seed=14 fault=DRIVE_A_OPEN profile=initial-electrical-settle boundary=BEGIN stepRole=PRODUCTION_5_US_REFERENCE declaredMaximumStepSeconds=5.00000000e-06 configuredMaximumStepSeconds=5.00000000e-06 actualCurrentStepSeconds=5.00000000e-06 observedMinimumStepSeconds=5.00000000e-06 observedMaximumStepSeconds=5.00000000e-06 minimumTimeStepSeconds=5.00000000e-11 adaptive=true
Q30_STEP_PROFILE seed=14 fault=DRIVE_A_OPEN profile=initial-electrical-settle boundary=END stepRole=PRODUCTION_5_US_REFERENCE declaredMaximumStepSeconds=5.00000000e-06 configuredMaximumStepSeconds=5.00000000e-06 actualCurrentStepSeconds=5.00000000e-06 observedMinimumStepSeconds=5.00000000e-06 observedMaximumStepSeconds=5.00000000e-06 minimumTimeStepSeconds=5.00000000e-11 adaptive=true
Q30_STEP_PROFILE seed=14 fault=DRIVE_A_OPEN profile=healthy-preparation boundary=BEGIN stepRole=PRODUCTION_5_US_REFERENCE declaredMaximumStepSeconds=5.00000000e-06 configuredMaximumStepSeconds=5.00000000e-06 actualCurrentStepSeconds=5.00000000e-06 observedMinimumStepSeconds=5.00000000e-06 observedMaximumStepSeconds=5.00000000e-06 minimumTimeStepSeconds=5.00000000e-11 adaptive=true
Q30_STEP_PROFILE seed=14 fault=DRIVE_A_OPEN profile=healthy-preparation boundary=END stepRole=PRODUCTION_5_US_REFERENCE declaredMaximumStepSeconds=5.00000000e-06 configuredMaximumStepSeconds=5.00000000e-06 actualCurrentStepSeconds=5.00000000e-06 observedMinimumStepSeconds=5.00000000e-06 observedMaximumStepSeconds=5.00000000e-06 minimumTimeStepSeconds=5.00000000e-11 adaptive=true
Q30_STEP_PROFILE seed=14 fault=DRIVE_A_OPEN profile=fault-profile-preparation boundary=BEGIN stepRole=PRODUCTION_5_US_REFERENCE declaredMaximumStepSeconds=5.00000000e-06 configuredMaximumStepSeconds=5.00000000e-06 actualCurrentStepSeconds=5.00000000e-06 observedMinimumStepSeconds=5.00000000e-06 observedMaximumStepSeconds=5.00000000e-06 minimumTimeStepSeconds=5.00000000e-11 adaptive=true
Q30_STEP_PROFILE seed=14 fault=DRIVE_A_OPEN profile=fault-profile-preparation boundary=END stepRole=PRODUCTION_5_US_REFERENCE declaredMaximumStepSeconds=5.00000000e-06 configuredMaximumStepSeconds=5.00000000e-06 actualCurrentStepSeconds=5.00000000e-06 observedMinimumStepSeconds=5.00000000e-06 observedMaximumStepSeconds=5.00000000e-06 minimumTimeStepSeconds=5.00000000e-11 adaptive=true
Q30_STEP_PROFILE seed=14 fault=DRIVE_A_OPEN profile=faulted-four-input-profile boundary=BEGIN stepRole=PRODUCTION_5_US_REFERENCE declaredMaximumStepSeconds=5.00000000e-06 configuredMaximumStepSeconds=5.00000000e-06 actualCurrentStepSeconds=5.00000000e-06 observedMinimumStepSeconds=5.00000000e-06 observedMaximumStepSeconds=5.00000000e-06 minimumTimeStepSeconds=5.00000000e-11 adaptive=true
Q30_STEP_PROFILE seed=14 fault=DRIVE_A_OPEN profile=faulted-four-input-profile boundary=END stepRole=PRODUCTION_5_US_REFERENCE declaredMaximumStepSeconds=5.00000000e-06 configuredMaximumStepSeconds=5.00000000e-06 actualCurrentStepSeconds=5.00000000e-06 observedMinimumStepSeconds=5.00000000e-06 observedMaximumStepSeconds=5.00000000e-06 minimumTimeStepSeconds=5.00000000e-11 adaptive=true
Q30_STEP_PROFILE seed=14 fault=DRIVE_A_OPEN profile=unrepaired-customer-retest boundary=BEGIN stepRole=PRODUCTION_5_US_REFERENCE declaredMaximumStepSeconds=5.00000000e-06 configuredMaximumStepSeconds=5.00000000e-06 actualCurrentStepSeconds=5.00000000e-06 observedMinimumStepSeconds=5.00000000e-06 observedMaximumStepSeconds=5.00000000e-06 minimumTimeStepSeconds=5.00000000e-11 adaptive=true
Q30_STEP_PROFILE seed=14 fault=DRIVE_A_OPEN profile=unrepaired-customer-retest boundary=END stepRole=PRODUCTION_5_US_REFERENCE declaredMaximumStepSeconds=5.00000000e-06 configuredMaximumStepSeconds=5.00000000e-06 actualCurrentStepSeconds=5.00000000e-06 observedMinimumStepSeconds=5.00000000e-06 observedMaximumStepSeconds=5.00000000e-06 minimumTimeStepSeconds=5.00000000e-11 adaptive=true
Q30_STEP_PROFILE seed=14 fault=DRIVE_A_OPEN profile=service-power-off-wait boundary=BEGIN stepRole=PRODUCTION_5_US_REFERENCE declaredMaximumStepSeconds=5.00000000e-06 configuredMaximumStepSeconds=5.00000000e-06 actualCurrentStepSeconds=5.00000000e-06 observedMinimumStepSeconds=5.00000000e-06 observedMaximumStepSeconds=5.00000000e-06 minimumTimeStepSeconds=5.00000000e-11 adaptive=true
Q30_STEP_PROFILE seed=14 fault=DRIVE_A_OPEN profile=service-power-off-wait boundary=END stepRole=PRODUCTION_5_US_REFERENCE declaredMaximumStepSeconds=5.00000000e-06 configuredMaximumStepSeconds=5.00000000e-06 actualCurrentStepSeconds=5.00000000e-06 observedMinimumStepSeconds=5.00000000e-06 observedMaximumStepSeconds=5.00000000e-06 minimumTimeStepSeconds=5.00000000e-11 adaptive=true
Q30_STEP_PROFILE seed=14 fault=DRIVE_A_OPEN profile=reinstalled-original-customer-retest boundary=BEGIN stepRole=PRODUCTION_5_US_REFERENCE declaredMaximumStepSeconds=5.00000000e-06 configuredMaximumStepSeconds=5.00000000e-06 actualCurrentStepSeconds=5.00000000e-06 observedMinimumStepSeconds=5.00000000e-06 observedMaximumStepSeconds=5.00000000e-06 minimumTimeStepSeconds=5.00000000e-11 adaptive=true
Q30_STEP_PROFILE seed=14 fault=DRIVE_A_OPEN profile=reinstalled-original-customer-retest boundary=END stepRole=PRODUCTION_5_US_REFERENCE declaredMaximumStepSeconds=5.00000000e-06 configuredMaximumStepSeconds=5.00000000e-06 actualCurrentStepSeconds=5.00000000e-06 observedMinimumStepSeconds=5.00000000e-06 observedMaximumStepSeconds=5.00000000e-06 minimumTimeStepSeconds=5.00000000e-11 adaptive=true
Q30_STEP_PROFILE seed=14 fault=DRIVE_A_OPEN profile=service-power-off-wait boundary=BEGIN stepRole=PRODUCTION_5_US_REFERENCE declaredMaximumStepSeconds=5.00000000e-06 configuredMaximumStepSeconds=5.00000000e-06 actualCurrentStepSeconds=5.00000000e-06 observedMinimumStepSeconds=5.00000000e-06 observedMaximumStepSeconds=5.00000000e-06 minimumTimeStepSeconds=5.00000000e-11 adaptive=true
Q30_STEP_PROFILE seed=14 fault=DRIVE_A_OPEN profile=service-power-off-wait boundary=END stepRole=PRODUCTION_5_US_REFERENCE declaredMaximumStepSeconds=5.00000000e-06 configuredMaximumStepSeconds=5.00000000e-06 actualCurrentStepSeconds=5.00000000e-06 observedMinimumStepSeconds=5.00000000e-06 observedMaximumStepSeconds=5.00000000e-06 minimumTimeStepSeconds=5.00000000e-11 adaptive=true
Q30_STEP_PROFILE seed=14 fault=DRIVE_A_OPEN profile=repaired-customer-retest boundary=BEGIN stepRole=PRODUCTION_5_US_REFERENCE declaredMaximumStepSeconds=5.00000000e-06 configuredMaximumStepSeconds=5.00000000e-06 actualCurrentStepSeconds=5.00000000e-06 observedMinimumStepSeconds=5.00000000e-06 observedMaximumStepSeconds=5.00000000e-06 minimumTimeStepSeconds=5.00000000e-11 adaptive=true
Q30_STEP_PROFILE seed=14 fault=DRIVE_A_OPEN profile=repaired-customer-retest boundary=END stepRole=PRODUCTION_5_US_REFERENCE declaredMaximumStepSeconds=5.00000000e-06 configuredMaximumStepSeconds=5.00000000e-06 actualCurrentStepSeconds=5.00000000e-06 observedMinimumStepSeconds=5.00000000e-06 observedMaximumStepSeconds=5.00000000e-06 minimumTimeStepSeconds=5.00000000e-11 adaptive=true
Q30_STEP_OWNER_CLEANUP seed=14 fault=DRIVE_A_OPEN declaredMaximumStepSeconds=5.00000000e-06 stepRole=PRODUCTION_5_US_REFERENCE cleanup=true elapsedMillis=0
Q30_STEP_PROFILE seed=14 fault=DRIVE_A_OPEN profile=initial-electrical-settle boundary=BEGIN stepRole=EXPERIMENTAL_CANDIDATE_NOT_PROMOTED declaredMaximumStepSeconds=1.00000000e-05 configuredMaximumStepSeconds=1.00000000e-05 actualCurrentStepSeconds=1.00000000e-05 observedMinimumStepSeconds=1.00000000e-05 observedMaximumStepSeconds=1.00000000e-05 minimumTimeStepSeconds=5.00000000e-11 adaptive=true
Q30_STEP_PROFILE seed=14 fault=DRIVE_A_OPEN profile=initial-electrical-settle boundary=END stepRole=EXPERIMENTAL_CANDIDATE_NOT_PROMOTED declaredMaximumStepSeconds=1.00000000e-05 configuredMaximumStepSeconds=1.00000000e-05 actualCurrentStepSeconds=1.00000000e-05 observedMinimumStepSeconds=1.00000000e-05 observedMaximumStepSeconds=1.00000000e-05 minimumTimeStepSeconds=5.00000000e-11 adaptive=true
Q30_STEP_PROFILE seed=14 fault=DRIVE_A_OPEN profile=healthy-preparation boundary=BEGIN stepRole=EXPERIMENTAL_CANDIDATE_NOT_PROMOTED declaredMaximumStepSeconds=1.00000000e-05 configuredMaximumStepSeconds=1.00000000e-05 actualCurrentStepSeconds=1.00000000e-05 observedMinimumStepSeconds=1.00000000e-05 observedMaximumStepSeconds=1.00000000e-05 minimumTimeStepSeconds=5.00000000e-11 adaptive=true
Q30_STEP_PROFILE seed=14 fault=DRIVE_A_OPEN profile=healthy-preparation boundary=END stepRole=EXPERIMENTAL_CANDIDATE_NOT_PROMOTED declaredMaximumStepSeconds=1.00000000e-05 configuredMaximumStepSeconds=1.00000000e-05 actualCurrentStepSeconds=1.00000000e-05 observedMinimumStepSeconds=1.00000000e-05 observedMaximumStepSeconds=1.00000000e-05 minimumTimeStepSeconds=5.00000000e-11 adaptive=true
Q30_STEP_PROFILE seed=14 fault=DRIVE_A_OPEN profile=fault-profile-preparation boundary=BEGIN stepRole=EXPERIMENTAL_CANDIDATE_NOT_PROMOTED declaredMaximumStepSeconds=1.00000000e-05 configuredMaximumStepSeconds=1.00000000e-05 actualCurrentStepSeconds=1.00000000e-05 observedMinimumStepSeconds=1.00000000e-05 observedMaximumStepSeconds=1.00000000e-05 minimumTimeStepSeconds=5.00000000e-11 adaptive=true
Q30_STEP_PROFILE seed=14 fault=DRIVE_A_OPEN profile=fault-profile-preparation boundary=END stepRole=EXPERIMENTAL_CANDIDATE_NOT_PROMOTED declaredMaximumStepSeconds=1.00000000e-05 configuredMaximumStepSeconds=1.00000000e-05 actualCurrentStepSeconds=1.00000000e-05 observedMinimumStepSeconds=1.00000000e-05 observedMaximumStepSeconds=1.00000000e-05 minimumTimeStepSeconds=5.00000000e-11 adaptive=true
Q30_STEP_PROFILE seed=14 fault=DRIVE_A_OPEN profile=faulted-four-input-profile boundary=BEGIN stepRole=EXPERIMENTAL_CANDIDATE_NOT_PROMOTED declaredMaximumStepSeconds=1.00000000e-05 configuredMaximumStepSeconds=1.00000000e-05 actualCurrentStepSeconds=1.00000000e-05 observedMinimumStepSeconds=1.00000000e-05 observedMaximumStepSeconds=1.00000000e-05 minimumTimeStepSeconds=5.00000000e-11 adaptive=true
Q30_STEP_PROFILE seed=14 fault=DRIVE_A_OPEN profile=faulted-four-input-profile boundary=END stepRole=EXPERIMENTAL_CANDIDATE_NOT_PROMOTED declaredMaximumStepSeconds=1.00000000e-05 configuredMaximumStepSeconds=1.00000000e-05 actualCurrentStepSeconds=1.00000000e-05 observedMinimumStepSeconds=1.00000000e-05 observedMaximumStepSeconds=1.00000000e-05 minimumTimeStepSeconds=5.00000000e-11 adaptive=true
Q30_STEP_PROFILE seed=14 fault=DRIVE_A_OPEN profile=unrepaired-customer-retest boundary=BEGIN stepRole=EXPERIMENTAL_CANDIDATE_NOT_PROMOTED declaredMaximumStepSeconds=1.00000000e-05 configuredMaximumStepSeconds=1.00000000e-05 actualCurrentStepSeconds=1.00000000e-05 observedMinimumStepSeconds=1.00000000e-05 observedMaximumStepSeconds=1.00000000e-05 minimumTimeStepSeconds=5.00000000e-11 adaptive=true
Q30_STEP_PROFILE seed=14 fault=DRIVE_A_OPEN profile=unrepaired-customer-retest boundary=END stepRole=EXPERIMENTAL_CANDIDATE_NOT_PROMOTED declaredMaximumStepSeconds=1.00000000e-05 configuredMaximumStepSeconds=1.00000000e-05 actualCurrentStepSeconds=1.00000000e-05 observedMinimumStepSeconds=1.00000000e-05 observedMaximumStepSeconds=1.00000000e-05 minimumTimeStepSeconds=5.00000000e-11 adaptive=true
Q30_STEP_PROFILE seed=14 fault=DRIVE_A_OPEN profile=service-power-off-wait boundary=BEGIN stepRole=EXPERIMENTAL_CANDIDATE_NOT_PROMOTED declaredMaximumStepSeconds=1.00000000e-05 configuredMaximumStepSeconds=1.00000000e-05 actualCurrentStepSeconds=1.00000000e-05 observedMinimumStepSeconds=1.00000000e-05 observedMaximumStepSeconds=1.00000000e-05 minimumTimeStepSeconds=5.00000000e-11 adaptive=true
Q30_STEP_PROFILE seed=14 fault=DRIVE_A_OPEN profile=service-power-off-wait boundary=END stepRole=EXPERIMENTAL_CANDIDATE_NOT_PROMOTED declaredMaximumStepSeconds=1.00000000e-05 configuredMaximumStepSeconds=1.00000000e-05 actualCurrentStepSeconds=1.00000000e-05 observedMinimumStepSeconds=1.00000000e-05 observedMaximumStepSeconds=1.00000000e-05 minimumTimeStepSeconds=5.00000000e-11 adaptive=true
Q30_STEP_PROFILE seed=14 fault=DRIVE_A_OPEN profile=reinstalled-original-customer-retest boundary=BEGIN stepRole=EXPERIMENTAL_CANDIDATE_NOT_PROMOTED declaredMaximumStepSeconds=1.00000000e-05 configuredMaximumStepSeconds=1.00000000e-05 actualCurrentStepSeconds=1.00000000e-05 observedMinimumStepSeconds=1.00000000e-05 observedMaximumStepSeconds=1.00000000e-05 minimumTimeStepSeconds=5.00000000e-11 adaptive=true
Q30_STEP_PROFILE seed=14 fault=DRIVE_A_OPEN profile=reinstalled-original-customer-retest boundary=END stepRole=EXPERIMENTAL_CANDIDATE_NOT_PROMOTED declaredMaximumStepSeconds=1.00000000e-05 configuredMaximumStepSeconds=1.00000000e-05 actualCurrentStepSeconds=1.00000000e-05 observedMinimumStepSeconds=1.00000000e-05 observedMaximumStepSeconds=1.00000000e-05 minimumTimeStepSeconds=5.00000000e-11 adaptive=true
Q30_STEP_PROFILE seed=14 fault=DRIVE_A_OPEN profile=service-power-off-wait boundary=BEGIN stepRole=EXPERIMENTAL_CANDIDATE_NOT_PROMOTED declaredMaximumStepSeconds=1.00000000e-05 configuredMaximumStepSeconds=1.00000000e-05 actualCurrentStepSeconds=1.00000000e-05 observedMinimumStepSeconds=1.00000000e-05 observedMaximumStepSeconds=1.00000000e-05 minimumTimeStepSeconds=5.00000000e-11 adaptive=true
Q30_STEP_PROFILE seed=14 fault=DRIVE_A_OPEN profile=service-power-off-wait boundary=END stepRole=EXPERIMENTAL_CANDIDATE_NOT_PROMOTED declaredMaximumStepSeconds=1.00000000e-05 configuredMaximumStepSeconds=1.00000000e-05 actualCurrentStepSeconds=1.00000000e-05 observedMinimumStepSeconds=1.00000000e-05 observedMaximumStepSeconds=1.00000000e-05 minimumTimeStepSeconds=5.00000000e-11 adaptive=true
Q30_STEP_PROFILE seed=14 fault=DRIVE_A_OPEN profile=repaired-customer-retest boundary=BEGIN stepRole=EXPERIMENTAL_CANDIDATE_NOT_PROMOTED declaredMaximumStepSeconds=1.00000000e-05 configuredMaximumStepSeconds=1.00000000e-05 actualCurrentStepSeconds=1.00000000e-05 observedMinimumStepSeconds=1.00000000e-05 observedMaximumStepSeconds=1.00000000e-05 minimumTimeStepSeconds=5.00000000e-11 adaptive=true
Q30_STEP_PROFILE seed=14 fault=DRIVE_A_OPEN profile=repaired-customer-retest boundary=END stepRole=EXPERIMENTAL_CANDIDATE_NOT_PROMOTED declaredMaximumStepSeconds=1.00000000e-05 configuredMaximumStepSeconds=1.00000000e-05 actualCurrentStepSeconds=1.00000000e-05 observedMinimumStepSeconds=1.00000000e-05 observedMaximumStepSeconds=1.00000000e-05 minimumTimeStepSeconds=5.00000000e-11 adaptive=true
Q30_STEP_OWNER_CLEANUP seed=14 fault=DRIVE_A_OPEN declaredMaximumStepSeconds=1.00000000e-05 stepRole=EXPERIMENTAL_CANDIDATE_NOT_PROMOTED cleanup=true elapsedMillis=0
Q30_STEP_PAIR seed=14 support=COMPACT_31 fault=DRIVE_A_OPEN referenceMaximumStepSeconds=5.00000000e-06 experimentalCandidateMaximumStepSeconds=1.00000000e-05 candidateKind=EXPERIMENTAL_NOT_PROMOTED maxDeltaVolts=5.53406210e-11 toleranceVolts=0.119998186 phase=healthy sample=SENSORS_HIGH/REN.2-J1.2 referenceElapsedMillis=7639 experimentalCandidateElapsedMillis=3931 referenceSimSeconds=1.16036000 experimentalCandidateSimSeconds=1.16072000 referenceCleanupMillis=0 experimentalCandidateCleanupMillis=0 cleanup=true
Q30_STEP_SEED seed=14 support=COMPACT_31 referenceMaximumStepSeconds=5.00000000e-06 experimentalCandidateMaximumStepSeconds=1.00000000e-05 candidateKind=EXPERIMENTAL_NOT_PROMOTED routeTopology=RB30_SEPARATE_DIRECT_A_NMOS_B_NMOS_COMPACT_31 routeAndPairsElapsedMillis=15217
Q30_STEP_OWNER_CLEANUP seed=14 fault=DREV_OPEN declaredMaximumStepSeconds=5.00000000e-06 stepRole=PRODUCTION_5_US_REFERENCE cleanup=true elapsedMillis=0
Q30_STEP_SEED_CLEANUP seed=14 cleanup=true elapsedMillis=0
PASS: Q30 experimental solver step sensitivity assertions=1672 seed=14 support=COMPACT_31 faults=1 referenceMaximumStepSeconds=5.00000000e-06 experimentalCandidateMaximumStepSeconds=1.00000000e-05 candidateKind=EXPERIMENTAL_NOT_PROMOTED elapsedMillis=15217

node 11 unconnected
converged after 25 iterations, timeStep = 5.0E-6
converged after 6 iterations, timeStep = 5.0E-6
node 11 unconnected
node 11 unconnected
converged after 14 iterations, timeStep = 5.0E-6
node 11 unconnected
converged after 15 iterations, timeStep = 5.0E-6
node 11 unconnected
converged after 14 iterations, timeStep = 5.0E-6
node 11 unconnected
converged after 15 iterations, timeStep = 5.0E-6
node 11 unconnected
converged after 14 iterations, timeStep = 5.0E-6
node 11 unconnected
converged after 15 iterations, timeStep = 5.0E-6
node 11 unconnected
node 11 unconnected
converged after 14 iterations, timeStep = 5.0E-6
node 11 unconnected
node 11 unconnected
converged after 15 iterations, timeStep = 5.0E-6
node 11 unconnected
node 11 unconnected
converged after 14 iterations, timeStep = 5.0E-6
node 11 unconnected
node 11 unconnected
converged after 15 iterations, timeStep = 5.0E-6
node 11 unconnected
node 11 unconnected
node 11 unconnected
node 11 unconnected
node 11 unconnected
node 11 unconnected
node 36 unconnected
node 39 unconnected
node 11 unconnected
node 11 unconnected
converged after 23 iterations, timeStep = 5.0E-6
node 11 unconnected
node 11 unconnected
node 11 unconnected
converged after 14 iterations, timeStep = 5.0E-6
node 11 unconnected
node 11 unconnected
converged after 15 iterations, timeStep = 5.0E-6
node 11 unconnected
node 11 unconnected
node 11 unconnected
node 11 unconnected
node 11 unconnected
node 11 unconnected
node 36 unconnected
node 39 unconnected
node 11 unconnected
node 36 unconnected
node 39 unconnected
node 11 unconnected
node 36 unconnected
node 39 unconnected
converged after 23 iterations, timeStep = 5.0E-6
node 11 unconnected
node 36 unconnected
node 39 unconnected
node 11 unconnected
node 36 unconnected
node 39 unconnected
converged after 14 iterations, timeStep = 5.0E-6
node 11 unconnected
node 36 unconnected
node 39 unconnected
converged after 15 iterations, timeStep = 5.0E-6
node 11 unconnected
node 36 unconnected
node 39 unconnected
converged after 14 iterations, timeStep = 5.0E-6
node 11 unconnected
converged after 24 iterations, timeStep = 1.0E-5
node 11 unconnected
node 11 unconnected
converged after 14 iterations, timeStep = 1.0E-5
node 11 unconnected
converged after 15 iterations, timeStep = 1.0E-5
node 11 unconnected
converged after 14 iterations, timeStep = 1.0E-5
node 11 unconnected
converged after 15 iterations, timeStep = 1.0E-5
node 11 unconnected
converged after 14 iterations, timeStep = 1.0E-5
node 11 unconnected
converged after 15 iterations, timeStep = 1.0E-5
node 11 unconnected
node 11 unconnected
converged after 14 iterations, timeStep = 1.0E-5
node 11 unconnected
node 11 unconnected
converged after 15 iterations, timeStep = 1.0E-5
node 11 unconnected
node 11 unconnected
converged after 14 iterations, timeStep = 1.0E-5
node 11 unconnected
node 11 unconnected
converged after 15 iterations, timeStep = 1.0E-5
node 11 unconnected
node 11 unconnected
node 11 unconnected
node 11 unconnected
node 11 unconnected
node 11 unconnected
node 36 unconnected
node 39 unconnected
node 11 unconnected
node 11 unconnected
converged after 23 iterations, timeStep = 1.0E-5
converged after 6 iterations, timeStep = 1.0E-5
node 11 unconnected
node 11 unconnected
node 11 unconnected
converged after 14 iterations, timeStep = 1.0E-5
node 11 unconnected
node 11 unconnected
converged after 15 iterations, timeStep = 1.0E-5
node 11 unconnected
node 11 unconnected
node 11 unconnected
node 11 unconnected
node 11 unconnected
node 11 unconnected
node 36 unconnected
node 39 unconnected
node 11 unconnected
node 36 unconnected
node 39 unconnected
node 11 unconnected
node 36 unconnected
node 39 unconnected
converged after 23 iterations, timeStep = 1.0E-5
converged after 6 iterations, timeStep = 1.0E-5
node 11 unconnected
node 36 unconnected
node 39 unconnected
node 11 unconnected
node 36 unconnected
node 39 unconnected
converged after 14 iterations, timeStep = 1.0E-5
node 11 unconnected
node 36 unconnected
node 39 unconnected
converged after 15 iterations, timeStep = 1.0E-5
node 11 unconnected
node 36 unconnected
node 39 unconnected
converged after 14 iterations, timeStep = 1.0E-5

Q30_SENSITIVITY_CASE seed=14 fault=RELAY_B_COIL_OPEN exit=0 termination=True qualified=True
Q30_STEP_PROFILE seed=14 fault=RELAY_B_COIL_OPEN profile=initial-electrical-settle boundary=BEGIN stepRole=PRODUCTION_5_US_REFERENCE declaredMaximumStepSeconds=5.00000000e-06 configuredMaximumStepSeconds=5.00000000e-06 actualCurrentStepSeconds=5.00000000e-06 observedMinimumStepSeconds=5.00000000e-06 observedMaximumStepSeconds=5.00000000e-06 minimumTimeStepSeconds=5.00000000e-11 adaptive=true
Q30_STEP_PROFILE seed=14 fault=RELAY_B_COIL_OPEN profile=initial-electrical-settle boundary=END stepRole=PRODUCTION_5_US_REFERENCE declaredMaximumStepSeconds=5.00000000e-06 configuredMaximumStepSeconds=5.00000000e-06 actualCurrentStepSeconds=5.00000000e-06 observedMinimumStepSeconds=5.00000000e-06 observedMaximumStepSeconds=5.00000000e-06 minimumTimeStepSeconds=5.00000000e-11 adaptive=true
Q30_STEP_PROFILE seed=14 fault=RELAY_B_COIL_OPEN profile=healthy-preparation boundary=BEGIN stepRole=PRODUCTION_5_US_REFERENCE declaredMaximumStepSeconds=5.00000000e-06 configuredMaximumStepSeconds=5.00000000e-06 actualCurrentStepSeconds=5.00000000e-06 observedMinimumStepSeconds=5.00000000e-06 observedMaximumStepSeconds=5.00000000e-06 minimumTimeStepSeconds=5.00000000e-11 adaptive=true
Q30_STEP_PROFILE seed=14 fault=RELAY_B_COIL_OPEN profile=healthy-preparation boundary=END stepRole=PRODUCTION_5_US_REFERENCE declaredMaximumStepSeconds=5.00000000e-06 configuredMaximumStepSeconds=5.00000000e-06 actualCurrentStepSeconds=5.00000000e-06 observedMinimumStepSeconds=5.00000000e-06 observedMaximumStepSeconds=5.00000000e-06 minimumTimeStepSeconds=5.00000000e-11 adaptive=true
Q30_STEP_PROFILE seed=14 fault=RELAY_B_COIL_OPEN profile=fault-profile-preparation boundary=BEGIN stepRole=PRODUCTION_5_US_REFERENCE declaredMaximumStepSeconds=5.00000000e-06 configuredMaximumStepSeconds=5.00000000e-06 actualCurrentStepSeconds=5.00000000e-06 observedMinimumStepSeconds=5.00000000e-06 observedMaximumStepSeconds=5.00000000e-06 minimumTimeStepSeconds=5.00000000e-11 adaptive=true
Q30_STEP_PROFILE seed=14 fault=RELAY_B_COIL_OPEN profile=fault-profile-preparation boundary=END stepRole=PRODUCTION_5_US_REFERENCE declaredMaximumStepSeconds=5.00000000e-06 configuredMaximumStepSeconds=5.00000000e-06 actualCurrentStepSeconds=5.00000000e-06 observedMinimumStepSeconds=5.00000000e-06 observedMaximumStepSeconds=5.00000000e-06 minimumTimeStepSeconds=5.00000000e-11 adaptive=true
Q30_STEP_PROFILE seed=14 fault=RELAY_B_COIL_OPEN profile=faulted-four-input-profile boundary=BEGIN stepRole=PRODUCTION_5_US_REFERENCE declaredMaximumStepSeconds=5.00000000e-06 configuredMaximumStepSeconds=5.00000000e-06 actualCurrentStepSeconds=5.00000000e-06 observedMinimumStepSeconds=5.00000000e-06 observedMaximumStepSeconds=5.00000000e-06 minimumTimeStepSeconds=5.00000000e-11 adaptive=true
Q30_STEP_PROFILE seed=14 fault=RELAY_B_COIL_OPEN profile=faulted-four-input-profile boundary=END stepRole=PRODUCTION_5_US_REFERENCE declaredMaximumStepSeconds=5.00000000e-06 configuredMaximumStepSeconds=5.00000000e-06 actualCurrentStepSeconds=5.00000000e-06 observedMinimumStepSeconds=5.00000000e-06 observedMaximumStepSeconds=5.00000000e-06 minimumTimeStepSeconds=5.00000000e-11 adaptive=true
Q30_STEP_PROFILE seed=14 fault=RELAY_B_COIL_OPEN profile=unrepaired-customer-retest boundary=BEGIN stepRole=PRODUCTION_5_US_REFERENCE declaredMaximumStepSeconds=5.00000000e-06 configuredMaximumStepSeconds=5.00000000e-06 actualCurrentStepSeconds=5.00000000e-06 observedMinimumStepSeconds=5.00000000e-06 observedMaximumStepSeconds=5.00000000e-06 minimumTimeStepSeconds=5.00000000e-11 adaptive=true
Q30_STEP_PROFILE seed=14 fault=RELAY_B_COIL_OPEN profile=unrepaired-customer-retest boundary=END stepRole=PRODUCTION_5_US_REFERENCE declaredMaximumStepSeconds=5.00000000e-06 configuredMaximumStepSeconds=5.00000000e-06 actualCurrentStepSeconds=5.00000000e-06 observedMinimumStepSeconds=5.00000000e-06 observedMaximumStepSeconds=5.00000000e-06 minimumTimeStepSeconds=5.00000000e-11 adaptive=true
Q30_STEP_PROFILE seed=14 fault=RELAY_B_COIL_OPEN profile=service-power-off-wait boundary=BEGIN stepRole=PRODUCTION_5_US_REFERENCE declaredMaximumStepSeconds=5.00000000e-06 configuredMaximumStepSeconds=5.00000000e-06 actualCurrentStepSeconds=5.00000000e-06 observedMinimumStepSeconds=5.00000000e-06 observedMaximumStepSeconds=5.00000000e-06 minimumTimeStepSeconds=5.00000000e-11 adaptive=true
Q30_STEP_PROFILE seed=14 fault=RELAY_B_COIL_OPEN profile=service-power-off-wait boundary=END stepRole=PRODUCTION_5_US_REFERENCE declaredMaximumStepSeconds=5.00000000e-06 configuredMaximumStepSeconds=5.00000000e-06 actualCurrentStepSeconds=5.00000000e-06 observedMinimumStepSeconds=5.00000000e-06 observedMaximumStepSeconds=5.00000000e-06 minimumTimeStepSeconds=5.00000000e-11 adaptive=true
Q30_STEP_PROFILE seed=14 fault=RELAY_B_COIL_OPEN profile=reinstalled-original-customer-retest boundary=BEGIN stepRole=PRODUCTION_5_US_REFERENCE declaredMaximumStepSeconds=5.00000000e-06 configuredMaximumStepSeconds=5.00000000e-06 actualCurrentStepSeconds=5.00000000e-06 observedMinimumStepSeconds=5.00000000e-06 observedMaximumStepSeconds=5.00000000e-06 minimumTimeStepSeconds=5.00000000e-11 adaptive=true
Q30_STEP_PROFILE seed=14 fault=RELAY_B_COIL_OPEN profile=reinstalled-original-customer-retest boundary=END stepRole=PRODUCTION_5_US_REFERENCE declaredMaximumStepSeconds=5.00000000e-06 configuredMaximumStepSeconds=5.00000000e-06 actualCurrentStepSeconds=5.00000000e-06 observedMinimumStepSeconds=5.00000000e-06 observedMaximumStepSeconds=5.00000000e-06 minimumTimeStepSeconds=5.00000000e-11 adaptive=true
Q30_STEP_PROFILE seed=14 fault=RELAY_B_COIL_OPEN profile=service-power-off-wait boundary=BEGIN stepRole=PRODUCTION_5_US_REFERENCE declaredMaximumStepSeconds=5.00000000e-06 configuredMaximumStepSeconds=5.00000000e-06 actualCurrentStepSeconds=5.00000000e-06 observedMinimumStepSeconds=5.00000000e-06 observedMaximumStepSeconds=5.00000000e-06 minimumTimeStepSeconds=5.00000000e-11 adaptive=true
Q30_STEP_PROFILE seed=14 fault=RELAY_B_COIL_OPEN profile=service-power-off-wait boundary=END stepRole=PRODUCTION_5_US_REFERENCE declaredMaximumStepSeconds=5.00000000e-06 configuredMaximumStepSeconds=5.00000000e-06 actualCurrentStepSeconds=5.00000000e-06 observedMinimumStepSeconds=5.00000000e-06 observedMaximumStepSeconds=5.00000000e-06 minimumTimeStepSeconds=5.00000000e-11 adaptive=true
Q30_STEP_PROFILE seed=14 fault=RELAY_B_COIL_OPEN profile=repaired-customer-retest boundary=BEGIN stepRole=PRODUCTION_5_US_REFERENCE declaredMaximumStepSeconds=5.00000000e-06 configuredMaximumStepSeconds=5.00000000e-06 actualCurrentStepSeconds=5.00000000e-06 observedMinimumStepSeconds=5.00000000e-06 observedMaximumStepSeconds=5.00000000e-06 minimumTimeStepSeconds=5.00000000e-11 adaptive=true
Q30_STEP_PROFILE seed=14 fault=RELAY_B_COIL_OPEN profile=repaired-customer-retest boundary=END stepRole=PRODUCTION_5_US_REFERENCE declaredMaximumStepSeconds=5.00000000e-06 configuredMaximumStepSeconds=5.00000000e-06 actualCurrentStepSeconds=5.00000000e-06 observedMinimumStepSeconds=5.00000000e-06 observedMaximumStepSeconds=5.00000000e-06 minimumTimeStepSeconds=5.00000000e-11 adaptive=true
Q30_STEP_OWNER_CLEANUP seed=14 fault=RELAY_B_COIL_OPEN declaredMaximumStepSeconds=5.00000000e-06 stepRole=PRODUCTION_5_US_REFERENCE cleanup=true elapsedMillis=0
Q30_STEP_PROFILE seed=14 fault=RELAY_B_COIL_OPEN profile=initial-electrical-settle boundary=BEGIN stepRole=EXPERIMENTAL_CANDIDATE_NOT_PROMOTED declaredMaximumStepSeconds=1.00000000e-05 configuredMaximumStepSeconds=1.00000000e-05 actualCurrentStepSeconds=1.00000000e-05 observedMinimumStepSeconds=1.00000000e-05 observedMaximumStepSeconds=1.00000000e-05 minimumTimeStepSeconds=5.00000000e-11 adaptive=true
Q30_STEP_PROFILE seed=14 fault=RELAY_B_COIL_OPEN profile=initial-electrical-settle boundary=END stepRole=EXPERIMENTAL_CANDIDATE_NOT_PROMOTED declaredMaximumStepSeconds=1.00000000e-05 configuredMaximumStepSeconds=1.00000000e-05 actualCurrentStepSeconds=1.00000000e-05 observedMinimumStepSeconds=1.00000000e-05 observedMaximumStepSeconds=1.00000000e-05 minimumTimeStepSeconds=5.00000000e-11 adaptive=true
Q30_STEP_PROFILE seed=14 fault=RELAY_B_COIL_OPEN profile=healthy-preparation boundary=BEGIN stepRole=EXPERIMENTAL_CANDIDATE_NOT_PROMOTED declaredMaximumStepSeconds=1.00000000e-05 configuredMaximumStepSeconds=1.00000000e-05 actualCurrentStepSeconds=1.00000000e-05 observedMinimumStepSeconds=1.00000000e-05 observedMaximumStepSeconds=1.00000000e-05 minimumTimeStepSeconds=5.00000000e-11 adaptive=true
Q30_STEP_PROFILE seed=14 fault=RELAY_B_COIL_OPEN profile=healthy-preparation boundary=END stepRole=EXPERIMENTAL_CANDIDATE_NOT_PROMOTED declaredMaximumStepSeconds=1.00000000e-05 configuredMaximumStepSeconds=1.00000000e-05 actualCurrentStepSeconds=1.00000000e-05 observedMinimumStepSeconds=1.00000000e-05 observedMaximumStepSeconds=1.00000000e-05 minimumTimeStepSeconds=5.00000000e-11 adaptive=true
Q30_STEP_PROFILE seed=14 fault=RELAY_B_COIL_OPEN profile=fault-profile-preparation boundary=BEGIN stepRole=EXPERIMENTAL_CANDIDATE_NOT_PROMOTED declaredMaximumStepSeconds=1.00000000e-05 configuredMaximumStepSeconds=1.00000000e-05 actualCurrentStepSeconds=1.00000000e-05 observedMinimumStepSeconds=1.00000000e-05 observedMaximumStepSeconds=1.00000000e-05 minimumTimeStepSeconds=5.00000000e-11 adaptive=true
Q30_STEP_PROFILE seed=14 fault=RELAY_B_COIL_OPEN profile=fault-profile-preparation boundary=END stepRole=EXPERIMENTAL_CANDIDATE_NOT_PROMOTED declaredMaximumStepSeconds=1.00000000e-05 configuredMaximumStepSeconds=1.00000000e-05 actualCurrentStepSeconds=1.00000000e-05 observedMinimumStepSeconds=1.00000000e-05 observedMaximumStepSeconds=1.00000000e-05 minimumTimeStepSeconds=5.00000000e-11 adaptive=true
Q30_STEP_PROFILE seed=14 fault=RELAY_B_COIL_OPEN profile=faulted-four-input-profile boundary=BEGIN stepRole=EXPERIMENTAL_CANDIDATE_NOT_PROMOTED declaredMaximumStepSeconds=1.00000000e-05 configuredMaximumStepSeconds=1.00000000e-05 actualCurrentStepSeconds=1.00000000e-05 observedMinimumStepSeconds=1.00000000e-05 observedMaximumStepSeconds=1.00000000e-05 minimumTimeStepSeconds=5.00000000e-11 adaptive=true
Q30_STEP_PROFILE seed=14 fault=RELAY_B_COIL_OPEN profile=faulted-four-input-profile boundary=END stepRole=EXPERIMENTAL_CANDIDATE_NOT_PROMOTED declaredMaximumStepSeconds=1.00000000e-05 configuredMaximumStepSeconds=1.00000000e-05 actualCurrentStepSeconds=1.00000000e-05 observedMinimumStepSeconds=1.00000000e-05 observedMaximumStepSeconds=1.00000000e-05 minimumTimeStepSeconds=5.00000000e-11 adaptive=true
Q30_STEP_PROFILE seed=14 fault=RELAY_B_COIL_OPEN profile=unrepaired-customer-retest boundary=BEGIN stepRole=EXPERIMENTAL_CANDIDATE_NOT_PROMOTED declaredMaximumStepSeconds=1.00000000e-05 configuredMaximumStepSeconds=1.00000000e-05 actualCurrentStepSeconds=1.00000000e-05 observedMinimumStepSeconds=1.00000000e-05 observedMaximumStepSeconds=1.00000000e-05 minimumTimeStepSeconds=5.00000000e-11 adaptive=true
Q30_STEP_PROFILE seed=14 fault=RELAY_B_COIL_OPEN profile=unrepaired-customer-retest boundary=END stepRole=EXPERIMENTAL_CANDIDATE_NOT_PROMOTED declaredMaximumStepSeconds=1.00000000e-05 configuredMaximumStepSeconds=1.00000000e-05 actualCurrentStepSeconds=1.00000000e-05 observedMinimumStepSeconds=1.00000000e-05 observedMaximumStepSeconds=1.00000000e-05 minimumTimeStepSeconds=5.00000000e-11 adaptive=true
Q30_STEP_PROFILE seed=14 fault=RELAY_B_COIL_OPEN profile=service-power-off-wait boundary=BEGIN stepRole=EXPERIMENTAL_CANDIDATE_NOT_PROMOTED declaredMaximumStepSeconds=1.00000000e-05 configuredMaximumStepSeconds=1.00000000e-05 actualCurrentStepSeconds=1.00000000e-05 observedMinimumStepSeconds=1.00000000e-05 observedMaximumStepSeconds=1.00000000e-05 minimumTimeStepSeconds=5.00000000e-11 adaptive=true
Q30_STEP_PROFILE seed=14 fault=RELAY_B_COIL_OPEN profile=service-power-off-wait boundary=END stepRole=EXPERIMENTAL_CANDIDATE_NOT_PROMOTED declaredMaximumStepSeconds=1.00000000e-05 configuredMaximumStepSeconds=1.00000000e-05 actualCurrentStepSeconds=1.00000000e-05 observedMinimumStepSeconds=1.00000000e-05 observedMaximumStepSeconds=1.00000000e-05 minimumTimeStepSeconds=5.00000000e-11 adaptive=true
Q30_STEP_PROFILE seed=14 fault=RELAY_B_COIL_OPEN profile=reinstalled-original-customer-retest boundary=BEGIN stepRole=EXPERIMENTAL_CANDIDATE_NOT_PROMOTED declaredMaximumStepSeconds=1.00000000e-05 configuredMaximumStepSeconds=1.00000000e-05 actualCurrentStepSeconds=1.00000000e-05 observedMinimumStepSeconds=1.00000000e-05 observedMaximumStepSeconds=1.00000000e-05 minimumTimeStepSeconds=5.00000000e-11 adaptive=true
Q30_STEP_PROFILE seed=14 fault=RELAY_B_COIL_OPEN profile=reinstalled-original-customer-retest boundary=END stepRole=EXPERIMENTAL_CANDIDATE_NOT_PROMOTED declaredMaximumStepSeconds=1.00000000e-05 configuredMaximumStepSeconds=1.00000000e-05 actualCurrentStepSeconds=1.00000000e-05 observedMinimumStepSeconds=1.00000000e-05 observedMaximumStepSeconds=1.00000000e-05 minimumTimeStepSeconds=5.00000000e-11 adaptive=true
Q30_STEP_PROFILE seed=14 fault=RELAY_B_COIL_OPEN profile=service-power-off-wait boundary=BEGIN stepRole=EXPERIMENTAL_CANDIDATE_NOT_PROMOTED declaredMaximumStepSeconds=1.00000000e-05 configuredMaximumStepSeconds=1.00000000e-05 actualCurrentStepSeconds=1.00000000e-05 observedMinimumStepSeconds=1.00000000e-05 observedMaximumStepSeconds=1.00000000e-05 minimumTimeStepSeconds=5.00000000e-11 adaptive=true
Q30_STEP_PROFILE seed=14 fault=RELAY_B_COIL_OPEN profile=service-power-off-wait boundary=END stepRole=EXPERIMENTAL_CANDIDATE_NOT_PROMOTED declaredMaximumStepSeconds=1.00000000e-05 configuredMaximumStepSeconds=1.00000000e-05 actualCurrentStepSeconds=1.00000000e-05 observedMinimumStepSeconds=1.00000000e-05 observedMaximumStepSeconds=1.00000000e-05 minimumTimeStepSeconds=5.00000000e-11 adaptive=true
Q30_STEP_PROFILE seed=14 fault=RELAY_B_COIL_OPEN profile=repaired-customer-retest boundary=BEGIN stepRole=EXPERIMENTAL_CANDIDATE_NOT_PROMOTED declaredMaximumStepSeconds=1.00000000e-05 configuredMaximumStepSeconds=1.00000000e-05 actualCurrentStepSeconds=1.00000000e-05 observedMinimumStepSeconds=1.00000000e-05 observedMaximumStepSeconds=1.00000000e-05 minimumTimeStepSeconds=5.00000000e-11 adaptive=true
Q30_STEP_PROFILE seed=14 fault=RELAY_B_COIL_OPEN profile=repaired-customer-retest boundary=END stepRole=EXPERIMENTAL_CANDIDATE_NOT_PROMOTED declaredMaximumStepSeconds=1.00000000e-05 configuredMaximumStepSeconds=1.00000000e-05 actualCurrentStepSeconds=1.00000000e-05 observedMinimumStepSeconds=1.00000000e-05 observedMaximumStepSeconds=1.00000000e-05 minimumTimeStepSeconds=5.00000000e-11 adaptive=true
Q30_STEP_OWNER_CLEANUP seed=14 fault=RELAY_B_COIL_OPEN declaredMaximumStepSeconds=1.00000000e-05 stepRole=EXPERIMENTAL_CANDIDATE_NOT_PROMOTED cleanup=true elapsedMillis=0
Q30_STEP_PAIR seed=14 support=COMPACT_31 fault=RELAY_B_COIL_OPEN referenceMaximumStepSeconds=5.00000000e-06 experimentalCandidateMaximumStepSeconds=1.00000000e-05 candidateKind=EXPERIMENTAL_NOT_PROMOTED maxDeltaVolts=5.61595215e-11 toleranceVolts=0.119998186 phase=customer-retest sample=SENSORS_HIGH/REN.2-J1.2 referenceElapsedMillis=8791 experimentalCandidateElapsedMillis=4584 referenceSimSeconds=1.16036000 experimentalCandidateSimSeconds=1.16072000 referenceCleanupMillis=0 experimentalCandidateCleanupMillis=0 cleanup=true
Q30_STEP_SEED seed=14 support=COMPACT_31 referenceMaximumStepSeconds=5.00000000e-06 experimentalCandidateMaximumStepSeconds=1.00000000e-05 candidateKind=EXPERIMENTAL_NOT_PROMOTED routeTopology=RB30_SEPARATE_DIRECT_A_NMOS_B_NMOS_COMPACT_31 routeAndPairsElapsedMillis=17128
Q30_STEP_OWNER_CLEANUP seed=14 fault=DREV_OPEN declaredMaximumStepSeconds=5.00000000e-06 stepRole=PRODUCTION_5_US_REFERENCE cleanup=true elapsedMillis=0
Q30_STEP_SEED_CLEANUP seed=14 cleanup=true elapsedMillis=0
PASS: Q30 experimental solver step sensitivity assertions=1672 seed=14 support=COMPACT_31 faults=1 referenceMaximumStepSeconds=5.00000000e-06 experimentalCandidateMaximumStepSeconds=1.00000000e-05 candidateKind=EXPERIMENTAL_NOT_PROMOTED elapsedMillis=17128

node 11 unconnected
converged after 25 iterations, timeStep = 5.0E-6
converged after 6 iterations, timeStep = 5.0E-6
node 11 unconnected
node 11 unconnected
converged after 14 iterations, timeStep = 5.0E-6
node 11 unconnected
converged after 15 iterations, timeStep = 5.0E-6
node 11 unconnected
converged after 14 iterations, timeStep = 5.0E-6
node 11 unconnected
converged after 15 iterations, timeStep = 5.0E-6
node 11 unconnected
converged after 14 iterations, timeStep = 5.0E-6
node 11 unconnected
converged after 15 iterations, timeStep = 5.0E-6
node 11 unconnected
converged after 14 iterations, timeStep = 5.0E-6
node 11 unconnected
converged after 15 iterations, timeStep = 5.0E-6
node 11 unconnected
converged after 14 iterations, timeStep = 5.0E-6
node 11 unconnected
converged after 15 iterations, timeStep = 5.0E-6
node 11 unconnected
converged after 14 iterations, timeStep = 5.0E-6
node 11 unconnected
converged after 15 iterations, timeStep = 5.0E-6
node 11 unconnected
converged after 14 iterations, timeStep = 5.0E-6
node 11 unconnected
converged after 15 iterations, timeStep = 5.0E-6
node 11 unconnected
node 11 unconnected
node 11 unconnected
node 11 unconnected
node 11 unconnected
node 11 unconnected
node 50 unconnected
node 53 unconnected
node 56 unconnected
node 11 unconnected
node 11 unconnected
converged after 23 iterations, timeStep = 5.0E-6
node 11 unconnected
node 11 unconnected
converged after 14 iterations, timeStep = 5.0E-6
node 11 unconnected
converged after 15 iterations, timeStep = 5.0E-6
node 11 unconnected
converged after 14 iterations, timeStep = 5.0E-6
node 11 unconnected
converged after 15 iterations, timeStep = 5.0E-6
node 11 unconnected
node 11 unconnected
node 11 unconnected
node 11 unconnected
node 11 unconnected
node 11 unconnected
node 50 unconnected
node 53 unconnected
node 56 unconnected
node 11 unconnected
node 50 unconnected
node 53 unconnected
node 11 unconnected
node 50 unconnected
node 53 unconnected
converged after 23 iterations, timeStep = 5.0E-6
node 11 unconnected
node 50 unconnected
node 53 unconnected
node 11 unconnected
node 50 unconnected
node 53 unconnected
converged after 14 iterations, timeStep = 5.0E-6
node 11 unconnected
node 50 unconnected
node 53 unconnected
converged after 15 iterations, timeStep = 5.0E-6
node 11 unconnected
node 50 unconnected
node 53 unconnected
converged after 14 iterations, timeStep = 5.0E-6
node 11 unconnected
converged after 24 iterations, timeStep = 1.0E-5
node 11 unconnected
node 11 unconnected
converged after 14 iterations, timeStep = 1.0E-5
node 11 unconnected
converged after 15 iterations, timeStep = 1.0E-5
node 11 unconnected
converged after 14 iterations, timeStep = 1.0E-5
node 11 unconnected
converged after 15 iterations, timeStep = 1.0E-5
node 11 unconnected
converged after 14 iterations, timeStep = 1.0E-5
node 11 unconnected
converged after 15 iterations, timeStep = 1.0E-5
node 11 unconnected
converged after 14 iterations, timeStep = 1.0E-5
node 11 unconnected
converged after 15 iterations, timeStep = 1.0E-5
node 11 unconnected
converged after 14 iterations, timeStep = 1.0E-5
node 11 unconnected
converged after 15 iterations, timeStep = 1.0E-5
node 11 unconnected
converged after 14 iterations, timeStep = 1.0E-5
node 11 unconnected
converged after 15 iterations, timeStep = 1.0E-5
node 11 unconnected
converged after 14 iterations, timeStep = 1.0E-5
node 11 unconnected
converged after 15 iterations, timeStep = 1.0E-5
node 11 unconnected
node 11 unconnected
node 11 unconnected
node 11 unconnected
node 11 unconnected
node 11 unconnected
node 50 unconnected
node 53 unconnected
node 56 unconnected
node 11 unconnected
node 11 unconnected
converged after 23 iterations, timeStep = 1.0E-5
converged after 6 iterations, timeStep = 1.0E-5
node 11 unconnected
node 11 unconnected
converged after 14 iterations, timeStep = 1.0E-5
node 11 unconnected
converged after 15 iterations, timeStep = 1.0E-5
node 11 unconnected
converged after 14 iterations, timeStep = 1.0E-5
node 11 unconnected
converged after 15 iterations, timeStep = 1.0E-5
node 11 unconnected
node 11 unconnected
node 11 unconnected
node 11 unconnected
node 11 unconnected
node 11 unconnected
node 50 unconnected
node 53 unconnected
node 56 unconnected
node 11 unconnected
node 50 unconnected
node 53 unconnected
node 11 unconnected
node 50 unconnected
node 53 unconnected
converged after 23 iterations, timeStep = 1.0E-5
converged after 6 iterations, timeStep = 1.0E-5
node 11 unconnected
node 50 unconnected
node 53 unconnected
node 11 unconnected
node 50 unconnected
node 53 unconnected
converged after 14 iterations, timeStep = 1.0E-5
node 11 unconnected
node 50 unconnected
node 53 unconnected
converged after 15 iterations, timeStep = 1.0E-5
node 11 unconnected
node 50 unconnected
node 53 unconnected
converged after 14 iterations, timeStep = 1.0E-5

Q30_SENSITIVITY_CASE seed=43 fault=DREV_OPEN exit=1 termination=True qualified=False
Q30_STEP_PROFILE seed=43 fault=DREV_OPEN profile=initial-electrical-settle boundary=BEGIN stepRole=PRODUCTION_5_US_REFERENCE declaredMaximumStepSeconds=5.00000000e-06 configuredMaximumStepSeconds=5.00000000e-06 actualCurrentStepSeconds=5.00000000e-06 observedMinimumStepSeconds=5.00000000e-06 observedMaximumStepSeconds=5.00000000e-06 minimumTimeStepSeconds=5.00000000e-11 adaptive=true
Q30_STEP_PROFILE seed=43 fault=DREV_OPEN profile=initial-electrical-settle boundary=END stepRole=PRODUCTION_5_US_REFERENCE declaredMaximumStepSeconds=5.00000000e-06 configuredMaximumStepSeconds=5.00000000e-06 actualCurrentStepSeconds=5.00000000e-06 observedMinimumStepSeconds=5.00000000e-06 observedMaximumStepSeconds=5.00000000e-06 minimumTimeStepSeconds=5.00000000e-11 adaptive=true
Q30_STEP_PROFILE seed=43 fault=DREV_OPEN profile=healthy-preparation boundary=BEGIN stepRole=PRODUCTION_5_US_REFERENCE declaredMaximumStepSeconds=5.00000000e-06 configuredMaximumStepSeconds=5.00000000e-06 actualCurrentStepSeconds=5.00000000e-06 observedMinimumStepSeconds=5.00000000e-06 observedMaximumStepSeconds=5.00000000e-06 minimumTimeStepSeconds=5.00000000e-11 adaptive=true
Q30_STEP_PROFILE seed=43 fault=DREV_OPEN profile=healthy-preparation boundary=END stepRole=PRODUCTION_5_US_REFERENCE declaredMaximumStepSeconds=5.00000000e-06 configuredMaximumStepSeconds=5.00000000e-06 actualCurrentStepSeconds=5.00000000e-06 observedMinimumStepSeconds=5.00000000e-06 observedMaximumStepSeconds=5.00000000e-06 minimumTimeStepSeconds=5.00000000e-11 adaptive=true
Q30_STEP_PROFILE seed=43 fault=DREV_OPEN profile=fault-profile-preparation boundary=BEGIN stepRole=PRODUCTION_5_US_REFERENCE declaredMaximumStepSeconds=5.00000000e-06 configuredMaximumStepSeconds=5.00000000e-06 actualCurrentStepSeconds=5.00000000e-06 observedMinimumStepSeconds=5.00000000e-06 observedMaximumStepSeconds=5.00000000e-06 minimumTimeStepSeconds=5.00000000e-11 adaptive=true
Q30_STEP_PROFILE seed=43 fault=DREV_OPEN profile=fault-profile-preparation boundary=END stepRole=PRODUCTION_5_US_REFERENCE declaredMaximumStepSeconds=5.00000000e-06 configuredMaximumStepSeconds=5.00000000e-06 actualCurrentStepSeconds=5.00000000e-06 observedMinimumStepSeconds=5.00000000e-06 observedMaximumStepSeconds=5.00000000e-06 minimumTimeStepSeconds=5.00000000e-11 adaptive=true
Q30_STEP_PROFILE seed=43 fault=DREV_OPEN profile=faulted-four-input-profile boundary=BEGIN stepRole=PRODUCTION_5_US_REFERENCE declaredMaximumStepSeconds=5.00000000e-06 configuredMaximumStepSeconds=5.00000000e-06 actualCurrentStepSeconds=5.00000000e-06 observedMinimumStepSeconds=5.00000000e-06 observedMaximumStepSeconds=5.00000000e-06 minimumTimeStepSeconds=5.00000000e-11 adaptive=true
Q30_STEP_PROFILE seed=43 fault=DREV_OPEN profile=faulted-four-input-profile boundary=END stepRole=PRODUCTION_5_US_REFERENCE declaredMaximumStepSeconds=5.00000000e-06 configuredMaximumStepSeconds=5.00000000e-06 actualCurrentStepSeconds=5.00000000e-06 observedMinimumStepSeconds=5.00000000e-06 observedMaximumStepSeconds=5.00000000e-06 minimumTimeStepSeconds=5.00000000e-11 adaptive=true
Q30_STEP_PROFILE seed=43 fault=DREV_OPEN profile=unrepaired-customer-retest boundary=BEGIN stepRole=PRODUCTION_5_US_REFERENCE declaredMaximumStepSeconds=5.00000000e-06 configuredMaximumStepSeconds=5.00000000e-06 actualCurrentStepSeconds=5.00000000e-06 observedMinimumStepSeconds=5.00000000e-06 observedMaximumStepSeconds=5.00000000e-06 minimumTimeStepSeconds=5.00000000e-11 adaptive=true
Q30_STEP_PROFILE seed=43 fault=DREV_OPEN profile=unrepaired-customer-retest boundary=END stepRole=PRODUCTION_5_US_REFERENCE declaredMaximumStepSeconds=5.00000000e-06 configuredMaximumStepSeconds=5.00000000e-06 actualCurrentStepSeconds=5.00000000e-06 observedMinimumStepSeconds=5.00000000e-06 observedMaximumStepSeconds=5.00000000e-06 minimumTimeStepSeconds=5.00000000e-11 adaptive=true
Q30_STEP_PROFILE seed=43 fault=DREV_OPEN profile=service-power-off-wait boundary=BEGIN stepRole=PRODUCTION_5_US_REFERENCE declaredMaximumStepSeconds=5.00000000e-06 configuredMaximumStepSeconds=5.00000000e-06 actualCurrentStepSeconds=5.00000000e-06 observedMinimumStepSeconds=5.00000000e-06 observedMaximumStepSeconds=5.00000000e-06 minimumTimeStepSeconds=5.00000000e-11 adaptive=true
Q30_STEP_PROFILE seed=43 fault=DREV_OPEN profile=service-power-off-wait boundary=END stepRole=PRODUCTION_5_US_REFERENCE declaredMaximumStepSeconds=5.00000000e-06 configuredMaximumStepSeconds=5.00000000e-06 actualCurrentStepSeconds=5.00000000e-06 observedMinimumStepSeconds=5.00000000e-06 observedMaximumStepSeconds=5.00000000e-06 minimumTimeStepSeconds=5.00000000e-11 adaptive=true
Q30_STEP_PROFILE seed=43 fault=DREV_OPEN profile=reinstalled-original-customer-retest boundary=BEGIN stepRole=PRODUCTION_5_US_REFERENCE declaredMaximumStepSeconds=5.00000000e-06 configuredMaximumStepSeconds=5.00000000e-06 actualCurrentStepSeconds=5.00000000e-06 observedMinimumStepSeconds=5.00000000e-06 observedMaximumStepSeconds=5.00000000e-06 minimumTimeStepSeconds=5.00000000e-11 adaptive=true
Q30_STEP_PROFILE seed=43 fault=DREV_OPEN profile=reinstalled-original-customer-retest boundary=END stepRole=PRODUCTION_5_US_REFERENCE declaredMaximumStepSeconds=5.00000000e-06 configuredMaximumStepSeconds=5.00000000e-06 actualCurrentStepSeconds=5.00000000e-06 observedMinimumStepSeconds=5.00000000e-06 observedMaximumStepSeconds=5.00000000e-06 minimumTimeStepSeconds=5.00000000e-11 adaptive=true
Q30_STEP_PROFILE seed=43 fault=DREV_OPEN profile=service-power-off-wait boundary=BEGIN stepRole=PRODUCTION_5_US_REFERENCE declaredMaximumStepSeconds=5.00000000e-06 configuredMaximumStepSeconds=5.00000000e-06 actualCurrentStepSeconds=5.00000000e-06 observedMinimumStepSeconds=5.00000000e-06 observedMaximumStepSeconds=5.00000000e-06 minimumTimeStepSeconds=5.00000000e-11 adaptive=true
Q30_STEP_PROFILE seed=43 fault=DREV_OPEN profile=service-power-off-wait boundary=END stepRole=PRODUCTION_5_US_REFERENCE declaredMaximumStepSeconds=5.00000000e-06 configuredMaximumStepSeconds=5.00000000e-06 actualCurrentStepSeconds=5.00000000e-06 observedMinimumStepSeconds=5.00000000e-06 observedMaximumStepSeconds=5.00000000e-06 minimumTimeStepSeconds=5.00000000e-11 adaptive=true
Q30_STEP_PROFILE seed=43 fault=DREV_OPEN profile=repaired-customer-retest boundary=BEGIN stepRole=PRODUCTION_5_US_REFERENCE declaredMaximumStepSeconds=5.00000000e-06 configuredMaximumStepSeconds=5.00000000e-06 actualCurrentStepSeconds=5.00000000e-06 observedMinimumStepSeconds=5.00000000e-06 observedMaximumStepSeconds=5.00000000e-06 minimumTimeStepSeconds=5.00000000e-11 adaptive=true
Q30_STEP_PROFILE seed=43 fault=DREV_OPEN profile=repaired-customer-retest boundary=END stepRole=PRODUCTION_5_US_REFERENCE declaredMaximumStepSeconds=5.00000000e-06 configuredMaximumStepSeconds=5.00000000e-06 actualCurrentStepSeconds=5.00000000e-06 observedMinimumStepSeconds=5.00000000e-06 observedMaximumStepSeconds=5.00000000e-06 minimumTimeStepSeconds=5.00000000e-11 adaptive=true
Q30_STEP_OWNER_CLEANUP seed=43 fault=DREV_OPEN declaredMaximumStepSeconds=5.00000000e-06 stepRole=PRODUCTION_5_US_REFERENCE cleanup=true elapsedMillis=0
Q30_STEP_PROFILE seed=43 fault=DREV_OPEN profile=initial-electrical-settle boundary=BEGIN stepRole=EXPERIMENTAL_CANDIDATE_NOT_PROMOTED declaredMaximumStepSeconds=1.00000000e-05 configuredMaximumStepSeconds=1.00000000e-05 actualCurrentStepSeconds=1.00000000e-05 observedMinimumStepSeconds=1.00000000e-05 observedMaximumStepSeconds=1.00000000e-05 minimumTimeStepSeconds=5.00000000e-11 adaptive=true
Q30_STEP_PROFILE seed=43 fault=DREV_OPEN profile=initial-electrical-settle boundary=END stepRole=EXPERIMENTAL_CANDIDATE_NOT_PROMOTED declaredMaximumStepSeconds=1.00000000e-05 configuredMaximumStepSeconds=1.00000000e-05 actualCurrentStepSeconds=1.00000000e-05 observedMinimumStepSeconds=1.00000000e-05 observedMaximumStepSeconds=1.00000000e-05 minimumTimeStepSeconds=5.00000000e-11 adaptive=true
Q30_STEP_PROFILE seed=43 fault=DREV_OPEN profile=healthy-preparation boundary=BEGIN stepRole=EXPERIMENTAL_CANDIDATE_NOT_PROMOTED declaredMaximumStepSeconds=1.00000000e-05 configuredMaximumStepSeconds=1.00000000e-05 actualCurrentStepSeconds=1.00000000e-05 observedMinimumStepSeconds=1.00000000e-05 observedMaximumStepSeconds=1.00000000e-05 minimumTimeStepSeconds=5.00000000e-11 adaptive=true
Q30_STEP_PROFILE seed=43 fault=DREV_OPEN profile=healthy-preparation boundary=END stepRole=EXPERIMENTAL_CANDIDATE_NOT_PROMOTED declaredMaximumStepSeconds=1.00000000e-05 configuredMaximumStepSeconds=1.00000000e-05 actualCurrentStepSeconds=1.00000000e-05 observedMinimumStepSeconds=1.00000000e-05 observedMaximumStepSeconds=1.00000000e-05 minimumTimeStepSeconds=5.00000000e-11 adaptive=true
Q30_STEP_PROFILE seed=43 fault=DREV_OPEN profile=fault-profile-preparation boundary=BEGIN stepRole=EXPERIMENTAL_CANDIDATE_NOT_PROMOTED declaredMaximumStepSeconds=1.00000000e-05 configuredMaximumStepSeconds=1.00000000e-05 actualCurrentStepSeconds=1.00000000e-05 observedMinimumStepSeconds=1.00000000e-05 observedMaximumStepSeconds=1.00000000e-05 minimumTimeStepSeconds=5.00000000e-11 adaptive=true
Q30_STEP_FAILURE seed=43 fault=DREV_OPEN stage=temporal-advance phase=NONE profile=fault-profile-preparation durationSeconds=0.0300000000 declaredMaximumStepSeconds=1.00000000e-05 configuredMaximumStepSeconds=1.00000000e-05 actualCurrentStepSeconds=1.00000000e-05 U1_INPUT_to_U1_RETURN_V=34.8506785 U1_INPUT_to_J1_2_V=34.8506785 U1_RETURN_to_J1_2_V=0.00000000 regulatorModelInput_V=34.8506785 E02_maximumInput_V=24.0000000 diagnosticFailure=none originalException=java.lang.IllegalArgumentException:Rail input exceeds declared envelope
Q30_STEP_FAILURE seed=43 fault=DREV_OPEN stage=temporal-advance phase=NONE profile=fault-profile-preparation durationSeconds=0.0300000000 declaredMaximumStepSeconds=1.00000000e-05 configuredMaximumStepSeconds=1.00000000e-05 actualCurrentStepSeconds=1.00000000e-05 U1_INPUT_to_U1_RETURN_V=34.8506785 U1_INPUT_to_J1_2_V=34.8506785 U1_RETURN_to_J1_2_V=0.00000000 regulatorModelInput_V=34.8506785 E02_maximumInput_V=24.0000000 diagnosticFailure=none originalException=java.lang.IllegalArgumentException:Rail input exceeds declared envelope
Q30_STEP_OWNER_CLEANUP seed=43 fault=DREV_OPEN declaredMaximumStepSeconds=1.00000000e-05 stepRole=EXPERIMENTAL_CANDIDATE_NOT_PROMOTED cleanup=true elapsedMillis=0
Q30_STEP_SEED_CLEANUP seed=43 cleanup=true elapsedMillis=0

node 11 unconnected
converged after 25 iterations, timeStep = 5.0E-6
converged after 6 iterations, timeStep = 5.0E-6
node 11 unconnected
node 11 unconnected
converged after 16 iterations, timeStep = 5.0E-6
node 11 unconnected
converged after 19 iterations, timeStep = 5.0E-6
node 11 unconnected
converged after 19 iterations, timeStep = 5.0E-6
node 11 unconnected
converged after 9 iterations, timeStep = 5.0E-6
node 11 unconnected
converged after 16 iterations, timeStep = 5.0E-6
converged after 17 iterations, timeStep = 5.0E-6
node 11 unconnected
node 11 unconnected
node 11 unconnected
node 11 unconnected
node 11 unconnected
node 11 unconnected
node 11 unconnected
node 11 unconnected
node 11 unconnected
node 11 unconnected
node 11 unconnected
node 11 unconnected
node 11 unconnected
node 11 unconnected
node 11 unconnected
node 16 unconnected
node 20 unconnected
node 11 unconnected
node 11 unconnected
node 11 unconnected
node 11 unconnected
node 11 unconnected
node 11 unconnected
node 11 unconnected
node 11 unconnected
node 11 unconnected
node 11 unconnected
node 11 unconnected
node 11 unconnected
node 11 unconnected
node 16 unconnected
node 20 unconnected
node 11 unconnected
node 16 unconnected
node 20 unconnected
converged after 6 iterations, timeStep = 5.0E-6
converged after 6 iterations, timeStep = 5.0E-6
node 11 unconnected
node 16 unconnected
node 20 unconnected
converged after 40 iterations, timeStep = 5.0E-6
node 11 unconnected
node 16 unconnected
node 20 unconnected
converged after 10 iterations, timeStep = 5.0E-6
node 11 unconnected
node 16 unconnected
node 20 unconnected
converged after 16 iterations, timeStep = 5.0E-6
node 11 unconnected
node 16 unconnected
node 20 unconnected
converged after 17 iterations, timeStep = 5.0E-6
node 11 unconnected
node 16 unconnected
node 20 unconnected
converged after 18 iterations, timeStep = 5.0E-6
node 11 unconnected
converged after 24 iterations, timeStep = 1.0E-5
node 11 unconnected
node 11 unconnected
converged after 17 iterations, timeStep = 1.0E-5
node 11 unconnected
converged after 19 iterations, timeStep = 1.0E-5
node 11 unconnected
converged after 19 iterations, timeStep = 1.0E-5
node 11 unconnected
converged after 9 iterations, timeStep = 1.0E-5
node 11 unconnected
node 11 unconnected
Exception in thread "main" java.lang.IllegalArgumentException: Rail input exceeds declared envelope
	at com.lushprojects.circuitjs1.client.AbstractRailRegulatorElm.validateOperatingPoint(AbstractRailRegulatorElm.java:484)
	at com.lushprojects.circuitjs1.client.AbstractRailRegulatorElm.doStep(AbstractRailRegulatorElm.java:127)
	at com.lushprojects.circuitjs1.client.CirSim.runCircuitOwned(CirSim.java:3357)
	at com.lushprojects.circuitjs1.client.CircuitSolverExecutor.advanceFor(CircuitSolverExecutor.java:144)
	at com.lushprojects.circuitjs1.client.CircuitSolverExecutor.advanceFor(CircuitSolverExecutor.java:135)
	at com.lushprojects.circuitjs1.client.CirSim.advanceGeneratedTemporalSolver(CirSim.java:6344)
	at com.lushprojects.circuitjs1.client.CirSim.advanceGeneratedTemporalProfile(CirSim.java:6321)
	at com.lushprojects.circuitjs1.client.Q30SolverStepSensitivityContractTest$SensitivityCirSim.advanceGeneratedTemporalProfile(Q30SolverStepSensitivityContractTest.java:846)
	at com.lushprojects.circuitjs1.client.Rb30Behavior$ProfileWork.applyInput(Rb30Behavior.java:391)
	at com.lushprojects.circuitjs1.client.Rb30Behavior$ProfileWork.step(Rb30Behavior.java:356)
	at com.lushprojects.circuitjs1.client.GeneratedWork.complete(GeneratedWork.java:17)
	at com.lushprojects.circuitjs1.client.Rb30Behavior.prepareFaultedProfile(Rb30Behavior.java:171)
	at com.lushprojects.circuitjs1.client.Q30SolverStepSensitivityContractTest.runOwner(Q30SolverStepSensitivityContractTest.java:302)
	at com.lushprojects.circuitjs1.client.Q30SolverStepSensitivityContractTest.verifySeed(Q30SolverStepSensitivityContractTest.java:144)
	at com.lushprojects.circuitjs1.client.Q30SolverStepSensitivityContractTest.main(Q30SolverStepSensitivityContractTest.java:74)
	Suppressed: java.lang.IllegalArgumentException: Rail input exceeds declared envelope
		at com.lushprojects.circuitjs1.client.AbstractRailRegulatorElm.validateOperatingPoint(AbstractRailRegulatorElm.java:484)
		at com.lushprojects.circuitjs1.client.AbstractRailRegulatorElm.doStep(AbstractRailRegulatorElm.java:127)
		at com.lushprojects.circuitjs1.client.CirSim.runCircuitOwned(CirSim.java:3357)
		at com.lushprojects.circuitjs1.client.CircuitSolverExecutor.advanceFor(CircuitSolverExecutor.java:144)
		at com.lushprojects.circuitjs1.client.CircuitSolverExecutor.advanceFor(CircuitSolverExecutor.java:135)
		at com.lushprojects.circuitjs1.client.CirSim.advanceGeneratedTemporalSolver(CirSim.java:6344)
		at com.lushprojects.circuitjs1.client.CirSim.advanceGeneratedTemporalProfile(CirSim.java:6321)
		at com.lushprojects.circuitjs1.client.Q30SolverStepSensitivityContractTest$SensitivityCirSim.advanceGeneratedTemporalProfile(Q30SolverStepSensitivityContractTest.java:846)
		at com.lushprojects.circuitjs1.client.Rb30Behavior$ProfileWork.applyInput(Rb30Behavior.java:391)
		at com.lushprojects.circuitjs1.client.Rb30Behavior$ProfileWork.cancel(Rb30Behavior.java:421)
		at com.lushprojects.circuitjs1.client.GeneratedWork.cancelAfterFailure(GeneratedWork.java:29)
		at com.lushprojects.circuitjs1.client.GeneratedWork.complete(GeneratedWork.java:20)
		... 4 more

Q30_SENSITIVITY_CASE seed=43 fault=REN_OPEN exit=0 termination=True qualified=True
Q30_STEP_PROFILE seed=43 fault=REN_OPEN profile=initial-electrical-settle boundary=BEGIN stepRole=PRODUCTION_5_US_REFERENCE declaredMaximumStepSeconds=5.00000000e-06 configuredMaximumStepSeconds=5.00000000e-06 actualCurrentStepSeconds=5.00000000e-06 observedMinimumStepSeconds=5.00000000e-06 observedMaximumStepSeconds=5.00000000e-06 minimumTimeStepSeconds=5.00000000e-11 adaptive=true
Q30_STEP_PROFILE seed=43 fault=REN_OPEN profile=initial-electrical-settle boundary=END stepRole=PRODUCTION_5_US_REFERENCE declaredMaximumStepSeconds=5.00000000e-06 configuredMaximumStepSeconds=5.00000000e-06 actualCurrentStepSeconds=5.00000000e-06 observedMinimumStepSeconds=5.00000000e-06 observedMaximumStepSeconds=5.00000000e-06 minimumTimeStepSeconds=5.00000000e-11 adaptive=true
Q30_STEP_PROFILE seed=43 fault=REN_OPEN profile=healthy-preparation boundary=BEGIN stepRole=PRODUCTION_5_US_REFERENCE declaredMaximumStepSeconds=5.00000000e-06 configuredMaximumStepSeconds=5.00000000e-06 actualCurrentStepSeconds=5.00000000e-06 observedMinimumStepSeconds=5.00000000e-06 observedMaximumStepSeconds=5.00000000e-06 minimumTimeStepSeconds=5.00000000e-11 adaptive=true
Q30_STEP_PROFILE seed=43 fault=REN_OPEN profile=healthy-preparation boundary=END stepRole=PRODUCTION_5_US_REFERENCE declaredMaximumStepSeconds=5.00000000e-06 configuredMaximumStepSeconds=5.00000000e-06 actualCurrentStepSeconds=5.00000000e-06 observedMinimumStepSeconds=5.00000000e-06 observedMaximumStepSeconds=5.00000000e-06 minimumTimeStepSeconds=5.00000000e-11 adaptive=true
Q30_STEP_PROFILE seed=43 fault=REN_OPEN profile=fault-profile-preparation boundary=BEGIN stepRole=PRODUCTION_5_US_REFERENCE declaredMaximumStepSeconds=5.00000000e-06 configuredMaximumStepSeconds=5.00000000e-06 actualCurrentStepSeconds=5.00000000e-06 observedMinimumStepSeconds=5.00000000e-06 observedMaximumStepSeconds=5.00000000e-06 minimumTimeStepSeconds=5.00000000e-11 adaptive=true
Q30_STEP_PROFILE seed=43 fault=REN_OPEN profile=fault-profile-preparation boundary=END stepRole=PRODUCTION_5_US_REFERENCE declaredMaximumStepSeconds=5.00000000e-06 configuredMaximumStepSeconds=5.00000000e-06 actualCurrentStepSeconds=5.00000000e-06 observedMinimumStepSeconds=5.00000000e-06 observedMaximumStepSeconds=5.00000000e-06 minimumTimeStepSeconds=5.00000000e-11 adaptive=true
Q30_STEP_PROFILE seed=43 fault=REN_OPEN profile=faulted-four-input-profile boundary=BEGIN stepRole=PRODUCTION_5_US_REFERENCE declaredMaximumStepSeconds=5.00000000e-06 configuredMaximumStepSeconds=5.00000000e-06 actualCurrentStepSeconds=5.00000000e-06 observedMinimumStepSeconds=5.00000000e-06 observedMaximumStepSeconds=5.00000000e-06 minimumTimeStepSeconds=5.00000000e-11 adaptive=true
Q30_STEP_PROFILE seed=43 fault=REN_OPEN profile=faulted-four-input-profile boundary=END stepRole=PRODUCTION_5_US_REFERENCE declaredMaximumStepSeconds=5.00000000e-06 configuredMaximumStepSeconds=5.00000000e-06 actualCurrentStepSeconds=5.00000000e-06 observedMinimumStepSeconds=5.00000000e-06 observedMaximumStepSeconds=5.00000000e-06 minimumTimeStepSeconds=5.00000000e-11 adaptive=true
Q30_STEP_PROFILE seed=43 fault=REN_OPEN profile=unrepaired-customer-retest boundary=BEGIN stepRole=PRODUCTION_5_US_REFERENCE declaredMaximumStepSeconds=5.00000000e-06 configuredMaximumStepSeconds=5.00000000e-06 actualCurrentStepSeconds=5.00000000e-06 observedMinimumStepSeconds=5.00000000e-06 observedMaximumStepSeconds=5.00000000e-06 minimumTimeStepSeconds=5.00000000e-11 adaptive=true
Q30_STEP_PROFILE seed=43 fault=REN_OPEN profile=unrepaired-customer-retest boundary=END stepRole=PRODUCTION_5_US_REFERENCE declaredMaximumStepSeconds=5.00000000e-06 configuredMaximumStepSeconds=5.00000000e-06 actualCurrentStepSeconds=5.00000000e-06 observedMinimumStepSeconds=5.00000000e-06 observedMaximumStepSeconds=5.00000000e-06 minimumTimeStepSeconds=5.00000000e-11 adaptive=true
Q30_STEP_PROFILE seed=43 fault=REN_OPEN profile=service-power-off-wait boundary=BEGIN stepRole=PRODUCTION_5_US_REFERENCE declaredMaximumStepSeconds=5.00000000e-06 configuredMaximumStepSeconds=5.00000000e-06 actualCurrentStepSeconds=5.00000000e-06 observedMinimumStepSeconds=5.00000000e-06 observedMaximumStepSeconds=5.00000000e-06 minimumTimeStepSeconds=5.00000000e-11 adaptive=true
Q30_STEP_PROFILE seed=43 fault=REN_OPEN profile=service-power-off-wait boundary=END stepRole=PRODUCTION_5_US_REFERENCE declaredMaximumStepSeconds=5.00000000e-06 configuredMaximumStepSeconds=5.00000000e-06 actualCurrentStepSeconds=5.00000000e-06 observedMinimumStepSeconds=5.00000000e-06 observedMaximumStepSeconds=5.00000000e-06 minimumTimeStepSeconds=5.00000000e-11 adaptive=true
Q30_STEP_PROFILE seed=43 fault=REN_OPEN profile=reinstalled-original-customer-retest boundary=BEGIN stepRole=PRODUCTION_5_US_REFERENCE declaredMaximumStepSeconds=5.00000000e-06 configuredMaximumStepSeconds=5.00000000e-06 actualCurrentStepSeconds=5.00000000e-06 observedMinimumStepSeconds=5.00000000e-06 observedMaximumStepSeconds=5.00000000e-06 minimumTimeStepSeconds=5.00000000e-11 adaptive=true
Q30_STEP_PROFILE seed=43 fault=REN_OPEN profile=reinstalled-original-customer-retest boundary=END stepRole=PRODUCTION_5_US_REFERENCE declaredMaximumStepSeconds=5.00000000e-06 configuredMaximumStepSeconds=5.00000000e-06 actualCurrentStepSeconds=5.00000000e-06 observedMinimumStepSeconds=5.00000000e-06 observedMaximumStepSeconds=5.00000000e-06 minimumTimeStepSeconds=5.00000000e-11 adaptive=true
Q30_STEP_PROFILE seed=43 fault=REN_OPEN profile=service-power-off-wait boundary=BEGIN stepRole=PRODUCTION_5_US_REFERENCE declaredMaximumStepSeconds=5.00000000e-06 configuredMaximumStepSeconds=5.00000000e-06 actualCurrentStepSeconds=5.00000000e-06 observedMinimumStepSeconds=5.00000000e-06 observedMaximumStepSeconds=5.00000000e-06 minimumTimeStepSeconds=5.00000000e-11 adaptive=true
Q30_STEP_PROFILE seed=43 fault=REN_OPEN profile=service-power-off-wait boundary=END stepRole=PRODUCTION_5_US_REFERENCE declaredMaximumStepSeconds=5.00000000e-06 configuredMaximumStepSeconds=5.00000000e-06 actualCurrentStepSeconds=5.00000000e-06 observedMinimumStepSeconds=5.00000000e-06 observedMaximumStepSeconds=5.00000000e-06 minimumTimeStepSeconds=5.00000000e-11 adaptive=true
Q30_STEP_PROFILE seed=43 fault=REN_OPEN profile=repaired-customer-retest boundary=BEGIN stepRole=PRODUCTION_5_US_REFERENCE declaredMaximumStepSeconds=5.00000000e-06 configuredMaximumStepSeconds=5.00000000e-06 actualCurrentStepSeconds=5.00000000e-06 observedMinimumStepSeconds=5.00000000e-06 observedMaximumStepSeconds=5.00000000e-06 minimumTimeStepSeconds=5.00000000e-11 adaptive=true
Q30_STEP_PROFILE seed=43 fault=REN_OPEN profile=repaired-customer-retest boundary=END stepRole=PRODUCTION_5_US_REFERENCE declaredMaximumStepSeconds=5.00000000e-06 configuredMaximumStepSeconds=5.00000000e-06 actualCurrentStepSeconds=5.00000000e-06 observedMinimumStepSeconds=5.00000000e-06 observedMaximumStepSeconds=5.00000000e-06 minimumTimeStepSeconds=5.00000000e-11 adaptive=true
Q30_STEP_OWNER_CLEANUP seed=43 fault=REN_OPEN declaredMaximumStepSeconds=5.00000000e-06 stepRole=PRODUCTION_5_US_REFERENCE cleanup=true elapsedMillis=0
Q30_STEP_PROFILE seed=43 fault=REN_OPEN profile=initial-electrical-settle boundary=BEGIN stepRole=EXPERIMENTAL_CANDIDATE_NOT_PROMOTED declaredMaximumStepSeconds=1.00000000e-05 configuredMaximumStepSeconds=1.00000000e-05 actualCurrentStepSeconds=1.00000000e-05 observedMinimumStepSeconds=1.00000000e-05 observedMaximumStepSeconds=1.00000000e-05 minimumTimeStepSeconds=5.00000000e-11 adaptive=true
Q30_STEP_PROFILE seed=43 fault=REN_OPEN profile=initial-electrical-settle boundary=END stepRole=EXPERIMENTAL_CANDIDATE_NOT_PROMOTED declaredMaximumStepSeconds=1.00000000e-05 configuredMaximumStepSeconds=1.00000000e-05 actualCurrentStepSeconds=1.00000000e-05 observedMinimumStepSeconds=1.00000000e-05 observedMaximumStepSeconds=1.00000000e-05 minimumTimeStepSeconds=5.00000000e-11 adaptive=true
Q30_STEP_PROFILE seed=43 fault=REN_OPEN profile=healthy-preparation boundary=BEGIN stepRole=EXPERIMENTAL_CANDIDATE_NOT_PROMOTED declaredMaximumStepSeconds=1.00000000e-05 configuredMaximumStepSeconds=1.00000000e-05 actualCurrentStepSeconds=1.00000000e-05 observedMinimumStepSeconds=1.00000000e-05 observedMaximumStepSeconds=1.00000000e-05 minimumTimeStepSeconds=5.00000000e-11 adaptive=true
Q30_STEP_PROFILE seed=43 fault=REN_OPEN profile=healthy-preparation boundary=END stepRole=EXPERIMENTAL_CANDIDATE_NOT_PROMOTED declaredMaximumStepSeconds=1.00000000e-05 configuredMaximumStepSeconds=1.00000000e-05 actualCurrentStepSeconds=1.00000000e-05 observedMinimumStepSeconds=1.00000000e-05 observedMaximumStepSeconds=1.00000000e-05 minimumTimeStepSeconds=5.00000000e-11 adaptive=true
Q30_STEP_PROFILE seed=43 fault=REN_OPEN profile=fault-profile-preparation boundary=BEGIN stepRole=EXPERIMENTAL_CANDIDATE_NOT_PROMOTED declaredMaximumStepSeconds=1.00000000e-05 configuredMaximumStepSeconds=1.00000000e-05 actualCurrentStepSeconds=1.00000000e-05 observedMinimumStepSeconds=1.00000000e-05 observedMaximumStepSeconds=1.00000000e-05 minimumTimeStepSeconds=5.00000000e-11 adaptive=true
Q30_STEP_PROFILE seed=43 fault=REN_OPEN profile=fault-profile-preparation boundary=END stepRole=EXPERIMENTAL_CANDIDATE_NOT_PROMOTED declaredMaximumStepSeconds=1.00000000e-05 configuredMaximumStepSeconds=1.00000000e-05 actualCurrentStepSeconds=1.00000000e-05 observedMinimumStepSeconds=5.00000000e-06 observedMaximumStepSeconds=1.00000000e-05 minimumTimeStepSeconds=5.00000000e-11 adaptive=true
Q30_STEP_PROFILE seed=43 fault=REN_OPEN profile=faulted-four-input-profile boundary=BEGIN stepRole=EXPERIMENTAL_CANDIDATE_NOT_PROMOTED declaredMaximumStepSeconds=1.00000000e-05 configuredMaximumStepSeconds=1.00000000e-05 actualCurrentStepSeconds=1.00000000e-05 observedMinimumStepSeconds=1.00000000e-05 observedMaximumStepSeconds=1.00000000e-05 minimumTimeStepSeconds=5.00000000e-11 adaptive=true
Q30_STEP_PROFILE seed=43 fault=REN_OPEN profile=faulted-four-input-profile boundary=END stepRole=EXPERIMENTAL_CANDIDATE_NOT_PROMOTED declaredMaximumStepSeconds=1.00000000e-05 configuredMaximumStepSeconds=1.00000000e-05 actualCurrentStepSeconds=1.00000000e-05 observedMinimumStepSeconds=1.00000000e-05 observedMaximumStepSeconds=1.00000000e-05 minimumTimeStepSeconds=5.00000000e-11 adaptive=true
Q30_STEP_PROFILE seed=43 fault=REN_OPEN profile=unrepaired-customer-retest boundary=BEGIN stepRole=EXPERIMENTAL_CANDIDATE_NOT_PROMOTED declaredMaximumStepSeconds=1.00000000e-05 configuredMaximumStepSeconds=1.00000000e-05 actualCurrentStepSeconds=1.00000000e-05 observedMinimumStepSeconds=1.00000000e-05 observedMaximumStepSeconds=1.00000000e-05 minimumTimeStepSeconds=5.00000000e-11 adaptive=true
Q30_STEP_PROFILE seed=43 fault=REN_OPEN profile=unrepaired-customer-retest boundary=END stepRole=EXPERIMENTAL_CANDIDATE_NOT_PROMOTED declaredMaximumStepSeconds=1.00000000e-05 configuredMaximumStepSeconds=1.00000000e-05 actualCurrentStepSeconds=1.00000000e-05 observedMinimumStepSeconds=1.00000000e-05 observedMaximumStepSeconds=1.00000000e-05 minimumTimeStepSeconds=5.00000000e-11 adaptive=true
Q30_STEP_PROFILE seed=43 fault=REN_OPEN profile=service-power-off-wait boundary=BEGIN stepRole=EXPERIMENTAL_CANDIDATE_NOT_PROMOTED declaredMaximumStepSeconds=1.00000000e-05 configuredMaximumStepSeconds=1.00000000e-05 actualCurrentStepSeconds=1.00000000e-05 observedMinimumStepSeconds=1.00000000e-05 observedMaximumStepSeconds=1.00000000e-05 minimumTimeStepSeconds=5.00000000e-11 adaptive=true
Q30_STEP_PROFILE seed=43 fault=REN_OPEN profile=service-power-off-wait boundary=END stepRole=EXPERIMENTAL_CANDIDATE_NOT_PROMOTED declaredMaximumStepSeconds=1.00000000e-05 configuredMaximumStepSeconds=1.00000000e-05 actualCurrentStepSeconds=1.00000000e-05 observedMinimumStepSeconds=1.00000000e-05 observedMaximumStepSeconds=1.00000000e-05 minimumTimeStepSeconds=5.00000000e-11 adaptive=true
Q30_STEP_PROFILE seed=43 fault=REN_OPEN profile=reinstalled-original-customer-retest boundary=BEGIN stepRole=EXPERIMENTAL_CANDIDATE_NOT_PROMOTED declaredMaximumStepSeconds=1.00000000e-05 configuredMaximumStepSeconds=1.00000000e-05 actualCurrentStepSeconds=1.00000000e-05 observedMinimumStepSeconds=1.00000000e-05 observedMaximumStepSeconds=1.00000000e-05 minimumTimeStepSeconds=5.00000000e-11 adaptive=true
Q30_STEP_PROFILE seed=43 fault=REN_OPEN profile=reinstalled-original-customer-retest boundary=END stepRole=EXPERIMENTAL_CANDIDATE_NOT_PROMOTED declaredMaximumStepSeconds=1.00000000e-05 configuredMaximumStepSeconds=1.00000000e-05 actualCurrentStepSeconds=1.00000000e-05 observedMinimumStepSeconds=1.00000000e-05 observedMaximumStepSeconds=1.00000000e-05 minimumTimeStepSeconds=5.00000000e-11 adaptive=true
Q30_STEP_PROFILE seed=43 fault=REN_OPEN profile=service-power-off-wait boundary=BEGIN stepRole=EXPERIMENTAL_CANDIDATE_NOT_PROMOTED declaredMaximumStepSeconds=1.00000000e-05 configuredMaximumStepSeconds=1.00000000e-05 actualCurrentStepSeconds=1.00000000e-05 observedMinimumStepSeconds=1.00000000e-05 observedMaximumStepSeconds=1.00000000e-05 minimumTimeStepSeconds=5.00000000e-11 adaptive=true
Q30_STEP_PROFILE seed=43 fault=REN_OPEN profile=service-power-off-wait boundary=END stepRole=EXPERIMENTAL_CANDIDATE_NOT_PROMOTED declaredMaximumStepSeconds=1.00000000e-05 configuredMaximumStepSeconds=1.00000000e-05 actualCurrentStepSeconds=1.00000000e-05 observedMinimumStepSeconds=1.00000000e-05 observedMaximumStepSeconds=1.00000000e-05 minimumTimeStepSeconds=5.00000000e-11 adaptive=true
Q30_STEP_PROFILE seed=43 fault=REN_OPEN profile=repaired-customer-retest boundary=BEGIN stepRole=EXPERIMENTAL_CANDIDATE_NOT_PROMOTED declaredMaximumStepSeconds=1.00000000e-05 configuredMaximumStepSeconds=1.00000000e-05 actualCurrentStepSeconds=1.00000000e-05 observedMinimumStepSeconds=1.00000000e-05 observedMaximumStepSeconds=1.00000000e-05 minimumTimeStepSeconds=5.00000000e-11 adaptive=true
Q30_STEP_PROFILE seed=43 fault=REN_OPEN profile=repaired-customer-retest boundary=END stepRole=EXPERIMENTAL_CANDIDATE_NOT_PROMOTED declaredMaximumStepSeconds=1.00000000e-05 configuredMaximumStepSeconds=1.00000000e-05 actualCurrentStepSeconds=1.00000000e-05 observedMinimumStepSeconds=1.00000000e-05 observedMaximumStepSeconds=1.00000000e-05 minimumTimeStepSeconds=5.00000000e-11 adaptive=true
Q30_STEP_OWNER_CLEANUP seed=43 fault=REN_OPEN declaredMaximumStepSeconds=1.00000000e-05 stepRole=EXPERIMENTAL_CANDIDATE_NOT_PROMOTED cleanup=true elapsedMillis=0
Q30_STEP_PAIR seed=43 support=STANDARD_33 fault=REN_OPEN referenceMaximumStepSeconds=5.00000000e-06 experimentalCandidateMaximumStepSeconds=1.00000000e-05 candidateKind=EXPERIMENTAL_NOT_PROMOTED maxDeltaVolts=2.82088249e-05 toleranceVolts=0.0108710716 phase=faulted sample=SENSORS_LOW/U1.OUTPUT-J1.2 referenceElapsedMillis=7832 experimentalCandidateElapsedMillis=3881 referenceSimSeconds=1.16036000 experimentalCandidateSimSeconds=1.16072000 referenceCleanupMillis=0 experimentalCandidateCleanupMillis=0 cleanup=true
Q30_STEP_SEED seed=43 support=STANDARD_33 referenceMaximumStepSeconds=5.00000000e-06 experimentalCandidateMaximumStepSeconds=1.00000000e-05 candidateKind=EXPERIMENTAL_NOT_PROMOTED routeTopology=RB30_SHARED_HYSTERETIC_A_BJT_B_BJT_STANDARD_33 routeAndPairsElapsedMillis=15640
Q30_STEP_OWNER_CLEANUP seed=43 fault=DREV_OPEN declaredMaximumStepSeconds=5.00000000e-06 stepRole=PRODUCTION_5_US_REFERENCE cleanup=true elapsedMillis=0
Q30_STEP_SEED_CLEANUP seed=43 cleanup=true elapsedMillis=0
PASS: Q30 experimental solver step sensitivity assertions=1702 seed=43 support=STANDARD_33 faults=1 referenceMaximumStepSeconds=5.00000000e-06 experimentalCandidateMaximumStepSeconds=1.00000000e-05 candidateKind=EXPERIMENTAL_NOT_PROMOTED elapsedMillis=15641

node 11 unconnected
converged after 25 iterations, timeStep = 5.0E-6
converged after 6 iterations, timeStep = 5.0E-6
node 11 unconnected
node 11 unconnected
converged after 16 iterations, timeStep = 5.0E-6
node 11 unconnected
converged after 19 iterations, timeStep = 5.0E-6
node 11 unconnected
converged after 19 iterations, timeStep = 5.0E-6
node 11 unconnected
converged after 9 iterations, timeStep = 5.0E-6
node 11 unconnected
node 20 unconnected
converged after 17 iterations, timeStep = 5.0E-6
converged after 10 iterations, timeStep = 5.0E-6
node 11 unconnected
node 20 unconnected
node 11 unconnected
node 20 unconnected
node 11 unconnected
node 20 unconnected
node 11 unconnected
node 20 unconnected
node 11 unconnected
node 20 unconnected
node 11 unconnected
node 20 unconnected
node 11 unconnected
node 20 unconnected
node 11 unconnected
node 20 unconnected
node 11 unconnected
node 20 unconnected
node 11 unconnected
node 20 unconnected
node 11 unconnected
node 20 unconnected
node 11 unconnected
node 20 unconnected
node 11 unconnected
node 20 unconnected
node 11 unconnected
node 20 unconnected
node 11 unconnected
node 20 unconnected
node 21 unconnected
node 23 unconnected
node 11 unconnected
node 20 unconnected
node 11 unconnected
node 20 unconnected
converged after 6 iterations, timeStep = 5.0E-6
node 11 unconnected
node 20 unconnected
node 11 unconnected
node 20 unconnected
node 11 unconnected
node 20 unconnected
node 11 unconnected
node 20 unconnected
node 11 unconnected
node 20 unconnected
node 11 unconnected
node 20 unconnected
node 11 unconnected
node 20 unconnected
node 11 unconnected
node 20 unconnected
node 11 unconnected
node 20 unconnected
node 11 unconnected
node 20 unconnected
node 11 unconnected
node 20 unconnected
node 21 unconnected
node 23 unconnected
node 11 unconnected
node 21 unconnected
node 23 unconnected
node 11 unconnected
node 21 unconnected
node 23 unconnected
converged after 16 iterations, timeStep = 5.0E-6
converged after 7 iterations, timeStep = 5.0E-6
node 11 unconnected
node 21 unconnected
node 23 unconnected
converged after 9 iterations, timeStep = 5.0E-6
node 11 unconnected
node 21 unconnected
node 23 unconnected
converged after 16 iterations, timeStep = 5.0E-6
node 11 unconnected
node 21 unconnected
node 23 unconnected
converged after 19 iterations, timeStep = 5.0E-6
node 11 unconnected
node 21 unconnected
node 23 unconnected
converged after 19 iterations, timeStep = 5.0E-6
node 11 unconnected
converged after 24 iterations, timeStep = 1.0E-5
node 11 unconnected
node 11 unconnected
converged after 17 iterations, timeStep = 1.0E-5
node 11 unconnected
converged after 19 iterations, timeStep = 1.0E-5
node 11 unconnected
converged after 19 iterations, timeStep = 1.0E-5
node 11 unconnected
converged after 9 iterations, timeStep = 1.0E-5
node 11 unconnected
node 20 unconnected
converged after 15 iterations, timeStep = 1.0E-5
timestep down to 5.0E-6 at 0.15028000000000952
converged after 2 iterations, timeStep = 5.0E-6
converged after 2 iterations, timeStep = 5.0E-6
converged after 10 iterations, timeStep = 5.0E-6
converged after 2 iterations, timeStep = 5.0E-6
converged after 2 iterations, timeStep = 5.0E-6
converged after 2 iterations, timeStep = 5.0E-6
timestep up = 1.0E-5 at 0.15031000000000955
node 11 unconnected
node 20 unconnected
node 11 unconnected
node 20 unconnected
node 11 unconnected
node 20 unconnected
node 11 unconnected
node 20 unconnected
node 11 unconnected
node 20 unconnected
node 11 unconnected
node 20 unconnected
node 11 unconnected
node 20 unconnected
node 11 unconnected
node 20 unconnected
node 11 unconnected
node 20 unconnected
node 11 unconnected
node 20 unconnected
node 11 unconnected
node 20 unconnected
node 11 unconnected
node 20 unconnected
node 11 unconnected
node 20 unconnected
node 11 unconnected
node 20 unconnected
node 11 unconnected
node 20 unconnected
node 21 unconnected
node 23 unconnected
node 11 unconnected
node 20 unconnected
node 11 unconnected
node 20 unconnected
converged after 7 iterations, timeStep = 1.0E-5
node 11 unconnected
node 20 unconnected
node 11 unconnected
node 20 unconnected
node 11 unconnected
node 20 unconnected
node 11 unconnected
node 20 unconnected
node 11 unconnected
node 20 unconnected
node 11 unconnected
node 20 unconnected
node 11 unconnected
node 20 unconnected
node 11 unconnected
node 20 unconnected
node 11 unconnected
node 20 unconnected
node 11 unconnected
node 20 unconnected
node 11 unconnected
node 20 unconnected
node 21 unconnected
node 23 unconnected
node 11 unconnected
node 21 unconnected
node 23 unconnected
converged after 8 iterations, timeStep = 1.0E-5
node 11 unconnected
node 21 unconnected
node 23 unconnected
converged after 16 iterations, timeStep = 1.0E-5
converged after 6 iterations, timeStep = 1.0E-5
node 11 unconnected
node 21 unconnected
node 23 unconnected
converged after 9 iterations, timeStep = 1.0E-5
node 11 unconnected
node 21 unconnected
node 23 unconnected
converged after 17 iterations, timeStep = 1.0E-5
node 11 unconnected
node 21 unconnected
node 23 unconnected
converged after 19 iterations, timeStep = 1.0E-5
node 11 unconnected
node 21 unconnected
node 23 unconnected
converged after 19 iterations, timeStep = 1.0E-5

Q30_SENSITIVITY_CASE seed=43 fault=SENSOR_A_OPEN exit=0 termination=True qualified=True
Q30_STEP_PROFILE seed=43 fault=SENSOR_A_OPEN profile=initial-electrical-settle boundary=BEGIN stepRole=PRODUCTION_5_US_REFERENCE declaredMaximumStepSeconds=5.00000000e-06 configuredMaximumStepSeconds=5.00000000e-06 actualCurrentStepSeconds=5.00000000e-06 observedMinimumStepSeconds=5.00000000e-06 observedMaximumStepSeconds=5.00000000e-06 minimumTimeStepSeconds=5.00000000e-11 adaptive=true
Q30_STEP_PROFILE seed=43 fault=SENSOR_A_OPEN profile=initial-electrical-settle boundary=END stepRole=PRODUCTION_5_US_REFERENCE declaredMaximumStepSeconds=5.00000000e-06 configuredMaximumStepSeconds=5.00000000e-06 actualCurrentStepSeconds=5.00000000e-06 observedMinimumStepSeconds=5.00000000e-06 observedMaximumStepSeconds=5.00000000e-06 minimumTimeStepSeconds=5.00000000e-11 adaptive=true
Q30_STEP_PROFILE seed=43 fault=SENSOR_A_OPEN profile=healthy-preparation boundary=BEGIN stepRole=PRODUCTION_5_US_REFERENCE declaredMaximumStepSeconds=5.00000000e-06 configuredMaximumStepSeconds=5.00000000e-06 actualCurrentStepSeconds=5.00000000e-06 observedMinimumStepSeconds=5.00000000e-06 observedMaximumStepSeconds=5.00000000e-06 minimumTimeStepSeconds=5.00000000e-11 adaptive=true
Q30_STEP_PROFILE seed=43 fault=SENSOR_A_OPEN profile=healthy-preparation boundary=END stepRole=PRODUCTION_5_US_REFERENCE declaredMaximumStepSeconds=5.00000000e-06 configuredMaximumStepSeconds=5.00000000e-06 actualCurrentStepSeconds=5.00000000e-06 observedMinimumStepSeconds=5.00000000e-06 observedMaximumStepSeconds=5.00000000e-06 minimumTimeStepSeconds=5.00000000e-11 adaptive=true
Q30_STEP_PROFILE seed=43 fault=SENSOR_A_OPEN profile=fault-profile-preparation boundary=BEGIN stepRole=PRODUCTION_5_US_REFERENCE declaredMaximumStepSeconds=5.00000000e-06 configuredMaximumStepSeconds=5.00000000e-06 actualCurrentStepSeconds=5.00000000e-06 observedMinimumStepSeconds=5.00000000e-06 observedMaximumStepSeconds=5.00000000e-06 minimumTimeStepSeconds=5.00000000e-11 adaptive=true
Q30_STEP_PROFILE seed=43 fault=SENSOR_A_OPEN profile=fault-profile-preparation boundary=END stepRole=PRODUCTION_5_US_REFERENCE declaredMaximumStepSeconds=5.00000000e-06 configuredMaximumStepSeconds=5.00000000e-06 actualCurrentStepSeconds=5.00000000e-06 observedMinimumStepSeconds=5.00000000e-06 observedMaximumStepSeconds=5.00000000e-06 minimumTimeStepSeconds=5.00000000e-11 adaptive=true
Q30_STEP_PROFILE seed=43 fault=SENSOR_A_OPEN profile=faulted-four-input-profile boundary=BEGIN stepRole=PRODUCTION_5_US_REFERENCE declaredMaximumStepSeconds=5.00000000e-06 configuredMaximumStepSeconds=5.00000000e-06 actualCurrentStepSeconds=5.00000000e-06 observedMinimumStepSeconds=5.00000000e-06 observedMaximumStepSeconds=5.00000000e-06 minimumTimeStepSeconds=5.00000000e-11 adaptive=true
Q30_STEP_PROFILE seed=43 fault=SENSOR_A_OPEN profile=faulted-four-input-profile boundary=END stepRole=PRODUCTION_5_US_REFERENCE declaredMaximumStepSeconds=5.00000000e-06 configuredMaximumStepSeconds=5.00000000e-06 actualCurrentStepSeconds=5.00000000e-06 observedMinimumStepSeconds=5.00000000e-06 observedMaximumStepSeconds=5.00000000e-06 minimumTimeStepSeconds=5.00000000e-11 adaptive=true
Q30_STEP_PROFILE seed=43 fault=SENSOR_A_OPEN profile=unrepaired-customer-retest boundary=BEGIN stepRole=PRODUCTION_5_US_REFERENCE declaredMaximumStepSeconds=5.00000000e-06 configuredMaximumStepSeconds=5.00000000e-06 actualCurrentStepSeconds=5.00000000e-06 observedMinimumStepSeconds=5.00000000e-06 observedMaximumStepSeconds=5.00000000e-06 minimumTimeStepSeconds=5.00000000e-11 adaptive=true
Q30_STEP_PROFILE seed=43 fault=SENSOR_A_OPEN profile=unrepaired-customer-retest boundary=END stepRole=PRODUCTION_5_US_REFERENCE declaredMaximumStepSeconds=5.00000000e-06 configuredMaximumStepSeconds=5.00000000e-06 actualCurrentStepSeconds=5.00000000e-06 observedMinimumStepSeconds=5.00000000e-06 observedMaximumStepSeconds=5.00000000e-06 minimumTimeStepSeconds=5.00000000e-11 adaptive=true
Q30_STEP_PROFILE seed=43 fault=SENSOR_A_OPEN profile=service-power-off-wait boundary=BEGIN stepRole=PRODUCTION_5_US_REFERENCE declaredMaximumStepSeconds=5.00000000e-06 configuredMaximumStepSeconds=5.00000000e-06 actualCurrentStepSeconds=5.00000000e-06 observedMinimumStepSeconds=5.00000000e-06 observedMaximumStepSeconds=5.00000000e-06 minimumTimeStepSeconds=5.00000000e-11 adaptive=true
Q30_STEP_PROFILE seed=43 fault=SENSOR_A_OPEN profile=service-power-off-wait boundary=END stepRole=PRODUCTION_5_US_REFERENCE declaredMaximumStepSeconds=5.00000000e-06 configuredMaximumStepSeconds=5.00000000e-06 actualCurrentStepSeconds=5.00000000e-06 observedMinimumStepSeconds=2.50000000e-06 observedMaximumStepSeconds=5.00000000e-06 minimumTimeStepSeconds=5.00000000e-11 adaptive=true
Q30_STEP_PROFILE seed=43 fault=SENSOR_A_OPEN profile=reinstalled-original-customer-retest boundary=BEGIN stepRole=PRODUCTION_5_US_REFERENCE declaredMaximumStepSeconds=5.00000000e-06 configuredMaximumStepSeconds=5.00000000e-06 actualCurrentStepSeconds=5.00000000e-06 observedMinimumStepSeconds=5.00000000e-06 observedMaximumStepSeconds=5.00000000e-06 minimumTimeStepSeconds=5.00000000e-11 adaptive=true
Q30_STEP_PROFILE seed=43 fault=SENSOR_A_OPEN profile=reinstalled-original-customer-retest boundary=END stepRole=PRODUCTION_5_US_REFERENCE declaredMaximumStepSeconds=5.00000000e-06 configuredMaximumStepSeconds=5.00000000e-06 actualCurrentStepSeconds=5.00000000e-06 observedMinimumStepSeconds=5.00000000e-06 observedMaximumStepSeconds=5.00000000e-06 minimumTimeStepSeconds=5.00000000e-11 adaptive=true
Q30_STEP_PROFILE seed=43 fault=SENSOR_A_OPEN profile=service-power-off-wait boundary=BEGIN stepRole=PRODUCTION_5_US_REFERENCE declaredMaximumStepSeconds=5.00000000e-06 configuredMaximumStepSeconds=5.00000000e-06 actualCurrentStepSeconds=5.00000000e-06 observedMinimumStepSeconds=5.00000000e-06 observedMaximumStepSeconds=5.00000000e-06 minimumTimeStepSeconds=5.00000000e-11 adaptive=true
Q30_STEP_PROFILE seed=43 fault=SENSOR_A_OPEN profile=service-power-off-wait boundary=END stepRole=PRODUCTION_5_US_REFERENCE declaredMaximumStepSeconds=5.00000000e-06 configuredMaximumStepSeconds=5.00000000e-06 actualCurrentStepSeconds=5.00000000e-06 observedMinimumStepSeconds=2.50000000e-06 observedMaximumStepSeconds=5.00000000e-06 minimumTimeStepSeconds=5.00000000e-11 adaptive=true
Q30_STEP_PROFILE seed=43 fault=SENSOR_A_OPEN profile=repaired-customer-retest boundary=BEGIN stepRole=PRODUCTION_5_US_REFERENCE declaredMaximumStepSeconds=5.00000000e-06 configuredMaximumStepSeconds=5.00000000e-06 actualCurrentStepSeconds=5.00000000e-06 observedMinimumStepSeconds=5.00000000e-06 observedMaximumStepSeconds=5.00000000e-06 minimumTimeStepSeconds=5.00000000e-11 adaptive=true
Q30_STEP_PROFILE seed=43 fault=SENSOR_A_OPEN profile=repaired-customer-retest boundary=END stepRole=PRODUCTION_5_US_REFERENCE declaredMaximumStepSeconds=5.00000000e-06 configuredMaximumStepSeconds=5.00000000e-06 actualCurrentStepSeconds=5.00000000e-06 observedMinimumStepSeconds=5.00000000e-06 observedMaximumStepSeconds=5.00000000e-06 minimumTimeStepSeconds=5.00000000e-11 adaptive=true
Q30_STEP_OWNER_CLEANUP seed=43 fault=SENSOR_A_OPEN declaredMaximumStepSeconds=5.00000000e-06 stepRole=PRODUCTION_5_US_REFERENCE cleanup=true elapsedMillis=0
Q30_STEP_PROFILE seed=43 fault=SENSOR_A_OPEN profile=initial-electrical-settle boundary=BEGIN stepRole=EXPERIMENTAL_CANDIDATE_NOT_PROMOTED declaredMaximumStepSeconds=1.00000000e-05 configuredMaximumStepSeconds=1.00000000e-05 actualCurrentStepSeconds=1.00000000e-05 observedMinimumStepSeconds=1.00000000e-05 observedMaximumStepSeconds=1.00000000e-05 minimumTimeStepSeconds=5.00000000e-11 adaptive=true
Q30_STEP_PROFILE seed=43 fault=SENSOR_A_OPEN profile=initial-electrical-settle boundary=END stepRole=EXPERIMENTAL_CANDIDATE_NOT_PROMOTED declaredMaximumStepSeconds=1.00000000e-05 configuredMaximumStepSeconds=1.00000000e-05 actualCurrentStepSeconds=1.00000000e-05 observedMinimumStepSeconds=1.00000000e-05 observedMaximumStepSeconds=1.00000000e-05 minimumTimeStepSeconds=5.00000000e-11 adaptive=true
Q30_STEP_PROFILE seed=43 fault=SENSOR_A_OPEN profile=healthy-preparation boundary=BEGIN stepRole=EXPERIMENTAL_CANDIDATE_NOT_PROMOTED declaredMaximumStepSeconds=1.00000000e-05 configuredMaximumStepSeconds=1.00000000e-05 actualCurrentStepSeconds=1.00000000e-05 observedMinimumStepSeconds=1.00000000e-05 observedMaximumStepSeconds=1.00000000e-05 minimumTimeStepSeconds=5.00000000e-11 adaptive=true
Q30_STEP_PROFILE seed=43 fault=SENSOR_A_OPEN profile=healthy-preparation boundary=END stepRole=EXPERIMENTAL_CANDIDATE_NOT_PROMOTED declaredMaximumStepSeconds=1.00000000e-05 configuredMaximumStepSeconds=1.00000000e-05 actualCurrentStepSeconds=1.00000000e-05 observedMinimumStepSeconds=1.00000000e-05 observedMaximumStepSeconds=1.00000000e-05 minimumTimeStepSeconds=5.00000000e-11 adaptive=true
Q30_STEP_PROFILE seed=43 fault=SENSOR_A_OPEN profile=fault-profile-preparation boundary=BEGIN stepRole=EXPERIMENTAL_CANDIDATE_NOT_PROMOTED declaredMaximumStepSeconds=1.00000000e-05 configuredMaximumStepSeconds=1.00000000e-05 actualCurrentStepSeconds=1.00000000e-05 observedMinimumStepSeconds=1.00000000e-05 observedMaximumStepSeconds=1.00000000e-05 minimumTimeStepSeconds=5.00000000e-11 adaptive=true
Q30_STEP_PROFILE seed=43 fault=SENSOR_A_OPEN profile=fault-profile-preparation boundary=END stepRole=EXPERIMENTAL_CANDIDATE_NOT_PROMOTED declaredMaximumStepSeconds=1.00000000e-05 configuredMaximumStepSeconds=1.00000000e-05 actualCurrentStepSeconds=1.00000000e-05 observedMinimumStepSeconds=1.00000000e-05 observedMaximumStepSeconds=1.00000000e-05 minimumTimeStepSeconds=5.00000000e-11 adaptive=true
Q30_STEP_PROFILE seed=43 fault=SENSOR_A_OPEN profile=faulted-four-input-profile boundary=BEGIN stepRole=EXPERIMENTAL_CANDIDATE_NOT_PROMOTED declaredMaximumStepSeconds=1.00000000e-05 configuredMaximumStepSeconds=1.00000000e-05 actualCurrentStepSeconds=1.00000000e-05 observedMinimumStepSeconds=1.00000000e-05 observedMaximumStepSeconds=1.00000000e-05 minimumTimeStepSeconds=5.00000000e-11 adaptive=true
Q30_STEP_PROFILE seed=43 fault=SENSOR_A_OPEN profile=faulted-four-input-profile boundary=END stepRole=EXPERIMENTAL_CANDIDATE_NOT_PROMOTED declaredMaximumStepSeconds=1.00000000e-05 configuredMaximumStepSeconds=1.00000000e-05 actualCurrentStepSeconds=1.00000000e-05 observedMinimumStepSeconds=1.00000000e-05 observedMaximumStepSeconds=1.00000000e-05 minimumTimeStepSeconds=5.00000000e-11 adaptive=true
Q30_STEP_PROFILE seed=43 fault=SENSOR_A_OPEN profile=unrepaired-customer-retest boundary=BEGIN stepRole=EXPERIMENTAL_CANDIDATE_NOT_PROMOTED declaredMaximumStepSeconds=1.00000000e-05 configuredMaximumStepSeconds=1.00000000e-05 actualCurrentStepSeconds=1.00000000e-05 observedMinimumStepSeconds=1.00000000e-05 observedMaximumStepSeconds=1.00000000e-05 minimumTimeStepSeconds=5.00000000e-11 adaptive=true
Q30_STEP_PROFILE seed=43 fault=SENSOR_A_OPEN profile=unrepaired-customer-retest boundary=END stepRole=EXPERIMENTAL_CANDIDATE_NOT_PROMOTED declaredMaximumStepSeconds=1.00000000e-05 configuredMaximumStepSeconds=1.00000000e-05 actualCurrentStepSeconds=1.00000000e-05 observedMinimumStepSeconds=1.00000000e-05 observedMaximumStepSeconds=1.00000000e-05 minimumTimeStepSeconds=5.00000000e-11 adaptive=true
Q30_STEP_PROFILE seed=43 fault=SENSOR_A_OPEN profile=service-power-off-wait boundary=BEGIN stepRole=EXPERIMENTAL_CANDIDATE_NOT_PROMOTED declaredMaximumStepSeconds=1.00000000e-05 configuredMaximumStepSeconds=1.00000000e-05 actualCurrentStepSeconds=1.00000000e-05 observedMinimumStepSeconds=1.00000000e-05 observedMaximumStepSeconds=1.00000000e-05 minimumTimeStepSeconds=5.00000000e-11 adaptive=true
Q30_STEP_PROFILE seed=43 fault=SENSOR_A_OPEN profile=service-power-off-wait boundary=END stepRole=EXPERIMENTAL_CANDIDATE_NOT_PROMOTED declaredMaximumStepSeconds=1.00000000e-05 configuredMaximumStepSeconds=1.00000000e-05 actualCurrentStepSeconds=1.00000000e-05 observedMinimumStepSeconds=1.00000000e-05 observedMaximumStepSeconds=1.00000000e-05 minimumTimeStepSeconds=5.00000000e-11 adaptive=true
Q30_STEP_PROFILE seed=43 fault=SENSOR_A_OPEN profile=reinstalled-original-customer-retest boundary=BEGIN stepRole=EXPERIMENTAL_CANDIDATE_NOT_PROMOTED declaredMaximumStepSeconds=1.00000000e-05 configuredMaximumStepSeconds=1.00000000e-05 actualCurrentStepSeconds=1.00000000e-05 observedMinimumStepSeconds=1.00000000e-05 observedMaximumStepSeconds=1.00000000e-05 minimumTimeStepSeconds=5.00000000e-11 adaptive=true
Q30_STEP_PROFILE seed=43 fault=SENSOR_A_OPEN profile=reinstalled-original-customer-retest boundary=END stepRole=EXPERIMENTAL_CANDIDATE_NOT_PROMOTED declaredMaximumStepSeconds=1.00000000e-05 configuredMaximumStepSeconds=1.00000000e-05 actualCurrentStepSeconds=1.00000000e-05 observedMinimumStepSeconds=1.00000000e-05 observedMaximumStepSeconds=1.00000000e-05 minimumTimeStepSeconds=5.00000000e-11 adaptive=true
Q30_STEP_PROFILE seed=43 fault=SENSOR_A_OPEN profile=service-power-off-wait boundary=BEGIN stepRole=EXPERIMENTAL_CANDIDATE_NOT_PROMOTED declaredMaximumStepSeconds=1.00000000e-05 configuredMaximumStepSeconds=1.00000000e-05 actualCurrentStepSeconds=1.00000000e-05 observedMinimumStepSeconds=1.00000000e-05 observedMaximumStepSeconds=1.00000000e-05 minimumTimeStepSeconds=5.00000000e-11 adaptive=true
Q30_STEP_PROFILE seed=43 fault=SENSOR_A_OPEN profile=service-power-off-wait boundary=END stepRole=EXPERIMENTAL_CANDIDATE_NOT_PROMOTED declaredMaximumStepSeconds=1.00000000e-05 configuredMaximumStepSeconds=1.00000000e-05 actualCurrentStepSeconds=1.00000000e-05 observedMinimumStepSeconds=1.00000000e-05 observedMaximumStepSeconds=1.00000000e-05 minimumTimeStepSeconds=5.00000000e-11 adaptive=true
Q30_STEP_PROFILE seed=43 fault=SENSOR_A_OPEN profile=repaired-customer-retest boundary=BEGIN stepRole=EXPERIMENTAL_CANDIDATE_NOT_PROMOTED declaredMaximumStepSeconds=1.00000000e-05 configuredMaximumStepSeconds=1.00000000e-05 actualCurrentStepSeconds=1.00000000e-05 observedMinimumStepSeconds=1.00000000e-05 observedMaximumStepSeconds=1.00000000e-05 minimumTimeStepSeconds=5.00000000e-11 adaptive=true
Q30_STEP_PROFILE seed=43 fault=SENSOR_A_OPEN profile=repaired-customer-retest boundary=END stepRole=EXPERIMENTAL_CANDIDATE_NOT_PROMOTED declaredMaximumStepSeconds=1.00000000e-05 configuredMaximumStepSeconds=1.00000000e-05 actualCurrentStepSeconds=1.00000000e-05 observedMinimumStepSeconds=1.00000000e-05 observedMaximumStepSeconds=1.00000000e-05 minimumTimeStepSeconds=5.00000000e-11 adaptive=true
Q30_STEP_OWNER_CLEANUP seed=43 fault=SENSOR_A_OPEN declaredMaximumStepSeconds=1.00000000e-05 stepRole=EXPERIMENTAL_CANDIDATE_NOT_PROMOTED cleanup=true elapsedMillis=0
Q30_STEP_PAIR seed=43 support=STANDARD_33 fault=SENSOR_A_OPEN referenceMaximumStepSeconds=5.00000000e-06 experimentalCandidateMaximumStepSeconds=1.00000000e-05 candidateKind=EXPERIMENTAL_NOT_PROMOTED maxDeltaVolts=4.07389678e-11 toleranceVolts=0.120001309 phase=healthy sample=SENSORS_HIGH/REN.2-J1.2 referenceElapsedMillis=8913 experimentalCandidateElapsedMillis=4571 referenceSimSeconds=1.16036000 experimentalCandidateSimSeconds=1.16072000 referenceCleanupMillis=0 experimentalCandidateCleanupMillis=0 cleanup=true
Q30_STEP_SEED seed=43 support=STANDARD_33 referenceMaximumStepSeconds=5.00000000e-06 experimentalCandidateMaximumStepSeconds=1.00000000e-05 candidateKind=EXPERIMENTAL_NOT_PROMOTED routeTopology=RB30_SHARED_HYSTERETIC_A_BJT_B_BJT_STANDARD_33 routeAndPairsElapsedMillis=17272
Q30_STEP_OWNER_CLEANUP seed=43 fault=DREV_OPEN declaredMaximumStepSeconds=5.00000000e-06 stepRole=PRODUCTION_5_US_REFERENCE cleanup=true elapsedMillis=0
Q30_STEP_SEED_CLEANUP seed=43 cleanup=true elapsedMillis=0
PASS: Q30 experimental solver step sensitivity assertions=1702 seed=43 support=STANDARD_33 faults=1 referenceMaximumStepSeconds=5.00000000e-06 experimentalCandidateMaximumStepSeconds=1.00000000e-05 candidateKind=EXPERIMENTAL_NOT_PROMOTED elapsedMillis=17273

node 11 unconnected
converged after 25 iterations, timeStep = 5.0E-6
converged after 6 iterations, timeStep = 5.0E-6
node 11 unconnected
node 11 unconnected
converged after 16 iterations, timeStep = 5.0E-6
node 11 unconnected
converged after 19 iterations, timeStep = 5.0E-6
node 11 unconnected
converged after 19 iterations, timeStep = 5.0E-6
node 11 unconnected
converged after 9 iterations, timeStep = 5.0E-6
node 11 unconnected
converged after 16 iterations, timeStep = 5.0E-6
node 11 unconnected
converged after 9 iterations, timeStep = 5.0E-6
node 11 unconnected
node 11 unconnected
converged after 16 iterations, timeStep = 5.0E-6
node 11 unconnected
node 11 unconnected
converged after 9 iterations, timeStep = 5.0E-6
node 11 unconnected
node 11 unconnected
converged after 16 iterations, timeStep = 5.0E-6
node 11 unconnected
node 7 unconnected
node 11 unconnected
node 7 unconnected
node 11 unconnected
timestep down to 2.5E-6 at 0.4230049999993923
converged after 1 iterations, timeStep = 2.5E-6
converged after 1 iterations, timeStep = 2.5E-6
converged after 4 iterations, timeStep = 2.5E-6
converged after 2 iterations, timeStep = 2.5E-6
converged after 2 iterations, timeStep = 2.5E-6
converged after 2 iterations, timeStep = 2.5E-6
timestep up = 5.0E-6 at 0.4230199999993924
converged after 9 iterations, timeStep = 5.0E-6
node 7 unconnected
node 11 unconnected
node 7 unconnected
node 11 unconnected
node 7 unconnected
node 11 unconnected
node 7 unconnected
node 11 unconnected
node 7 unconnected
node 11 unconnected
node 28 unconnected
node 30 unconnected
node 7 unconnected
node 11 unconnected
node 11 unconnected
converged after 23 iterations, timeStep = 5.0E-6
node 11 unconnected
node 11 unconnected
node 11 unconnected
converged after 16 iterations, timeStep = 5.0E-6
node 11 unconnected
node 7 unconnected
node 11 unconnected
node 7 unconnected
node 11 unconnected
timestep down to 2.5E-6 at 0.7931650000009626
converged after 1 iterations, timeStep = 2.5E-6
converged after 1 iterations, timeStep = 2.5E-6
converged after 4 iterations, timeStep = 2.5E-6
converged after 2 iterations, timeStep = 2.5E-6
converged after 2 iterations, timeStep = 2.5E-6
converged after 2 iterations, timeStep = 2.5E-6
timestep up = 5.0E-6 at 0.7931800000009627
converged after 9 iterations, timeStep = 5.0E-6
node 7 unconnected
node 11 unconnected
node 7 unconnected
node 11 unconnected
node 7 unconnected
node 11 unconnected
node 7 unconnected
node 11 unconnected
node 7 unconnected
node 11 unconnected
node 28 unconnected
node 30 unconnected
node 11 unconnected
node 28 unconnected
node 30 unconnected
node 11 unconnected
node 28 unconnected
node 30 unconnected
converged after 23 iterations, timeStep = 5.0E-6
node 11 unconnected
node 28 unconnected
node 30 unconnected
node 11 unconnected
node 28 unconnected
node 30 unconnected
converged after 16 iterations, timeStep = 5.0E-6
node 11 unconnected
node 28 unconnected
node 30 unconnected
converged after 19 iterations, timeStep = 5.0E-6
node 11 unconnected
node 28 unconnected
node 30 unconnected
converged after 19 iterations, timeStep = 5.0E-6
node 11 unconnected
converged after 24 iterations, timeStep = 1.0E-5
node 11 unconnected
node 11 unconnected
converged after 17 iterations, timeStep = 1.0E-5
node 11 unconnected
converged after 19 iterations, timeStep = 1.0E-5
node 11 unconnected
converged after 19 iterations, timeStep = 1.0E-5
node 11 unconnected
converged after 9 iterations, timeStep = 1.0E-5
node 11 unconnected
converged after 17 iterations, timeStep = 1.0E-5
node 11 unconnected
converged after 9 iterations, timeStep = 1.0E-5
node 11 unconnected
node 11 unconnected
converged after 17 iterations, timeStep = 1.0E-5
node 11 unconnected
node 11 unconnected
converged after 9 iterations, timeStep = 1.0E-5
node 11 unconnected
node 11 unconnected
converged after 17 iterations, timeStep = 1.0E-5
node 11 unconnected
node 7 unconnected
node 11 unconnected
node 7 unconnected
node 11 unconnected
converged after 9 iterations, timeStep = 1.0E-5
node 7 unconnected
node 11 unconnected
node 7 unconnected
node 11 unconnected
node 7 unconnected
node 11 unconnected
node 7 unconnected
node 11 unconnected
node 7 unconnected
node 11 unconnected
node 28 unconnected
node 30 unconnected
node 7 unconnected
node 11 unconnected
node 11 unconnected
converged after 23 iterations, timeStep = 1.0E-5
converged after 6 iterations, timeStep = 1.0E-5
node 11 unconnected
node 11 unconnected
node 11 unconnected
converged after 17 iterations, timeStep = 1.0E-5
node 11 unconnected
node 7 unconnected
node 11 unconnected
node 7 unconnected
node 11 unconnected
converged after 9 iterations, timeStep = 1.0E-5
node 7 unconnected
node 11 unconnected
node 7 unconnected
node 11 unconnected
node 7 unconnected
node 11 unconnected
node 7 unconnected
node 11 unconnected
node 7 unconnected
node 11 unconnected
node 28 unconnected
node 30 unconnected
node 11 unconnected
node 28 unconnected
node 30 unconnected
node 11 unconnected
node 28 unconnected
node 30 unconnected
converged after 23 iterations, timeStep = 1.0E-5
converged after 6 iterations, timeStep = 1.0E-5
node 11 unconnected
node 28 unconnected
node 30 unconnected
node 11 unconnected
node 28 unconnected
node 30 unconnected
converged after 17 iterations, timeStep = 1.0E-5
node 11 unconnected
node 28 unconnected
node 30 unconnected
converged after 19 iterations, timeStep = 1.0E-5
node 11 unconnected
node 28 unconnected
node 30 unconnected
converged after 19 iterations, timeStep = 1.0E-5

Q30_SENSITIVITY_CASE seed=43 fault=DRIVE_A_OPEN exit=0 termination=True qualified=True
Q30_STEP_PROFILE seed=43 fault=DRIVE_A_OPEN profile=initial-electrical-settle boundary=BEGIN stepRole=PRODUCTION_5_US_REFERENCE declaredMaximumStepSeconds=5.00000000e-06 configuredMaximumStepSeconds=5.00000000e-06 actualCurrentStepSeconds=5.00000000e-06 observedMinimumStepSeconds=5.00000000e-06 observedMaximumStepSeconds=5.00000000e-06 minimumTimeStepSeconds=5.00000000e-11 adaptive=true
Q30_STEP_PROFILE seed=43 fault=DRIVE_A_OPEN profile=initial-electrical-settle boundary=END stepRole=PRODUCTION_5_US_REFERENCE declaredMaximumStepSeconds=5.00000000e-06 configuredMaximumStepSeconds=5.00000000e-06 actualCurrentStepSeconds=5.00000000e-06 observedMinimumStepSeconds=5.00000000e-06 observedMaximumStepSeconds=5.00000000e-06 minimumTimeStepSeconds=5.00000000e-11 adaptive=true
Q30_STEP_PROFILE seed=43 fault=DRIVE_A_OPEN profile=healthy-preparation boundary=BEGIN stepRole=PRODUCTION_5_US_REFERENCE declaredMaximumStepSeconds=5.00000000e-06 configuredMaximumStepSeconds=5.00000000e-06 actualCurrentStepSeconds=5.00000000e-06 observedMinimumStepSeconds=5.00000000e-06 observedMaximumStepSeconds=5.00000000e-06 minimumTimeStepSeconds=5.00000000e-11 adaptive=true
Q30_STEP_PROFILE seed=43 fault=DRIVE_A_OPEN profile=healthy-preparation boundary=END stepRole=PRODUCTION_5_US_REFERENCE declaredMaximumStepSeconds=5.00000000e-06 configuredMaximumStepSeconds=5.00000000e-06 actualCurrentStepSeconds=5.00000000e-06 observedMinimumStepSeconds=5.00000000e-06 observedMaximumStepSeconds=5.00000000e-06 minimumTimeStepSeconds=5.00000000e-11 adaptive=true
Q30_STEP_PROFILE seed=43 fault=DRIVE_A_OPEN profile=fault-profile-preparation boundary=BEGIN stepRole=PRODUCTION_5_US_REFERENCE declaredMaximumStepSeconds=5.00000000e-06 configuredMaximumStepSeconds=5.00000000e-06 actualCurrentStepSeconds=5.00000000e-06 observedMinimumStepSeconds=5.00000000e-06 observedMaximumStepSeconds=5.00000000e-06 minimumTimeStepSeconds=5.00000000e-11 adaptive=true
Q30_STEP_PROFILE seed=43 fault=DRIVE_A_OPEN profile=fault-profile-preparation boundary=END stepRole=PRODUCTION_5_US_REFERENCE declaredMaximumStepSeconds=5.00000000e-06 configuredMaximumStepSeconds=5.00000000e-06 actualCurrentStepSeconds=5.00000000e-06 observedMinimumStepSeconds=5.00000000e-06 observedMaximumStepSeconds=5.00000000e-06 minimumTimeStepSeconds=5.00000000e-11 adaptive=true
Q30_STEP_PROFILE seed=43 fault=DRIVE_A_OPEN profile=faulted-four-input-profile boundary=BEGIN stepRole=PRODUCTION_5_US_REFERENCE declaredMaximumStepSeconds=5.00000000e-06 configuredMaximumStepSeconds=5.00000000e-06 actualCurrentStepSeconds=5.00000000e-06 observedMinimumStepSeconds=5.00000000e-06 observedMaximumStepSeconds=5.00000000e-06 minimumTimeStepSeconds=5.00000000e-11 adaptive=true
Q30_STEP_PROFILE seed=43 fault=DRIVE_A_OPEN profile=faulted-four-input-profile boundary=END stepRole=PRODUCTION_5_US_REFERENCE declaredMaximumStepSeconds=5.00000000e-06 configuredMaximumStepSeconds=5.00000000e-06 actualCurrentStepSeconds=5.00000000e-06 observedMinimumStepSeconds=5.00000000e-06 observedMaximumStepSeconds=5.00000000e-06 minimumTimeStepSeconds=5.00000000e-11 adaptive=true
Q30_STEP_PROFILE seed=43 fault=DRIVE_A_OPEN profile=unrepaired-customer-retest boundary=BEGIN stepRole=PRODUCTION_5_US_REFERENCE declaredMaximumStepSeconds=5.00000000e-06 configuredMaximumStepSeconds=5.00000000e-06 actualCurrentStepSeconds=5.00000000e-06 observedMinimumStepSeconds=5.00000000e-06 observedMaximumStepSeconds=5.00000000e-06 minimumTimeStepSeconds=5.00000000e-11 adaptive=true
Q30_STEP_PROFILE seed=43 fault=DRIVE_A_OPEN profile=unrepaired-customer-retest boundary=END stepRole=PRODUCTION_5_US_REFERENCE declaredMaximumStepSeconds=5.00000000e-06 configuredMaximumStepSeconds=5.00000000e-06 actualCurrentStepSeconds=5.00000000e-06 observedMinimumStepSeconds=5.00000000e-06 observedMaximumStepSeconds=5.00000000e-06 minimumTimeStepSeconds=5.00000000e-11 adaptive=true
Q30_STEP_PROFILE seed=43 fault=DRIVE_A_OPEN profile=service-power-off-wait boundary=BEGIN stepRole=PRODUCTION_5_US_REFERENCE declaredMaximumStepSeconds=5.00000000e-06 configuredMaximumStepSeconds=5.00000000e-06 actualCurrentStepSeconds=5.00000000e-06 observedMinimumStepSeconds=5.00000000e-06 observedMaximumStepSeconds=5.00000000e-06 minimumTimeStepSeconds=5.00000000e-11 adaptive=true
Q30_STEP_PROFILE seed=43 fault=DRIVE_A_OPEN profile=service-power-off-wait boundary=END stepRole=PRODUCTION_5_US_REFERENCE declaredMaximumStepSeconds=5.00000000e-06 configuredMaximumStepSeconds=5.00000000e-06 actualCurrentStepSeconds=5.00000000e-06 observedMinimumStepSeconds=2.50000000e-06 observedMaximumStepSeconds=5.00000000e-06 minimumTimeStepSeconds=5.00000000e-11 adaptive=true
Q30_STEP_PROFILE seed=43 fault=DRIVE_A_OPEN profile=reinstalled-original-customer-retest boundary=BEGIN stepRole=PRODUCTION_5_US_REFERENCE declaredMaximumStepSeconds=5.00000000e-06 configuredMaximumStepSeconds=5.00000000e-06 actualCurrentStepSeconds=5.00000000e-06 observedMinimumStepSeconds=5.00000000e-06 observedMaximumStepSeconds=5.00000000e-06 minimumTimeStepSeconds=5.00000000e-11 adaptive=true
Q30_STEP_PROFILE seed=43 fault=DRIVE_A_OPEN profile=reinstalled-original-customer-retest boundary=END stepRole=PRODUCTION_5_US_REFERENCE declaredMaximumStepSeconds=5.00000000e-06 configuredMaximumStepSeconds=5.00000000e-06 actualCurrentStepSeconds=5.00000000e-06 observedMinimumStepSeconds=5.00000000e-06 observedMaximumStepSeconds=5.00000000e-06 minimumTimeStepSeconds=5.00000000e-11 adaptive=true
Q30_STEP_PROFILE seed=43 fault=DRIVE_A_OPEN profile=service-power-off-wait boundary=BEGIN stepRole=PRODUCTION_5_US_REFERENCE declaredMaximumStepSeconds=5.00000000e-06 configuredMaximumStepSeconds=5.00000000e-06 actualCurrentStepSeconds=5.00000000e-06 observedMinimumStepSeconds=5.00000000e-06 observedMaximumStepSeconds=5.00000000e-06 minimumTimeStepSeconds=5.00000000e-11 adaptive=true
Q30_STEP_PROFILE seed=43 fault=DRIVE_A_OPEN profile=service-power-off-wait boundary=END stepRole=PRODUCTION_5_US_REFERENCE declaredMaximumStepSeconds=5.00000000e-06 configuredMaximumStepSeconds=5.00000000e-06 actualCurrentStepSeconds=5.00000000e-06 observedMinimumStepSeconds=2.50000000e-06 observedMaximumStepSeconds=5.00000000e-06 minimumTimeStepSeconds=5.00000000e-11 adaptive=true
Q30_STEP_PROFILE seed=43 fault=DRIVE_A_OPEN profile=repaired-customer-retest boundary=BEGIN stepRole=PRODUCTION_5_US_REFERENCE declaredMaximumStepSeconds=5.00000000e-06 configuredMaximumStepSeconds=5.00000000e-06 actualCurrentStepSeconds=5.00000000e-06 observedMinimumStepSeconds=5.00000000e-06 observedMaximumStepSeconds=5.00000000e-06 minimumTimeStepSeconds=5.00000000e-11 adaptive=true
Q30_STEP_PROFILE seed=43 fault=DRIVE_A_OPEN profile=repaired-customer-retest boundary=END stepRole=PRODUCTION_5_US_REFERENCE declaredMaximumStepSeconds=5.00000000e-06 configuredMaximumStepSeconds=5.00000000e-06 actualCurrentStepSeconds=5.00000000e-06 observedMinimumStepSeconds=5.00000000e-06 observedMaximumStepSeconds=5.00000000e-06 minimumTimeStepSeconds=5.00000000e-11 adaptive=true
Q30_STEP_OWNER_CLEANUP seed=43 fault=DRIVE_A_OPEN declaredMaximumStepSeconds=5.00000000e-06 stepRole=PRODUCTION_5_US_REFERENCE cleanup=true elapsedMillis=0
Q30_STEP_PROFILE seed=43 fault=DRIVE_A_OPEN profile=initial-electrical-settle boundary=BEGIN stepRole=EXPERIMENTAL_CANDIDATE_NOT_PROMOTED declaredMaximumStepSeconds=1.00000000e-05 configuredMaximumStepSeconds=1.00000000e-05 actualCurrentStepSeconds=1.00000000e-05 observedMinimumStepSeconds=1.00000000e-05 observedMaximumStepSeconds=1.00000000e-05 minimumTimeStepSeconds=5.00000000e-11 adaptive=true
Q30_STEP_PROFILE seed=43 fault=DRIVE_A_OPEN profile=initial-electrical-settle boundary=END stepRole=EXPERIMENTAL_CANDIDATE_NOT_PROMOTED declaredMaximumStepSeconds=1.00000000e-05 configuredMaximumStepSeconds=1.00000000e-05 actualCurrentStepSeconds=1.00000000e-05 observedMinimumStepSeconds=1.00000000e-05 observedMaximumStepSeconds=1.00000000e-05 minimumTimeStepSeconds=5.00000000e-11 adaptive=true
Q30_STEP_PROFILE seed=43 fault=DRIVE_A_OPEN profile=healthy-preparation boundary=BEGIN stepRole=EXPERIMENTAL_CANDIDATE_NOT_PROMOTED declaredMaximumStepSeconds=1.00000000e-05 configuredMaximumStepSeconds=1.00000000e-05 actualCurrentStepSeconds=1.00000000e-05 observedMinimumStepSeconds=1.00000000e-05 observedMaximumStepSeconds=1.00000000e-05 minimumTimeStepSeconds=5.00000000e-11 adaptive=true
Q30_STEP_PROFILE seed=43 fault=DRIVE_A_OPEN profile=healthy-preparation boundary=END stepRole=EXPERIMENTAL_CANDIDATE_NOT_PROMOTED declaredMaximumStepSeconds=1.00000000e-05 configuredMaximumStepSeconds=1.00000000e-05 actualCurrentStepSeconds=1.00000000e-05 observedMinimumStepSeconds=1.00000000e-05 observedMaximumStepSeconds=1.00000000e-05 minimumTimeStepSeconds=5.00000000e-11 adaptive=true
Q30_STEP_PROFILE seed=43 fault=DRIVE_A_OPEN profile=fault-profile-preparation boundary=BEGIN stepRole=EXPERIMENTAL_CANDIDATE_NOT_PROMOTED declaredMaximumStepSeconds=1.00000000e-05 configuredMaximumStepSeconds=1.00000000e-05 actualCurrentStepSeconds=1.00000000e-05 observedMinimumStepSeconds=1.00000000e-05 observedMaximumStepSeconds=1.00000000e-05 minimumTimeStepSeconds=5.00000000e-11 adaptive=true
Q30_STEP_PROFILE seed=43 fault=DRIVE_A_OPEN profile=fault-profile-preparation boundary=END stepRole=EXPERIMENTAL_CANDIDATE_NOT_PROMOTED declaredMaximumStepSeconds=1.00000000e-05 configuredMaximumStepSeconds=1.00000000e-05 actualCurrentStepSeconds=1.00000000e-05 observedMinimumStepSeconds=1.00000000e-05 observedMaximumStepSeconds=1.00000000e-05 minimumTimeStepSeconds=5.00000000e-11 adaptive=true
Q30_STEP_PROFILE seed=43 fault=DRIVE_A_OPEN profile=faulted-four-input-profile boundary=BEGIN stepRole=EXPERIMENTAL_CANDIDATE_NOT_PROMOTED declaredMaximumStepSeconds=1.00000000e-05 configuredMaximumStepSeconds=1.00000000e-05 actualCurrentStepSeconds=1.00000000e-05 observedMinimumStepSeconds=1.00000000e-05 observedMaximumStepSeconds=1.00000000e-05 minimumTimeStepSeconds=5.00000000e-11 adaptive=true
Q30_STEP_PROFILE seed=43 fault=DRIVE_A_OPEN profile=faulted-four-input-profile boundary=END stepRole=EXPERIMENTAL_CANDIDATE_NOT_PROMOTED declaredMaximumStepSeconds=1.00000000e-05 configuredMaximumStepSeconds=1.00000000e-05 actualCurrentStepSeconds=1.00000000e-05 observedMinimumStepSeconds=1.00000000e-05 observedMaximumStepSeconds=1.00000000e-05 minimumTimeStepSeconds=5.00000000e-11 adaptive=true
Q30_STEP_PROFILE seed=43 fault=DRIVE_A_OPEN profile=unrepaired-customer-retest boundary=BEGIN stepRole=EXPERIMENTAL_CANDIDATE_NOT_PROMOTED declaredMaximumStepSeconds=1.00000000e-05 configuredMaximumStepSeconds=1.00000000e-05 actualCurrentStepSeconds=1.00000000e-05 observedMinimumStepSeconds=1.00000000e-05 observedMaximumStepSeconds=1.00000000e-05 minimumTimeStepSeconds=5.00000000e-11 adaptive=true
Q30_STEP_PROFILE seed=43 fault=DRIVE_A_OPEN profile=unrepaired-customer-retest boundary=END stepRole=EXPERIMENTAL_CANDIDATE_NOT_PROMOTED declaredMaximumStepSeconds=1.00000000e-05 configuredMaximumStepSeconds=1.00000000e-05 actualCurrentStepSeconds=1.00000000e-05 observedMinimumStepSeconds=1.00000000e-05 observedMaximumStepSeconds=1.00000000e-05 minimumTimeStepSeconds=5.00000000e-11 adaptive=true
Q30_STEP_PROFILE seed=43 fault=DRIVE_A_OPEN profile=service-power-off-wait boundary=BEGIN stepRole=EXPERIMENTAL_CANDIDATE_NOT_PROMOTED declaredMaximumStepSeconds=1.00000000e-05 configuredMaximumStepSeconds=1.00000000e-05 actualCurrentStepSeconds=1.00000000e-05 observedMinimumStepSeconds=1.00000000e-05 observedMaximumStepSeconds=1.00000000e-05 minimumTimeStepSeconds=5.00000000e-11 adaptive=true
Q30_STEP_PROFILE seed=43 fault=DRIVE_A_OPEN profile=service-power-off-wait boundary=END stepRole=EXPERIMENTAL_CANDIDATE_NOT_PROMOTED declaredMaximumStepSeconds=1.00000000e-05 configuredMaximumStepSeconds=1.00000000e-05 actualCurrentStepSeconds=1.00000000e-05 observedMinimumStepSeconds=1.00000000e-05 observedMaximumStepSeconds=1.00000000e-05 minimumTimeStepSeconds=5.00000000e-11 adaptive=true
Q30_STEP_PROFILE seed=43 fault=DRIVE_A_OPEN profile=reinstalled-original-customer-retest boundary=BEGIN stepRole=EXPERIMENTAL_CANDIDATE_NOT_PROMOTED declaredMaximumStepSeconds=1.00000000e-05 configuredMaximumStepSeconds=1.00000000e-05 actualCurrentStepSeconds=1.00000000e-05 observedMinimumStepSeconds=1.00000000e-05 observedMaximumStepSeconds=1.00000000e-05 minimumTimeStepSeconds=5.00000000e-11 adaptive=true
Q30_STEP_PROFILE seed=43 fault=DRIVE_A_OPEN profile=reinstalled-original-customer-retest boundary=END stepRole=EXPERIMENTAL_CANDIDATE_NOT_PROMOTED declaredMaximumStepSeconds=1.00000000e-05 configuredMaximumStepSeconds=1.00000000e-05 actualCurrentStepSeconds=1.00000000e-05 observedMinimumStepSeconds=1.00000000e-05 observedMaximumStepSeconds=1.00000000e-05 minimumTimeStepSeconds=5.00000000e-11 adaptive=true
Q30_STEP_PROFILE seed=43 fault=DRIVE_A_OPEN profile=service-power-off-wait boundary=BEGIN stepRole=EXPERIMENTAL_CANDIDATE_NOT_PROMOTED declaredMaximumStepSeconds=1.00000000e-05 configuredMaximumStepSeconds=1.00000000e-05 actualCurrentStepSeconds=1.00000000e-05 observedMinimumStepSeconds=1.00000000e-05 observedMaximumStepSeconds=1.00000000e-05 minimumTimeStepSeconds=5.00000000e-11 adaptive=true
Q30_STEP_PROFILE seed=43 fault=DRIVE_A_OPEN profile=service-power-off-wait boundary=END stepRole=EXPERIMENTAL_CANDIDATE_NOT_PROMOTED declaredMaximumStepSeconds=1.00000000e-05 configuredMaximumStepSeconds=1.00000000e-05 actualCurrentStepSeconds=1.00000000e-05 observedMinimumStepSeconds=1.00000000e-05 observedMaximumStepSeconds=1.00000000e-05 minimumTimeStepSeconds=5.00000000e-11 adaptive=true
Q30_STEP_PROFILE seed=43 fault=DRIVE_A_OPEN profile=repaired-customer-retest boundary=BEGIN stepRole=EXPERIMENTAL_CANDIDATE_NOT_PROMOTED declaredMaximumStepSeconds=1.00000000e-05 configuredMaximumStepSeconds=1.00000000e-05 actualCurrentStepSeconds=1.00000000e-05 observedMinimumStepSeconds=1.00000000e-05 observedMaximumStepSeconds=1.00000000e-05 minimumTimeStepSeconds=5.00000000e-11 adaptive=true
Q30_STEP_PROFILE seed=43 fault=DRIVE_A_OPEN profile=repaired-customer-retest boundary=END stepRole=EXPERIMENTAL_CANDIDATE_NOT_PROMOTED declaredMaximumStepSeconds=1.00000000e-05 configuredMaximumStepSeconds=1.00000000e-05 actualCurrentStepSeconds=1.00000000e-05 observedMinimumStepSeconds=1.00000000e-05 observedMaximumStepSeconds=1.00000000e-05 minimumTimeStepSeconds=5.00000000e-11 adaptive=true
Q30_STEP_OWNER_CLEANUP seed=43 fault=DRIVE_A_OPEN declaredMaximumStepSeconds=1.00000000e-05 stepRole=EXPERIMENTAL_CANDIDATE_NOT_PROMOTED cleanup=true elapsedMillis=0
Q30_STEP_PAIR seed=43 support=STANDARD_33 fault=DRIVE_A_OPEN referenceMaximumStepSeconds=5.00000000e-06 experimentalCandidateMaximumStepSeconds=1.00000000e-05 candidateKind=EXPERIMENTAL_NOT_PROMOTED maxDeltaVolts=4.43716175e-11 toleranceVolts=0.120001309 phase=customer-retest sample=SENSORS_HIGH/REN.2-J1.2 referenceElapsedMillis=8887 experimentalCandidateElapsedMillis=4471 referenceSimSeconds=1.16036000 experimentalCandidateSimSeconds=1.16072000 referenceCleanupMillis=0 experimentalCandidateCleanupMillis=0 cleanup=true
Q30_STEP_SEED seed=43 support=STANDARD_33 referenceMaximumStepSeconds=5.00000000e-06 experimentalCandidateMaximumStepSeconds=1.00000000e-05 candidateKind=EXPERIMENTAL_NOT_PROMOTED routeTopology=RB30_SHARED_HYSTERETIC_A_BJT_B_BJT_STANDARD_33 routeAndPairsElapsedMillis=16987
Q30_STEP_OWNER_CLEANUP seed=43 fault=DREV_OPEN declaredMaximumStepSeconds=5.00000000e-06 stepRole=PRODUCTION_5_US_REFERENCE cleanup=true elapsedMillis=0
Q30_STEP_SEED_CLEANUP seed=43 cleanup=true elapsedMillis=0
PASS: Q30 experimental solver step sensitivity assertions=1702 seed=43 support=STANDARD_33 faults=1 referenceMaximumStepSeconds=5.00000000e-06 experimentalCandidateMaximumStepSeconds=1.00000000e-05 candidateKind=EXPERIMENTAL_NOT_PROMOTED elapsedMillis=16987

node 11 unconnected
converged after 25 iterations, timeStep = 5.0E-6
converged after 6 iterations, timeStep = 5.0E-6
node 11 unconnected
node 11 unconnected
converged after 16 iterations, timeStep = 5.0E-6
node 11 unconnected
converged after 19 iterations, timeStep = 5.0E-6
node 11 unconnected
converged after 19 iterations, timeStep = 5.0E-6
node 11 unconnected
converged after 9 iterations, timeStep = 5.0E-6
node 11 unconnected
converged after 16 iterations, timeStep = 5.0E-6
node 11 unconnected
converged after 9 iterations, timeStep = 5.0E-6
node 11 unconnected
node 11 unconnected
converged after 16 iterations, timeStep = 5.0E-6
node 11 unconnected
node 11 unconnected
converged after 9 iterations, timeStep = 5.0E-6
node 11 unconnected
node 11 unconnected
converged after 16 iterations, timeStep = 5.0E-6
node 11 unconnected
node 11 unconnected
node 11 unconnected
timestep down to 2.5E-6 at 0.4230049999993923
converged after 1 iterations, timeStep = 2.5E-6
converged after 1 iterations, timeStep = 2.5E-6
converged after 4 iterations, timeStep = 2.5E-6
converged after 2 iterations, timeStep = 2.5E-6
converged after 2 iterations, timeStep = 2.5E-6
converged after 2 iterations, timeStep = 2.5E-6
timestep up = 5.0E-6 at 0.4230199999993924
converged after 9 iterations, timeStep = 5.0E-6
node 11 unconnected
node 11 unconnected
node 11 unconnected
node 11 unconnected
node 11 unconnected
node 35 unconnected
node 38 unconnected
node 11 unconnected
node 11 unconnected
converged after 23 iterations, timeStep = 5.0E-6
node 11 unconnected
node 11 unconnected
node 11 unconnected
converged after 16 iterations, timeStep = 5.0E-6
node 11 unconnected
node 11 unconnected
node 11 unconnected
timestep down to 2.5E-6 at 0.7931650000009626
converged after 1 iterations, timeStep = 2.5E-6
converged after 1 iterations, timeStep = 2.5E-6
converged after 4 iterations, timeStep = 2.5E-6
converged after 2 iterations, timeStep = 2.5E-6
converged after 2 iterations, timeStep = 2.5E-6
converged after 2 iterations, timeStep = 2.5E-6
timestep up = 5.0E-6 at 0.7931800000009627
converged after 9 iterations, timeStep = 5.0E-6
node 11 unconnected
node 11 unconnected
node 11 unconnected
node 11 unconnected
node 11 unconnected
node 35 unconnected
node 38 unconnected
node 11 unconnected
node 35 unconnected
node 38 unconnected
node 11 unconnected
node 35 unconnected
node 38 unconnected
converged after 23 iterations, timeStep = 5.0E-6
node 11 unconnected
node 35 unconnected
node 38 unconnected
node 11 unconnected
node 35 unconnected
node 38 unconnected
converged after 16 iterations, timeStep = 5.0E-6
node 11 unconnected
node 35 unconnected
node 38 unconnected
converged after 19 iterations, timeStep = 5.0E-6
node 11 unconnected
node 35 unconnected
node 38 unconnected
converged after 19 iterations, timeStep = 5.0E-6
node 11 unconnected
converged after 24 iterations, timeStep = 1.0E-5
node 11 unconnected
node 11 unconnected
converged after 17 iterations, timeStep = 1.0E-5
node 11 unconnected
converged after 19 iterations, timeStep = 1.0E-5
node 11 unconnected
converged after 19 iterations, timeStep = 1.0E-5
node 11 unconnected
converged after 9 iterations, timeStep = 1.0E-5
node 11 unconnected
converged after 17 iterations, timeStep = 1.0E-5
node 11 unconnected
converged after 9 iterations, timeStep = 1.0E-5
node 11 unconnected
node 11 unconnected
converged after 17 iterations, timeStep = 1.0E-5
node 11 unconnected
node 11 unconnected
converged after 9 iterations, timeStep = 1.0E-5
node 11 unconnected
node 11 unconnected
converged after 17 iterations, timeStep = 1.0E-5
node 11 unconnected
node 11 unconnected
node 11 unconnected
converged after 9 iterations, timeStep = 1.0E-5
node 11 unconnected
node 11 unconnected
node 11 unconnected
node 11 unconnected
node 11 unconnected
node 35 unconnected
node 38 unconnected
node 11 unconnected
node 11 unconnected
converged after 23 iterations, timeStep = 1.0E-5
converged after 6 iterations, timeStep = 1.0E-5
node 11 unconnected
node 11 unconnected
node 11 unconnected
converged after 17 iterations, timeStep = 1.0E-5
node 11 unconnected
node 11 unconnected
node 11 unconnected
converged after 9 iterations, timeStep = 1.0E-5
node 11 unconnected
node 11 unconnected
node 11 unconnected
node 11 unconnected
node 11 unconnected
node 35 unconnected
node 38 unconnected
node 11 unconnected
node 35 unconnected
node 38 unconnected
node 11 unconnected
node 35 unconnected
node 38 unconnected
converged after 23 iterations, timeStep = 1.0E-5
converged after 6 iterations, timeStep = 1.0E-5
node 11 unconnected
node 35 unconnected
node 38 unconnected
node 11 unconnected
node 35 unconnected
node 38 unconnected
converged after 17 iterations, timeStep = 1.0E-5
node 11 unconnected
node 35 unconnected
node 38 unconnected
converged after 19 iterations, timeStep = 1.0E-5
node 11 unconnected
node 35 unconnected
node 38 unconnected
converged after 19 iterations, timeStep = 1.0E-5

Q30_SENSITIVITY_CASE seed=43 fault=RELAY_B_COIL_OPEN exit=0 termination=True qualified=True
Q30_STEP_PROFILE seed=43 fault=RELAY_B_COIL_OPEN profile=initial-electrical-settle boundary=BEGIN stepRole=PRODUCTION_5_US_REFERENCE declaredMaximumStepSeconds=5.00000000e-06 configuredMaximumStepSeconds=5.00000000e-06 actualCurrentStepSeconds=5.00000000e-06 observedMinimumStepSeconds=5.00000000e-06 observedMaximumStepSeconds=5.00000000e-06 minimumTimeStepSeconds=5.00000000e-11 adaptive=true
Q30_STEP_PROFILE seed=43 fault=RELAY_B_COIL_OPEN profile=initial-electrical-settle boundary=END stepRole=PRODUCTION_5_US_REFERENCE declaredMaximumStepSeconds=5.00000000e-06 configuredMaximumStepSeconds=5.00000000e-06 actualCurrentStepSeconds=5.00000000e-06 observedMinimumStepSeconds=5.00000000e-06 observedMaximumStepSeconds=5.00000000e-06 minimumTimeStepSeconds=5.00000000e-11 adaptive=true
Q30_STEP_PROFILE seed=43 fault=RELAY_B_COIL_OPEN profile=healthy-preparation boundary=BEGIN stepRole=PRODUCTION_5_US_REFERENCE declaredMaximumStepSeconds=5.00000000e-06 configuredMaximumStepSeconds=5.00000000e-06 actualCurrentStepSeconds=5.00000000e-06 observedMinimumStepSeconds=5.00000000e-06 observedMaximumStepSeconds=5.00000000e-06 minimumTimeStepSeconds=5.00000000e-11 adaptive=true
Q30_STEP_PROFILE seed=43 fault=RELAY_B_COIL_OPEN profile=healthy-preparation boundary=END stepRole=PRODUCTION_5_US_REFERENCE declaredMaximumStepSeconds=5.00000000e-06 configuredMaximumStepSeconds=5.00000000e-06 actualCurrentStepSeconds=5.00000000e-06 observedMinimumStepSeconds=5.00000000e-06 observedMaximumStepSeconds=5.00000000e-06 minimumTimeStepSeconds=5.00000000e-11 adaptive=true
Q30_STEP_PROFILE seed=43 fault=RELAY_B_COIL_OPEN profile=fault-profile-preparation boundary=BEGIN stepRole=PRODUCTION_5_US_REFERENCE declaredMaximumStepSeconds=5.00000000e-06 configuredMaximumStepSeconds=5.00000000e-06 actualCurrentStepSeconds=5.00000000e-06 observedMinimumStepSeconds=5.00000000e-06 observedMaximumStepSeconds=5.00000000e-06 minimumTimeStepSeconds=5.00000000e-11 adaptive=true
Q30_STEP_PROFILE seed=43 fault=RELAY_B_COIL_OPEN profile=fault-profile-preparation boundary=END stepRole=PRODUCTION_5_US_REFERENCE declaredMaximumStepSeconds=5.00000000e-06 configuredMaximumStepSeconds=5.00000000e-06 actualCurrentStepSeconds=5.00000000e-06 observedMinimumStepSeconds=5.00000000e-06 observedMaximumStepSeconds=5.00000000e-06 minimumTimeStepSeconds=5.00000000e-11 adaptive=true
Q30_STEP_PROFILE seed=43 fault=RELAY_B_COIL_OPEN profile=faulted-four-input-profile boundary=BEGIN stepRole=PRODUCTION_5_US_REFERENCE declaredMaximumStepSeconds=5.00000000e-06 configuredMaximumStepSeconds=5.00000000e-06 actualCurrentStepSeconds=5.00000000e-06 observedMinimumStepSeconds=5.00000000e-06 observedMaximumStepSeconds=5.00000000e-06 minimumTimeStepSeconds=5.00000000e-11 adaptive=true
Q30_STEP_PROFILE seed=43 fault=RELAY_B_COIL_OPEN profile=faulted-four-input-profile boundary=END stepRole=PRODUCTION_5_US_REFERENCE declaredMaximumStepSeconds=5.00000000e-06 configuredMaximumStepSeconds=5.00000000e-06 actualCurrentStepSeconds=5.00000000e-06 observedMinimumStepSeconds=5.00000000e-06 observedMaximumStepSeconds=5.00000000e-06 minimumTimeStepSeconds=5.00000000e-11 adaptive=true
Q30_STEP_PROFILE seed=43 fault=RELAY_B_COIL_OPEN profile=unrepaired-customer-retest boundary=BEGIN stepRole=PRODUCTION_5_US_REFERENCE declaredMaximumStepSeconds=5.00000000e-06 configuredMaximumStepSeconds=5.00000000e-06 actualCurrentStepSeconds=5.00000000e-06 observedMinimumStepSeconds=5.00000000e-06 observedMaximumStepSeconds=5.00000000e-06 minimumTimeStepSeconds=5.00000000e-11 adaptive=true
Q30_STEP_PROFILE seed=43 fault=RELAY_B_COIL_OPEN profile=unrepaired-customer-retest boundary=END stepRole=PRODUCTION_5_US_REFERENCE declaredMaximumStepSeconds=5.00000000e-06 configuredMaximumStepSeconds=5.00000000e-06 actualCurrentStepSeconds=5.00000000e-06 observedMinimumStepSeconds=5.00000000e-06 observedMaximumStepSeconds=5.00000000e-06 minimumTimeStepSeconds=5.00000000e-11 adaptive=true
Q30_STEP_PROFILE seed=43 fault=RELAY_B_COIL_OPEN profile=service-power-off-wait boundary=BEGIN stepRole=PRODUCTION_5_US_REFERENCE declaredMaximumStepSeconds=5.00000000e-06 configuredMaximumStepSeconds=5.00000000e-06 actualCurrentStepSeconds=5.00000000e-06 observedMinimumStepSeconds=5.00000000e-06 observedMaximumStepSeconds=5.00000000e-06 minimumTimeStepSeconds=5.00000000e-11 adaptive=true
Q30_STEP_PROFILE seed=43 fault=RELAY_B_COIL_OPEN profile=service-power-off-wait boundary=END stepRole=PRODUCTION_5_US_REFERENCE declaredMaximumStepSeconds=5.00000000e-06 configuredMaximumStepSeconds=5.00000000e-06 actualCurrentStepSeconds=5.00000000e-06 observedMinimumStepSeconds=2.50000000e-06 observedMaximumStepSeconds=5.00000000e-06 minimumTimeStepSeconds=5.00000000e-11 adaptive=true
Q30_STEP_PROFILE seed=43 fault=RELAY_B_COIL_OPEN profile=reinstalled-original-customer-retest boundary=BEGIN stepRole=PRODUCTION_5_US_REFERENCE declaredMaximumStepSeconds=5.00000000e-06 configuredMaximumStepSeconds=5.00000000e-06 actualCurrentStepSeconds=5.00000000e-06 observedMinimumStepSeconds=5.00000000e-06 observedMaximumStepSeconds=5.00000000e-06 minimumTimeStepSeconds=5.00000000e-11 adaptive=true
Q30_STEP_PROFILE seed=43 fault=RELAY_B_COIL_OPEN profile=reinstalled-original-customer-retest boundary=END stepRole=PRODUCTION_5_US_REFERENCE declaredMaximumStepSeconds=5.00000000e-06 configuredMaximumStepSeconds=5.00000000e-06 actualCurrentStepSeconds=5.00000000e-06 observedMinimumStepSeconds=5.00000000e-06 observedMaximumStepSeconds=5.00000000e-06 minimumTimeStepSeconds=5.00000000e-11 adaptive=true
Q30_STEP_PROFILE seed=43 fault=RELAY_B_COIL_OPEN profile=service-power-off-wait boundary=BEGIN stepRole=PRODUCTION_5_US_REFERENCE declaredMaximumStepSeconds=5.00000000e-06 configuredMaximumStepSeconds=5.00000000e-06 actualCurrentStepSeconds=5.00000000e-06 observedMinimumStepSeconds=5.00000000e-06 observedMaximumStepSeconds=5.00000000e-06 minimumTimeStepSeconds=5.00000000e-11 adaptive=true
Q30_STEP_PROFILE seed=43 fault=RELAY_B_COIL_OPEN profile=service-power-off-wait boundary=END stepRole=PRODUCTION_5_US_REFERENCE declaredMaximumStepSeconds=5.00000000e-06 configuredMaximumStepSeconds=5.00000000e-06 actualCurrentStepSeconds=5.00000000e-06 observedMinimumStepSeconds=2.50000000e-06 observedMaximumStepSeconds=5.00000000e-06 minimumTimeStepSeconds=5.00000000e-11 adaptive=true
Q30_STEP_PROFILE seed=43 fault=RELAY_B_COIL_OPEN profile=repaired-customer-retest boundary=BEGIN stepRole=PRODUCTION_5_US_REFERENCE declaredMaximumStepSeconds=5.00000000e-06 configuredMaximumStepSeconds=5.00000000e-06 actualCurrentStepSeconds=5.00000000e-06 observedMinimumStepSeconds=5.00000000e-06 observedMaximumStepSeconds=5.00000000e-06 minimumTimeStepSeconds=5.00000000e-11 adaptive=true
Q30_STEP_PROFILE seed=43 fault=RELAY_B_COIL_OPEN profile=repaired-customer-retest boundary=END stepRole=PRODUCTION_5_US_REFERENCE declaredMaximumStepSeconds=5.00000000e-06 configuredMaximumStepSeconds=5.00000000e-06 actualCurrentStepSeconds=5.00000000e-06 observedMinimumStepSeconds=5.00000000e-06 observedMaximumStepSeconds=5.00000000e-06 minimumTimeStepSeconds=5.00000000e-11 adaptive=true
Q30_STEP_OWNER_CLEANUP seed=43 fault=RELAY_B_COIL_OPEN declaredMaximumStepSeconds=5.00000000e-06 stepRole=PRODUCTION_5_US_REFERENCE cleanup=true elapsedMillis=0
Q30_STEP_PROFILE seed=43 fault=RELAY_B_COIL_OPEN profile=initial-electrical-settle boundary=BEGIN stepRole=EXPERIMENTAL_CANDIDATE_NOT_PROMOTED declaredMaximumStepSeconds=1.00000000e-05 configuredMaximumStepSeconds=1.00000000e-05 actualCurrentStepSeconds=1.00000000e-05 observedMinimumStepSeconds=1.00000000e-05 observedMaximumStepSeconds=1.00000000e-05 minimumTimeStepSeconds=5.00000000e-11 adaptive=true
Q30_STEP_PROFILE seed=43 fault=RELAY_B_COIL_OPEN profile=initial-electrical-settle boundary=END stepRole=EXPERIMENTAL_CANDIDATE_NOT_PROMOTED declaredMaximumStepSeconds=1.00000000e-05 configuredMaximumStepSeconds=1.00000000e-05 actualCurrentStepSeconds=1.00000000e-05 observedMinimumStepSeconds=1.00000000e-05 observedMaximumStepSeconds=1.00000000e-05 minimumTimeStepSeconds=5.00000000e-11 adaptive=true
Q30_STEP_PROFILE seed=43 fault=RELAY_B_COIL_OPEN profile=healthy-preparation boundary=BEGIN stepRole=EXPERIMENTAL_CANDIDATE_NOT_PROMOTED declaredMaximumStepSeconds=1.00000000e-05 configuredMaximumStepSeconds=1.00000000e-05 actualCurrentStepSeconds=1.00000000e-05 observedMinimumStepSeconds=1.00000000e-05 observedMaximumStepSeconds=1.00000000e-05 minimumTimeStepSeconds=5.00000000e-11 adaptive=true
Q30_STEP_PROFILE seed=43 fault=RELAY_B_COIL_OPEN profile=healthy-preparation boundary=END stepRole=EXPERIMENTAL_CANDIDATE_NOT_PROMOTED declaredMaximumStepSeconds=1.00000000e-05 configuredMaximumStepSeconds=1.00000000e-05 actualCurrentStepSeconds=1.00000000e-05 observedMinimumStepSeconds=1.00000000e-05 observedMaximumStepSeconds=1.00000000e-05 minimumTimeStepSeconds=5.00000000e-11 adaptive=true
Q30_STEP_PROFILE seed=43 fault=RELAY_B_COIL_OPEN profile=fault-profile-preparation boundary=BEGIN stepRole=EXPERIMENTAL_CANDIDATE_NOT_PROMOTED declaredMaximumStepSeconds=1.00000000e-05 configuredMaximumStepSeconds=1.00000000e-05 actualCurrentStepSeconds=1.00000000e-05 observedMinimumStepSeconds=1.00000000e-05 observedMaximumStepSeconds=1.00000000e-05 minimumTimeStepSeconds=5.00000000e-11 adaptive=true
Q30_STEP_PROFILE seed=43 fault=RELAY_B_COIL_OPEN profile=fault-profile-preparation boundary=END stepRole=EXPERIMENTAL_CANDIDATE_NOT_PROMOTED declaredMaximumStepSeconds=1.00000000e-05 configuredMaximumStepSeconds=1.00000000e-05 actualCurrentStepSeconds=1.00000000e-05 observedMinimumStepSeconds=1.00000000e-05 observedMaximumStepSeconds=1.00000000e-05 minimumTimeStepSeconds=5.00000000e-11 adaptive=true
Q30_STEP_PROFILE seed=43 fault=RELAY_B_COIL_OPEN profile=faulted-four-input-profile boundary=BEGIN stepRole=EXPERIMENTAL_CANDIDATE_NOT_PROMOTED declaredMaximumStepSeconds=1.00000000e-05 configuredMaximumStepSeconds=1.00000000e-05 actualCurrentStepSeconds=1.00000000e-05 observedMinimumStepSeconds=1.00000000e-05 observedMaximumStepSeconds=1.00000000e-05 minimumTimeStepSeconds=5.00000000e-11 adaptive=true
Q30_STEP_PROFILE seed=43 fault=RELAY_B_COIL_OPEN profile=faulted-four-input-profile boundary=END stepRole=EXPERIMENTAL_CANDIDATE_NOT_PROMOTED declaredMaximumStepSeconds=1.00000000e-05 configuredMaximumStepSeconds=1.00000000e-05 actualCurrentStepSeconds=1.00000000e-05 observedMinimumStepSeconds=1.00000000e-05 observedMaximumStepSeconds=1.00000000e-05 minimumTimeStepSeconds=5.00000000e-11 adaptive=true
Q30_STEP_PROFILE seed=43 fault=RELAY_B_COIL_OPEN profile=unrepaired-customer-retest boundary=BEGIN stepRole=EXPERIMENTAL_CANDIDATE_NOT_PROMOTED declaredMaximumStepSeconds=1.00000000e-05 configuredMaximumStepSeconds=1.00000000e-05 actualCurrentStepSeconds=1.00000000e-05 observedMinimumStepSeconds=1.00000000e-05 observedMaximumStepSeconds=1.00000000e-05 minimumTimeStepSeconds=5.00000000e-11 adaptive=true
Q30_STEP_PROFILE seed=43 fault=RELAY_B_COIL_OPEN profile=unrepaired-customer-retest boundary=END stepRole=EXPERIMENTAL_CANDIDATE_NOT_PROMOTED declaredMaximumStepSeconds=1.00000000e-05 configuredMaximumStepSeconds=1.00000000e-05 actualCurrentStepSeconds=1.00000000e-05 observedMinimumStepSeconds=1.00000000e-05 observedMaximumStepSeconds=1.00000000e-05 minimumTimeStepSeconds=5.00000000e-11 adaptive=true
Q30_STEP_PROFILE seed=43 fault=RELAY_B_COIL_OPEN profile=service-power-off-wait boundary=BEGIN stepRole=EXPERIMENTAL_CANDIDATE_NOT_PROMOTED declaredMaximumStepSeconds=1.00000000e-05 configuredMaximumStepSeconds=1.00000000e-05 actualCurrentStepSeconds=1.00000000e-05 observedMinimumStepSeconds=1.00000000e-05 observedMaximumStepSeconds=1.00000000e-05 minimumTimeStepSeconds=5.00000000e-11 adaptive=true
Q30_STEP_PROFILE seed=43 fault=RELAY_B_COIL_OPEN profile=service-power-off-wait boundary=END stepRole=EXPERIMENTAL_CANDIDATE_NOT_PROMOTED declaredMaximumStepSeconds=1.00000000e-05 configuredMaximumStepSeconds=1.00000000e-05 actualCurrentStepSeconds=1.00000000e-05 observedMinimumStepSeconds=1.00000000e-05 observedMaximumStepSeconds=1.00000000e-05 minimumTimeStepSeconds=5.00000000e-11 adaptive=true
Q30_STEP_PROFILE seed=43 fault=RELAY_B_COIL_OPEN profile=reinstalled-original-customer-retest boundary=BEGIN stepRole=EXPERIMENTAL_CANDIDATE_NOT_PROMOTED declaredMaximumStepSeconds=1.00000000e-05 configuredMaximumStepSeconds=1.00000000e-05 actualCurrentStepSeconds=1.00000000e-05 observedMinimumStepSeconds=1.00000000e-05 observedMaximumStepSeconds=1.00000000e-05 minimumTimeStepSeconds=5.00000000e-11 adaptive=true
Q30_STEP_PROFILE seed=43 fault=RELAY_B_COIL_OPEN profile=reinstalled-original-customer-retest boundary=END stepRole=EXPERIMENTAL_CANDIDATE_NOT_PROMOTED declaredMaximumStepSeconds=1.00000000e-05 configuredMaximumStepSeconds=1.00000000e-05 actualCurrentStepSeconds=1.00000000e-05 observedMinimumStepSeconds=1.00000000e-05 observedMaximumStepSeconds=1.00000000e-05 minimumTimeStepSeconds=5.00000000e-11 adaptive=true
Q30_STEP_PROFILE seed=43 fault=RELAY_B_COIL_OPEN profile=service-power-off-wait boundary=BEGIN stepRole=EXPERIMENTAL_CANDIDATE_NOT_PROMOTED declaredMaximumStepSeconds=1.00000000e-05 configuredMaximumStepSeconds=1.00000000e-05 actualCurrentStepSeconds=1.00000000e-05 observedMinimumStepSeconds=1.00000000e-05 observedMaximumStepSeconds=1.00000000e-05 minimumTimeStepSeconds=5.00000000e-11 adaptive=true
Q30_STEP_PROFILE seed=43 fault=RELAY_B_COIL_OPEN profile=service-power-off-wait boundary=END stepRole=EXPERIMENTAL_CANDIDATE_NOT_PROMOTED declaredMaximumStepSeconds=1.00000000e-05 configuredMaximumStepSeconds=1.00000000e-05 actualCurrentStepSeconds=1.00000000e-05 observedMinimumStepSeconds=1.00000000e-05 observedMaximumStepSeconds=1.00000000e-05 minimumTimeStepSeconds=5.00000000e-11 adaptive=true
Q30_STEP_PROFILE seed=43 fault=RELAY_B_COIL_OPEN profile=repaired-customer-retest boundary=BEGIN stepRole=EXPERIMENTAL_CANDIDATE_NOT_PROMOTED declaredMaximumStepSeconds=1.00000000e-05 configuredMaximumStepSeconds=1.00000000e-05 actualCurrentStepSeconds=1.00000000e-05 observedMinimumStepSeconds=1.00000000e-05 observedMaximumStepSeconds=1.00000000e-05 minimumTimeStepSeconds=5.00000000e-11 adaptive=true
Q30_STEP_PROFILE seed=43 fault=RELAY_B_COIL_OPEN profile=repaired-customer-retest boundary=END stepRole=EXPERIMENTAL_CANDIDATE_NOT_PROMOTED declaredMaximumStepSeconds=1.00000000e-05 configuredMaximumStepSeconds=1.00000000e-05 actualCurrentStepSeconds=1.00000000e-05 observedMinimumStepSeconds=1.00000000e-05 observedMaximumStepSeconds=1.00000000e-05 minimumTimeStepSeconds=5.00000000e-11 adaptive=true
Q30_STEP_OWNER_CLEANUP seed=43 fault=RELAY_B_COIL_OPEN declaredMaximumStepSeconds=1.00000000e-05 stepRole=EXPERIMENTAL_CANDIDATE_NOT_PROMOTED cleanup=true elapsedMillis=0
Q30_STEP_PAIR seed=43 support=STANDARD_33 fault=RELAY_B_COIL_OPEN referenceMaximumStepSeconds=5.00000000e-06 experimentalCandidateMaximumStepSeconds=1.00000000e-05 candidateKind=EXPERIMENTAL_NOT_PROMOTED maxDeltaVolts=4.07389678e-11 toleranceVolts=0.120001309 phase=healthy sample=SENSORS_HIGH/REN.2-J1.2 referenceElapsedMillis=9723 experimentalCandidateElapsedMillis=4940 referenceSimSeconds=1.16036000 experimentalCandidateSimSeconds=1.16072000 referenceCleanupMillis=0 experimentalCandidateCleanupMillis=0 cleanup=true
Q30_STEP_SEED seed=43 support=STANDARD_33 referenceMaximumStepSeconds=5.00000000e-06 experimentalCandidateMaximumStepSeconds=1.00000000e-05 candidateKind=EXPERIMENTAL_NOT_PROMOTED routeTopology=RB30_SHARED_HYSTERETIC_A_BJT_B_BJT_STANDARD_33 routeAndPairsElapsedMillis=18543
Q30_STEP_OWNER_CLEANUP seed=43 fault=DREV_OPEN declaredMaximumStepSeconds=5.00000000e-06 stepRole=PRODUCTION_5_US_REFERENCE cleanup=true elapsedMillis=0
Q30_STEP_SEED_CLEANUP seed=43 cleanup=true elapsedMillis=0
PASS: Q30 experimental solver step sensitivity assertions=1702 seed=43 support=STANDARD_33 faults=1 referenceMaximumStepSeconds=5.00000000e-06 experimentalCandidateMaximumStepSeconds=1.00000000e-05 candidateKind=EXPERIMENTAL_NOT_PROMOTED elapsedMillis=18543

node 11 unconnected
converged after 25 iterations, timeStep = 5.0E-6
converged after 6 iterations, timeStep = 5.0E-6
node 11 unconnected
node 11 unconnected
converged after 16 iterations, timeStep = 5.0E-6
node 11 unconnected
converged after 19 iterations, timeStep = 5.0E-6
node 11 unconnected
converged after 19 iterations, timeStep = 5.0E-6
node 11 unconnected
converged after 9 iterations, timeStep = 5.0E-6
node 11 unconnected
converged after 16 iterations, timeStep = 5.0E-6
node 11 unconnected
converged after 13 iterations, timeStep = 5.0E-6
node 11 unconnected
converged after 16 iterations, timeStep = 5.0E-6
node 11 unconnected
converged after 13 iterations, timeStep = 5.0E-6
node 11 unconnected
converged after 16 iterations, timeStep = 5.0E-6
node 11 unconnected
converged after 13 iterations, timeStep = 5.0E-6
node 11 unconnected
converged after 16 iterations, timeStep = 5.0E-6
node 11 unconnected
converged after 13 iterations, timeStep = 5.0E-6
node 11 unconnected
converged after 16 iterations, timeStep = 5.0E-6
node 11 unconnected
node 11 unconnected
timestep down to 2.5E-6 at 0.4230049999993923
converged after 1 iterations, timeStep = 2.5E-6
converged after 1 iterations, timeStep = 2.5E-6
converged after 4 iterations, timeStep = 2.5E-6
converged after 2 iterations, timeStep = 2.5E-6
converged after 2 iterations, timeStep = 2.5E-6
converged after 2 iterations, timeStep = 2.5E-6
timestep up = 5.0E-6 at 0.4230199999993924
converged after 12 iterations, timeStep = 5.0E-6
node 11 unconnected
node 11 unconnected
node 11 unconnected
node 11 unconnected
node 11 unconnected
node 49 unconnected
node 52 unconnected
node 55 unconnected
node 11 unconnected
node 11 unconnected
converged after 23 iterations, timeStep = 5.0E-6
node 11 unconnected
node 11 unconnected
converged after 16 iterations, timeStep = 5.0E-6
node 11 unconnected
converged after 13 iterations, timeStep = 5.0E-6
node 11 unconnected
converged after 16 iterations, timeStep = 5.0E-6
node 11 unconnected
node 11 unconnected
timestep down to 2.5E-6 at 0.7931650000009626
converged after 1 iterations, timeStep = 2.5E-6
converged after 1 iterations, timeStep = 2.5E-6
converged after 4 iterations, timeStep = 2.5E-6
converged after 2 iterations, timeStep = 2.5E-6
converged after 2 iterations, timeStep = 2.5E-6
converged after 2 iterations, timeStep = 2.5E-6
timestep up = 5.0E-6 at 0.7931800000009627
converged after 12 iterations, timeStep = 5.0E-6
node 11 unconnected
node 11 unconnected
node 11 unconnected
node 11 unconnected
node 11 unconnected
node 49 unconnected
node 52 unconnected
node 55 unconnected
node 11 unconnected
node 49 unconnected
node 52 unconnected
node 11 unconnected
node 49 unconnected
node 52 unconnected
converged after 23 iterations, timeStep = 5.0E-6
node 11 unconnected
node 49 unconnected
node 52 unconnected
node 11 unconnected
node 49 unconnected
node 52 unconnected
converged after 16 iterations, timeStep = 5.0E-6
node 11 unconnected
node 49 unconnected
node 52 unconnected
converged after 19 iterations, timeStep = 5.0E-6
node 11 unconnected
node 49 unconnected
node 52 unconnected
converged after 19 iterations, timeStep = 5.0E-6
node 11 unconnected
converged after 24 iterations, timeStep = 1.0E-5
node 11 unconnected
node 11 unconnected
converged after 17 iterations, timeStep = 1.0E-5
node 11 unconnected
converged after 19 iterations, timeStep = 1.0E-5
node 11 unconnected
converged after 19 iterations, timeStep = 1.0E-5
node 11 unconnected
converged after 9 iterations, timeStep = 1.0E-5
node 11 unconnected
converged after 16 iterations, timeStep = 1.0E-5
node 11 unconnected
converged after 13 iterations, timeStep = 1.0E-5
node 11 unconnected
converged after 17 iterations, timeStep = 1.0E-5
node 11 unconnected
converged after 14 iterations, timeStep = 1.0E-5
node 11 unconnected
converged after 17 iterations, timeStep = 1.0E-5
node 11 unconnected
converged after 13 iterations, timeStep = 1.0E-5
node 11 unconnected
converged after 17 iterations, timeStep = 1.0E-5
node 11 unconnected
converged after 14 iterations, timeStep = 1.0E-5
node 11 unconnected
converged after 17 iterations, timeStep = 1.0E-5
node 11 unconnected
node 11 unconnected
converged after 12 iterations, timeStep = 1.0E-5
node 11 unconnected
node 11 unconnected
node 11 unconnected
node 11 unconnected
node 11 unconnected
node 49 unconnected
node 52 unconnected
node 55 unconnected
node 11 unconnected
node 11 unconnected
converged after 23 iterations, timeStep = 1.0E-5
converged after 6 iterations, timeStep = 1.0E-5
node 11 unconnected
node 11 unconnected
converged after 17 iterations, timeStep = 1.0E-5
node 11 unconnected
converged after 14 iterations, timeStep = 1.0E-5
node 11 unconnected
converged after 17 iterations, timeStep = 1.0E-5
node 11 unconnected
node 11 unconnected
converged after 12 iterations, timeStep = 1.0E-5
node 11 unconnected
node 11 unconnected
node 11 unconnected
node 11 unconnected
node 11 unconnected
node 49 unconnected
node 52 unconnected
node 55 unconnected
node 11 unconnected
node 49 unconnected
node 52 unconnected
node 11 unconnected
node 49 unconnected
node 52 unconnected
converged after 23 iterations, timeStep = 1.0E-5
converged after 6 iterations, timeStep = 1.0E-5
node 11 unconnected
node 49 unconnected
node 52 unconnected
node 11 unconnected
node 49 unconnected
node 52 unconnected
converged after 17 iterations, timeStep = 1.0E-5
node 11 unconnected
node 49 unconnected
node 52 unconnected
converged after 19 iterations, timeStep = 1.0E-5
node 11 unconnected
node 49 unconnected
node 52 unconnected
converged after 19 iterations, timeStep = 1.0E-5

Q30_SENSITIVITY_CASE seed=3 fault=DREV_OPEN exit=1 termination=True qualified=False
Q30_STEP_PROFILE seed=3 fault=DREV_OPEN profile=initial-electrical-settle boundary=BEGIN stepRole=PRODUCTION_5_US_REFERENCE declaredMaximumStepSeconds=5.00000000e-06 configuredMaximumStepSeconds=5.00000000e-06 actualCurrentStepSeconds=5.00000000e-06 observedMinimumStepSeconds=5.00000000e-06 observedMaximumStepSeconds=5.00000000e-06 minimumTimeStepSeconds=5.00000000e-11 adaptive=true
Q30_STEP_PROFILE seed=3 fault=DREV_OPEN profile=initial-electrical-settle boundary=END stepRole=PRODUCTION_5_US_REFERENCE declaredMaximumStepSeconds=5.00000000e-06 configuredMaximumStepSeconds=5.00000000e-06 actualCurrentStepSeconds=5.00000000e-06 observedMinimumStepSeconds=5.00000000e-06 observedMaximumStepSeconds=5.00000000e-06 minimumTimeStepSeconds=5.00000000e-11 adaptive=true
Q30_STEP_PROFILE seed=3 fault=DREV_OPEN profile=healthy-preparation boundary=BEGIN stepRole=PRODUCTION_5_US_REFERENCE declaredMaximumStepSeconds=5.00000000e-06 configuredMaximumStepSeconds=5.00000000e-06 actualCurrentStepSeconds=5.00000000e-06 observedMinimumStepSeconds=5.00000000e-06 observedMaximumStepSeconds=5.00000000e-06 minimumTimeStepSeconds=5.00000000e-11 adaptive=true
Q30_STEP_OWNER_CLEANUP seed=3 fault=DREV_OPEN declaredMaximumStepSeconds=5.00000000e-06 stepRole=PRODUCTION_5_US_REFERENCE cleanup=true elapsedMillis=0
Q30_STEP_OWNER_CLEANUP seed=3 fault=DREV_OPEN declaredMaximumStepSeconds=1.00000000e-05 stepRole=EXPERIMENTAL_CANDIDATE_NOT_PROMOTED cleanup=true elapsedMillis=0
Q30_STEP_SEED_CLEANUP seed=3 cleanup=true elapsedMillis=0

node 11 unconnected
converged after 25 iterations, timeStep = 5.0E-6
converged after 6 iterations, timeStep = 5.0E-6
node 11 unconnected
node 11 unconnected
converged after 14 iterations, timeStep = 5.0E-6
node 11 unconnected
converged after 12 iterations, timeStep = 5.0E-6
converged after 19 iterations, timeStep = 5.0E-6
node 11 unconnected
converged after 11 iterations, timeStep = 5.0E-6
Exception in thread "main" java.lang.IllegalStateException: Healthy Q30 failed four input conditions: input=2 rail=4.991938685255928 outputA=11.980033277870218 outputB=11.980033277870218
	at com.lushprojects.circuitjs1.client.Rb30Behavior$ProfileWork.finish(Rb30Behavior.java:401)
	at com.lushprojects.circuitjs1.client.Rb30Behavior$ProfileWork.finish(Rb30Behavior.java:226)
	at com.lushprojects.circuitjs1.client.GeneratedWork.complete(GeneratedWork.java:18)
	at com.lushprojects.circuitjs1.client.Rb30Behavior.prepareHealthyProfile(Rb30Behavior.java:165)
	at com.lushprojects.circuitjs1.client.Q30SolverStepSensitivityContractTest.runOwner(Q30SolverStepSensitivityContractTest.java:284)
	at com.lushprojects.circuitjs1.client.Q30SolverStepSensitivityContractTest.verifySeed(Q30SolverStepSensitivityContractTest.java:142)
	at com.lushprojects.circuitjs1.client.Q30SolverStepSensitivityContractTest.main(Q30SolverStepSensitivityContractTest.java:74)

Q30_SENSITIVITY_CASE seed=3 fault=REN_OPEN exit=1 termination=True qualified=False
Q30_STEP_PROFILE seed=3 fault=REN_OPEN profile=initial-electrical-settle boundary=BEGIN stepRole=PRODUCTION_5_US_REFERENCE declaredMaximumStepSeconds=5.00000000e-06 configuredMaximumStepSeconds=5.00000000e-06 actualCurrentStepSeconds=5.00000000e-06 observedMinimumStepSeconds=5.00000000e-06 observedMaximumStepSeconds=5.00000000e-06 minimumTimeStepSeconds=5.00000000e-11 adaptive=true
Q30_STEP_PROFILE seed=3 fault=REN_OPEN profile=initial-electrical-settle boundary=END stepRole=PRODUCTION_5_US_REFERENCE declaredMaximumStepSeconds=5.00000000e-06 configuredMaximumStepSeconds=5.00000000e-06 actualCurrentStepSeconds=5.00000000e-06 observedMinimumStepSeconds=5.00000000e-06 observedMaximumStepSeconds=5.00000000e-06 minimumTimeStepSeconds=5.00000000e-11 adaptive=true
Q30_STEP_PROFILE seed=3 fault=REN_OPEN profile=healthy-preparation boundary=BEGIN stepRole=PRODUCTION_5_US_REFERENCE declaredMaximumStepSeconds=5.00000000e-06 configuredMaximumStepSeconds=5.00000000e-06 actualCurrentStepSeconds=5.00000000e-06 observedMinimumStepSeconds=5.00000000e-06 observedMaximumStepSeconds=5.00000000e-06 minimumTimeStepSeconds=5.00000000e-11 adaptive=true
Q30_STEP_OWNER_CLEANUP seed=3 fault=REN_OPEN declaredMaximumStepSeconds=5.00000000e-06 stepRole=PRODUCTION_5_US_REFERENCE cleanup=true elapsedMillis=0
Q30_STEP_OWNER_CLEANUP seed=3 fault=DREV_OPEN declaredMaximumStepSeconds=5.00000000e-06 stepRole=PRODUCTION_5_US_REFERENCE cleanup=true elapsedMillis=0
Q30_STEP_OWNER_CLEANUP seed=3 fault=REN_OPEN declaredMaximumStepSeconds=1.00000000e-05 stepRole=EXPERIMENTAL_CANDIDATE_NOT_PROMOTED cleanup=true elapsedMillis=0
Q30_STEP_SEED_CLEANUP seed=3 cleanup=true elapsedMillis=0

node 11 unconnected
converged after 25 iterations, timeStep = 5.0E-6
converged after 6 iterations, timeStep = 5.0E-6
node 11 unconnected
node 11 unconnected
converged after 14 iterations, timeStep = 5.0E-6
node 11 unconnected
converged after 12 iterations, timeStep = 5.0E-6
converged after 19 iterations, timeStep = 5.0E-6
node 11 unconnected
converged after 11 iterations, timeStep = 5.0E-6
Exception in thread "main" java.lang.IllegalStateException: Healthy Q30 failed four input conditions: input=2 rail=4.991938685255928 outputA=11.980033277870218 outputB=11.980033277870218
	at com.lushprojects.circuitjs1.client.Rb30Behavior$ProfileWork.finish(Rb30Behavior.java:401)
	at com.lushprojects.circuitjs1.client.Rb30Behavior$ProfileWork.finish(Rb30Behavior.java:226)
	at com.lushprojects.circuitjs1.client.GeneratedWork.complete(GeneratedWork.java:18)
	at com.lushprojects.circuitjs1.client.Rb30Behavior.prepareHealthyProfile(Rb30Behavior.java:165)
	at com.lushprojects.circuitjs1.client.Q30SolverStepSensitivityContractTest.runOwner(Q30SolverStepSensitivityContractTest.java:284)
	at com.lushprojects.circuitjs1.client.Q30SolverStepSensitivityContractTest.verifySeed(Q30SolverStepSensitivityContractTest.java:142)
	at com.lushprojects.circuitjs1.client.Q30SolverStepSensitivityContractTest.main(Q30SolverStepSensitivityContractTest.java:74)

Q30_SENSITIVITY_CASE seed=3 fault=SENSOR_A_OPEN exit=1 termination=True qualified=False
Q30_STEP_PROFILE seed=3 fault=SENSOR_A_OPEN profile=initial-electrical-settle boundary=BEGIN stepRole=PRODUCTION_5_US_REFERENCE declaredMaximumStepSeconds=5.00000000e-06 configuredMaximumStepSeconds=5.00000000e-06 actualCurrentStepSeconds=5.00000000e-06 observedMinimumStepSeconds=5.00000000e-06 observedMaximumStepSeconds=5.00000000e-06 minimumTimeStepSeconds=5.00000000e-11 adaptive=true
Q30_STEP_PROFILE seed=3 fault=SENSOR_A_OPEN profile=initial-electrical-settle boundary=END stepRole=PRODUCTION_5_US_REFERENCE declaredMaximumStepSeconds=5.00000000e-06 configuredMaximumStepSeconds=5.00000000e-06 actualCurrentStepSeconds=5.00000000e-06 observedMinimumStepSeconds=5.00000000e-06 observedMaximumStepSeconds=5.00000000e-06 minimumTimeStepSeconds=5.00000000e-11 adaptive=true
Q30_STEP_PROFILE seed=3 fault=SENSOR_A_OPEN profile=healthy-preparation boundary=BEGIN stepRole=PRODUCTION_5_US_REFERENCE declaredMaximumStepSeconds=5.00000000e-06 configuredMaximumStepSeconds=5.00000000e-06 actualCurrentStepSeconds=5.00000000e-06 observedMinimumStepSeconds=5.00000000e-06 observedMaximumStepSeconds=5.00000000e-06 minimumTimeStepSeconds=5.00000000e-11 adaptive=true
Q30_STEP_OWNER_CLEANUP seed=3 fault=SENSOR_A_OPEN declaredMaximumStepSeconds=5.00000000e-06 stepRole=PRODUCTION_5_US_REFERENCE cleanup=true elapsedMillis=0
Q30_STEP_OWNER_CLEANUP seed=3 fault=DREV_OPEN declaredMaximumStepSeconds=5.00000000e-06 stepRole=PRODUCTION_5_US_REFERENCE cleanup=true elapsedMillis=0
Q30_STEP_OWNER_CLEANUP seed=3 fault=SENSOR_A_OPEN declaredMaximumStepSeconds=1.00000000e-05 stepRole=EXPERIMENTAL_CANDIDATE_NOT_PROMOTED cleanup=true elapsedMillis=0
Q30_STEP_SEED_CLEANUP seed=3 cleanup=true elapsedMillis=0

node 11 unconnected
converged after 25 iterations, timeStep = 5.0E-6
converged after 6 iterations, timeStep = 5.0E-6
node 11 unconnected
node 11 unconnected
converged after 14 iterations, timeStep = 5.0E-6
node 11 unconnected
converged after 12 iterations, timeStep = 5.0E-6
converged after 19 iterations, timeStep = 5.0E-6
node 11 unconnected
converged after 11 iterations, timeStep = 5.0E-6
Exception in thread "main" java.lang.IllegalStateException: Healthy Q30 failed four input conditions: input=2 rail=4.991938685255928 outputA=11.980033277870218 outputB=11.980033277870218
	at com.lushprojects.circuitjs1.client.Rb30Behavior$ProfileWork.finish(Rb30Behavior.java:401)
	at com.lushprojects.circuitjs1.client.Rb30Behavior$ProfileWork.finish(Rb30Behavior.java:226)
	at com.lushprojects.circuitjs1.client.GeneratedWork.complete(GeneratedWork.java:18)
	at com.lushprojects.circuitjs1.client.Rb30Behavior.prepareHealthyProfile(Rb30Behavior.java:165)
	at com.lushprojects.circuitjs1.client.Q30SolverStepSensitivityContractTest.runOwner(Q30SolverStepSensitivityContractTest.java:284)
	at com.lushprojects.circuitjs1.client.Q30SolverStepSensitivityContractTest.verifySeed(Q30SolverStepSensitivityContractTest.java:142)
	at com.lushprojects.circuitjs1.client.Q30SolverStepSensitivityContractTest.main(Q30SolverStepSensitivityContractTest.java:74)

Q30_SENSITIVITY_CASE seed=3 fault=DRIVE_A_OPEN exit=1 termination=True qualified=False
Q30_STEP_PROFILE seed=3 fault=DRIVE_A_OPEN profile=initial-electrical-settle boundary=BEGIN stepRole=PRODUCTION_5_US_REFERENCE declaredMaximumStepSeconds=5.00000000e-06 configuredMaximumStepSeconds=5.00000000e-06 actualCurrentStepSeconds=5.00000000e-06 observedMinimumStepSeconds=5.00000000e-06 observedMaximumStepSeconds=5.00000000e-06 minimumTimeStepSeconds=5.00000000e-11 adaptive=true
Q30_STEP_PROFILE seed=3 fault=DRIVE_A_OPEN profile=initial-electrical-settle boundary=END stepRole=PRODUCTION_5_US_REFERENCE declaredMaximumStepSeconds=5.00000000e-06 configuredMaximumStepSeconds=5.00000000e-06 actualCurrentStepSeconds=5.00000000e-06 observedMinimumStepSeconds=5.00000000e-06 observedMaximumStepSeconds=5.00000000e-06 minimumTimeStepSeconds=5.00000000e-11 adaptive=true
Q30_STEP_PROFILE seed=3 fault=DRIVE_A_OPEN profile=healthy-preparation boundary=BEGIN stepRole=PRODUCTION_5_US_REFERENCE declaredMaximumStepSeconds=5.00000000e-06 configuredMaximumStepSeconds=5.00000000e-06 actualCurrentStepSeconds=5.00000000e-06 observedMinimumStepSeconds=5.00000000e-06 observedMaximumStepSeconds=5.00000000e-06 minimumTimeStepSeconds=5.00000000e-11 adaptive=true
Q30_STEP_OWNER_CLEANUP seed=3 fault=DRIVE_A_OPEN declaredMaximumStepSeconds=5.00000000e-06 stepRole=PRODUCTION_5_US_REFERENCE cleanup=true elapsedMillis=0
Q30_STEP_OWNER_CLEANUP seed=3 fault=DREV_OPEN declaredMaximumStepSeconds=5.00000000e-06 stepRole=PRODUCTION_5_US_REFERENCE cleanup=true elapsedMillis=0
Q30_STEP_OWNER_CLEANUP seed=3 fault=DRIVE_A_OPEN declaredMaximumStepSeconds=1.00000000e-05 stepRole=EXPERIMENTAL_CANDIDATE_NOT_PROMOTED cleanup=true elapsedMillis=0
Q30_STEP_SEED_CLEANUP seed=3 cleanup=true elapsedMillis=0

node 11 unconnected
converged after 25 iterations, timeStep = 5.0E-6
converged after 6 iterations, timeStep = 5.0E-6
node 11 unconnected
node 11 unconnected
converged after 14 iterations, timeStep = 5.0E-6
node 11 unconnected
converged after 12 iterations, timeStep = 5.0E-6
converged after 19 iterations, timeStep = 5.0E-6
node 11 unconnected
converged after 11 iterations, timeStep = 5.0E-6
Exception in thread "main" java.lang.IllegalStateException: Healthy Q30 failed four input conditions: input=2 rail=4.991938685255928 outputA=11.980033277870218 outputB=11.980033277870218
	at com.lushprojects.circuitjs1.client.Rb30Behavior$ProfileWork.finish(Rb30Behavior.java:401)
	at com.lushprojects.circuitjs1.client.Rb30Behavior$ProfileWork.finish(Rb30Behavior.java:226)
	at com.lushprojects.circuitjs1.client.GeneratedWork.complete(GeneratedWork.java:18)
	at com.lushprojects.circuitjs1.client.Rb30Behavior.prepareHealthyProfile(Rb30Behavior.java:165)
	at com.lushprojects.circuitjs1.client.Q30SolverStepSensitivityContractTest.runOwner(Q30SolverStepSensitivityContractTest.java:284)
	at com.lushprojects.circuitjs1.client.Q30SolverStepSensitivityContractTest.verifySeed(Q30SolverStepSensitivityContractTest.java:142)
	at com.lushprojects.circuitjs1.client.Q30SolverStepSensitivityContractTest.main(Q30SolverStepSensitivityContractTest.java:74)

Q30_SENSITIVITY_CASE seed=3 fault=RELAY_B_COIL_OPEN exit=1 termination=True qualified=False
Q30_STEP_PROFILE seed=3 fault=RELAY_B_COIL_OPEN profile=initial-electrical-settle boundary=BEGIN stepRole=PRODUCTION_5_US_REFERENCE declaredMaximumStepSeconds=5.00000000e-06 configuredMaximumStepSeconds=5.00000000e-06 actualCurrentStepSeconds=5.00000000e-06 observedMinimumStepSeconds=5.00000000e-06 observedMaximumStepSeconds=5.00000000e-06 minimumTimeStepSeconds=5.00000000e-11 adaptive=true
Q30_STEP_PROFILE seed=3 fault=RELAY_B_COIL_OPEN profile=initial-electrical-settle boundary=END stepRole=PRODUCTION_5_US_REFERENCE declaredMaximumStepSeconds=5.00000000e-06 configuredMaximumStepSeconds=5.00000000e-06 actualCurrentStepSeconds=5.00000000e-06 observedMinimumStepSeconds=5.00000000e-06 observedMaximumStepSeconds=5.00000000e-06 minimumTimeStepSeconds=5.00000000e-11 adaptive=true
Q30_STEP_PROFILE seed=3 fault=RELAY_B_COIL_OPEN profile=healthy-preparation boundary=BEGIN stepRole=PRODUCTION_5_US_REFERENCE declaredMaximumStepSeconds=5.00000000e-06 configuredMaximumStepSeconds=5.00000000e-06 actualCurrentStepSeconds=5.00000000e-06 observedMinimumStepSeconds=5.00000000e-06 observedMaximumStepSeconds=5.00000000e-06 minimumTimeStepSeconds=5.00000000e-11 adaptive=true
Q30_STEP_OWNER_CLEANUP seed=3 fault=RELAY_B_COIL_OPEN declaredMaximumStepSeconds=5.00000000e-06 stepRole=PRODUCTION_5_US_REFERENCE cleanup=true elapsedMillis=0
Q30_STEP_OWNER_CLEANUP seed=3 fault=DREV_OPEN declaredMaximumStepSeconds=5.00000000e-06 stepRole=PRODUCTION_5_US_REFERENCE cleanup=true elapsedMillis=0
Q30_STEP_OWNER_CLEANUP seed=3 fault=RELAY_B_COIL_OPEN declaredMaximumStepSeconds=1.00000000e-05 stepRole=EXPERIMENTAL_CANDIDATE_NOT_PROMOTED cleanup=true elapsedMillis=0
Q30_STEP_SEED_CLEANUP seed=3 cleanup=true elapsedMillis=0

node 11 unconnected
converged after 25 iterations, timeStep = 5.0E-6
converged after 6 iterations, timeStep = 5.0E-6
node 11 unconnected
node 11 unconnected
converged after 14 iterations, timeStep = 5.0E-6
node 11 unconnected
converged after 12 iterations, timeStep = 5.0E-6
converged after 19 iterations, timeStep = 5.0E-6
node 11 unconnected
converged after 11 iterations, timeStep = 5.0E-6
Exception in thread "main" java.lang.IllegalStateException: Healthy Q30 failed four input conditions: input=2 rail=4.991938685255928 outputA=11.980033277870218 outputB=11.980033277870218
	at com.lushprojects.circuitjs1.client.Rb30Behavior$ProfileWork.finish(Rb30Behavior.java:401)
	at com.lushprojects.circuitjs1.client.Rb30Behavior$ProfileWork.finish(Rb30Behavior.java:226)
	at com.lushprojects.circuitjs1.client.GeneratedWork.complete(GeneratedWork.java:18)
	at com.lushprojects.circuitjs1.client.Rb30Behavior.prepareHealthyProfile(Rb30Behavior.java:165)
	at com.lushprojects.circuitjs1.client.Q30SolverStepSensitivityContractTest.runOwner(Q30SolverStepSensitivityContractTest.java:284)
	at com.lushprojects.circuitjs1.client.Q30SolverStepSensitivityContractTest.verifySeed(Q30SolverStepSensitivityContractTest.java:142)
	at com.lushprojects.circuitjs1.client.Q30SolverStepSensitivityContractTest.main(Q30SolverStepSensitivityContractTest.java:74)

Q30_SENSITIVITY_CASE seed=10 fault=DREV_OPEN exit=1 termination=True qualified=False
Q30_STEP_PROFILE seed=10 fault=DREV_OPEN profile=initial-electrical-settle boundary=BEGIN stepRole=PRODUCTION_5_US_REFERENCE declaredMaximumStepSeconds=5.00000000e-06 configuredMaximumStepSeconds=5.00000000e-06 actualCurrentStepSeconds=5.00000000e-06 observedMinimumStepSeconds=5.00000000e-06 observedMaximumStepSeconds=5.00000000e-06 minimumTimeStepSeconds=5.00000000e-11 adaptive=true
Q30_STEP_PROFILE seed=10 fault=DREV_OPEN profile=initial-electrical-settle boundary=END stepRole=PRODUCTION_5_US_REFERENCE declaredMaximumStepSeconds=5.00000000e-06 configuredMaximumStepSeconds=5.00000000e-06 actualCurrentStepSeconds=5.00000000e-06 observedMinimumStepSeconds=5.00000000e-06 observedMaximumStepSeconds=5.00000000e-06 minimumTimeStepSeconds=5.00000000e-11 adaptive=true
Q30_STEP_PROFILE seed=10 fault=DREV_OPEN profile=healthy-preparation boundary=BEGIN stepRole=PRODUCTION_5_US_REFERENCE declaredMaximumStepSeconds=5.00000000e-06 configuredMaximumStepSeconds=5.00000000e-06 actualCurrentStepSeconds=5.00000000e-06 observedMinimumStepSeconds=5.00000000e-06 observedMaximumStepSeconds=5.00000000e-06 minimumTimeStepSeconds=5.00000000e-11 adaptive=true
Q30_STEP_PROFILE seed=10 fault=DREV_OPEN profile=healthy-preparation boundary=END stepRole=PRODUCTION_5_US_REFERENCE declaredMaximumStepSeconds=5.00000000e-06 configuredMaximumStepSeconds=5.00000000e-06 actualCurrentStepSeconds=5.00000000e-06 observedMinimumStepSeconds=5.00000000e-06 observedMaximumStepSeconds=5.00000000e-06 minimumTimeStepSeconds=5.00000000e-11 adaptive=true
Q30_STEP_PROFILE seed=10 fault=DREV_OPEN profile=fault-profile-preparation boundary=BEGIN stepRole=PRODUCTION_5_US_REFERENCE declaredMaximumStepSeconds=5.00000000e-06 configuredMaximumStepSeconds=5.00000000e-06 actualCurrentStepSeconds=5.00000000e-06 observedMinimumStepSeconds=5.00000000e-06 observedMaximumStepSeconds=5.00000000e-06 minimumTimeStepSeconds=5.00000000e-11 adaptive=true
Q30_STEP_PROFILE seed=10 fault=DREV_OPEN profile=fault-profile-preparation boundary=END stepRole=PRODUCTION_5_US_REFERENCE declaredMaximumStepSeconds=5.00000000e-06 configuredMaximumStepSeconds=5.00000000e-06 actualCurrentStepSeconds=5.00000000e-06 observedMinimumStepSeconds=5.00000000e-06 observedMaximumStepSeconds=5.00000000e-06 minimumTimeStepSeconds=5.00000000e-11 adaptive=true
Q30_STEP_PROFILE seed=10 fault=DREV_OPEN profile=faulted-four-input-profile boundary=BEGIN stepRole=PRODUCTION_5_US_REFERENCE declaredMaximumStepSeconds=5.00000000e-06 configuredMaximumStepSeconds=5.00000000e-06 actualCurrentStepSeconds=5.00000000e-06 observedMinimumStepSeconds=5.00000000e-06 observedMaximumStepSeconds=5.00000000e-06 minimumTimeStepSeconds=5.00000000e-11 adaptive=true
Q30_STEP_PROFILE seed=10 fault=DREV_OPEN profile=faulted-four-input-profile boundary=END stepRole=PRODUCTION_5_US_REFERENCE declaredMaximumStepSeconds=5.00000000e-06 configuredMaximumStepSeconds=5.00000000e-06 actualCurrentStepSeconds=5.00000000e-06 observedMinimumStepSeconds=5.00000000e-06 observedMaximumStepSeconds=5.00000000e-06 minimumTimeStepSeconds=5.00000000e-11 adaptive=true
Q30_STEP_PROFILE seed=10 fault=DREV_OPEN profile=unrepaired-customer-retest boundary=BEGIN stepRole=PRODUCTION_5_US_REFERENCE declaredMaximumStepSeconds=5.00000000e-06 configuredMaximumStepSeconds=5.00000000e-06 actualCurrentStepSeconds=5.00000000e-06 observedMinimumStepSeconds=5.00000000e-06 observedMaximumStepSeconds=5.00000000e-06 minimumTimeStepSeconds=5.00000000e-11 adaptive=true
Q30_STEP_PROFILE seed=10 fault=DREV_OPEN profile=unrepaired-customer-retest boundary=END stepRole=PRODUCTION_5_US_REFERENCE declaredMaximumStepSeconds=5.00000000e-06 configuredMaximumStepSeconds=5.00000000e-06 actualCurrentStepSeconds=5.00000000e-06 observedMinimumStepSeconds=5.00000000e-06 observedMaximumStepSeconds=5.00000000e-06 minimumTimeStepSeconds=5.00000000e-11 adaptive=true
Q30_STEP_PROFILE seed=10 fault=DREV_OPEN profile=service-power-off-wait boundary=BEGIN stepRole=PRODUCTION_5_US_REFERENCE declaredMaximumStepSeconds=5.00000000e-06 configuredMaximumStepSeconds=5.00000000e-06 actualCurrentStepSeconds=5.00000000e-06 observedMinimumStepSeconds=5.00000000e-06 observedMaximumStepSeconds=5.00000000e-06 minimumTimeStepSeconds=5.00000000e-11 adaptive=true
Q30_STEP_PROFILE seed=10 fault=DREV_OPEN profile=service-power-off-wait boundary=END stepRole=PRODUCTION_5_US_REFERENCE declaredMaximumStepSeconds=5.00000000e-06 configuredMaximumStepSeconds=5.00000000e-06 actualCurrentStepSeconds=5.00000000e-06 observedMinimumStepSeconds=5.00000000e-06 observedMaximumStepSeconds=5.00000000e-06 minimumTimeStepSeconds=5.00000000e-11 adaptive=true
Q30_STEP_PROFILE seed=10 fault=DREV_OPEN profile=reinstalled-original-customer-retest boundary=BEGIN stepRole=PRODUCTION_5_US_REFERENCE declaredMaximumStepSeconds=5.00000000e-06 configuredMaximumStepSeconds=5.00000000e-06 actualCurrentStepSeconds=5.00000000e-06 observedMinimumStepSeconds=5.00000000e-06 observedMaximumStepSeconds=5.00000000e-06 minimumTimeStepSeconds=5.00000000e-11 adaptive=true
Q30_STEP_PROFILE seed=10 fault=DREV_OPEN profile=reinstalled-original-customer-retest boundary=END stepRole=PRODUCTION_5_US_REFERENCE declaredMaximumStepSeconds=5.00000000e-06 configuredMaximumStepSeconds=5.00000000e-06 actualCurrentStepSeconds=5.00000000e-06 observedMinimumStepSeconds=5.00000000e-06 observedMaximumStepSeconds=5.00000000e-06 minimumTimeStepSeconds=5.00000000e-11 adaptive=true
Q30_STEP_PROFILE seed=10 fault=DREV_OPEN profile=service-power-off-wait boundary=BEGIN stepRole=PRODUCTION_5_US_REFERENCE declaredMaximumStepSeconds=5.00000000e-06 configuredMaximumStepSeconds=5.00000000e-06 actualCurrentStepSeconds=5.00000000e-06 observedMinimumStepSeconds=5.00000000e-06 observedMaximumStepSeconds=5.00000000e-06 minimumTimeStepSeconds=5.00000000e-11 adaptive=true
Q30_STEP_PROFILE seed=10 fault=DREV_OPEN profile=service-power-off-wait boundary=END stepRole=PRODUCTION_5_US_REFERENCE declaredMaximumStepSeconds=5.00000000e-06 configuredMaximumStepSeconds=5.00000000e-06 actualCurrentStepSeconds=5.00000000e-06 observedMinimumStepSeconds=5.00000000e-06 observedMaximumStepSeconds=5.00000000e-06 minimumTimeStepSeconds=5.00000000e-11 adaptive=true
Q30_STEP_PROFILE seed=10 fault=DREV_OPEN profile=repaired-customer-retest boundary=BEGIN stepRole=PRODUCTION_5_US_REFERENCE declaredMaximumStepSeconds=5.00000000e-06 configuredMaximumStepSeconds=5.00000000e-06 actualCurrentStepSeconds=5.00000000e-06 observedMinimumStepSeconds=5.00000000e-06 observedMaximumStepSeconds=5.00000000e-06 minimumTimeStepSeconds=5.00000000e-11 adaptive=true
Q30_STEP_PROFILE seed=10 fault=DREV_OPEN profile=repaired-customer-retest boundary=END stepRole=PRODUCTION_5_US_REFERENCE declaredMaximumStepSeconds=5.00000000e-06 configuredMaximumStepSeconds=5.00000000e-06 actualCurrentStepSeconds=5.00000000e-06 observedMinimumStepSeconds=5.00000000e-06 observedMaximumStepSeconds=5.00000000e-06 minimumTimeStepSeconds=5.00000000e-11 adaptive=true
Q30_STEP_OWNER_CLEANUP seed=10 fault=DREV_OPEN declaredMaximumStepSeconds=5.00000000e-06 stepRole=PRODUCTION_5_US_REFERENCE cleanup=true elapsedMillis=0
Q30_STEP_PROFILE seed=10 fault=DREV_OPEN profile=initial-electrical-settle boundary=BEGIN stepRole=EXPERIMENTAL_CANDIDATE_NOT_PROMOTED declaredMaximumStepSeconds=1.00000000e-05 configuredMaximumStepSeconds=1.00000000e-05 actualCurrentStepSeconds=1.00000000e-05 observedMinimumStepSeconds=1.00000000e-05 observedMaximumStepSeconds=1.00000000e-05 minimumTimeStepSeconds=5.00000000e-11 adaptive=true
Q30_STEP_PROFILE seed=10 fault=DREV_OPEN profile=initial-electrical-settle boundary=END stepRole=EXPERIMENTAL_CANDIDATE_NOT_PROMOTED declaredMaximumStepSeconds=1.00000000e-05 configuredMaximumStepSeconds=1.00000000e-05 actualCurrentStepSeconds=1.00000000e-05 observedMinimumStepSeconds=1.00000000e-05 observedMaximumStepSeconds=1.00000000e-05 minimumTimeStepSeconds=5.00000000e-11 adaptive=true
Q30_STEP_PROFILE seed=10 fault=DREV_OPEN profile=healthy-preparation boundary=BEGIN stepRole=EXPERIMENTAL_CANDIDATE_NOT_PROMOTED declaredMaximumStepSeconds=1.00000000e-05 configuredMaximumStepSeconds=1.00000000e-05 actualCurrentStepSeconds=1.00000000e-05 observedMinimumStepSeconds=1.00000000e-05 observedMaximumStepSeconds=1.00000000e-05 minimumTimeStepSeconds=5.00000000e-11 adaptive=true
Q30_STEP_PROFILE seed=10 fault=DREV_OPEN profile=healthy-preparation boundary=END stepRole=EXPERIMENTAL_CANDIDATE_NOT_PROMOTED declaredMaximumStepSeconds=1.00000000e-05 configuredMaximumStepSeconds=1.00000000e-05 actualCurrentStepSeconds=1.00000000e-05 observedMinimumStepSeconds=1.00000000e-05 observedMaximumStepSeconds=1.00000000e-05 minimumTimeStepSeconds=5.00000000e-11 adaptive=true
Q30_STEP_PROFILE seed=10 fault=DREV_OPEN profile=fault-profile-preparation boundary=BEGIN stepRole=EXPERIMENTAL_CANDIDATE_NOT_PROMOTED declaredMaximumStepSeconds=1.00000000e-05 configuredMaximumStepSeconds=1.00000000e-05 actualCurrentStepSeconds=1.00000000e-05 observedMinimumStepSeconds=1.00000000e-05 observedMaximumStepSeconds=1.00000000e-05 minimumTimeStepSeconds=5.00000000e-11 adaptive=true
Q30_STEP_FAILURE seed=10 fault=DREV_OPEN stage=temporal-advance phase=NONE profile=fault-profile-preparation durationSeconds=0.0300000000 declaredMaximumStepSeconds=1.00000000e-05 configuredMaximumStepSeconds=1.00000000e-05 actualCurrentStepSeconds=1.00000000e-05 U1_INPUT_to_U1_RETURN_V=24.0672132 U1_INPUT_to_J1_2_V=24.0672132 U1_RETURN_to_J1_2_V=0.00000000 regulatorModelInput_V=24.0672132 E02_maximumInput_V=24.0000000 diagnosticFailure=none originalException=java.lang.IllegalArgumentException:Rail input exceeds declared envelope
Q30_STEP_FAILURE seed=10 fault=DREV_OPEN stage=temporal-advance phase=NONE profile=fault-profile-preparation durationSeconds=0.0300000000 declaredMaximumStepSeconds=1.00000000e-05 configuredMaximumStepSeconds=1.00000000e-05 actualCurrentStepSeconds=1.00000000e-05 U1_INPUT_to_U1_RETURN_V=24.0672132 U1_INPUT_to_J1_2_V=24.0672132 U1_RETURN_to_J1_2_V=0.00000000 regulatorModelInput_V=24.0672132 E02_maximumInput_V=24.0000000 diagnosticFailure=none originalException=java.lang.IllegalArgumentException:Rail input exceeds declared envelope
Q30_STEP_OWNER_CLEANUP seed=10 fault=DREV_OPEN declaredMaximumStepSeconds=1.00000000e-05 stepRole=EXPERIMENTAL_CANDIDATE_NOT_PROMOTED cleanup=true elapsedMillis=0
Q30_STEP_SEED_CLEANUP seed=10 cleanup=true elapsedMillis=0

node 11 unconnected
converged after 25 iterations, timeStep = 5.0E-6
converged after 6 iterations, timeStep = 5.0E-6
node 11 unconnected
node 11 unconnected
converged after 16 iterations, timeStep = 5.0E-6
node 11 unconnected
converged after 14 iterations, timeStep = 5.0E-6
node 11 unconnected
converged after 19 iterations, timeStep = 5.0E-6
node 11 unconnected
converged after 15 iterations, timeStep = 5.0E-6
node 11 unconnected
converged after 20 iterations, timeStep = 5.0E-6
converged after 15 iterations, timeStep = 5.0E-6
node 11 unconnected
node 11 unconnected
node 11 unconnected
node 11 unconnected
node 11 unconnected
node 11 unconnected
node 11 unconnected
node 11 unconnected
node 11 unconnected
node 11 unconnected
node 11 unconnected
node 11 unconnected
node 11 unconnected
node 11 unconnected
node 11 unconnected
node 16 unconnected
node 20 unconnected
node 11 unconnected
node 11 unconnected
node 11 unconnected
node 11 unconnected
node 11 unconnected
node 11 unconnected
node 11 unconnected
node 11 unconnected
node 11 unconnected
node 11 unconnected
node 11 unconnected
node 11 unconnected
node 11 unconnected
node 16 unconnected
node 20 unconnected
node 11 unconnected
node 16 unconnected
node 20 unconnected
converged after 7 iterations, timeStep = 5.0E-6
converged after 6 iterations, timeStep = 5.0E-6
node 11 unconnected
node 16 unconnected
node 20 unconnected
converged after 40 iterations, timeStep = 5.0E-6
node 11 unconnected
node 16 unconnected
node 20 unconnected
converged after 10 iterations, timeStep = 5.0E-6
node 11 unconnected
node 16 unconnected
node 20 unconnected
converged after 16 iterations, timeStep = 5.0E-6
node 11 unconnected
node 16 unconnected
node 20 unconnected
converged after 14 iterations, timeStep = 5.0E-6
node 11 unconnected
node 16 unconnected
node 20 unconnected
converged after 18 iterations, timeStep = 5.0E-6
node 11 unconnected
converged after 24 iterations, timeStep = 1.0E-5
node 11 unconnected
node 11 unconnected
converged after 17 iterations, timeStep = 1.0E-5
node 11 unconnected
converged after 14 iterations, timeStep = 1.0E-5
node 11 unconnected
converged after 19 iterations, timeStep = 1.0E-5
node 11 unconnected
converged after 15 iterations, timeStep = 1.0E-5
node 11 unconnected
node 11 unconnected
Exception in thread "main" java.lang.IllegalArgumentException: Rail input exceeds declared envelope
	at com.lushprojects.circuitjs1.client.AbstractRailRegulatorElm.validateOperatingPoint(AbstractRailRegulatorElm.java:484)
	at com.lushprojects.circuitjs1.client.AbstractRailRegulatorElm.doStep(AbstractRailRegulatorElm.java:127)
	at com.lushprojects.circuitjs1.client.CirSim.runCircuitOwned(CirSim.java:3357)
	at com.lushprojects.circuitjs1.client.CircuitSolverExecutor.advanceFor(CircuitSolverExecutor.java:144)
	at com.lushprojects.circuitjs1.client.CircuitSolverExecutor.advanceFor(CircuitSolverExecutor.java:135)
	at com.lushprojects.circuitjs1.client.CirSim.advanceGeneratedTemporalSolver(CirSim.java:6344)
	at com.lushprojects.circuitjs1.client.CirSim.advanceGeneratedTemporalProfile(CirSim.java:6321)
	at com.lushprojects.circuitjs1.client.Q30SolverStepSensitivityContractTest$SensitivityCirSim.advanceGeneratedTemporalProfile(Q30SolverStepSensitivityContractTest.java:846)
	at com.lushprojects.circuitjs1.client.Rb30Behavior$ProfileWork.applyInput(Rb30Behavior.java:391)
	at com.lushprojects.circuitjs1.client.Rb30Behavior$ProfileWork.step(Rb30Behavior.java:356)
	at com.lushprojects.circuitjs1.client.GeneratedWork.complete(GeneratedWork.java:17)
	at com.lushprojects.circuitjs1.client.Rb30Behavior.prepareFaultedProfile(Rb30Behavior.java:171)
	at com.lushprojects.circuitjs1.client.Q30SolverStepSensitivityContractTest.runOwner(Q30SolverStepSensitivityContractTest.java:302)
	at com.lushprojects.circuitjs1.client.Q30SolverStepSensitivityContractTest.verifySeed(Q30SolverStepSensitivityContractTest.java:144)
	at com.lushprojects.circuitjs1.client.Q30SolverStepSensitivityContractTest.main(Q30SolverStepSensitivityContractTest.java:74)
	Suppressed: java.lang.IllegalArgumentException: Rail input exceeds declared envelope
		at com.lushprojects.circuitjs1.client.AbstractRailRegulatorElm.validateOperatingPoint(AbstractRailRegulatorElm.java:484)
		at com.lushprojects.circuitjs1.client.AbstractRailRegulatorElm.doStep(AbstractRailRegulatorElm.java:127)
		at com.lushprojects.circuitjs1.client.CirSim.runCircuitOwned(CirSim.java:3357)
		at com.lushprojects.circuitjs1.client.CircuitSolverExecutor.advanceFor(CircuitSolverExecutor.java:144)
		at com.lushprojects.circuitjs1.client.CircuitSolverExecutor.advanceFor(CircuitSolverExecutor.java:135)
		at com.lushprojects.circuitjs1.client.CirSim.advanceGeneratedTemporalSolver(CirSim.java:6344)
		at com.lushprojects.circuitjs1.client.CirSim.advanceGeneratedTemporalProfile(CirSim.java:6321)
		at com.lushprojects.circuitjs1.client.Q30SolverStepSensitivityContractTest$SensitivityCirSim.advanceGeneratedTemporalProfile(Q30SolverStepSensitivityContractTest.java:846)
		at com.lushprojects.circuitjs1.client.Rb30Behavior$ProfileWork.applyInput(Rb30Behavior.java:391)
		at com.lushprojects.circuitjs1.client.Rb30Behavior$ProfileWork.cancel(Rb30Behavior.java:421)
		at com.lushprojects.circuitjs1.client.GeneratedWork.cancelAfterFailure(GeneratedWork.java:29)
		at com.lushprojects.circuitjs1.client.GeneratedWork.complete(GeneratedWork.java:20)
		... 4 more

Q30_SENSITIVITY_CASE seed=10 fault=REN_OPEN exit=1 termination=True qualified=False
Q30_STEP_PROFILE seed=10 fault=REN_OPEN profile=initial-electrical-settle boundary=BEGIN stepRole=PRODUCTION_5_US_REFERENCE declaredMaximumStepSeconds=5.00000000e-06 configuredMaximumStepSeconds=5.00000000e-06 actualCurrentStepSeconds=5.00000000e-06 observedMinimumStepSeconds=5.00000000e-06 observedMaximumStepSeconds=5.00000000e-06 minimumTimeStepSeconds=5.00000000e-11 adaptive=true
Q30_STEP_PROFILE seed=10 fault=REN_OPEN profile=initial-electrical-settle boundary=END stepRole=PRODUCTION_5_US_REFERENCE declaredMaximumStepSeconds=5.00000000e-06 configuredMaximumStepSeconds=5.00000000e-06 actualCurrentStepSeconds=5.00000000e-06 observedMinimumStepSeconds=5.00000000e-06 observedMaximumStepSeconds=5.00000000e-06 minimumTimeStepSeconds=5.00000000e-11 adaptive=true
Q30_STEP_PROFILE seed=10 fault=REN_OPEN profile=healthy-preparation boundary=BEGIN stepRole=PRODUCTION_5_US_REFERENCE declaredMaximumStepSeconds=5.00000000e-06 configuredMaximumStepSeconds=5.00000000e-06 actualCurrentStepSeconds=5.00000000e-06 observedMinimumStepSeconds=5.00000000e-06 observedMaximumStepSeconds=5.00000000e-06 minimumTimeStepSeconds=5.00000000e-11 adaptive=true
Q30_STEP_PROFILE seed=10 fault=REN_OPEN profile=healthy-preparation boundary=END stepRole=PRODUCTION_5_US_REFERENCE declaredMaximumStepSeconds=5.00000000e-06 configuredMaximumStepSeconds=5.00000000e-06 actualCurrentStepSeconds=5.00000000e-06 observedMinimumStepSeconds=5.00000000e-06 observedMaximumStepSeconds=5.00000000e-06 minimumTimeStepSeconds=5.00000000e-11 adaptive=true
Q30_STEP_PROFILE seed=10 fault=REN_OPEN profile=fault-profile-preparation boundary=BEGIN stepRole=PRODUCTION_5_US_REFERENCE declaredMaximumStepSeconds=5.00000000e-06 configuredMaximumStepSeconds=5.00000000e-06 actualCurrentStepSeconds=5.00000000e-06 observedMinimumStepSeconds=5.00000000e-06 observedMaximumStepSeconds=5.00000000e-06 minimumTimeStepSeconds=5.00000000e-11 adaptive=true
Q30_STEP_PROFILE seed=10 fault=REN_OPEN profile=fault-profile-preparation boundary=END stepRole=PRODUCTION_5_US_REFERENCE declaredMaximumStepSeconds=5.00000000e-06 configuredMaximumStepSeconds=5.00000000e-06 actualCurrentStepSeconds=5.00000000e-06 observedMinimumStepSeconds=5.00000000e-06 observedMaximumStepSeconds=5.00000000e-06 minimumTimeStepSeconds=5.00000000e-11 adaptive=true
Q30_STEP_PROFILE seed=10 fault=REN_OPEN profile=faulted-four-input-profile boundary=BEGIN stepRole=PRODUCTION_5_US_REFERENCE declaredMaximumStepSeconds=5.00000000e-06 configuredMaximumStepSeconds=5.00000000e-06 actualCurrentStepSeconds=5.00000000e-06 observedMinimumStepSeconds=5.00000000e-06 observedMaximumStepSeconds=5.00000000e-06 minimumTimeStepSeconds=5.00000000e-11 adaptive=true
Q30_STEP_PROFILE seed=10 fault=REN_OPEN profile=faulted-four-input-profile boundary=END stepRole=PRODUCTION_5_US_REFERENCE declaredMaximumStepSeconds=5.00000000e-06 configuredMaximumStepSeconds=5.00000000e-06 actualCurrentStepSeconds=5.00000000e-06 observedMinimumStepSeconds=5.00000000e-06 observedMaximumStepSeconds=5.00000000e-06 minimumTimeStepSeconds=5.00000000e-11 adaptive=true
Q30_STEP_PROFILE seed=10 fault=REN_OPEN profile=unrepaired-customer-retest boundary=BEGIN stepRole=PRODUCTION_5_US_REFERENCE declaredMaximumStepSeconds=5.00000000e-06 configuredMaximumStepSeconds=5.00000000e-06 actualCurrentStepSeconds=5.00000000e-06 observedMinimumStepSeconds=5.00000000e-06 observedMaximumStepSeconds=5.00000000e-06 minimumTimeStepSeconds=5.00000000e-11 adaptive=true
Q30_STEP_PROFILE seed=10 fault=REN_OPEN profile=unrepaired-customer-retest boundary=END stepRole=PRODUCTION_5_US_REFERENCE declaredMaximumStepSeconds=5.00000000e-06 configuredMaximumStepSeconds=5.00000000e-06 actualCurrentStepSeconds=5.00000000e-06 observedMinimumStepSeconds=5.00000000e-06 observedMaximumStepSeconds=5.00000000e-06 minimumTimeStepSeconds=5.00000000e-11 adaptive=true
Q30_STEP_PROFILE seed=10 fault=REN_OPEN profile=service-power-off-wait boundary=BEGIN stepRole=PRODUCTION_5_US_REFERENCE declaredMaximumStepSeconds=5.00000000e-06 configuredMaximumStepSeconds=5.00000000e-06 actualCurrentStepSeconds=5.00000000e-06 observedMinimumStepSeconds=5.00000000e-06 observedMaximumStepSeconds=5.00000000e-06 minimumTimeStepSeconds=5.00000000e-11 adaptive=true
Q30_STEP_PROFILE seed=10 fault=REN_OPEN profile=service-power-off-wait boundary=END stepRole=PRODUCTION_5_US_REFERENCE declaredMaximumStepSeconds=5.00000000e-06 configuredMaximumStepSeconds=5.00000000e-06 actualCurrentStepSeconds=5.00000000e-06 observedMinimumStepSeconds=5.00000000e-06 observedMaximumStepSeconds=5.00000000e-06 minimumTimeStepSeconds=5.00000000e-11 adaptive=true
Q30_STEP_PROFILE seed=10 fault=REN_OPEN profile=reinstalled-original-customer-retest boundary=BEGIN stepRole=PRODUCTION_5_US_REFERENCE declaredMaximumStepSeconds=5.00000000e-06 configuredMaximumStepSeconds=5.00000000e-06 actualCurrentStepSeconds=5.00000000e-06 observedMinimumStepSeconds=5.00000000e-06 observedMaximumStepSeconds=5.00000000e-06 minimumTimeStepSeconds=5.00000000e-11 adaptive=true
Q30_STEP_PROFILE seed=10 fault=REN_OPEN profile=reinstalled-original-customer-retest boundary=END stepRole=PRODUCTION_5_US_REFERENCE declaredMaximumStepSeconds=5.00000000e-06 configuredMaximumStepSeconds=5.00000000e-06 actualCurrentStepSeconds=5.00000000e-06 observedMinimumStepSeconds=5.00000000e-06 observedMaximumStepSeconds=5.00000000e-06 minimumTimeStepSeconds=5.00000000e-11 adaptive=true
Q30_STEP_PROFILE seed=10 fault=REN_OPEN profile=service-power-off-wait boundary=BEGIN stepRole=PRODUCTION_5_US_REFERENCE declaredMaximumStepSeconds=5.00000000e-06 configuredMaximumStepSeconds=5.00000000e-06 actualCurrentStepSeconds=5.00000000e-06 observedMinimumStepSeconds=5.00000000e-06 observedMaximumStepSeconds=5.00000000e-06 minimumTimeStepSeconds=5.00000000e-11 adaptive=true
Q30_STEP_PROFILE seed=10 fault=REN_OPEN profile=service-power-off-wait boundary=END stepRole=PRODUCTION_5_US_REFERENCE declaredMaximumStepSeconds=5.00000000e-06 configuredMaximumStepSeconds=5.00000000e-06 actualCurrentStepSeconds=5.00000000e-06 observedMinimumStepSeconds=5.00000000e-06 observedMaximumStepSeconds=5.00000000e-06 minimumTimeStepSeconds=5.00000000e-11 adaptive=true
Q30_STEP_PROFILE seed=10 fault=REN_OPEN profile=repaired-customer-retest boundary=BEGIN stepRole=PRODUCTION_5_US_REFERENCE declaredMaximumStepSeconds=5.00000000e-06 configuredMaximumStepSeconds=5.00000000e-06 actualCurrentStepSeconds=5.00000000e-06 observedMinimumStepSeconds=5.00000000e-06 observedMaximumStepSeconds=5.00000000e-06 minimumTimeStepSeconds=5.00000000e-11 adaptive=true
Q30_STEP_PROFILE seed=10 fault=REN_OPEN profile=repaired-customer-retest boundary=END stepRole=PRODUCTION_5_US_REFERENCE declaredMaximumStepSeconds=5.00000000e-06 configuredMaximumStepSeconds=5.00000000e-06 actualCurrentStepSeconds=5.00000000e-06 observedMinimumStepSeconds=5.00000000e-06 observedMaximumStepSeconds=5.00000000e-06 minimumTimeStepSeconds=5.00000000e-11 adaptive=true
Q30_STEP_OWNER_CLEANUP seed=10 fault=REN_OPEN declaredMaximumStepSeconds=5.00000000e-06 stepRole=PRODUCTION_5_US_REFERENCE cleanup=true elapsedMillis=0
Q30_STEP_PROFILE seed=10 fault=REN_OPEN profile=initial-electrical-settle boundary=BEGIN stepRole=EXPERIMENTAL_CANDIDATE_NOT_PROMOTED declaredMaximumStepSeconds=1.00000000e-05 configuredMaximumStepSeconds=1.00000000e-05 actualCurrentStepSeconds=1.00000000e-05 observedMinimumStepSeconds=1.00000000e-05 observedMaximumStepSeconds=1.00000000e-05 minimumTimeStepSeconds=5.00000000e-11 adaptive=true
Q30_STEP_PROFILE seed=10 fault=REN_OPEN profile=initial-electrical-settle boundary=END stepRole=EXPERIMENTAL_CANDIDATE_NOT_PROMOTED declaredMaximumStepSeconds=1.00000000e-05 configuredMaximumStepSeconds=1.00000000e-05 actualCurrentStepSeconds=1.00000000e-05 observedMinimumStepSeconds=1.00000000e-05 observedMaximumStepSeconds=1.00000000e-05 minimumTimeStepSeconds=5.00000000e-11 adaptive=true
Q30_STEP_PROFILE seed=10 fault=REN_OPEN profile=healthy-preparation boundary=BEGIN stepRole=EXPERIMENTAL_CANDIDATE_NOT_PROMOTED declaredMaximumStepSeconds=1.00000000e-05 configuredMaximumStepSeconds=1.00000000e-05 actualCurrentStepSeconds=1.00000000e-05 observedMinimumStepSeconds=1.00000000e-05 observedMaximumStepSeconds=1.00000000e-05 minimumTimeStepSeconds=5.00000000e-11 adaptive=true
Q30_STEP_PROFILE seed=10 fault=REN_OPEN profile=healthy-preparation boundary=END stepRole=EXPERIMENTAL_CANDIDATE_NOT_PROMOTED declaredMaximumStepSeconds=1.00000000e-05 configuredMaximumStepSeconds=1.00000000e-05 actualCurrentStepSeconds=1.00000000e-05 observedMinimumStepSeconds=1.00000000e-05 observedMaximumStepSeconds=1.00000000e-05 minimumTimeStepSeconds=5.00000000e-11 adaptive=true
Q30_STEP_PROFILE seed=10 fault=REN_OPEN profile=fault-profile-preparation boundary=BEGIN stepRole=EXPERIMENTAL_CANDIDATE_NOT_PROMOTED declaredMaximumStepSeconds=1.00000000e-05 configuredMaximumStepSeconds=1.00000000e-05 actualCurrentStepSeconds=1.00000000e-05 observedMinimumStepSeconds=1.00000000e-05 observedMaximumStepSeconds=1.00000000e-05 minimumTimeStepSeconds=5.00000000e-11 adaptive=true
Q30_STEP_PROFILE seed=10 fault=REN_OPEN profile=fault-profile-preparation boundary=END stepRole=EXPERIMENTAL_CANDIDATE_NOT_PROMOTED declaredMaximumStepSeconds=1.00000000e-05 configuredMaximumStepSeconds=1.00000000e-05 actualCurrentStepSeconds=1.00000000e-05 observedMinimumStepSeconds=5.00000000e-06 observedMaximumStepSeconds=1.00000000e-05 minimumTimeStepSeconds=5.00000000e-11 adaptive=true
Q30_STEP_PROFILE seed=10 fault=REN_OPEN profile=faulted-four-input-profile boundary=BEGIN stepRole=EXPERIMENTAL_CANDIDATE_NOT_PROMOTED declaredMaximumStepSeconds=1.00000000e-05 configuredMaximumStepSeconds=1.00000000e-05 actualCurrentStepSeconds=1.00000000e-05 observedMinimumStepSeconds=1.00000000e-05 observedMaximumStepSeconds=1.00000000e-05 minimumTimeStepSeconds=5.00000000e-11 adaptive=true
Q30_STEP_PROFILE seed=10 fault=REN_OPEN profile=faulted-four-input-profile boundary=END stepRole=EXPERIMENTAL_CANDIDATE_NOT_PROMOTED declaredMaximumStepSeconds=1.00000000e-05 configuredMaximumStepSeconds=1.00000000e-05 actualCurrentStepSeconds=1.00000000e-05 observedMinimumStepSeconds=1.00000000e-05 observedMaximumStepSeconds=1.00000000e-05 minimumTimeStepSeconds=5.00000000e-11 adaptive=true
Q30_STEP_PROFILE seed=10 fault=REN_OPEN profile=unrepaired-customer-retest boundary=BEGIN stepRole=EXPERIMENTAL_CANDIDATE_NOT_PROMOTED declaredMaximumStepSeconds=1.00000000e-05 configuredMaximumStepSeconds=1.00000000e-05 actualCurrentStepSeconds=1.00000000e-05 observedMinimumStepSeconds=1.00000000e-05 observedMaximumStepSeconds=1.00000000e-05 minimumTimeStepSeconds=5.00000000e-11 adaptive=true
Q30_STEP_PROFILE seed=10 fault=REN_OPEN profile=unrepaired-customer-retest boundary=END stepRole=EXPERIMENTAL_CANDIDATE_NOT_PROMOTED declaredMaximumStepSeconds=1.00000000e-05 configuredMaximumStepSeconds=1.00000000e-05 actualCurrentStepSeconds=1.00000000e-05 observedMinimumStepSeconds=1.00000000e-05 observedMaximumStepSeconds=1.00000000e-05 minimumTimeStepSeconds=5.00000000e-11 adaptive=true
Q30_STEP_PROFILE seed=10 fault=REN_OPEN profile=service-power-off-wait boundary=BEGIN stepRole=EXPERIMENTAL_CANDIDATE_NOT_PROMOTED declaredMaximumStepSeconds=1.00000000e-05 configuredMaximumStepSeconds=1.00000000e-05 actualCurrentStepSeconds=1.00000000e-05 observedMinimumStepSeconds=1.00000000e-05 observedMaximumStepSeconds=1.00000000e-05 minimumTimeStepSeconds=5.00000000e-11 adaptive=true
Q30_STEP_PROFILE seed=10 fault=REN_OPEN profile=service-power-off-wait boundary=END stepRole=EXPERIMENTAL_CANDIDATE_NOT_PROMOTED declaredMaximumStepSeconds=1.00000000e-05 configuredMaximumStepSeconds=1.00000000e-05 actualCurrentStepSeconds=1.00000000e-05 observedMinimumStepSeconds=1.00000000e-05 observedMaximumStepSeconds=1.00000000e-05 minimumTimeStepSeconds=5.00000000e-11 adaptive=true
Q30_STEP_PROFILE seed=10 fault=REN_OPEN profile=reinstalled-original-customer-retest boundary=BEGIN stepRole=EXPERIMENTAL_CANDIDATE_NOT_PROMOTED declaredMaximumStepSeconds=1.00000000e-05 configuredMaximumStepSeconds=1.00000000e-05 actualCurrentStepSeconds=1.00000000e-05 observedMinimumStepSeconds=1.00000000e-05 observedMaximumStepSeconds=1.00000000e-05 minimumTimeStepSeconds=5.00000000e-11 adaptive=true
Q30_STEP_PROFILE seed=10 fault=REN_OPEN profile=reinstalled-original-customer-retest boundary=END stepRole=EXPERIMENTAL_CANDIDATE_NOT_PROMOTED declaredMaximumStepSeconds=1.00000000e-05 configuredMaximumStepSeconds=1.00000000e-05 actualCurrentStepSeconds=1.00000000e-05 observedMinimumStepSeconds=1.00000000e-05 observedMaximumStepSeconds=1.00000000e-05 minimumTimeStepSeconds=5.00000000e-11 adaptive=true
Q30_STEP_PROFILE seed=10 fault=REN_OPEN profile=service-power-off-wait boundary=BEGIN stepRole=EXPERIMENTAL_CANDIDATE_NOT_PROMOTED declaredMaximumStepSeconds=1.00000000e-05 configuredMaximumStepSeconds=1.00000000e-05 actualCurrentStepSeconds=1.00000000e-05 observedMinimumStepSeconds=1.00000000e-05 observedMaximumStepSeconds=1.00000000e-05 minimumTimeStepSeconds=5.00000000e-11 adaptive=true
Q30_STEP_PROFILE seed=10 fault=REN_OPEN profile=service-power-off-wait boundary=END stepRole=EXPERIMENTAL_CANDIDATE_NOT_PROMOTED declaredMaximumStepSeconds=1.00000000e-05 configuredMaximumStepSeconds=1.00000000e-05 actualCurrentStepSeconds=1.00000000e-05 observedMinimumStepSeconds=1.00000000e-05 observedMaximumStepSeconds=1.00000000e-05 minimumTimeStepSeconds=5.00000000e-11 adaptive=true
Q30_STEP_PROFILE seed=10 fault=REN_OPEN profile=repaired-customer-retest boundary=BEGIN stepRole=EXPERIMENTAL_CANDIDATE_NOT_PROMOTED declaredMaximumStepSeconds=1.00000000e-05 configuredMaximumStepSeconds=1.00000000e-05 actualCurrentStepSeconds=5.00000000e-06 observedMinimumStepSeconds=5.00000000e-06 observedMaximumStepSeconds=5.00000000e-06 minimumTimeStepSeconds=5.00000000e-11 adaptive=true
Q30_STEP_PROFILE seed=10 fault=REN_OPEN profile=repaired-customer-retest boundary=END stepRole=EXPERIMENTAL_CANDIDATE_NOT_PROMOTED declaredMaximumStepSeconds=1.00000000e-05 configuredMaximumStepSeconds=1.00000000e-05 actualCurrentStepSeconds=1.00000000e-05 observedMinimumStepSeconds=5.00000000e-06 observedMaximumStepSeconds=1.00000000e-05 minimumTimeStepSeconds=5.00000000e-11 adaptive=true
Q30_STEP_OWNER_CLEANUP seed=10 fault=REN_OPEN declaredMaximumStepSeconds=1.00000000e-05 stepRole=EXPERIMENTAL_CANDIDATE_NOT_PROMOTED cleanup=true elapsedMillis=0
Q30_STEP_OWNER_CLEANUP seed=10 fault=DREV_OPEN declaredMaximumStepSeconds=5.00000000e-06 stepRole=PRODUCTION_5_US_REFERENCE cleanup=true elapsedMillis=0
Q30_STEP_SEED_CLEANUP seed=10 cleanup=true elapsedMillis=0

node 11 unconnected
converged after 25 iterations, timeStep = 5.0E-6
converged after 6 iterations, timeStep = 5.0E-6
node 11 unconnected
node 11 unconnected
converged after 16 iterations, timeStep = 5.0E-6
node 11 unconnected
converged after 14 iterations, timeStep = 5.0E-6
node 11 unconnected
converged after 19 iterations, timeStep = 5.0E-6
node 11 unconnected
converged after 15 iterations, timeStep = 5.0E-6
node 11 unconnected
node 20 unconnected
converged after 20 iterations, timeStep = 5.0E-6
converged after 20 iterations, timeStep = 5.0E-6
node 11 unconnected
node 20 unconnected
node 11 unconnected
node 20 unconnected
node 11 unconnected
node 20 unconnected
node 11 unconnected
node 20 unconnected
node 11 unconnected
node 20 unconnected
node 11 unconnected
node 20 unconnected
node 11 unconnected
node 20 unconnected
node 11 unconnected
node 20 unconnected
node 11 unconnected
node 20 unconnected
node 11 unconnected
node 20 unconnected
node 11 unconnected
node 20 unconnected
node 11 unconnected
node 20 unconnected
node 11 unconnected
node 20 unconnected
node 11 unconnected
node 20 unconnected
node 11 unconnected
node 20 unconnected
node 21 unconnected
node 23 unconnected
node 11 unconnected
node 20 unconnected
node 11 unconnected
node 20 unconnected
converged after 6 iterations, timeStep = 5.0E-6
node 11 unconnected
node 20 unconnected
node 11 unconnected
node 20 unconnected
node 11 unconnected
node 20 unconnected
node 11 unconnected
node 20 unconnected
node 11 unconnected
node 20 unconnected
node 11 unconnected
node 20 unconnected
node 11 unconnected
node 20 unconnected
node 11 unconnected
node 20 unconnected
node 11 unconnected
node 20 unconnected
node 11 unconnected
node 20 unconnected
node 11 unconnected
node 20 unconnected
node 21 unconnected
node 23 unconnected
node 11 unconnected
node 21 unconnected
node 23 unconnected
converged after 6 iterations, timeStep = 5.0E-6
node 11 unconnected
node 21 unconnected
node 23 unconnected
converged after 20 iterations, timeStep = 5.0E-6
converged after 7 iterations, timeStep = 5.0E-6
node 11 unconnected
node 21 unconnected
node 23 unconnected
converged after 15 iterations, timeStep = 5.0E-6
node 11 unconnected
node 21 unconnected
node 23 unconnected
converged after 16 iterations, timeStep = 5.0E-6
node 11 unconnected
node 21 unconnected
node 23 unconnected
converged after 14 iterations, timeStep = 5.0E-6
node 11 unconnected
node 21 unconnected
node 23 unconnected
converged after 19 iterations, timeStep = 5.0E-6
node 11 unconnected
converged after 24 iterations, timeStep = 1.0E-5
node 11 unconnected
node 11 unconnected
converged after 17 iterations, timeStep = 1.0E-5
node 11 unconnected
converged after 14 iterations, timeStep = 1.0E-5
node 11 unconnected
converged after 19 iterations, timeStep = 1.0E-5
node 11 unconnected
converged after 15 iterations, timeStep = 1.0E-5
node 11 unconnected
node 20 unconnected
timestep down to 5.0E-6 at 0.15008000000000932
converged after 20 iterations, timeStep = 5.0E-6
converged after 3 iterations, timeStep = 5.0E-6
converged after 3 iterations, timeStep = 5.0E-6
converged after 3 iterations, timeStep = 5.0E-6
converged after 3 iterations, timeStep = 5.0E-6
converged after 3 iterations, timeStep = 5.0E-6
converged after 3 iterations, timeStep = 5.0E-6
converged after 3 iterations, timeStep = 5.0E-6
converged after 3 iterations, timeStep = 5.0E-6
converged after 3 iterations, timeStep = 5.0E-6
converged after 3 iterations, timeStep = 5.0E-6
converged after 3 iterations, timeStep = 5.0E-6
converged after 3 iterations, timeStep = 5.0E-6
converged after 3 iterations, timeStep = 5.0E-6
converged after 3 iterations, timeStep = 5.0E-6
converged after 3 iterations, timeStep = 5.0E-6
converged after 3 iterations, timeStep = 5.0E-6
converged after 3 iterations, timeStep = 5.0E-6
converged after 3 iterations, timeStep = 5.0E-6
converged after 3 iterations, timeStep = 5.0E-6
converged after 3 iterations, timeStep = 5.0E-6
converged after 3 iterations, timeStep = 5.0E-6
converged after 3 iterations, timeStep = 5.0E-6
converged after 3 iterations, timeStep = 5.0E-6
converged after 3 iterations, timeStep = 5.0E-6
converged after 3 iterations, timeStep = 5.0E-6
converged after 3 iterations, timeStep = 5.0E-6
converged after 3 iterations, timeStep = 5.0E-6
converged after 3 iterations, timeStep = 5.0E-6
converged after 3 iterations, timeStep = 5.0E-6
converged after 3 iterations, timeStep = 5.0E-6
converged after 3 iterations, timeStep = 5.0E-6
converged after 3 iterations, timeStep = 5.0E-6
converged after 3 iterations, timeStep = 5.0E-6
converged after 3 iterations, timeStep = 5.0E-6
converged after 3 iterations, timeStep = 5.0E-6
converged after 3 iterations, timeStep = 5.0E-6
converged after 3 iterations, timeStep = 5.0E-6
converged after 3 iterations, timeStep = 5.0E-6
converged after 3 iterations, timeStep = 5.0E-6
converged after 3 iterations, timeStep = 5.0E-6
converged after 3 iterations, timeStep = 5.0E-6
converged after 3 iterations, timeStep = 5.0E-6
converged after 3 iterations, timeStep = 5.0E-6
converged after 3 iterations, timeStep = 5.0E-6
converged after 20 iterations, timeStep = 5.0E-6
converged after 2 iterations, timeStep = 5.0E-6
converged after 2 iterations, timeStep = 5.0E-6
converged after 2 iterations, timeStep = 5.0E-6
timestep up = 1.0E-5 at 0.15032500000000956
node 11 unconnected
node 20 unconnected
node 11 unconnected
node 20 unconnected
node 11 unconnected
node 20 unconnected
node 11 unconnected
node 20 unconnected
node 11 unconnected
node 20 unconnected
node 11 unconnected
node 20 unconnected
node 11 unconnected
node 20 unconnected
node 11 unconnected
node 20 unconnected
node 11 unconnected
node 20 unconnected
node 11 unconnected
node 20 unconnected
node 11 unconnected
node 20 unconnected
node 11 unconnected
node 20 unconnected
node 11 unconnected
node 20 unconnected
node 11 unconnected
node 20 unconnected
node 11 unconnected
node 20 unconnected
node 21 unconnected
node 23 unconnected
node 11 unconnected
node 20 unconnected
node 11 unconnected
node 20 unconnected
converged after 7 iterations, timeStep = 1.0E-5
node 11 unconnected
node 20 unconnected
node 11 unconnected
node 20 unconnected
node 11 unconnected
node 20 unconnected
node 11 unconnected
node 20 unconnected
node 11 unconnected
node 20 unconnected
node 11 unconnected
node 20 unconnected
node 11 unconnected
node 20 unconnected
node 11 unconnected
node 20 unconnected
node 11 unconnected
node 20 unconnected
node 11 unconnected
node 20 unconnected
node 11 unconnected
node 20 unconnected
node 21 unconnected
node 23 unconnected
node 11 unconnected
node 21 unconnected
node 23 unconnected
converged after 6 iterations, timeStep = 1.0E-5
converged after 6 iterations, timeStep = 1.0E-5
node 11 unconnected
node 21 unconnected
node 23 unconnected
timestep down to 5.0E-6 at 1.04064499999835
converged after 17 iterations, timeStep = 5.0E-6
converged after 6 iterations, timeStep = 5.0E-6
converged after 4 iterations, timeStep = 5.0E-6
converged after 5 iterations, timeStep = 5.0E-6
converged after 5 iterations, timeStep = 5.0E-6
converged after 3 iterations, timeStep = 5.0E-6
converged after 3 iterations, timeStep = 5.0E-6
converged after 3 iterations, timeStep = 5.0E-6
node 11 unconnected
node 21 unconnected
node 23 unconnected
converged after 11 iterations, timeStep = 1.0E-5
node 11 unconnected
node 21 unconnected
node 23 unconnected
converged after 11 iterations, timeStep = 1.0E-5
node 11 unconnected
node 21 unconnected
node 23 unconnected
converged after 11 iterations, timeStep = 1.0E-5
node 11 unconnected
node 21 unconnected
node 23 unconnected
converged after 19 iterations, timeStep = 1.0E-5
Exception in thread "main" java.lang.AssertionError: correct physical catalog repair passes actual customer retest
	at com.lushprojects.circuitjs1.client.Q30SolverStepSensitivityContractTest.require(Q30SolverStepSensitivityContractTest.java:742)
	at com.lushprojects.circuitjs1.client.Q30SolverStepSensitivityContractTest.runOwner(Q30SolverStepSensitivityContractTest.java:392)
	at com.lushprojects.circuitjs1.client.Q30SolverStepSensitivityContractTest.verifySeed(Q30SolverStepSensitivityContractTest.java:144)
	at com.lushprojects.circuitjs1.client.Q30SolverStepSensitivityContractTest.main(Q30SolverStepSensitivityContractTest.java:74)

Q30_SENSITIVITY_CASE seed=10 fault=SENSOR_A_OPEN exit=0 termination=True qualified=True
Q30_STEP_PROFILE seed=10 fault=SENSOR_A_OPEN profile=initial-electrical-settle boundary=BEGIN stepRole=PRODUCTION_5_US_REFERENCE declaredMaximumStepSeconds=5.00000000e-06 configuredMaximumStepSeconds=5.00000000e-06 actualCurrentStepSeconds=5.00000000e-06 observedMinimumStepSeconds=5.00000000e-06 observedMaximumStepSeconds=5.00000000e-06 minimumTimeStepSeconds=5.00000000e-11 adaptive=true
Q30_STEP_PROFILE seed=10 fault=SENSOR_A_OPEN profile=initial-electrical-settle boundary=END stepRole=PRODUCTION_5_US_REFERENCE declaredMaximumStepSeconds=5.00000000e-06 configuredMaximumStepSeconds=5.00000000e-06 actualCurrentStepSeconds=5.00000000e-06 observedMinimumStepSeconds=5.00000000e-06 observedMaximumStepSeconds=5.00000000e-06 minimumTimeStepSeconds=5.00000000e-11 adaptive=true
Q30_STEP_PROFILE seed=10 fault=SENSOR_A_OPEN profile=healthy-preparation boundary=BEGIN stepRole=PRODUCTION_5_US_REFERENCE declaredMaximumStepSeconds=5.00000000e-06 configuredMaximumStepSeconds=5.00000000e-06 actualCurrentStepSeconds=5.00000000e-06 observedMinimumStepSeconds=5.00000000e-06 observedMaximumStepSeconds=5.00000000e-06 minimumTimeStepSeconds=5.00000000e-11 adaptive=true
Q30_STEP_PROFILE seed=10 fault=SENSOR_A_OPEN profile=healthy-preparation boundary=END stepRole=PRODUCTION_5_US_REFERENCE declaredMaximumStepSeconds=5.00000000e-06 configuredMaximumStepSeconds=5.00000000e-06 actualCurrentStepSeconds=5.00000000e-06 observedMinimumStepSeconds=5.00000000e-06 observedMaximumStepSeconds=5.00000000e-06 minimumTimeStepSeconds=5.00000000e-11 adaptive=true
Q30_STEP_PROFILE seed=10 fault=SENSOR_A_OPEN profile=fault-profile-preparation boundary=BEGIN stepRole=PRODUCTION_5_US_REFERENCE declaredMaximumStepSeconds=5.00000000e-06 configuredMaximumStepSeconds=5.00000000e-06 actualCurrentStepSeconds=5.00000000e-06 observedMinimumStepSeconds=5.00000000e-06 observedMaximumStepSeconds=5.00000000e-06 minimumTimeStepSeconds=5.00000000e-11 adaptive=true
Q30_STEP_PROFILE seed=10 fault=SENSOR_A_OPEN profile=fault-profile-preparation boundary=END stepRole=PRODUCTION_5_US_REFERENCE declaredMaximumStepSeconds=5.00000000e-06 configuredMaximumStepSeconds=5.00000000e-06 actualCurrentStepSeconds=5.00000000e-06 observedMinimumStepSeconds=5.00000000e-06 observedMaximumStepSeconds=5.00000000e-06 minimumTimeStepSeconds=5.00000000e-11 adaptive=true
Q30_STEP_PROFILE seed=10 fault=SENSOR_A_OPEN profile=faulted-four-input-profile boundary=BEGIN stepRole=PRODUCTION_5_US_REFERENCE declaredMaximumStepSeconds=5.00000000e-06 configuredMaximumStepSeconds=5.00000000e-06 actualCurrentStepSeconds=5.00000000e-06 observedMinimumStepSeconds=5.00000000e-06 observedMaximumStepSeconds=5.00000000e-06 minimumTimeStepSeconds=5.00000000e-11 adaptive=true
Q30_STEP_PROFILE seed=10 fault=SENSOR_A_OPEN profile=faulted-four-input-profile boundary=END stepRole=PRODUCTION_5_US_REFERENCE declaredMaximumStepSeconds=5.00000000e-06 configuredMaximumStepSeconds=5.00000000e-06 actualCurrentStepSeconds=5.00000000e-06 observedMinimumStepSeconds=5.00000000e-06 observedMaximumStepSeconds=5.00000000e-06 minimumTimeStepSeconds=5.00000000e-11 adaptive=true
Q30_STEP_PROFILE seed=10 fault=SENSOR_A_OPEN profile=unrepaired-customer-retest boundary=BEGIN stepRole=PRODUCTION_5_US_REFERENCE declaredMaximumStepSeconds=5.00000000e-06 configuredMaximumStepSeconds=5.00000000e-06 actualCurrentStepSeconds=5.00000000e-06 observedMinimumStepSeconds=5.00000000e-06 observedMaximumStepSeconds=5.00000000e-06 minimumTimeStepSeconds=5.00000000e-11 adaptive=true
Q30_STEP_PROFILE seed=10 fault=SENSOR_A_OPEN profile=unrepaired-customer-retest boundary=END stepRole=PRODUCTION_5_US_REFERENCE declaredMaximumStepSeconds=5.00000000e-06 configuredMaximumStepSeconds=5.00000000e-06 actualCurrentStepSeconds=5.00000000e-06 observedMinimumStepSeconds=5.00000000e-06 observedMaximumStepSeconds=5.00000000e-06 minimumTimeStepSeconds=5.00000000e-11 adaptive=true
Q30_STEP_PROFILE seed=10 fault=SENSOR_A_OPEN profile=service-power-off-wait boundary=BEGIN stepRole=PRODUCTION_5_US_REFERENCE declaredMaximumStepSeconds=5.00000000e-06 configuredMaximumStepSeconds=5.00000000e-06 actualCurrentStepSeconds=5.00000000e-06 observedMinimumStepSeconds=5.00000000e-06 observedMaximumStepSeconds=5.00000000e-06 minimumTimeStepSeconds=5.00000000e-11 adaptive=true
Q30_STEP_PROFILE seed=10 fault=SENSOR_A_OPEN profile=service-power-off-wait boundary=END stepRole=PRODUCTION_5_US_REFERENCE declaredMaximumStepSeconds=5.00000000e-06 configuredMaximumStepSeconds=5.00000000e-06 actualCurrentStepSeconds=5.00000000e-06 observedMinimumStepSeconds=5.00000000e-06 observedMaximumStepSeconds=5.00000000e-06 minimumTimeStepSeconds=5.00000000e-11 adaptive=true
Q30_STEP_PROFILE seed=10 fault=SENSOR_A_OPEN profile=reinstalled-original-customer-retest boundary=BEGIN stepRole=PRODUCTION_5_US_REFERENCE declaredMaximumStepSeconds=5.00000000e-06 configuredMaximumStepSeconds=5.00000000e-06 actualCurrentStepSeconds=5.00000000e-06 observedMinimumStepSeconds=5.00000000e-06 observedMaximumStepSeconds=5.00000000e-06 minimumTimeStepSeconds=5.00000000e-11 adaptive=true
Q30_STEP_PROFILE seed=10 fault=SENSOR_A_OPEN profile=reinstalled-original-customer-retest boundary=END stepRole=PRODUCTION_5_US_REFERENCE declaredMaximumStepSeconds=5.00000000e-06 configuredMaximumStepSeconds=5.00000000e-06 actualCurrentStepSeconds=5.00000000e-06 observedMinimumStepSeconds=5.00000000e-06 observedMaximumStepSeconds=5.00000000e-06 minimumTimeStepSeconds=5.00000000e-11 adaptive=true
Q30_STEP_PROFILE seed=10 fault=SENSOR_A_OPEN profile=service-power-off-wait boundary=BEGIN stepRole=PRODUCTION_5_US_REFERENCE declaredMaximumStepSeconds=5.00000000e-06 configuredMaximumStepSeconds=5.00000000e-06 actualCurrentStepSeconds=5.00000000e-06 observedMinimumStepSeconds=5.00000000e-06 observedMaximumStepSeconds=5.00000000e-06 minimumTimeStepSeconds=5.00000000e-11 adaptive=true
Q30_STEP_PROFILE seed=10 fault=SENSOR_A_OPEN profile=service-power-off-wait boundary=END stepRole=PRODUCTION_5_US_REFERENCE declaredMaximumStepSeconds=5.00000000e-06 configuredMaximumStepSeconds=5.00000000e-06 actualCurrentStepSeconds=5.00000000e-06 observedMinimumStepSeconds=5.00000000e-06 observedMaximumStepSeconds=5.00000000e-06 minimumTimeStepSeconds=5.00000000e-11 adaptive=true
Q30_STEP_PROFILE seed=10 fault=SENSOR_A_OPEN profile=repaired-customer-retest boundary=BEGIN stepRole=PRODUCTION_5_US_REFERENCE declaredMaximumStepSeconds=5.00000000e-06 configuredMaximumStepSeconds=5.00000000e-06 actualCurrentStepSeconds=5.00000000e-06 observedMinimumStepSeconds=5.00000000e-06 observedMaximumStepSeconds=5.00000000e-06 minimumTimeStepSeconds=5.00000000e-11 adaptive=true
Q30_STEP_PROFILE seed=10 fault=SENSOR_A_OPEN profile=repaired-customer-retest boundary=END stepRole=PRODUCTION_5_US_REFERENCE declaredMaximumStepSeconds=5.00000000e-06 configuredMaximumStepSeconds=5.00000000e-06 actualCurrentStepSeconds=5.00000000e-06 observedMinimumStepSeconds=5.00000000e-06 observedMaximumStepSeconds=5.00000000e-06 minimumTimeStepSeconds=5.00000000e-11 adaptive=true
Q30_STEP_OWNER_CLEANUP seed=10 fault=SENSOR_A_OPEN declaredMaximumStepSeconds=5.00000000e-06 stepRole=PRODUCTION_5_US_REFERENCE cleanup=true elapsedMillis=0
Q30_STEP_PROFILE seed=10 fault=SENSOR_A_OPEN profile=initial-electrical-settle boundary=BEGIN stepRole=EXPERIMENTAL_CANDIDATE_NOT_PROMOTED declaredMaximumStepSeconds=1.00000000e-05 configuredMaximumStepSeconds=1.00000000e-05 actualCurrentStepSeconds=1.00000000e-05 observedMinimumStepSeconds=1.00000000e-05 observedMaximumStepSeconds=1.00000000e-05 minimumTimeStepSeconds=5.00000000e-11 adaptive=true
Q30_STEP_PROFILE seed=10 fault=SENSOR_A_OPEN profile=initial-electrical-settle boundary=END stepRole=EXPERIMENTAL_CANDIDATE_NOT_PROMOTED declaredMaximumStepSeconds=1.00000000e-05 configuredMaximumStepSeconds=1.00000000e-05 actualCurrentStepSeconds=1.00000000e-05 observedMinimumStepSeconds=1.00000000e-05 observedMaximumStepSeconds=1.00000000e-05 minimumTimeStepSeconds=5.00000000e-11 adaptive=true
Q30_STEP_PROFILE seed=10 fault=SENSOR_A_OPEN profile=healthy-preparation boundary=BEGIN stepRole=EXPERIMENTAL_CANDIDATE_NOT_PROMOTED declaredMaximumStepSeconds=1.00000000e-05 configuredMaximumStepSeconds=1.00000000e-05 actualCurrentStepSeconds=1.00000000e-05 observedMinimumStepSeconds=1.00000000e-05 observedMaximumStepSeconds=1.00000000e-05 minimumTimeStepSeconds=5.00000000e-11 adaptive=true
Q30_STEP_PROFILE seed=10 fault=SENSOR_A_OPEN profile=healthy-preparation boundary=END stepRole=EXPERIMENTAL_CANDIDATE_NOT_PROMOTED declaredMaximumStepSeconds=1.00000000e-05 configuredMaximumStepSeconds=1.00000000e-05 actualCurrentStepSeconds=1.00000000e-05 observedMinimumStepSeconds=1.00000000e-05 observedMaximumStepSeconds=1.00000000e-05 minimumTimeStepSeconds=5.00000000e-11 adaptive=true
Q30_STEP_PROFILE seed=10 fault=SENSOR_A_OPEN profile=fault-profile-preparation boundary=BEGIN stepRole=EXPERIMENTAL_CANDIDATE_NOT_PROMOTED declaredMaximumStepSeconds=1.00000000e-05 configuredMaximumStepSeconds=1.00000000e-05 actualCurrentStepSeconds=1.00000000e-05 observedMinimumStepSeconds=1.00000000e-05 observedMaximumStepSeconds=1.00000000e-05 minimumTimeStepSeconds=5.00000000e-11 adaptive=true
Q30_STEP_PROFILE seed=10 fault=SENSOR_A_OPEN profile=fault-profile-preparation boundary=END stepRole=EXPERIMENTAL_CANDIDATE_NOT_PROMOTED declaredMaximumStepSeconds=1.00000000e-05 configuredMaximumStepSeconds=1.00000000e-05 actualCurrentStepSeconds=1.00000000e-05 observedMinimumStepSeconds=1.00000000e-05 observedMaximumStepSeconds=1.00000000e-05 minimumTimeStepSeconds=5.00000000e-11 adaptive=true
Q30_STEP_PROFILE seed=10 fault=SENSOR_A_OPEN profile=faulted-four-input-profile boundary=BEGIN stepRole=EXPERIMENTAL_CANDIDATE_NOT_PROMOTED declaredMaximumStepSeconds=1.00000000e-05 configuredMaximumStepSeconds=1.00000000e-05 actualCurrentStepSeconds=1.00000000e-05 observedMinimumStepSeconds=1.00000000e-05 observedMaximumStepSeconds=1.00000000e-05 minimumTimeStepSeconds=5.00000000e-11 adaptive=true
Q30_STEP_PROFILE seed=10 fault=SENSOR_A_OPEN profile=faulted-four-input-profile boundary=END stepRole=EXPERIMENTAL_CANDIDATE_NOT_PROMOTED declaredMaximumStepSeconds=1.00000000e-05 configuredMaximumStepSeconds=1.00000000e-05 actualCurrentStepSeconds=1.00000000e-05 observedMinimumStepSeconds=1.00000000e-05 observedMaximumStepSeconds=1.00000000e-05 minimumTimeStepSeconds=5.00000000e-11 adaptive=true
Q30_STEP_PROFILE seed=10 fault=SENSOR_A_OPEN profile=unrepaired-customer-retest boundary=BEGIN stepRole=EXPERIMENTAL_CANDIDATE_NOT_PROMOTED declaredMaximumStepSeconds=1.00000000e-05 configuredMaximumStepSeconds=1.00000000e-05 actualCurrentStepSeconds=1.00000000e-05 observedMinimumStepSeconds=1.00000000e-05 observedMaximumStepSeconds=1.00000000e-05 minimumTimeStepSeconds=5.00000000e-11 adaptive=true
Q30_STEP_PROFILE seed=10 fault=SENSOR_A_OPEN profile=unrepaired-customer-retest boundary=END stepRole=EXPERIMENTAL_CANDIDATE_NOT_PROMOTED declaredMaximumStepSeconds=1.00000000e-05 configuredMaximumStepSeconds=1.00000000e-05 actualCurrentStepSeconds=1.00000000e-05 observedMinimumStepSeconds=1.00000000e-05 observedMaximumStepSeconds=1.00000000e-05 minimumTimeStepSeconds=5.00000000e-11 adaptive=true
Q30_STEP_PROFILE seed=10 fault=SENSOR_A_OPEN profile=service-power-off-wait boundary=BEGIN stepRole=EXPERIMENTAL_CANDIDATE_NOT_PROMOTED declaredMaximumStepSeconds=1.00000000e-05 configuredMaximumStepSeconds=1.00000000e-05 actualCurrentStepSeconds=1.00000000e-05 observedMinimumStepSeconds=1.00000000e-05 observedMaximumStepSeconds=1.00000000e-05 minimumTimeStepSeconds=5.00000000e-11 adaptive=true
Q30_STEP_PROFILE seed=10 fault=SENSOR_A_OPEN profile=service-power-off-wait boundary=END stepRole=EXPERIMENTAL_CANDIDATE_NOT_PROMOTED declaredMaximumStepSeconds=1.00000000e-05 configuredMaximumStepSeconds=1.00000000e-05 actualCurrentStepSeconds=1.00000000e-05 observedMinimumStepSeconds=1.00000000e-05 observedMaximumStepSeconds=1.00000000e-05 minimumTimeStepSeconds=5.00000000e-11 adaptive=true
Q30_STEP_PROFILE seed=10 fault=SENSOR_A_OPEN profile=reinstalled-original-customer-retest boundary=BEGIN stepRole=EXPERIMENTAL_CANDIDATE_NOT_PROMOTED declaredMaximumStepSeconds=1.00000000e-05 configuredMaximumStepSeconds=1.00000000e-05 actualCurrentStepSeconds=1.00000000e-05 observedMinimumStepSeconds=1.00000000e-05 observedMaximumStepSeconds=1.00000000e-05 minimumTimeStepSeconds=5.00000000e-11 adaptive=true
Q30_STEP_PROFILE seed=10 fault=SENSOR_A_OPEN profile=reinstalled-original-customer-retest boundary=END stepRole=EXPERIMENTAL_CANDIDATE_NOT_PROMOTED declaredMaximumStepSeconds=1.00000000e-05 configuredMaximumStepSeconds=1.00000000e-05 actualCurrentStepSeconds=1.00000000e-05 observedMinimumStepSeconds=1.00000000e-05 observedMaximumStepSeconds=1.00000000e-05 minimumTimeStepSeconds=5.00000000e-11 adaptive=true
Q30_STEP_PROFILE seed=10 fault=SENSOR_A_OPEN profile=service-power-off-wait boundary=BEGIN stepRole=EXPERIMENTAL_CANDIDATE_NOT_PROMOTED declaredMaximumStepSeconds=1.00000000e-05 configuredMaximumStepSeconds=1.00000000e-05 actualCurrentStepSeconds=1.00000000e-05 observedMinimumStepSeconds=1.00000000e-05 observedMaximumStepSeconds=1.00000000e-05 minimumTimeStepSeconds=5.00000000e-11 adaptive=true
Q30_STEP_PROFILE seed=10 fault=SENSOR_A_OPEN profile=service-power-off-wait boundary=END stepRole=EXPERIMENTAL_CANDIDATE_NOT_PROMOTED declaredMaximumStepSeconds=1.00000000e-05 configuredMaximumStepSeconds=1.00000000e-05 actualCurrentStepSeconds=1.00000000e-05 observedMinimumStepSeconds=1.00000000e-05 observedMaximumStepSeconds=1.00000000e-05 minimumTimeStepSeconds=5.00000000e-11 adaptive=true
Q30_STEP_PROFILE seed=10 fault=SENSOR_A_OPEN profile=repaired-customer-retest boundary=BEGIN stepRole=EXPERIMENTAL_CANDIDATE_NOT_PROMOTED declaredMaximumStepSeconds=1.00000000e-05 configuredMaximumStepSeconds=1.00000000e-05 actualCurrentStepSeconds=1.00000000e-05 observedMinimumStepSeconds=1.00000000e-05 observedMaximumStepSeconds=1.00000000e-05 minimumTimeStepSeconds=5.00000000e-11 adaptive=true
Q30_STEP_PROFILE seed=10 fault=SENSOR_A_OPEN profile=repaired-customer-retest boundary=END stepRole=EXPERIMENTAL_CANDIDATE_NOT_PROMOTED declaredMaximumStepSeconds=1.00000000e-05 configuredMaximumStepSeconds=1.00000000e-05 actualCurrentStepSeconds=1.00000000e-05 observedMinimumStepSeconds=1.00000000e-05 observedMaximumStepSeconds=1.00000000e-05 minimumTimeStepSeconds=5.00000000e-11 adaptive=true
Q30_STEP_OWNER_CLEANUP seed=10 fault=SENSOR_A_OPEN declaredMaximumStepSeconds=1.00000000e-05 stepRole=EXPERIMENTAL_CANDIDATE_NOT_PROMOTED cleanup=true elapsedMillis=0
Q30_STEP_PAIR seed=10 support=COMPACT_31 fault=SENSOR_A_OPEN referenceMaximumStepSeconds=5.00000000e-06 experimentalCandidateMaximumStepSeconds=1.00000000e-05 candidateKind=EXPERIMENTAL_NOT_PROMOTED maxDeltaVolts=5.61417579e-11 toleranceVolts=0.120656279 phase=customer-retest sample=SENSORS_A_ONLY/REN.2-J1.2 referenceElapsedMillis=7894 experimentalCandidateElapsedMillis=4045 referenceSimSeconds=1.16036000 experimentalCandidateSimSeconds=1.16072000 referenceCleanupMillis=0 experimentalCandidateCleanupMillis=0 cleanup=true
Q30_STEP_SEED seed=10 support=COMPACT_31 referenceMaximumStepSeconds=5.00000000e-06 experimentalCandidateMaximumStepSeconds=1.00000000e-05 candidateKind=EXPERIMENTAL_NOT_PROMOTED routeTopology=RB30_SHARED_HYSTERETIC_A_BJT_B_NMOS_COMPACT_31 routeAndPairsElapsedMillis=16921
Q30_STEP_OWNER_CLEANUP seed=10 fault=DREV_OPEN declaredMaximumStepSeconds=5.00000000e-06 stepRole=PRODUCTION_5_US_REFERENCE cleanup=true elapsedMillis=0
Q30_STEP_SEED_CLEANUP seed=10 cleanup=true elapsedMillis=0
PASS: Q30 experimental solver step sensitivity assertions=1672 seed=10 support=COMPACT_31 faults=1 referenceMaximumStepSeconds=5.00000000e-06 experimentalCandidateMaximumStepSeconds=1.00000000e-05 candidateKind=EXPERIMENTAL_NOT_PROMOTED elapsedMillis=16921

node 11 unconnected
converged after 25 iterations, timeStep = 5.0E-6
converged after 6 iterations, timeStep = 5.0E-6
node 11 unconnected
node 11 unconnected
converged after 16 iterations, timeStep = 5.0E-6
node 11 unconnected
converged after 14 iterations, timeStep = 5.0E-6
node 11 unconnected
converged after 19 iterations, timeStep = 5.0E-6
node 11 unconnected
converged after 15 iterations, timeStep = 5.0E-6
node 11 unconnected
converged after 14 iterations, timeStep = 5.0E-6
node 11 unconnected
converged after 15 iterations, timeStep = 5.0E-6
node 11 unconnected
node 11 unconnected
converged after 14 iterations, timeStep = 5.0E-6
node 11 unconnected
node 11 unconnected
converged after 15 iterations, timeStep = 5.0E-6
node 11 unconnected
node 11 unconnected
converged after 14 iterations, timeStep = 5.0E-6
node 11 unconnected
node 7 unconnected
node 11 unconnected
node 7 unconnected
node 11 unconnected
converged after 13 iterations, timeStep = 5.0E-6
node 7 unconnected
node 11 unconnected
node 7 unconnected
node 11 unconnected
node 7 unconnected
node 11 unconnected
node 7 unconnected
node 11 unconnected
node 7 unconnected
node 11 unconnected
node 28 unconnected
node 30 unconnected
node 7 unconnected
node 11 unconnected
node 11 unconnected
converged after 23 iterations, timeStep = 5.0E-6
node 11 unconnected
node 11 unconnected
node 11 unconnected
converged after 14 iterations, timeStep = 5.0E-6
node 11 unconnected
node 7 unconnected
node 11 unconnected
node 7 unconnected
node 11 unconnected
converged after 13 iterations, timeStep = 5.0E-6
node 7 unconnected
node 11 unconnected
node 7 unconnected
node 11 unconnected
node 7 unconnected
node 11 unconnected
node 7 unconnected
node 11 unconnected
node 7 unconnected
node 11 unconnected
node 28 unconnected
node 30 unconnected
node 11 unconnected
node 28 unconnected
node 30 unconnected
node 11 unconnected
node 28 unconnected
node 30 unconnected
converged after 23 iterations, timeStep = 5.0E-6
node 11 unconnected
node 28 unconnected
node 30 unconnected
node 11 unconnected
node 28 unconnected
node 30 unconnected
converged after 16 iterations, timeStep = 5.0E-6
node 11 unconnected
node 28 unconnected
node 30 unconnected
converged after 14 iterations, timeStep = 5.0E-6
node 11 unconnected
node 28 unconnected
node 30 unconnected
converged after 19 iterations, timeStep = 5.0E-6
node 11 unconnected
converged after 24 iterations, timeStep = 1.0E-5
node 11 unconnected
node 11 unconnected
converged after 17 iterations, timeStep = 1.0E-5
node 11 unconnected
converged after 14 iterations, timeStep = 1.0E-5
node 11 unconnected
converged after 19 iterations, timeStep = 1.0E-5
node 11 unconnected
converged after 15 iterations, timeStep = 1.0E-5
node 11 unconnected
converged after 14 iterations, timeStep = 1.0E-5
node 11 unconnected
converged after 15 iterations, timeStep = 1.0E-5
node 11 unconnected
node 11 unconnected
converged after 14 iterations, timeStep = 1.0E-5
node 11 unconnected
node 11 unconnected
converged after 15 iterations, timeStep = 1.0E-5
node 11 unconnected
node 11 unconnected
converged after 14 iterations, timeStep = 1.0E-5
node 11 unconnected
node 7 unconnected
node 11 unconnected
node 7 unconnected
node 11 unconnected
converged after 13 iterations, timeStep = 1.0E-5
node 7 unconnected
node 11 unconnected
node 7 unconnected
node 11 unconnected
node 7 unconnected
node 11 unconnected
node 7 unconnected
node 11 unconnected
node 7 unconnected
node 11 unconnected
node 28 unconnected
node 30 unconnected
node 7 unconnected
node 11 unconnected
node 11 unconnected
converged after 23 iterations, timeStep = 1.0E-5
converged after 6 iterations, timeStep = 1.0E-5
node 11 unconnected
node 11 unconnected
node 11 unconnected
converged after 14 iterations, timeStep = 1.0E-5
node 11 unconnected
node 7 unconnected
node 11 unconnected
node 7 unconnected
node 11 unconnected
converged after 13 iterations, timeStep = 1.0E-5
node 7 unconnected
node 11 unconnected
node 7 unconnected
node 11 unconnected
node 7 unconnected
node 11 unconnected
node 7 unconnected
node 11 unconnected
node 7 unconnected
node 11 unconnected
node 28 unconnected
node 30 unconnected
node 11 unconnected
node 28 unconnected
node 30 unconnected
node 11 unconnected
node 28 unconnected
node 30 unconnected
converged after 23 iterations, timeStep = 1.0E-5
converged after 6 iterations, timeStep = 1.0E-5
node 11 unconnected
node 28 unconnected
node 30 unconnected
node 11 unconnected
node 28 unconnected
node 30 unconnected
converged after 17 iterations, timeStep = 1.0E-5
node 11 unconnected
node 28 unconnected
node 30 unconnected
converged after 14 iterations, timeStep = 1.0E-5
node 11 unconnected
node 28 unconnected
node 30 unconnected
converged after 19 iterations, timeStep = 1.0E-5

Q30_SENSITIVITY_CASE seed=10 fault=DRIVE_A_OPEN exit=0 termination=True qualified=True
Q30_STEP_PROFILE seed=10 fault=DRIVE_A_OPEN profile=initial-electrical-settle boundary=BEGIN stepRole=PRODUCTION_5_US_REFERENCE declaredMaximumStepSeconds=5.00000000e-06 configuredMaximumStepSeconds=5.00000000e-06 actualCurrentStepSeconds=5.00000000e-06 observedMinimumStepSeconds=5.00000000e-06 observedMaximumStepSeconds=5.00000000e-06 minimumTimeStepSeconds=5.00000000e-11 adaptive=true
Q30_STEP_PROFILE seed=10 fault=DRIVE_A_OPEN profile=initial-electrical-settle boundary=END stepRole=PRODUCTION_5_US_REFERENCE declaredMaximumStepSeconds=5.00000000e-06 configuredMaximumStepSeconds=5.00000000e-06 actualCurrentStepSeconds=5.00000000e-06 observedMinimumStepSeconds=5.00000000e-06 observedMaximumStepSeconds=5.00000000e-06 minimumTimeStepSeconds=5.00000000e-11 adaptive=true
Q30_STEP_PROFILE seed=10 fault=DRIVE_A_OPEN profile=healthy-preparation boundary=BEGIN stepRole=PRODUCTION_5_US_REFERENCE declaredMaximumStepSeconds=5.00000000e-06 configuredMaximumStepSeconds=5.00000000e-06 actualCurrentStepSeconds=5.00000000e-06 observedMinimumStepSeconds=5.00000000e-06 observedMaximumStepSeconds=5.00000000e-06 minimumTimeStepSeconds=5.00000000e-11 adaptive=true
Q30_STEP_PROFILE seed=10 fault=DRIVE_A_OPEN profile=healthy-preparation boundary=END stepRole=PRODUCTION_5_US_REFERENCE declaredMaximumStepSeconds=5.00000000e-06 configuredMaximumStepSeconds=5.00000000e-06 actualCurrentStepSeconds=5.00000000e-06 observedMinimumStepSeconds=5.00000000e-06 observedMaximumStepSeconds=5.00000000e-06 minimumTimeStepSeconds=5.00000000e-11 adaptive=true
Q30_STEP_PROFILE seed=10 fault=DRIVE_A_OPEN profile=fault-profile-preparation boundary=BEGIN stepRole=PRODUCTION_5_US_REFERENCE declaredMaximumStepSeconds=5.00000000e-06 configuredMaximumStepSeconds=5.00000000e-06 actualCurrentStepSeconds=5.00000000e-06 observedMinimumStepSeconds=5.00000000e-06 observedMaximumStepSeconds=5.00000000e-06 minimumTimeStepSeconds=5.00000000e-11 adaptive=true
Q30_STEP_PROFILE seed=10 fault=DRIVE_A_OPEN profile=fault-profile-preparation boundary=END stepRole=PRODUCTION_5_US_REFERENCE declaredMaximumStepSeconds=5.00000000e-06 configuredMaximumStepSeconds=5.00000000e-06 actualCurrentStepSeconds=5.00000000e-06 observedMinimumStepSeconds=5.00000000e-06 observedMaximumStepSeconds=5.00000000e-06 minimumTimeStepSeconds=5.00000000e-11 adaptive=true
Q30_STEP_PROFILE seed=10 fault=DRIVE_A_OPEN profile=faulted-four-input-profile boundary=BEGIN stepRole=PRODUCTION_5_US_REFERENCE declaredMaximumStepSeconds=5.00000000e-06 configuredMaximumStepSeconds=5.00000000e-06 actualCurrentStepSeconds=5.00000000e-06 observedMinimumStepSeconds=5.00000000e-06 observedMaximumStepSeconds=5.00000000e-06 minimumTimeStepSeconds=5.00000000e-11 adaptive=true
Q30_STEP_PROFILE seed=10 fault=DRIVE_A_OPEN profile=faulted-four-input-profile boundary=END stepRole=PRODUCTION_5_US_REFERENCE declaredMaximumStepSeconds=5.00000000e-06 configuredMaximumStepSeconds=5.00000000e-06 actualCurrentStepSeconds=5.00000000e-06 observedMinimumStepSeconds=5.00000000e-06 observedMaximumStepSeconds=5.00000000e-06 minimumTimeStepSeconds=5.00000000e-11 adaptive=true
Q30_STEP_PROFILE seed=10 fault=DRIVE_A_OPEN profile=unrepaired-customer-retest boundary=BEGIN stepRole=PRODUCTION_5_US_REFERENCE declaredMaximumStepSeconds=5.00000000e-06 configuredMaximumStepSeconds=5.00000000e-06 actualCurrentStepSeconds=5.00000000e-06 observedMinimumStepSeconds=5.00000000e-06 observedMaximumStepSeconds=5.00000000e-06 minimumTimeStepSeconds=5.00000000e-11 adaptive=true
Q30_STEP_PROFILE seed=10 fault=DRIVE_A_OPEN profile=unrepaired-customer-retest boundary=END stepRole=PRODUCTION_5_US_REFERENCE declaredMaximumStepSeconds=5.00000000e-06 configuredMaximumStepSeconds=5.00000000e-06 actualCurrentStepSeconds=5.00000000e-06 observedMinimumStepSeconds=5.00000000e-06 observedMaximumStepSeconds=5.00000000e-06 minimumTimeStepSeconds=5.00000000e-11 adaptive=true
Q30_STEP_PROFILE seed=10 fault=DRIVE_A_OPEN profile=service-power-off-wait boundary=BEGIN stepRole=PRODUCTION_5_US_REFERENCE declaredMaximumStepSeconds=5.00000000e-06 configuredMaximumStepSeconds=5.00000000e-06 actualCurrentStepSeconds=5.00000000e-06 observedMinimumStepSeconds=5.00000000e-06 observedMaximumStepSeconds=5.00000000e-06 minimumTimeStepSeconds=5.00000000e-11 adaptive=true
Q30_STEP_PROFILE seed=10 fault=DRIVE_A_OPEN profile=service-power-off-wait boundary=END stepRole=PRODUCTION_5_US_REFERENCE declaredMaximumStepSeconds=5.00000000e-06 configuredMaximumStepSeconds=5.00000000e-06 actualCurrentStepSeconds=5.00000000e-06 observedMinimumStepSeconds=5.00000000e-06 observedMaximumStepSeconds=5.00000000e-06 minimumTimeStepSeconds=5.00000000e-11 adaptive=true
Q30_STEP_PROFILE seed=10 fault=DRIVE_A_OPEN profile=reinstalled-original-customer-retest boundary=BEGIN stepRole=PRODUCTION_5_US_REFERENCE declaredMaximumStepSeconds=5.00000000e-06 configuredMaximumStepSeconds=5.00000000e-06 actualCurrentStepSeconds=5.00000000e-06 observedMinimumStepSeconds=5.00000000e-06 observedMaximumStepSeconds=5.00000000e-06 minimumTimeStepSeconds=5.00000000e-11 adaptive=true
Q30_STEP_PROFILE seed=10 fault=DRIVE_A_OPEN profile=reinstalled-original-customer-retest boundary=END stepRole=PRODUCTION_5_US_REFERENCE declaredMaximumStepSeconds=5.00000000e-06 configuredMaximumStepSeconds=5.00000000e-06 actualCurrentStepSeconds=5.00000000e-06 observedMinimumStepSeconds=5.00000000e-06 observedMaximumStepSeconds=5.00000000e-06 minimumTimeStepSeconds=5.00000000e-11 adaptive=true
Q30_STEP_PROFILE seed=10 fault=DRIVE_A_OPEN profile=service-power-off-wait boundary=BEGIN stepRole=PRODUCTION_5_US_REFERENCE declaredMaximumStepSeconds=5.00000000e-06 configuredMaximumStepSeconds=5.00000000e-06 actualCurrentStepSeconds=5.00000000e-06 observedMinimumStepSeconds=5.00000000e-06 observedMaximumStepSeconds=5.00000000e-06 minimumTimeStepSeconds=5.00000000e-11 adaptive=true
Q30_STEP_PROFILE seed=10 fault=DRIVE_A_OPEN profile=service-power-off-wait boundary=END stepRole=PRODUCTION_5_US_REFERENCE declaredMaximumStepSeconds=5.00000000e-06 configuredMaximumStepSeconds=5.00000000e-06 actualCurrentStepSeconds=5.00000000e-06 observedMinimumStepSeconds=5.00000000e-06 observedMaximumStepSeconds=5.00000000e-06 minimumTimeStepSeconds=5.00000000e-11 adaptive=true
Q30_STEP_PROFILE seed=10 fault=DRIVE_A_OPEN profile=repaired-customer-retest boundary=BEGIN stepRole=PRODUCTION_5_US_REFERENCE declaredMaximumStepSeconds=5.00000000e-06 configuredMaximumStepSeconds=5.00000000e-06 actualCurrentStepSeconds=5.00000000e-06 observedMinimumStepSeconds=5.00000000e-06 observedMaximumStepSeconds=5.00000000e-06 minimumTimeStepSeconds=5.00000000e-11 adaptive=true
Q30_STEP_PROFILE seed=10 fault=DRIVE_A_OPEN profile=repaired-customer-retest boundary=END stepRole=PRODUCTION_5_US_REFERENCE declaredMaximumStepSeconds=5.00000000e-06 configuredMaximumStepSeconds=5.00000000e-06 actualCurrentStepSeconds=5.00000000e-06 observedMinimumStepSeconds=5.00000000e-06 observedMaximumStepSeconds=5.00000000e-06 minimumTimeStepSeconds=5.00000000e-11 adaptive=true
Q30_STEP_OWNER_CLEANUP seed=10 fault=DRIVE_A_OPEN declaredMaximumStepSeconds=5.00000000e-06 stepRole=PRODUCTION_5_US_REFERENCE cleanup=true elapsedMillis=0
Q30_STEP_PROFILE seed=10 fault=DRIVE_A_OPEN profile=initial-electrical-settle boundary=BEGIN stepRole=EXPERIMENTAL_CANDIDATE_NOT_PROMOTED declaredMaximumStepSeconds=1.00000000e-05 configuredMaximumStepSeconds=1.00000000e-05 actualCurrentStepSeconds=1.00000000e-05 observedMinimumStepSeconds=1.00000000e-05 observedMaximumStepSeconds=1.00000000e-05 minimumTimeStepSeconds=5.00000000e-11 adaptive=true
Q30_STEP_PROFILE seed=10 fault=DRIVE_A_OPEN profile=initial-electrical-settle boundary=END stepRole=EXPERIMENTAL_CANDIDATE_NOT_PROMOTED declaredMaximumStepSeconds=1.00000000e-05 configuredMaximumStepSeconds=1.00000000e-05 actualCurrentStepSeconds=1.00000000e-05 observedMinimumStepSeconds=1.00000000e-05 observedMaximumStepSeconds=1.00000000e-05 minimumTimeStepSeconds=5.00000000e-11 adaptive=true
Q30_STEP_PROFILE seed=10 fault=DRIVE_A_OPEN profile=healthy-preparation boundary=BEGIN stepRole=EXPERIMENTAL_CANDIDATE_NOT_PROMOTED declaredMaximumStepSeconds=1.00000000e-05 configuredMaximumStepSeconds=1.00000000e-05 actualCurrentStepSeconds=1.00000000e-05 observedMinimumStepSeconds=1.00000000e-05 observedMaximumStepSeconds=1.00000000e-05 minimumTimeStepSeconds=5.00000000e-11 adaptive=true
Q30_STEP_PROFILE seed=10 fault=DRIVE_A_OPEN profile=healthy-preparation boundary=END stepRole=EXPERIMENTAL_CANDIDATE_NOT_PROMOTED declaredMaximumStepSeconds=1.00000000e-05 configuredMaximumStepSeconds=1.00000000e-05 actualCurrentStepSeconds=1.00000000e-05 observedMinimumStepSeconds=1.00000000e-05 observedMaximumStepSeconds=1.00000000e-05 minimumTimeStepSeconds=5.00000000e-11 adaptive=true
Q30_STEP_PROFILE seed=10 fault=DRIVE_A_OPEN profile=fault-profile-preparation boundary=BEGIN stepRole=EXPERIMENTAL_CANDIDATE_NOT_PROMOTED declaredMaximumStepSeconds=1.00000000e-05 configuredMaximumStepSeconds=1.00000000e-05 actualCurrentStepSeconds=1.00000000e-05 observedMinimumStepSeconds=1.00000000e-05 observedMaximumStepSeconds=1.00000000e-05 minimumTimeStepSeconds=5.00000000e-11 adaptive=true
Q30_STEP_PROFILE seed=10 fault=DRIVE_A_OPEN profile=fault-profile-preparation boundary=END stepRole=EXPERIMENTAL_CANDIDATE_NOT_PROMOTED declaredMaximumStepSeconds=1.00000000e-05 configuredMaximumStepSeconds=1.00000000e-05 actualCurrentStepSeconds=1.00000000e-05 observedMinimumStepSeconds=1.00000000e-05 observedMaximumStepSeconds=1.00000000e-05 minimumTimeStepSeconds=5.00000000e-11 adaptive=true
Q30_STEP_PROFILE seed=10 fault=DRIVE_A_OPEN profile=faulted-four-input-profile boundary=BEGIN stepRole=EXPERIMENTAL_CANDIDATE_NOT_PROMOTED declaredMaximumStepSeconds=1.00000000e-05 configuredMaximumStepSeconds=1.00000000e-05 actualCurrentStepSeconds=1.00000000e-05 observedMinimumStepSeconds=1.00000000e-05 observedMaximumStepSeconds=1.00000000e-05 minimumTimeStepSeconds=5.00000000e-11 adaptive=true
Q30_STEP_PROFILE seed=10 fault=DRIVE_A_OPEN profile=faulted-four-input-profile boundary=END stepRole=EXPERIMENTAL_CANDIDATE_NOT_PROMOTED declaredMaximumStepSeconds=1.00000000e-05 configuredMaximumStepSeconds=1.00000000e-05 actualCurrentStepSeconds=1.00000000e-05 observedMinimumStepSeconds=1.00000000e-05 observedMaximumStepSeconds=1.00000000e-05 minimumTimeStepSeconds=5.00000000e-11 adaptive=true
Q30_STEP_PROFILE seed=10 fault=DRIVE_A_OPEN profile=unrepaired-customer-retest boundary=BEGIN stepRole=EXPERIMENTAL_CANDIDATE_NOT_PROMOTED declaredMaximumStepSeconds=1.00000000e-05 configuredMaximumStepSeconds=1.00000000e-05 actualCurrentStepSeconds=1.00000000e-05 observedMinimumStepSeconds=1.00000000e-05 observedMaximumStepSeconds=1.00000000e-05 minimumTimeStepSeconds=5.00000000e-11 adaptive=true
Q30_STEP_PROFILE seed=10 fault=DRIVE_A_OPEN profile=unrepaired-customer-retest boundary=END stepRole=EXPERIMENTAL_CANDIDATE_NOT_PROMOTED declaredMaximumStepSeconds=1.00000000e-05 configuredMaximumStepSeconds=1.00000000e-05 actualCurrentStepSeconds=1.00000000e-05 observedMinimumStepSeconds=1.00000000e-05 observedMaximumStepSeconds=1.00000000e-05 minimumTimeStepSeconds=5.00000000e-11 adaptive=true
Q30_STEP_PROFILE seed=10 fault=DRIVE_A_OPEN profile=service-power-off-wait boundary=BEGIN stepRole=EXPERIMENTAL_CANDIDATE_NOT_PROMOTED declaredMaximumStepSeconds=1.00000000e-05 configuredMaximumStepSeconds=1.00000000e-05 actualCurrentStepSeconds=1.00000000e-05 observedMinimumStepSeconds=1.00000000e-05 observedMaximumStepSeconds=1.00000000e-05 minimumTimeStepSeconds=5.00000000e-11 adaptive=true
Q30_STEP_PROFILE seed=10 fault=DRIVE_A_OPEN profile=service-power-off-wait boundary=END stepRole=EXPERIMENTAL_CANDIDATE_NOT_PROMOTED declaredMaximumStepSeconds=1.00000000e-05 configuredMaximumStepSeconds=1.00000000e-05 actualCurrentStepSeconds=1.00000000e-05 observedMinimumStepSeconds=1.00000000e-05 observedMaximumStepSeconds=1.00000000e-05 minimumTimeStepSeconds=5.00000000e-11 adaptive=true
Q30_STEP_PROFILE seed=10 fault=DRIVE_A_OPEN profile=reinstalled-original-customer-retest boundary=BEGIN stepRole=EXPERIMENTAL_CANDIDATE_NOT_PROMOTED declaredMaximumStepSeconds=1.00000000e-05 configuredMaximumStepSeconds=1.00000000e-05 actualCurrentStepSeconds=1.00000000e-05 observedMinimumStepSeconds=1.00000000e-05 observedMaximumStepSeconds=1.00000000e-05 minimumTimeStepSeconds=5.00000000e-11 adaptive=true
Q30_STEP_PROFILE seed=10 fault=DRIVE_A_OPEN profile=reinstalled-original-customer-retest boundary=END stepRole=EXPERIMENTAL_CANDIDATE_NOT_PROMOTED declaredMaximumStepSeconds=1.00000000e-05 configuredMaximumStepSeconds=1.00000000e-05 actualCurrentStepSeconds=1.00000000e-05 observedMinimumStepSeconds=1.00000000e-05 observedMaximumStepSeconds=1.00000000e-05 minimumTimeStepSeconds=5.00000000e-11 adaptive=true
Q30_STEP_PROFILE seed=10 fault=DRIVE_A_OPEN profile=service-power-off-wait boundary=BEGIN stepRole=EXPERIMENTAL_CANDIDATE_NOT_PROMOTED declaredMaximumStepSeconds=1.00000000e-05 configuredMaximumStepSeconds=1.00000000e-05 actualCurrentStepSeconds=1.00000000e-05 observedMinimumStepSeconds=1.00000000e-05 observedMaximumStepSeconds=1.00000000e-05 minimumTimeStepSeconds=5.00000000e-11 adaptive=true
Q30_STEP_PROFILE seed=10 fault=DRIVE_A_OPEN profile=service-power-off-wait boundary=END stepRole=EXPERIMENTAL_CANDIDATE_NOT_PROMOTED declaredMaximumStepSeconds=1.00000000e-05 configuredMaximumStepSeconds=1.00000000e-05 actualCurrentStepSeconds=1.00000000e-05 observedMinimumStepSeconds=1.00000000e-05 observedMaximumStepSeconds=1.00000000e-05 minimumTimeStepSeconds=5.00000000e-11 adaptive=true
Q30_STEP_PROFILE seed=10 fault=DRIVE_A_OPEN profile=repaired-customer-retest boundary=BEGIN stepRole=EXPERIMENTAL_CANDIDATE_NOT_PROMOTED declaredMaximumStepSeconds=1.00000000e-05 configuredMaximumStepSeconds=1.00000000e-05 actualCurrentStepSeconds=1.00000000e-05 observedMinimumStepSeconds=1.00000000e-05 observedMaximumStepSeconds=1.00000000e-05 minimumTimeStepSeconds=5.00000000e-11 adaptive=true
Q30_STEP_PROFILE seed=10 fault=DRIVE_A_OPEN profile=repaired-customer-retest boundary=END stepRole=EXPERIMENTAL_CANDIDATE_NOT_PROMOTED declaredMaximumStepSeconds=1.00000000e-05 configuredMaximumStepSeconds=1.00000000e-05 actualCurrentStepSeconds=1.00000000e-05 observedMinimumStepSeconds=1.00000000e-05 observedMaximumStepSeconds=1.00000000e-05 minimumTimeStepSeconds=5.00000000e-11 adaptive=true
Q30_STEP_OWNER_CLEANUP seed=10 fault=DRIVE_A_OPEN declaredMaximumStepSeconds=1.00000000e-05 stepRole=EXPERIMENTAL_CANDIDATE_NOT_PROMOTED cleanup=true elapsedMillis=0
Q30_STEP_PAIR seed=10 support=COMPACT_31 fault=DRIVE_A_OPEN referenceMaximumStepSeconds=5.00000000e-06 experimentalCandidateMaximumStepSeconds=1.00000000e-05 candidateKind=EXPERIMENTAL_NOT_PROMOTED maxDeltaVolts=3.72502029e-11 toleranceVolts=0.120656279 phase=customer-retest sample=SENSORS_A_ONLY/REN.2-J1.2 referenceElapsedMillis=7936 experimentalCandidateElapsedMillis=4068 referenceSimSeconds=1.16036000 experimentalCandidateSimSeconds=1.16072000 referenceCleanupMillis=0 experimentalCandidateCleanupMillis=0 cleanup=true
Q30_STEP_SEED seed=10 support=COMPACT_31 referenceMaximumStepSeconds=5.00000000e-06 experimentalCandidateMaximumStepSeconds=1.00000000e-05 candidateKind=EXPERIMENTAL_NOT_PROMOTED routeTopology=RB30_SHARED_HYSTERETIC_A_BJT_B_NMOS_COMPACT_31 routeAndPairsElapsedMillis=17164
Q30_STEP_OWNER_CLEANUP seed=10 fault=DREV_OPEN declaredMaximumStepSeconds=5.00000000e-06 stepRole=PRODUCTION_5_US_REFERENCE cleanup=true elapsedMillis=0
Q30_STEP_SEED_CLEANUP seed=10 cleanup=true elapsedMillis=0
PASS: Q30 experimental solver step sensitivity assertions=1672 seed=10 support=COMPACT_31 faults=1 referenceMaximumStepSeconds=5.00000000e-06 experimentalCandidateMaximumStepSeconds=1.00000000e-05 candidateKind=EXPERIMENTAL_NOT_PROMOTED elapsedMillis=17164

node 11 unconnected
converged after 25 iterations, timeStep = 5.0E-6
converged after 6 iterations, timeStep = 5.0E-6
node 11 unconnected
node 11 unconnected
converged after 16 iterations, timeStep = 5.0E-6
node 11 unconnected
converged after 14 iterations, timeStep = 5.0E-6
node 11 unconnected
converged after 19 iterations, timeStep = 5.0E-6
node 11 unconnected
converged after 15 iterations, timeStep = 5.0E-6
node 11 unconnected
converged after 14 iterations, timeStep = 5.0E-6
node 11 unconnected
converged after 15 iterations, timeStep = 5.0E-6
node 11 unconnected
node 11 unconnected
converged after 14 iterations, timeStep = 5.0E-6
node 11 unconnected
node 11 unconnected
converged after 15 iterations, timeStep = 5.0E-6
node 11 unconnected
node 11 unconnected
converged after 14 iterations, timeStep = 5.0E-6
node 11 unconnected
node 11 unconnected
node 11 unconnected
converged after 13 iterations, timeStep = 5.0E-6
node 11 unconnected
node 11 unconnected
node 11 unconnected
node 11 unconnected
node 11 unconnected
node 35 unconnected
node 38 unconnected
node 11 unconnected
node 11 unconnected
converged after 23 iterations, timeStep = 5.0E-6
node 11 unconnected
node 11 unconnected
node 11 unconnected
converged after 14 iterations, timeStep = 5.0E-6
node 11 unconnected
node 11 unconnected
node 11 unconnected
converged after 13 iterations, timeStep = 5.0E-6
node 11 unconnected
node 11 unconnected
node 11 unconnected
node 11 unconnected
node 11 unconnected
node 35 unconnected
node 38 unconnected
node 11 unconnected
node 35 unconnected
node 38 unconnected
node 11 unconnected
node 35 unconnected
node 38 unconnected
converged after 23 iterations, timeStep = 5.0E-6
node 11 unconnected
node 35 unconnected
node 38 unconnected
node 11 unconnected
node 35 unconnected
node 38 unconnected
converged after 16 iterations, timeStep = 5.0E-6
node 11 unconnected
node 35 unconnected
node 38 unconnected
converged after 14 iterations, timeStep = 5.0E-6
node 11 unconnected
node 35 unconnected
node 38 unconnected
converged after 19 iterations, timeStep = 5.0E-6
node 11 unconnected
converged after 24 iterations, timeStep = 1.0E-5
node 11 unconnected
node 11 unconnected
converged after 17 iterations, timeStep = 1.0E-5
node 11 unconnected
converged after 14 iterations, timeStep = 1.0E-5
node 11 unconnected
converged after 19 iterations, timeStep = 1.0E-5
node 11 unconnected
converged after 15 iterations, timeStep = 1.0E-5
node 11 unconnected
converged after 14 iterations, timeStep = 1.0E-5
node 11 unconnected
converged after 15 iterations, timeStep = 1.0E-5
node 11 unconnected
node 11 unconnected
converged after 14 iterations, timeStep = 1.0E-5
node 11 unconnected
node 11 unconnected
converged after 15 iterations, timeStep = 1.0E-5
node 11 unconnected
node 11 unconnected
converged after 14 iterations, timeStep = 1.0E-5
node 11 unconnected
node 11 unconnected
node 11 unconnected
converged after 13 iterations, timeStep = 1.0E-5
node 11 unconnected
node 11 unconnected
node 11 unconnected
node 11 unconnected
node 11 unconnected
node 35 unconnected
node 38 unconnected
node 11 unconnected
node 11 unconnected
converged after 23 iterations, timeStep = 1.0E-5
converged after 6 iterations, timeStep = 1.0E-5
node 11 unconnected
node 11 unconnected
node 11 unconnected
converged after 14 iterations, timeStep = 1.0E-5
node 11 unconnected
node 11 unconnected
node 11 unconnected
converged after 13 iterations, timeStep = 1.0E-5
node 11 unconnected
node 11 unconnected
node 11 unconnected
node 11 unconnected
node 11 unconnected
node 35 unconnected
node 38 unconnected
node 11 unconnected
node 35 unconnected
node 38 unconnected
node 11 unconnected
node 35 unconnected
node 38 unconnected
converged after 23 iterations, timeStep = 1.0E-5
converged after 6 iterations, timeStep = 1.0E-5
node 11 unconnected
node 35 unconnected
node 38 unconnected
node 11 unconnected
node 35 unconnected
node 38 unconnected
converged after 17 iterations, timeStep = 1.0E-5
node 11 unconnected
node 35 unconnected
node 38 unconnected
converged after 14 iterations, timeStep = 1.0E-5
node 11 unconnected
node 35 unconnected
node 38 unconnected
converged after 19 iterations, timeStep = 1.0E-5

Q30_SENSITIVITY_CASE seed=10 fault=RELAY_B_COIL_OPEN exit=1 termination=True qualified=False
Q30_STEP_PROFILE seed=10 fault=RELAY_B_COIL_OPEN profile=initial-electrical-settle boundary=BEGIN stepRole=PRODUCTION_5_US_REFERENCE declaredMaximumStepSeconds=5.00000000e-06 configuredMaximumStepSeconds=5.00000000e-06 actualCurrentStepSeconds=5.00000000e-06 observedMinimumStepSeconds=5.00000000e-06 observedMaximumStepSeconds=5.00000000e-06 minimumTimeStepSeconds=5.00000000e-11 adaptive=true
Q30_STEP_PROFILE seed=10 fault=RELAY_B_COIL_OPEN profile=initial-electrical-settle boundary=END stepRole=PRODUCTION_5_US_REFERENCE declaredMaximumStepSeconds=5.00000000e-06 configuredMaximumStepSeconds=5.00000000e-06 actualCurrentStepSeconds=5.00000000e-06 observedMinimumStepSeconds=5.00000000e-06 observedMaximumStepSeconds=5.00000000e-06 minimumTimeStepSeconds=5.00000000e-11 adaptive=true
Q30_STEP_PROFILE seed=10 fault=RELAY_B_COIL_OPEN profile=healthy-preparation boundary=BEGIN stepRole=PRODUCTION_5_US_REFERENCE declaredMaximumStepSeconds=5.00000000e-06 configuredMaximumStepSeconds=5.00000000e-06 actualCurrentStepSeconds=5.00000000e-06 observedMinimumStepSeconds=5.00000000e-06 observedMaximumStepSeconds=5.00000000e-06 minimumTimeStepSeconds=5.00000000e-11 adaptive=true
Q30_STEP_PROFILE seed=10 fault=RELAY_B_COIL_OPEN profile=healthy-preparation boundary=END stepRole=PRODUCTION_5_US_REFERENCE declaredMaximumStepSeconds=5.00000000e-06 configuredMaximumStepSeconds=5.00000000e-06 actualCurrentStepSeconds=5.00000000e-06 observedMinimumStepSeconds=5.00000000e-06 observedMaximumStepSeconds=5.00000000e-06 minimumTimeStepSeconds=5.00000000e-11 adaptive=true
Q30_STEP_PROFILE seed=10 fault=RELAY_B_COIL_OPEN profile=fault-profile-preparation boundary=BEGIN stepRole=PRODUCTION_5_US_REFERENCE declaredMaximumStepSeconds=5.00000000e-06 configuredMaximumStepSeconds=5.00000000e-06 actualCurrentStepSeconds=5.00000000e-06 observedMinimumStepSeconds=5.00000000e-06 observedMaximumStepSeconds=5.00000000e-06 minimumTimeStepSeconds=5.00000000e-11 adaptive=true
Q30_STEP_PROFILE seed=10 fault=RELAY_B_COIL_OPEN profile=fault-profile-preparation boundary=END stepRole=PRODUCTION_5_US_REFERENCE declaredMaximumStepSeconds=5.00000000e-06 configuredMaximumStepSeconds=5.00000000e-06 actualCurrentStepSeconds=5.00000000e-06 observedMinimumStepSeconds=5.00000000e-06 observedMaximumStepSeconds=5.00000000e-06 minimumTimeStepSeconds=5.00000000e-11 adaptive=true
Q30_STEP_PROFILE seed=10 fault=RELAY_B_COIL_OPEN profile=faulted-four-input-profile boundary=BEGIN stepRole=PRODUCTION_5_US_REFERENCE declaredMaximumStepSeconds=5.00000000e-06 configuredMaximumStepSeconds=5.00000000e-06 actualCurrentStepSeconds=5.00000000e-06 observedMinimumStepSeconds=5.00000000e-06 observedMaximumStepSeconds=5.00000000e-06 minimumTimeStepSeconds=5.00000000e-11 adaptive=true
Q30_STEP_PROFILE seed=10 fault=RELAY_B_COIL_OPEN profile=faulted-four-input-profile boundary=END stepRole=PRODUCTION_5_US_REFERENCE declaredMaximumStepSeconds=5.00000000e-06 configuredMaximumStepSeconds=5.00000000e-06 actualCurrentStepSeconds=5.00000000e-06 observedMinimumStepSeconds=5.00000000e-06 observedMaximumStepSeconds=5.00000000e-06 minimumTimeStepSeconds=5.00000000e-11 adaptive=true
Q30_STEP_PROFILE seed=10 fault=RELAY_B_COIL_OPEN profile=unrepaired-customer-retest boundary=BEGIN stepRole=PRODUCTION_5_US_REFERENCE declaredMaximumStepSeconds=5.00000000e-06 configuredMaximumStepSeconds=5.00000000e-06 actualCurrentStepSeconds=5.00000000e-06 observedMinimumStepSeconds=5.00000000e-06 observedMaximumStepSeconds=5.00000000e-06 minimumTimeStepSeconds=5.00000000e-11 adaptive=true
Q30_STEP_PROFILE seed=10 fault=RELAY_B_COIL_OPEN profile=unrepaired-customer-retest boundary=END stepRole=PRODUCTION_5_US_REFERENCE declaredMaximumStepSeconds=5.00000000e-06 configuredMaximumStepSeconds=5.00000000e-06 actualCurrentStepSeconds=5.00000000e-06 observedMinimumStepSeconds=5.00000000e-06 observedMaximumStepSeconds=5.00000000e-06 minimumTimeStepSeconds=5.00000000e-11 adaptive=true
Q30_STEP_PROFILE seed=10 fault=RELAY_B_COIL_OPEN profile=service-power-off-wait boundary=BEGIN stepRole=PRODUCTION_5_US_REFERENCE declaredMaximumStepSeconds=5.00000000e-06 configuredMaximumStepSeconds=5.00000000e-06 actualCurrentStepSeconds=5.00000000e-06 observedMinimumStepSeconds=5.00000000e-06 observedMaximumStepSeconds=5.00000000e-06 minimumTimeStepSeconds=5.00000000e-11 adaptive=true
Q30_STEP_PROFILE seed=10 fault=RELAY_B_COIL_OPEN profile=service-power-off-wait boundary=END stepRole=PRODUCTION_5_US_REFERENCE declaredMaximumStepSeconds=5.00000000e-06 configuredMaximumStepSeconds=5.00000000e-06 actualCurrentStepSeconds=5.00000000e-06 observedMinimumStepSeconds=5.00000000e-06 observedMaximumStepSeconds=5.00000000e-06 minimumTimeStepSeconds=5.00000000e-11 adaptive=true
Q30_STEP_PROFILE seed=10 fault=RELAY_B_COIL_OPEN profile=reinstalled-original-customer-retest boundary=BEGIN stepRole=PRODUCTION_5_US_REFERENCE declaredMaximumStepSeconds=5.00000000e-06 configuredMaximumStepSeconds=5.00000000e-06 actualCurrentStepSeconds=5.00000000e-06 observedMinimumStepSeconds=5.00000000e-06 observedMaximumStepSeconds=5.00000000e-06 minimumTimeStepSeconds=5.00000000e-11 adaptive=true
Q30_STEP_PROFILE seed=10 fault=RELAY_B_COIL_OPEN profile=reinstalled-original-customer-retest boundary=END stepRole=PRODUCTION_5_US_REFERENCE declaredMaximumStepSeconds=5.00000000e-06 configuredMaximumStepSeconds=5.00000000e-06 actualCurrentStepSeconds=5.00000000e-06 observedMinimumStepSeconds=5.00000000e-06 observedMaximumStepSeconds=5.00000000e-06 minimumTimeStepSeconds=5.00000000e-11 adaptive=true
Q30_STEP_PROFILE seed=10 fault=RELAY_B_COIL_OPEN profile=service-power-off-wait boundary=BEGIN stepRole=PRODUCTION_5_US_REFERENCE declaredMaximumStepSeconds=5.00000000e-06 configuredMaximumStepSeconds=5.00000000e-06 actualCurrentStepSeconds=5.00000000e-06 observedMinimumStepSeconds=5.00000000e-06 observedMaximumStepSeconds=5.00000000e-06 minimumTimeStepSeconds=5.00000000e-11 adaptive=true
Q30_STEP_PROFILE seed=10 fault=RELAY_B_COIL_OPEN profile=service-power-off-wait boundary=END stepRole=PRODUCTION_5_US_REFERENCE declaredMaximumStepSeconds=5.00000000e-06 configuredMaximumStepSeconds=5.00000000e-06 actualCurrentStepSeconds=5.00000000e-06 observedMinimumStepSeconds=5.00000000e-06 observedMaximumStepSeconds=5.00000000e-06 minimumTimeStepSeconds=5.00000000e-11 adaptive=true
Q30_STEP_PROFILE seed=10 fault=RELAY_B_COIL_OPEN profile=repaired-customer-retest boundary=BEGIN stepRole=PRODUCTION_5_US_REFERENCE declaredMaximumStepSeconds=5.00000000e-06 configuredMaximumStepSeconds=5.00000000e-06 actualCurrentStepSeconds=5.00000000e-06 observedMinimumStepSeconds=5.00000000e-06 observedMaximumStepSeconds=5.00000000e-06 minimumTimeStepSeconds=5.00000000e-11 adaptive=true
Q30_STEP_PROFILE seed=10 fault=RELAY_B_COIL_OPEN profile=repaired-customer-retest boundary=END stepRole=PRODUCTION_5_US_REFERENCE declaredMaximumStepSeconds=5.00000000e-06 configuredMaximumStepSeconds=5.00000000e-06 actualCurrentStepSeconds=5.00000000e-06 observedMinimumStepSeconds=5.00000000e-06 observedMaximumStepSeconds=5.00000000e-06 minimumTimeStepSeconds=5.00000000e-11 adaptive=true
Q30_STEP_OWNER_CLEANUP seed=10 fault=RELAY_B_COIL_OPEN declaredMaximumStepSeconds=5.00000000e-06 stepRole=PRODUCTION_5_US_REFERENCE cleanup=true elapsedMillis=0
Q30_STEP_PROFILE seed=10 fault=RELAY_B_COIL_OPEN profile=initial-electrical-settle boundary=BEGIN stepRole=EXPERIMENTAL_CANDIDATE_NOT_PROMOTED declaredMaximumStepSeconds=1.00000000e-05 configuredMaximumStepSeconds=1.00000000e-05 actualCurrentStepSeconds=1.00000000e-05 observedMinimumStepSeconds=1.00000000e-05 observedMaximumStepSeconds=1.00000000e-05 minimumTimeStepSeconds=5.00000000e-11 adaptive=true
Q30_STEP_PROFILE seed=10 fault=RELAY_B_COIL_OPEN profile=initial-electrical-settle boundary=END stepRole=EXPERIMENTAL_CANDIDATE_NOT_PROMOTED declaredMaximumStepSeconds=1.00000000e-05 configuredMaximumStepSeconds=1.00000000e-05 actualCurrentStepSeconds=1.00000000e-05 observedMinimumStepSeconds=1.00000000e-05 observedMaximumStepSeconds=1.00000000e-05 minimumTimeStepSeconds=5.00000000e-11 adaptive=true
Q30_STEP_PROFILE seed=10 fault=RELAY_B_COIL_OPEN profile=healthy-preparation boundary=BEGIN stepRole=EXPERIMENTAL_CANDIDATE_NOT_PROMOTED declaredMaximumStepSeconds=1.00000000e-05 configuredMaximumStepSeconds=1.00000000e-05 actualCurrentStepSeconds=1.00000000e-05 observedMinimumStepSeconds=1.00000000e-05 observedMaximumStepSeconds=1.00000000e-05 minimumTimeStepSeconds=5.00000000e-11 adaptive=true
Q30_STEP_PROFILE seed=10 fault=RELAY_B_COIL_OPEN profile=healthy-preparation boundary=END stepRole=EXPERIMENTAL_CANDIDATE_NOT_PROMOTED declaredMaximumStepSeconds=1.00000000e-05 configuredMaximumStepSeconds=1.00000000e-05 actualCurrentStepSeconds=1.00000000e-05 observedMinimumStepSeconds=1.00000000e-05 observedMaximumStepSeconds=1.00000000e-05 minimumTimeStepSeconds=5.00000000e-11 adaptive=true
Q30_STEP_PROFILE seed=10 fault=RELAY_B_COIL_OPEN profile=fault-profile-preparation boundary=BEGIN stepRole=EXPERIMENTAL_CANDIDATE_NOT_PROMOTED declaredMaximumStepSeconds=1.00000000e-05 configuredMaximumStepSeconds=1.00000000e-05 actualCurrentStepSeconds=1.00000000e-05 observedMinimumStepSeconds=1.00000000e-05 observedMaximumStepSeconds=1.00000000e-05 minimumTimeStepSeconds=5.00000000e-11 adaptive=true
Q30_STEP_FAILURE seed=10 fault=RELAY_B_COIL_OPEN stage=temporal-advance phase=NONE profile=fault-profile-preparation durationSeconds=0.0300000000 declaredMaximumStepSeconds=1.00000000e-05 configuredMaximumStepSeconds=1.00000000e-05 actualCurrentStepSeconds=1.00000000e-05 U1_INPUT_to_U1_RETURN_V=24.9567764 U1_INPUT_to_J1_2_V=24.9567764 U1_RETURN_to_J1_2_V=0.00000000 regulatorModelInput_V=24.9567764 E02_maximumInput_V=24.0000000 diagnosticFailure=none originalException=java.lang.IllegalArgumentException:Rail input exceeds declared envelope
Q30_STEP_FAILURE seed=10 fault=RELAY_B_COIL_OPEN stage=temporal-advance phase=NONE profile=fault-profile-preparation durationSeconds=0.0300000000 declaredMaximumStepSeconds=1.00000000e-05 configuredMaximumStepSeconds=1.00000000e-05 actualCurrentStepSeconds=1.00000000e-05 U1_INPUT_to_U1_RETURN_V=24.9567764 U1_INPUT_to_J1_2_V=24.9567764 U1_RETURN_to_J1_2_V=0.00000000 regulatorModelInput_V=24.9567764 E02_maximumInput_V=24.0000000 diagnosticFailure=none originalException=java.lang.IllegalArgumentException:Rail input exceeds declared envelope
Q30_STEP_OWNER_CLEANUP seed=10 fault=RELAY_B_COIL_OPEN declaredMaximumStepSeconds=1.00000000e-05 stepRole=EXPERIMENTAL_CANDIDATE_NOT_PROMOTED cleanup=true elapsedMillis=0
Q30_STEP_OWNER_CLEANUP seed=10 fault=DREV_OPEN declaredMaximumStepSeconds=5.00000000e-06 stepRole=PRODUCTION_5_US_REFERENCE cleanup=true elapsedMillis=0
Q30_STEP_SEED_CLEANUP seed=10 cleanup=true elapsedMillis=0

node 11 unconnected
converged after 25 iterations, timeStep = 5.0E-6
converged after 6 iterations, timeStep = 5.0E-6
node 11 unconnected
node 11 unconnected
converged after 16 iterations, timeStep = 5.0E-6
node 11 unconnected
converged after 14 iterations, timeStep = 5.0E-6
node 11 unconnected
converged after 19 iterations, timeStep = 5.0E-6
node 11 unconnected
converged after 15 iterations, timeStep = 5.0E-6
node 11 unconnected
converged after 18 iterations, timeStep = 5.0E-6
node 11 unconnected
converged after 10 iterations, timeStep = 5.0E-6
node 11 unconnected
converged after 16 iterations, timeStep = 5.0E-6
node 11 unconnected
converged after 11 iterations, timeStep = 5.0E-6
node 11 unconnected
converged after 16 iterations, timeStep = 5.0E-6
node 11 unconnected
converged after 10 iterations, timeStep = 5.0E-6
node 11 unconnected
converged after 16 iterations, timeStep = 5.0E-6
node 11 unconnected
converged after 11 iterations, timeStep = 5.0E-6
node 11 unconnected
converged after 16 iterations, timeStep = 5.0E-6
node 11 unconnected
node 11 unconnected
converged after 9 iterations, timeStep = 5.0E-6
node 11 unconnected
node 11 unconnected
node 11 unconnected
node 11 unconnected
node 11 unconnected
node 49 unconnected
node 52 unconnected
node 55 unconnected
node 11 unconnected
node 11 unconnected
converged after 23 iterations, timeStep = 5.0E-6
node 11 unconnected
node 11 unconnected
converged after 16 iterations, timeStep = 5.0E-6
node 11 unconnected
converged after 11 iterations, timeStep = 5.0E-6
node 11 unconnected
converged after 16 iterations, timeStep = 5.0E-6
node 11 unconnected
node 11 unconnected
converged after 9 iterations, timeStep = 5.0E-6
node 11 unconnected
node 11 unconnected
node 11 unconnected
node 11 unconnected
node 11 unconnected
node 49 unconnected
node 52 unconnected
node 55 unconnected
node 11 unconnected
node 49 unconnected
node 52 unconnected
node 11 unconnected
node 49 unconnected
node 52 unconnected
converged after 23 iterations, timeStep = 5.0E-6
node 11 unconnected
node 49 unconnected
node 52 unconnected
node 11 unconnected
node 49 unconnected
node 52 unconnected
converged after 16 iterations, timeStep = 5.0E-6
node 11 unconnected
node 49 unconnected
node 52 unconnected
converged after 14 iterations, timeStep = 5.0E-6
node 11 unconnected
node 49 unconnected
node 52 unconnected
converged after 19 iterations, timeStep = 5.0E-6
node 11 unconnected
converged after 24 iterations, timeStep = 1.0E-5
node 11 unconnected
node 11 unconnected
converged after 17 iterations, timeStep = 1.0E-5
node 11 unconnected
converged after 14 iterations, timeStep = 1.0E-5
node 11 unconnected
converged after 19 iterations, timeStep = 1.0E-5
node 11 unconnected
converged after 15 iterations, timeStep = 1.0E-5
node 11 unconnected
node 11 unconnected
Exception in thread "main" java.lang.IllegalArgumentException: Rail input exceeds declared envelope
	at com.lushprojects.circuitjs1.client.AbstractRailRegulatorElm.validateOperatingPoint(AbstractRailRegulatorElm.java:484)
	at com.lushprojects.circuitjs1.client.AbstractRailRegulatorElm.doStep(AbstractRailRegulatorElm.java:127)
	at com.lushprojects.circuitjs1.client.CirSim.runCircuitOwned(CirSim.java:3357)
	at com.lushprojects.circuitjs1.client.CircuitSolverExecutor.advanceFor(CircuitSolverExecutor.java:144)
	at com.lushprojects.circuitjs1.client.CircuitSolverExecutor.advanceFor(CircuitSolverExecutor.java:135)
	at com.lushprojects.circuitjs1.client.CirSim.advanceGeneratedTemporalSolver(CirSim.java:6344)
	at com.lushprojects.circuitjs1.client.CirSim.advanceGeneratedTemporalProfile(CirSim.java:6321)
	at com.lushprojects.circuitjs1.client.Q30SolverStepSensitivityContractTest$SensitivityCirSim.advanceGeneratedTemporalProfile(Q30SolverStepSensitivityContractTest.java:846)
	at com.lushprojects.circuitjs1.client.Rb30Behavior$ProfileWork.applyInput(Rb30Behavior.java:391)
	at com.lushprojects.circuitjs1.client.Rb30Behavior$ProfileWork.step(Rb30Behavior.java:356)
	at com.lushprojects.circuitjs1.client.GeneratedWork.complete(GeneratedWork.java:17)
	at com.lushprojects.circuitjs1.client.Rb30Behavior.prepareFaultedProfile(Rb30Behavior.java:171)
	at com.lushprojects.circuitjs1.client.Q30SolverStepSensitivityContractTest.runOwner(Q30SolverStepSensitivityContractTest.java:302)
	at com.lushprojects.circuitjs1.client.Q30SolverStepSensitivityContractTest.verifySeed(Q30SolverStepSensitivityContractTest.java:144)
	at com.lushprojects.circuitjs1.client.Q30SolverStepSensitivityContractTest.main(Q30SolverStepSensitivityContractTest.java:74)
	Suppressed: java.lang.IllegalArgumentException: Rail input exceeds declared envelope
		at com.lushprojects.circuitjs1.client.AbstractRailRegulatorElm.validateOperatingPoint(AbstractRailRegulatorElm.java:484)
		at com.lushprojects.circuitjs1.client.AbstractRailRegulatorElm.doStep(AbstractRailRegulatorElm.java:127)
		at com.lushprojects.circuitjs1.client.CirSim.runCircuitOwned(CirSim.java:3357)
		at com.lushprojects.circuitjs1.client.CircuitSolverExecutor.advanceFor(CircuitSolverExecutor.java:144)
		at com.lushprojects.circuitjs1.client.CircuitSolverExecutor.advanceFor(CircuitSolverExecutor.java:135)
		at com.lushprojects.circuitjs1.client.CirSim.advanceGeneratedTemporalSolver(CirSim.java:6344)
		at com.lushprojects.circuitjs1.client.CirSim.advanceGeneratedTemporalProfile(CirSim.java:6321)
		at com.lushprojects.circuitjs1.client.Q30SolverStepSensitivityContractTest$SensitivityCirSim.advanceGeneratedTemporalProfile(Q30SolverStepSensitivityContractTest.java:846)
		at com.lushprojects.circuitjs1.client.Rb30Behavior$ProfileWork.applyInput(Rb30Behavior.java:391)
		at com.lushprojects.circuitjs1.client.Rb30Behavior$ProfileWork.cancel(Rb30Behavior.java:421)
		at com.lushprojects.circuitjs1.client.GeneratedWork.cancelAfterFailure(GeneratedWork.java:29)
		at com.lushprojects.circuitjs1.client.GeneratedWork.complete(GeneratedWork.java:20)
		... 4 more

Q30_SENSITIVITY_CASE seed=64 fault=DREV_OPEN exit=1 termination=True qualified=False
Q30_STEP_PROFILE seed=64 fault=DREV_OPEN profile=initial-electrical-settle boundary=BEGIN stepRole=PRODUCTION_5_US_REFERENCE declaredMaximumStepSeconds=5.00000000e-06 configuredMaximumStepSeconds=5.00000000e-06 actualCurrentStepSeconds=5.00000000e-06 observedMinimumStepSeconds=5.00000000e-06 observedMaximumStepSeconds=5.00000000e-06 minimumTimeStepSeconds=5.00000000e-11 adaptive=true
Q30_STEP_PROFILE seed=64 fault=DREV_OPEN profile=initial-electrical-settle boundary=END stepRole=PRODUCTION_5_US_REFERENCE declaredMaximumStepSeconds=5.00000000e-06 configuredMaximumStepSeconds=5.00000000e-06 actualCurrentStepSeconds=5.00000000e-06 observedMinimumStepSeconds=5.00000000e-06 observedMaximumStepSeconds=5.00000000e-06 minimumTimeStepSeconds=5.00000000e-11 adaptive=true
Q30_STEP_PROFILE seed=64 fault=DREV_OPEN profile=healthy-preparation boundary=BEGIN stepRole=PRODUCTION_5_US_REFERENCE declaredMaximumStepSeconds=5.00000000e-06 configuredMaximumStepSeconds=5.00000000e-06 actualCurrentStepSeconds=5.00000000e-06 observedMinimumStepSeconds=5.00000000e-06 observedMaximumStepSeconds=5.00000000e-06 minimumTimeStepSeconds=5.00000000e-11 adaptive=true
Q30_STEP_PROFILE seed=64 fault=DREV_OPEN profile=healthy-preparation boundary=END stepRole=PRODUCTION_5_US_REFERENCE declaredMaximumStepSeconds=5.00000000e-06 configuredMaximumStepSeconds=5.00000000e-06 actualCurrentStepSeconds=5.00000000e-06 observedMinimumStepSeconds=5.00000000e-06 observedMaximumStepSeconds=5.00000000e-06 minimumTimeStepSeconds=5.00000000e-11 adaptive=true
Q30_STEP_PROFILE seed=64 fault=DREV_OPEN profile=fault-profile-preparation boundary=BEGIN stepRole=PRODUCTION_5_US_REFERENCE declaredMaximumStepSeconds=5.00000000e-06 configuredMaximumStepSeconds=5.00000000e-06 actualCurrentStepSeconds=5.00000000e-06 observedMinimumStepSeconds=5.00000000e-06 observedMaximumStepSeconds=5.00000000e-06 minimumTimeStepSeconds=5.00000000e-11 adaptive=true
Q30_STEP_PROFILE seed=64 fault=DREV_OPEN profile=fault-profile-preparation boundary=END stepRole=PRODUCTION_5_US_REFERENCE declaredMaximumStepSeconds=5.00000000e-06 configuredMaximumStepSeconds=5.00000000e-06 actualCurrentStepSeconds=5.00000000e-06 observedMinimumStepSeconds=5.00000000e-06 observedMaximumStepSeconds=5.00000000e-06 minimumTimeStepSeconds=5.00000000e-11 adaptive=true
Q30_STEP_PROFILE seed=64 fault=DREV_OPEN profile=faulted-four-input-profile boundary=BEGIN stepRole=PRODUCTION_5_US_REFERENCE declaredMaximumStepSeconds=5.00000000e-06 configuredMaximumStepSeconds=5.00000000e-06 actualCurrentStepSeconds=5.00000000e-06 observedMinimumStepSeconds=5.00000000e-06 observedMaximumStepSeconds=5.00000000e-06 minimumTimeStepSeconds=5.00000000e-11 adaptive=true
Q30_STEP_PROFILE seed=64 fault=DREV_OPEN profile=faulted-four-input-profile boundary=END stepRole=PRODUCTION_5_US_REFERENCE declaredMaximumStepSeconds=5.00000000e-06 configuredMaximumStepSeconds=5.00000000e-06 actualCurrentStepSeconds=5.00000000e-06 observedMinimumStepSeconds=5.00000000e-06 observedMaximumStepSeconds=5.00000000e-06 minimumTimeStepSeconds=5.00000000e-11 adaptive=true
Q30_STEP_PROFILE seed=64 fault=DREV_OPEN profile=unrepaired-customer-retest boundary=BEGIN stepRole=PRODUCTION_5_US_REFERENCE declaredMaximumStepSeconds=5.00000000e-06 configuredMaximumStepSeconds=5.00000000e-06 actualCurrentStepSeconds=5.00000000e-06 observedMinimumStepSeconds=5.00000000e-06 observedMaximumStepSeconds=5.00000000e-06 minimumTimeStepSeconds=5.00000000e-11 adaptive=true
Q30_STEP_PROFILE seed=64 fault=DREV_OPEN profile=unrepaired-customer-retest boundary=END stepRole=PRODUCTION_5_US_REFERENCE declaredMaximumStepSeconds=5.00000000e-06 configuredMaximumStepSeconds=5.00000000e-06 actualCurrentStepSeconds=5.00000000e-06 observedMinimumStepSeconds=5.00000000e-06 observedMaximumStepSeconds=5.00000000e-06 minimumTimeStepSeconds=5.00000000e-11 adaptive=true
Q30_STEP_PROFILE seed=64 fault=DREV_OPEN profile=service-power-off-wait boundary=BEGIN stepRole=PRODUCTION_5_US_REFERENCE declaredMaximumStepSeconds=5.00000000e-06 configuredMaximumStepSeconds=5.00000000e-06 actualCurrentStepSeconds=5.00000000e-06 observedMinimumStepSeconds=5.00000000e-06 observedMaximumStepSeconds=5.00000000e-06 minimumTimeStepSeconds=5.00000000e-11 adaptive=true
Q30_STEP_PROFILE seed=64 fault=DREV_OPEN profile=service-power-off-wait boundary=END stepRole=PRODUCTION_5_US_REFERENCE declaredMaximumStepSeconds=5.00000000e-06 configuredMaximumStepSeconds=5.00000000e-06 actualCurrentStepSeconds=5.00000000e-06 observedMinimumStepSeconds=5.00000000e-06 observedMaximumStepSeconds=5.00000000e-06 minimumTimeStepSeconds=5.00000000e-11 adaptive=true
Q30_STEP_PROFILE seed=64 fault=DREV_OPEN profile=reinstalled-original-customer-retest boundary=BEGIN stepRole=PRODUCTION_5_US_REFERENCE declaredMaximumStepSeconds=5.00000000e-06 configuredMaximumStepSeconds=5.00000000e-06 actualCurrentStepSeconds=5.00000000e-06 observedMinimumStepSeconds=5.00000000e-06 observedMaximumStepSeconds=5.00000000e-06 minimumTimeStepSeconds=5.00000000e-11 adaptive=true
Q30_STEP_PROFILE seed=64 fault=DREV_OPEN profile=reinstalled-original-customer-retest boundary=END stepRole=PRODUCTION_5_US_REFERENCE declaredMaximumStepSeconds=5.00000000e-06 configuredMaximumStepSeconds=5.00000000e-06 actualCurrentStepSeconds=5.00000000e-06 observedMinimumStepSeconds=5.00000000e-06 observedMaximumStepSeconds=5.00000000e-06 minimumTimeStepSeconds=5.00000000e-11 adaptive=true
Q30_STEP_PROFILE seed=64 fault=DREV_OPEN profile=service-power-off-wait boundary=BEGIN stepRole=PRODUCTION_5_US_REFERENCE declaredMaximumStepSeconds=5.00000000e-06 configuredMaximumStepSeconds=5.00000000e-06 actualCurrentStepSeconds=5.00000000e-06 observedMinimumStepSeconds=5.00000000e-06 observedMaximumStepSeconds=5.00000000e-06 minimumTimeStepSeconds=5.00000000e-11 adaptive=true
Q30_STEP_PROFILE seed=64 fault=DREV_OPEN profile=service-power-off-wait boundary=END stepRole=PRODUCTION_5_US_REFERENCE declaredMaximumStepSeconds=5.00000000e-06 configuredMaximumStepSeconds=5.00000000e-06 actualCurrentStepSeconds=5.00000000e-06 observedMinimumStepSeconds=5.00000000e-06 observedMaximumStepSeconds=5.00000000e-06 minimumTimeStepSeconds=5.00000000e-11 adaptive=true
Q30_STEP_PROFILE seed=64 fault=DREV_OPEN profile=repaired-customer-retest boundary=BEGIN stepRole=PRODUCTION_5_US_REFERENCE declaredMaximumStepSeconds=5.00000000e-06 configuredMaximumStepSeconds=5.00000000e-06 actualCurrentStepSeconds=5.00000000e-06 observedMinimumStepSeconds=5.00000000e-06 observedMaximumStepSeconds=5.00000000e-06 minimumTimeStepSeconds=5.00000000e-11 adaptive=true
Q30_STEP_PROFILE seed=64 fault=DREV_OPEN profile=repaired-customer-retest boundary=END stepRole=PRODUCTION_5_US_REFERENCE declaredMaximumStepSeconds=5.00000000e-06 configuredMaximumStepSeconds=5.00000000e-06 actualCurrentStepSeconds=5.00000000e-06 observedMinimumStepSeconds=5.00000000e-06 observedMaximumStepSeconds=5.00000000e-06 minimumTimeStepSeconds=5.00000000e-11 adaptive=true
Q30_STEP_OWNER_CLEANUP seed=64 fault=DREV_OPEN declaredMaximumStepSeconds=5.00000000e-06 stepRole=PRODUCTION_5_US_REFERENCE cleanup=true elapsedMillis=0
Q30_STEP_PROFILE seed=64 fault=DREV_OPEN profile=initial-electrical-settle boundary=BEGIN stepRole=EXPERIMENTAL_CANDIDATE_NOT_PROMOTED declaredMaximumStepSeconds=1.00000000e-05 configuredMaximumStepSeconds=1.00000000e-05 actualCurrentStepSeconds=1.00000000e-05 observedMinimumStepSeconds=1.00000000e-05 observedMaximumStepSeconds=1.00000000e-05 minimumTimeStepSeconds=5.00000000e-11 adaptive=true
Q30_STEP_PROFILE seed=64 fault=DREV_OPEN profile=initial-electrical-settle boundary=END stepRole=EXPERIMENTAL_CANDIDATE_NOT_PROMOTED declaredMaximumStepSeconds=1.00000000e-05 configuredMaximumStepSeconds=1.00000000e-05 actualCurrentStepSeconds=1.00000000e-05 observedMinimumStepSeconds=1.00000000e-05 observedMaximumStepSeconds=1.00000000e-05 minimumTimeStepSeconds=5.00000000e-11 adaptive=true
Q30_STEP_PROFILE seed=64 fault=DREV_OPEN profile=healthy-preparation boundary=BEGIN stepRole=EXPERIMENTAL_CANDIDATE_NOT_PROMOTED declaredMaximumStepSeconds=1.00000000e-05 configuredMaximumStepSeconds=1.00000000e-05 actualCurrentStepSeconds=1.00000000e-05 observedMinimumStepSeconds=1.00000000e-05 observedMaximumStepSeconds=1.00000000e-05 minimumTimeStepSeconds=5.00000000e-11 adaptive=true
Q30_STEP_PROFILE seed=64 fault=DREV_OPEN profile=healthy-preparation boundary=END stepRole=EXPERIMENTAL_CANDIDATE_NOT_PROMOTED declaredMaximumStepSeconds=1.00000000e-05 configuredMaximumStepSeconds=1.00000000e-05 actualCurrentStepSeconds=1.00000000e-05 observedMinimumStepSeconds=1.00000000e-05 observedMaximumStepSeconds=1.00000000e-05 minimumTimeStepSeconds=5.00000000e-11 adaptive=true
Q30_STEP_PROFILE seed=64 fault=DREV_OPEN profile=fault-profile-preparation boundary=BEGIN stepRole=EXPERIMENTAL_CANDIDATE_NOT_PROMOTED declaredMaximumStepSeconds=1.00000000e-05 configuredMaximumStepSeconds=1.00000000e-05 actualCurrentStepSeconds=1.00000000e-05 observedMinimumStepSeconds=1.00000000e-05 observedMaximumStepSeconds=1.00000000e-05 minimumTimeStepSeconds=5.00000000e-11 adaptive=true
Q30_STEP_PROFILE seed=64 fault=DREV_OPEN profile=fault-profile-preparation boundary=END stepRole=EXPERIMENTAL_CANDIDATE_NOT_PROMOTED declaredMaximumStepSeconds=1.00000000e-05 configuredMaximumStepSeconds=1.00000000e-05 actualCurrentStepSeconds=1.00000000e-05 observedMinimumStepSeconds=5.00000000e-06 observedMaximumStepSeconds=1.00000000e-05 minimumTimeStepSeconds=5.00000000e-11 adaptive=true
Q30_STEP_PROFILE seed=64 fault=DREV_OPEN profile=faulted-four-input-profile boundary=BEGIN stepRole=EXPERIMENTAL_CANDIDATE_NOT_PROMOTED declaredMaximumStepSeconds=1.00000000e-05 configuredMaximumStepSeconds=1.00000000e-05 actualCurrentStepSeconds=1.00000000e-05 observedMinimumStepSeconds=1.00000000e-05 observedMaximumStepSeconds=1.00000000e-05 minimumTimeStepSeconds=5.00000000e-11 adaptive=true
Q30_STEP_PROFILE seed=64 fault=DREV_OPEN profile=faulted-four-input-profile boundary=END stepRole=EXPERIMENTAL_CANDIDATE_NOT_PROMOTED declaredMaximumStepSeconds=1.00000000e-05 configuredMaximumStepSeconds=1.00000000e-05 actualCurrentStepSeconds=1.00000000e-05 observedMinimumStepSeconds=1.00000000e-05 observedMaximumStepSeconds=1.00000000e-05 minimumTimeStepSeconds=5.00000000e-11 adaptive=true
Q30_STEP_PROFILE seed=64 fault=DREV_OPEN profile=unrepaired-customer-retest boundary=BEGIN stepRole=EXPERIMENTAL_CANDIDATE_NOT_PROMOTED declaredMaximumStepSeconds=1.00000000e-05 configuredMaximumStepSeconds=1.00000000e-05 actualCurrentStepSeconds=1.00000000e-05 observedMinimumStepSeconds=1.00000000e-05 observedMaximumStepSeconds=1.00000000e-05 minimumTimeStepSeconds=5.00000000e-11 adaptive=true
Q30_STEP_PROFILE seed=64 fault=DREV_OPEN profile=unrepaired-customer-retest boundary=END stepRole=EXPERIMENTAL_CANDIDATE_NOT_PROMOTED declaredMaximumStepSeconds=1.00000000e-05 configuredMaximumStepSeconds=1.00000000e-05 actualCurrentStepSeconds=1.00000000e-05 observedMinimumStepSeconds=1.00000000e-05 observedMaximumStepSeconds=1.00000000e-05 minimumTimeStepSeconds=5.00000000e-11 adaptive=true
Q30_STEP_PROFILE seed=64 fault=DREV_OPEN profile=service-power-off-wait boundary=BEGIN stepRole=EXPERIMENTAL_CANDIDATE_NOT_PROMOTED declaredMaximumStepSeconds=1.00000000e-05 configuredMaximumStepSeconds=1.00000000e-05 actualCurrentStepSeconds=1.00000000e-05 observedMinimumStepSeconds=1.00000000e-05 observedMaximumStepSeconds=1.00000000e-05 minimumTimeStepSeconds=5.00000000e-11 adaptive=true
Q30_STEP_PROFILE seed=64 fault=DREV_OPEN profile=service-power-off-wait boundary=END stepRole=EXPERIMENTAL_CANDIDATE_NOT_PROMOTED declaredMaximumStepSeconds=1.00000000e-05 configuredMaximumStepSeconds=1.00000000e-05 actualCurrentStepSeconds=1.00000000e-05 observedMinimumStepSeconds=1.00000000e-05 observedMaximumStepSeconds=1.00000000e-05 minimumTimeStepSeconds=5.00000000e-11 adaptive=true
Q30_STEP_PROFILE seed=64 fault=DREV_OPEN profile=reinstalled-original-customer-retest boundary=BEGIN stepRole=EXPERIMENTAL_CANDIDATE_NOT_PROMOTED declaredMaximumStepSeconds=1.00000000e-05 configuredMaximumStepSeconds=1.00000000e-05 actualCurrentStepSeconds=1.00000000e-05 observedMinimumStepSeconds=1.00000000e-05 observedMaximumStepSeconds=1.00000000e-05 minimumTimeStepSeconds=5.00000000e-11 adaptive=true
Q30_STEP_PROFILE seed=64 fault=DREV_OPEN profile=reinstalled-original-customer-retest boundary=END stepRole=EXPERIMENTAL_CANDIDATE_NOT_PROMOTED declaredMaximumStepSeconds=1.00000000e-05 configuredMaximumStepSeconds=1.00000000e-05 actualCurrentStepSeconds=1.00000000e-05 observedMinimumStepSeconds=1.00000000e-05 observedMaximumStepSeconds=1.00000000e-05 minimumTimeStepSeconds=5.00000000e-11 adaptive=true
Q30_STEP_PROFILE seed=64 fault=DREV_OPEN profile=service-power-off-wait boundary=BEGIN stepRole=EXPERIMENTAL_CANDIDATE_NOT_PROMOTED declaredMaximumStepSeconds=1.00000000e-05 configuredMaximumStepSeconds=1.00000000e-05 actualCurrentStepSeconds=1.00000000e-05 observedMinimumStepSeconds=1.00000000e-05 observedMaximumStepSeconds=1.00000000e-05 minimumTimeStepSeconds=5.00000000e-11 adaptive=true
Q30_STEP_PROFILE seed=64 fault=DREV_OPEN profile=service-power-off-wait boundary=END stepRole=EXPERIMENTAL_CANDIDATE_NOT_PROMOTED declaredMaximumStepSeconds=1.00000000e-05 configuredMaximumStepSeconds=1.00000000e-05 actualCurrentStepSeconds=1.00000000e-05 observedMinimumStepSeconds=1.00000000e-05 observedMaximumStepSeconds=1.00000000e-05 minimumTimeStepSeconds=5.00000000e-11 adaptive=true
Q30_STEP_PROFILE seed=64 fault=DREV_OPEN profile=repaired-customer-retest boundary=BEGIN stepRole=EXPERIMENTAL_CANDIDATE_NOT_PROMOTED declaredMaximumStepSeconds=1.00000000e-05 configuredMaximumStepSeconds=1.00000000e-05 actualCurrentStepSeconds=1.00000000e-05 observedMinimumStepSeconds=1.00000000e-05 observedMaximumStepSeconds=1.00000000e-05 minimumTimeStepSeconds=5.00000000e-11 adaptive=true
Q30_STEP_FAILURE seed=64 fault=DREV_OPEN stage=temporal-advance phase=customer-retest profile=repaired-customer-retest durationSeconds=0.0300000000 declaredMaximumStepSeconds=1.00000000e-05 configuredMaximumStepSeconds=1.00000000e-05 actualCurrentStepSeconds=1.00000000e-05 U1_INPUT_to_U1_RETURN_V=25.7050205 U1_INPUT_to_J1_2_V=25.7050205 U1_RETURN_to_J1_2_V=0.00000000 regulatorModelInput_V=25.7050205 E02_maximumInput_V=24.0000000 diagnosticFailure=none originalException=java.lang.IllegalArgumentException:Rail input exceeds declared envelope
Q30_STEP_FAILURE seed=64 fault=DREV_OPEN stage=temporal-advance phase=customer-retest profile=repaired-customer-retest durationSeconds=0.0300000000 declaredMaximumStepSeconds=1.00000000e-05 configuredMaximumStepSeconds=1.00000000e-05 actualCurrentStepSeconds=1.00000000e-05 U1_INPUT_to_U1_RETURN_V=25.7050205 U1_INPUT_to_J1_2_V=25.7050205 U1_RETURN_to_J1_2_V=0.00000000 regulatorModelInput_V=25.7050205 E02_maximumInput_V=24.0000000 diagnosticFailure=none originalException=java.lang.IllegalArgumentException:Rail input exceeds declared envelope
Q30_STEP_OWNER_CLEANUP seed=64 fault=DREV_OPEN declaredMaximumStepSeconds=1.00000000e-05 stepRole=EXPERIMENTAL_CANDIDATE_NOT_PROMOTED cleanup=true elapsedMillis=0
Q30_STEP_SEED_CLEANUP seed=64 cleanup=true elapsedMillis=0

node 11 unconnected
converged after 25 iterations, timeStep = 5.0E-6
converged after 6 iterations, timeStep = 5.0E-6
node 11 unconnected
node 11 unconnected
converged after 14 iterations, timeStep = 5.0E-6
node 11 unconnected
converged after 15 iterations, timeStep = 5.0E-6
node 11 unconnected
converged after 14 iterations, timeStep = 5.0E-6
node 11 unconnected
converged after 15 iterations, timeStep = 5.0E-6
node 11 unconnected
converged after 15 iterations, timeStep = 5.0E-6
converged after 13 iterations, timeStep = 5.0E-6
node 11 unconnected
node 11 unconnected
node 11 unconnected
node 11 unconnected
node 11 unconnected
node 11 unconnected
node 11 unconnected
node 11 unconnected
node 11 unconnected
node 11 unconnected
node 11 unconnected
node 11 unconnected
node 11 unconnected
node 11 unconnected
node 11 unconnected
node 16 unconnected
node 20 unconnected
node 11 unconnected
node 11 unconnected
node 11 unconnected
node 11 unconnected
node 11 unconnected
node 11 unconnected
node 11 unconnected
node 11 unconnected
node 11 unconnected
node 11 unconnected
node 11 unconnected
node 11 unconnected
node 11 unconnected
node 16 unconnected
node 20 unconnected
node 11 unconnected
node 16 unconnected
node 20 unconnected
converged after 7 iterations, timeStep = 5.0E-6
converged after 6 iterations, timeStep = 5.0E-6
node 11 unconnected
node 16 unconnected
node 20 unconnected
converged after 40 iterations, timeStep = 5.0E-6
node 11 unconnected
node 16 unconnected
node 20 unconnected
converged after 10 iterations, timeStep = 5.0E-6
node 11 unconnected
node 16 unconnected
node 20 unconnected
converged after 14 iterations, timeStep = 5.0E-6
node 11 unconnected
node 16 unconnected
node 20 unconnected
converged after 15 iterations, timeStep = 5.0E-6
node 11 unconnected
node 16 unconnected
node 20 unconnected
converged after 14 iterations, timeStep = 5.0E-6
node 11 unconnected
converged after 24 iterations, timeStep = 1.0E-5
node 11 unconnected
node 11 unconnected
converged after 14 iterations, timeStep = 1.0E-5
node 11 unconnected
converged after 15 iterations, timeStep = 1.0E-5
node 11 unconnected
converged after 14 iterations, timeStep = 1.0E-5
node 11 unconnected
converged after 15 iterations, timeStep = 1.0E-5
node 11 unconnected
timestep down to 5.0E-6 at 0.15008000000000932
converged after 15 iterations, timeStep = 5.0E-6
converged after 3 iterations, timeStep = 5.0E-6
converged after 2 iterations, timeStep = 5.0E-6
converged after 2 iterations, timeStep = 5.0E-6
converged after 3 iterations, timeStep = 5.0E-6
converged after 2 iterations, timeStep = 5.0E-6
converged after 2 iterations, timeStep = 5.0E-6
converged after 2 iterations, timeStep = 5.0E-6
timestep up = 1.0E-5 at 0.15012000000000936
timestep down to 5.0E-6 at 0.15284000000001208
converged after 2 iterations, timeStep = 5.0E-6
converged after 1 iterations, timeStep = 5.0E-6
converged after 5 iterations, timeStep = 5.0E-6
converged after 3 iterations, timeStep = 5.0E-6
converged after 3 iterations, timeStep = 5.0E-6
converged after 3 iterations, timeStep = 5.0E-6
converged after 3 iterations, timeStep = 5.0E-6
converged after 3 iterations, timeStep = 5.0E-6
converged after 3 iterations, timeStep = 5.0E-6
converged after 3 iterations, timeStep = 5.0E-6
converged after 3 iterations, timeStep = 5.0E-6
converged after 3 iterations, timeStep = 5.0E-6
converged after 3 iterations, timeStep = 5.0E-6
converged after 3 iterations, timeStep = 5.0E-6
converged after 3 iterations, timeStep = 5.0E-6
converged after 3 iterations, timeStep = 5.0E-6
converged after 3 iterations, timeStep = 5.0E-6
converged after 3 iterations, timeStep = 5.0E-6
converged after 3 iterations, timeStep = 5.0E-6
converged after 3 iterations, timeStep = 5.0E-6
converged after 3 iterations, timeStep = 5.0E-6
converged after 3 iterations, timeStep = 5.0E-6
converged after 3 iterations, timeStep = 5.0E-6
converged after 3 iterations, timeStep = 5.0E-6
converged after 3 iterations, timeStep = 5.0E-6
converged after 3 iterations, timeStep = 5.0E-6
converged after 3 iterations, timeStep = 5.0E-6
converged after 3 iterations, timeStep = 5.0E-6
converged after 3 iterations, timeStep = 5.0E-6
converged after 3 iterations, timeStep = 5.0E-6
converged after 3 iterations, timeStep = 5.0E-6
converged after 3 iterations, timeStep = 5.0E-6
converged after 3 iterations, timeStep = 5.0E-6
converged after 3 iterations, timeStep = 5.0E-6
converged after 3 iterations, timeStep = 5.0E-6
converged after 3 iterations, timeStep = 5.0E-6
converged after 3 iterations, timeStep = 5.0E-6
converged after 3 iterations, timeStep = 5.0E-6
converged after 3 iterations, timeStep = 5.0E-6
converged after 3 iterations, timeStep = 5.0E-6
converged after 3 iterations, timeStep = 5.0E-6
converged after 3 iterations, timeStep = 5.0E-6
converged after 3 iterations, timeStep = 5.0E-6
converged after 3 iterations, timeStep = 5.0E-6
converged after 3 iterations, timeStep = 5.0E-6
converged after 3 iterations, timeStep = 5.0E-6
converged after 3 iterations, timeStep = 5.0E-6
converged after 3 iterations, timeStep = 5.0E-6
converged after 3 iterations, timeStep = 5.0E-6
converged after 3 iterations, timeStep = 5.0E-6
converged after 3 iterations, timeStep = 5.0E-6
converged after 3 iterations, timeStep = 5.0E-6
converged after 3 iterations, timeStep = 5.0E-6
converged after 3 iterations, timeStep = 5.0E-6
converged after 3 iterations, timeStep = 5.0E-6
converged after 3 iterations, timeStep = 5.0E-6
converged after 3 iterations, timeStep = 5.0E-6
converged after 3 iterations, timeStep = 5.0E-6
converged after 3 iterations, timeStep = 5.0E-6
converged after 3 iterations, timeStep = 5.0E-6
converged after 3 iterations, timeStep = 5.0E-6
converged after 3 iterations, timeStep = 5.0E-6
converged after 3 iterations, timeStep = 5.0E-6
converged after 3 iterations, timeStep = 5.0E-6
converged after 3 iterations, timeStep = 5.0E-6
converged after 3 iterations, timeStep = 5.0E-6
converged after 3 iterations, timeStep = 5.0E-6
converged after 3 iterations, timeStep = 5.0E-6
converged after 3 iterations, timeStep = 5.0E-6
converged after 3 iterations, timeStep = 5.0E-6
converged after 3 iterations, timeStep = 5.0E-6
converged after 3 iterations, timeStep = 5.0E-6
converged after 3 iterations, timeStep = 5.0E-6
converged after 3 iterations, timeStep = 5.0E-6
converged after 3 iterations, timeStep = 5.0E-6
converged after 3 iterations, timeStep = 5.0E-6
converged after 3 iterations, timeStep = 5.0E-6
converged after 3 iterations, timeStep = 5.0E-6
converged after 3 iterations, timeStep = 5.0E-6
converged after 3 iterations, timeStep = 5.0E-6
converged after 3 iterations, timeStep = 5.0E-6
converged after 3 iterations, timeStep = 5.0E-6
converged after 13 iterations, timeStep = 5.0E-6
converged after 3 iterations, timeStep = 5.0E-6
converged after 3 iterations, timeStep = 5.0E-6
converged after 2 iterations, timeStep = 5.0E-6
converged after 2 iterations, timeStep = 5.0E-6
converged after 2 iterations, timeStep = 5.0E-6
timestep up = 1.0E-5 at 0.15328000000001252
node 11 unconnected
node 11 unconnected
node 11 unconnected
node 11 unconnected
node 11 unconnected
node 11 unconnected
node 11 unconnected
node 11 unconnected
node 11 unconnected
node 11 unconnected
node 11 unconnected
node 11 unconnected
node 11 unconnected
node 11 unconnected
node 11 unconnected
node 16 unconnected
node 20 unconnected
node 11 unconnected
node 11 unconnected
node 11 unconnected
node 11 unconnected
node 11 unconnected
node 11 unconnected
node 11 unconnected
node 11 unconnected
node 11 unconnected
node 11 unconnected
node 11 unconnected
node 11 unconnected
node 11 unconnected
node 16 unconnected
node 20 unconnected
node 11 unconnected
node 16 unconnected
node 20 unconnected
converged after 8 iterations, timeStep = 1.0E-5
converged after 6 iterations, timeStep = 1.0E-5
node 11 unconnected
node 16 unconnected
node 20 unconnected
converged after 39 iterations, timeStep = 1.0E-5
converged after 7 iterations, timeStep = 1.0E-5
converged after 7 iterations, timeStep = 1.0E-5
converged after 7 iterations, timeStep = 1.0E-5
converged after 10 iterations, timeStep = 1.0E-5
node 11 unconnected
node 16 unconnected
node 20 unconnected
node 11 unconnected
node 16 unconnected
node 20 unconnected
converged after 14 iterations, timeStep = 1.0E-5
node 11 unconnected
node 16 unconnected
node 20 unconnected
node 11 unconnected
node 16 unconnected
node 20 unconnected
Exception in thread "main" java.lang.IllegalArgumentException: Rail input exceeds declared envelope
	at com.lushprojects.circuitjs1.client.AbstractRailRegulatorElm.validateOperatingPoint(AbstractRailRegulatorElm.java:484)
	at com.lushprojects.circuitjs1.client.AbstractRailRegulatorElm.doStep(AbstractRailRegulatorElm.java:127)
	at com.lushprojects.circuitjs1.client.CirSim.runCircuitOwned(CirSim.java:3357)
	at com.lushprojects.circuitjs1.client.CircuitSolverExecutor.advanceFor(CircuitSolverExecutor.java:144)
	at com.lushprojects.circuitjs1.client.CircuitSolverExecutor.advanceFor(CircuitSolverExecutor.java:135)
	at com.lushprojects.circuitjs1.client.CirSim.advanceGeneratedTemporalSolver(CirSim.java:6344)
	at com.lushprojects.circuitjs1.client.CirSim.advanceGeneratedTemporalProfile(CirSim.java:6321)
	at com.lushprojects.circuitjs1.client.Q30SolverStepSensitivityContractTest$SensitivityCirSim.advanceGeneratedTemporalProfile(Q30SolverStepSensitivityContractTest.java:846)
	at com.lushprojects.circuitjs1.client.Rb30Behavior$ProfileWork.applyInput(Rb30Behavior.java:391)
	at com.lushprojects.circuitjs1.client.Rb30Behavior$ProfileWork.observeCondition(Rb30Behavior.java:372)
	at com.lushprojects.circuitjs1.client.Rb30Behavior$ProfileWork.step(Rb30Behavior.java:361)
	at com.lushprojects.circuitjs1.client.Rb30Behavior$4.step(Rb30Behavior.java:188)
	at com.lushprojects.circuitjs1.client.GeneratedWork.complete(GeneratedWork.java:17)
	at com.lushprojects.circuitjs1.client.GeneratedBoardOperation$ResumableExecutor.execute(GeneratedBoardOperation.java:14)
	at com.lushprojects.circuitjs1.client.GeneratedBoardOperation.execute(GeneratedBoardOperation.java:39)
	at com.lushprojects.circuitjs1.client.GeneratedBoardOperationCatalog.invoke(GeneratedBoardOperationCatalog.java:32)
	at com.lushprojects.circuitjs1.client.GeneratedBoardInstance.invokeOperation(GeneratedBoardInstance.java:362)
	at com.lushprojects.circuitjs1.client.Q30SolverStepSensitivityContractTest.runOwner(Q30SolverStepSensitivityContractTest.java:388)
	at com.lushprojects.circuitjs1.client.Q30SolverStepSensitivityContractTest.verifySeed(Q30SolverStepSensitivityContractTest.java:144)
	at com.lushprojects.circuitjs1.client.Q30SolverStepSensitivityContractTest.main(Q30SolverStepSensitivityContractTest.java:74)
	Suppressed: java.lang.IllegalArgumentException: Rail input exceeds declared envelope
		at com.lushprojects.circuitjs1.client.AbstractRailRegulatorElm.validateOperatingPoint(AbstractRailRegulatorElm.java:484)
		at com.lushprojects.circuitjs1.client.AbstractRailRegulatorElm.doStep(AbstractRailRegulatorElm.java:127)
		at com.lushprojects.circuitjs1.client.CirSim.runCircuitOwned(CirSim.java:3357)
		at com.lushprojects.circuitjs1.client.CircuitSolverExecutor.advanceFor(CircuitSolverExecutor.java:144)
		at com.lushprojects.circuitjs1.client.CircuitSolverExecutor.advanceFor(CircuitSolverExecutor.java:135)
		at com.lushprojects.circuitjs1.client.CirSim.advanceGeneratedTemporalSolver(CirSim.java:6344)
		at com.lushprojects.circuitjs1.client.CirSim.advanceGeneratedTemporalProfile(CirSim.java:6321)
		at com.lushprojects.circuitjs1.client.Q30SolverStepSensitivityContractTest$SensitivityCirSim.advanceGeneratedTemporalProfile(Q30SolverStepSensitivityContractTest.java:846)
		at com.lushprojects.circuitjs1.client.Rb30Behavior$ProfileWork.applyInput(Rb30Behavior.java:391)
		at com.lushprojects.circuitjs1.client.Rb30Behavior$ProfileWork.cancel(Rb30Behavior.java:421)
		at com.lushprojects.circuitjs1.client.Rb30Behavior$4.cancel(Rb30Behavior.java:201)
		at com.lushprojects.circuitjs1.client.GeneratedWork.cancelAfterFailure(GeneratedWork.java:29)
		at com.lushprojects.circuitjs1.client.GeneratedWork.complete(GeneratedWork.java:20)
		... 7 more

Q30_SENSITIVITY_CASE seed=64 fault=REN_OPEN exit=1 termination=True qualified=False
Q30_STEP_PROFILE seed=64 fault=REN_OPEN profile=initial-electrical-settle boundary=BEGIN stepRole=PRODUCTION_5_US_REFERENCE declaredMaximumStepSeconds=5.00000000e-06 configuredMaximumStepSeconds=5.00000000e-06 actualCurrentStepSeconds=5.00000000e-06 observedMinimumStepSeconds=5.00000000e-06 observedMaximumStepSeconds=5.00000000e-06 minimumTimeStepSeconds=5.00000000e-11 adaptive=true
Q30_STEP_PROFILE seed=64 fault=REN_OPEN profile=initial-electrical-settle boundary=END stepRole=PRODUCTION_5_US_REFERENCE declaredMaximumStepSeconds=5.00000000e-06 configuredMaximumStepSeconds=5.00000000e-06 actualCurrentStepSeconds=5.00000000e-06 observedMinimumStepSeconds=5.00000000e-06 observedMaximumStepSeconds=5.00000000e-06 minimumTimeStepSeconds=5.00000000e-11 adaptive=true
Q30_STEP_PROFILE seed=64 fault=REN_OPEN profile=healthy-preparation boundary=BEGIN stepRole=PRODUCTION_5_US_REFERENCE declaredMaximumStepSeconds=5.00000000e-06 configuredMaximumStepSeconds=5.00000000e-06 actualCurrentStepSeconds=5.00000000e-06 observedMinimumStepSeconds=5.00000000e-06 observedMaximumStepSeconds=5.00000000e-06 minimumTimeStepSeconds=5.00000000e-11 adaptive=true
Q30_STEP_PROFILE seed=64 fault=REN_OPEN profile=healthy-preparation boundary=END stepRole=PRODUCTION_5_US_REFERENCE declaredMaximumStepSeconds=5.00000000e-06 configuredMaximumStepSeconds=5.00000000e-06 actualCurrentStepSeconds=5.00000000e-06 observedMinimumStepSeconds=5.00000000e-06 observedMaximumStepSeconds=5.00000000e-06 minimumTimeStepSeconds=5.00000000e-11 adaptive=true
Q30_STEP_PROFILE seed=64 fault=REN_OPEN profile=fault-profile-preparation boundary=BEGIN stepRole=PRODUCTION_5_US_REFERENCE declaredMaximumStepSeconds=5.00000000e-06 configuredMaximumStepSeconds=5.00000000e-06 actualCurrentStepSeconds=5.00000000e-06 observedMinimumStepSeconds=5.00000000e-06 observedMaximumStepSeconds=5.00000000e-06 minimumTimeStepSeconds=5.00000000e-11 adaptive=true
Q30_STEP_PROFILE seed=64 fault=REN_OPEN profile=fault-profile-preparation boundary=END stepRole=PRODUCTION_5_US_REFERENCE declaredMaximumStepSeconds=5.00000000e-06 configuredMaximumStepSeconds=5.00000000e-06 actualCurrentStepSeconds=5.00000000e-06 observedMinimumStepSeconds=5.00000000e-06 observedMaximumStepSeconds=5.00000000e-06 minimumTimeStepSeconds=5.00000000e-11 adaptive=true
Q30_STEP_PROFILE seed=64 fault=REN_OPEN profile=faulted-four-input-profile boundary=BEGIN stepRole=PRODUCTION_5_US_REFERENCE declaredMaximumStepSeconds=5.00000000e-06 configuredMaximumStepSeconds=5.00000000e-06 actualCurrentStepSeconds=5.00000000e-06 observedMinimumStepSeconds=5.00000000e-06 observedMaximumStepSeconds=5.00000000e-06 minimumTimeStepSeconds=5.00000000e-11 adaptive=true
Q30_STEP_PROFILE seed=64 fault=REN_OPEN profile=faulted-four-input-profile boundary=END stepRole=PRODUCTION_5_US_REFERENCE declaredMaximumStepSeconds=5.00000000e-06 configuredMaximumStepSeconds=5.00000000e-06 actualCurrentStepSeconds=5.00000000e-06 observedMinimumStepSeconds=5.00000000e-06 observedMaximumStepSeconds=5.00000000e-06 minimumTimeStepSeconds=5.00000000e-11 adaptive=true
Q30_STEP_PROFILE seed=64 fault=REN_OPEN profile=unrepaired-customer-retest boundary=BEGIN stepRole=PRODUCTION_5_US_REFERENCE declaredMaximumStepSeconds=5.00000000e-06 configuredMaximumStepSeconds=5.00000000e-06 actualCurrentStepSeconds=5.00000000e-06 observedMinimumStepSeconds=5.00000000e-06 observedMaximumStepSeconds=5.00000000e-06 minimumTimeStepSeconds=5.00000000e-11 adaptive=true
Q30_STEP_PROFILE seed=64 fault=REN_OPEN profile=unrepaired-customer-retest boundary=END stepRole=PRODUCTION_5_US_REFERENCE declaredMaximumStepSeconds=5.00000000e-06 configuredMaximumStepSeconds=5.00000000e-06 actualCurrentStepSeconds=5.00000000e-06 observedMinimumStepSeconds=5.00000000e-06 observedMaximumStepSeconds=5.00000000e-06 minimumTimeStepSeconds=5.00000000e-11 adaptive=true
Q30_STEP_PROFILE seed=64 fault=REN_OPEN profile=service-power-off-wait boundary=BEGIN stepRole=PRODUCTION_5_US_REFERENCE declaredMaximumStepSeconds=5.00000000e-06 configuredMaximumStepSeconds=5.00000000e-06 actualCurrentStepSeconds=5.00000000e-06 observedMinimumStepSeconds=5.00000000e-06 observedMaximumStepSeconds=5.00000000e-06 minimumTimeStepSeconds=5.00000000e-11 adaptive=true
Q30_STEP_PROFILE seed=64 fault=REN_OPEN profile=service-power-off-wait boundary=END stepRole=PRODUCTION_5_US_REFERENCE declaredMaximumStepSeconds=5.00000000e-06 configuredMaximumStepSeconds=5.00000000e-06 actualCurrentStepSeconds=5.00000000e-06 observedMinimumStepSeconds=5.00000000e-06 observedMaximumStepSeconds=5.00000000e-06 minimumTimeStepSeconds=5.00000000e-11 adaptive=true
Q30_STEP_PROFILE seed=64 fault=REN_OPEN profile=reinstalled-original-customer-retest boundary=BEGIN stepRole=PRODUCTION_5_US_REFERENCE declaredMaximumStepSeconds=5.00000000e-06 configuredMaximumStepSeconds=5.00000000e-06 actualCurrentStepSeconds=5.00000000e-06 observedMinimumStepSeconds=5.00000000e-06 observedMaximumStepSeconds=5.00000000e-06 minimumTimeStepSeconds=5.00000000e-11 adaptive=true
Q30_STEP_PROFILE seed=64 fault=REN_OPEN profile=reinstalled-original-customer-retest boundary=END stepRole=PRODUCTION_5_US_REFERENCE declaredMaximumStepSeconds=5.00000000e-06 configuredMaximumStepSeconds=5.00000000e-06 actualCurrentStepSeconds=5.00000000e-06 observedMinimumStepSeconds=5.00000000e-06 observedMaximumStepSeconds=5.00000000e-06 minimumTimeStepSeconds=5.00000000e-11 adaptive=true
Q30_STEP_PROFILE seed=64 fault=REN_OPEN profile=service-power-off-wait boundary=BEGIN stepRole=PRODUCTION_5_US_REFERENCE declaredMaximumStepSeconds=5.00000000e-06 configuredMaximumStepSeconds=5.00000000e-06 actualCurrentStepSeconds=5.00000000e-06 observedMinimumStepSeconds=5.00000000e-06 observedMaximumStepSeconds=5.00000000e-06 minimumTimeStepSeconds=5.00000000e-11 adaptive=true
Q30_STEP_PROFILE seed=64 fault=REN_OPEN profile=service-power-off-wait boundary=END stepRole=PRODUCTION_5_US_REFERENCE declaredMaximumStepSeconds=5.00000000e-06 configuredMaximumStepSeconds=5.00000000e-06 actualCurrentStepSeconds=5.00000000e-06 observedMinimumStepSeconds=5.00000000e-06 observedMaximumStepSeconds=5.00000000e-06 minimumTimeStepSeconds=5.00000000e-11 adaptive=true
Q30_STEP_PROFILE seed=64 fault=REN_OPEN profile=repaired-customer-retest boundary=BEGIN stepRole=PRODUCTION_5_US_REFERENCE declaredMaximumStepSeconds=5.00000000e-06 configuredMaximumStepSeconds=5.00000000e-06 actualCurrentStepSeconds=5.00000000e-06 observedMinimumStepSeconds=5.00000000e-06 observedMaximumStepSeconds=5.00000000e-06 minimumTimeStepSeconds=5.00000000e-11 adaptive=true
Q30_STEP_PROFILE seed=64 fault=REN_OPEN profile=repaired-customer-retest boundary=END stepRole=PRODUCTION_5_US_REFERENCE declaredMaximumStepSeconds=5.00000000e-06 configuredMaximumStepSeconds=5.00000000e-06 actualCurrentStepSeconds=5.00000000e-06 observedMinimumStepSeconds=5.00000000e-06 observedMaximumStepSeconds=5.00000000e-06 minimumTimeStepSeconds=5.00000000e-11 adaptive=true
Q30_STEP_OWNER_CLEANUP seed=64 fault=REN_OPEN declaredMaximumStepSeconds=5.00000000e-06 stepRole=PRODUCTION_5_US_REFERENCE cleanup=true elapsedMillis=0
Q30_STEP_PROFILE seed=64 fault=REN_OPEN profile=initial-electrical-settle boundary=BEGIN stepRole=EXPERIMENTAL_CANDIDATE_NOT_PROMOTED declaredMaximumStepSeconds=1.00000000e-05 configuredMaximumStepSeconds=1.00000000e-05 actualCurrentStepSeconds=1.00000000e-05 observedMinimumStepSeconds=1.00000000e-05 observedMaximumStepSeconds=1.00000000e-05 minimumTimeStepSeconds=5.00000000e-11 adaptive=true
Q30_STEP_PROFILE seed=64 fault=REN_OPEN profile=initial-electrical-settle boundary=END stepRole=EXPERIMENTAL_CANDIDATE_NOT_PROMOTED declaredMaximumStepSeconds=1.00000000e-05 configuredMaximumStepSeconds=1.00000000e-05 actualCurrentStepSeconds=1.00000000e-05 observedMinimumStepSeconds=1.00000000e-05 observedMaximumStepSeconds=1.00000000e-05 minimumTimeStepSeconds=5.00000000e-11 adaptive=true
Q30_STEP_PROFILE seed=64 fault=REN_OPEN profile=healthy-preparation boundary=BEGIN stepRole=EXPERIMENTAL_CANDIDATE_NOT_PROMOTED declaredMaximumStepSeconds=1.00000000e-05 configuredMaximumStepSeconds=1.00000000e-05 actualCurrentStepSeconds=1.00000000e-05 observedMinimumStepSeconds=1.00000000e-05 observedMaximumStepSeconds=1.00000000e-05 minimumTimeStepSeconds=5.00000000e-11 adaptive=true
Q30_STEP_PROFILE seed=64 fault=REN_OPEN profile=healthy-preparation boundary=END stepRole=EXPERIMENTAL_CANDIDATE_NOT_PROMOTED declaredMaximumStepSeconds=1.00000000e-05 configuredMaximumStepSeconds=1.00000000e-05 actualCurrentStepSeconds=1.00000000e-05 observedMinimumStepSeconds=1.00000000e-05 observedMaximumStepSeconds=1.00000000e-05 minimumTimeStepSeconds=5.00000000e-11 adaptive=true
Q30_STEP_PROFILE seed=64 fault=REN_OPEN profile=fault-profile-preparation boundary=BEGIN stepRole=EXPERIMENTAL_CANDIDATE_NOT_PROMOTED declaredMaximumStepSeconds=1.00000000e-05 configuredMaximumStepSeconds=1.00000000e-05 actualCurrentStepSeconds=1.00000000e-05 observedMinimumStepSeconds=1.00000000e-05 observedMaximumStepSeconds=1.00000000e-05 minimumTimeStepSeconds=5.00000000e-11 adaptive=true
Q30_STEP_PROFILE seed=64 fault=REN_OPEN profile=fault-profile-preparation boundary=END stepRole=EXPERIMENTAL_CANDIDATE_NOT_PROMOTED declaredMaximumStepSeconds=1.00000000e-05 configuredMaximumStepSeconds=1.00000000e-05 actualCurrentStepSeconds=1.00000000e-05 observedMinimumStepSeconds=5.00000000e-06 observedMaximumStepSeconds=1.00000000e-05 minimumTimeStepSeconds=5.00000000e-11 adaptive=true
Q30_STEP_PROFILE seed=64 fault=REN_OPEN profile=faulted-four-input-profile boundary=BEGIN stepRole=EXPERIMENTAL_CANDIDATE_NOT_PROMOTED declaredMaximumStepSeconds=1.00000000e-05 configuredMaximumStepSeconds=1.00000000e-05 actualCurrentStepSeconds=1.00000000e-05 observedMinimumStepSeconds=1.00000000e-05 observedMaximumStepSeconds=1.00000000e-05 minimumTimeStepSeconds=5.00000000e-11 adaptive=true
Q30_STEP_PROFILE seed=64 fault=REN_OPEN profile=faulted-four-input-profile boundary=END stepRole=EXPERIMENTAL_CANDIDATE_NOT_PROMOTED declaredMaximumStepSeconds=1.00000000e-05 configuredMaximumStepSeconds=1.00000000e-05 actualCurrentStepSeconds=1.00000000e-05 observedMinimumStepSeconds=1.00000000e-05 observedMaximumStepSeconds=1.00000000e-05 minimumTimeStepSeconds=5.00000000e-11 adaptive=true
Q30_STEP_PROFILE seed=64 fault=REN_OPEN profile=unrepaired-customer-retest boundary=BEGIN stepRole=EXPERIMENTAL_CANDIDATE_NOT_PROMOTED declaredMaximumStepSeconds=1.00000000e-05 configuredMaximumStepSeconds=1.00000000e-05 actualCurrentStepSeconds=1.00000000e-05 observedMinimumStepSeconds=1.00000000e-05 observedMaximumStepSeconds=1.00000000e-05 minimumTimeStepSeconds=5.00000000e-11 adaptive=true
Q30_STEP_PROFILE seed=64 fault=REN_OPEN profile=unrepaired-customer-retest boundary=END stepRole=EXPERIMENTAL_CANDIDATE_NOT_PROMOTED declaredMaximumStepSeconds=1.00000000e-05 configuredMaximumStepSeconds=1.00000000e-05 actualCurrentStepSeconds=1.00000000e-05 observedMinimumStepSeconds=1.00000000e-05 observedMaximumStepSeconds=1.00000000e-05 minimumTimeStepSeconds=5.00000000e-11 adaptive=true
Q30_STEP_PROFILE seed=64 fault=REN_OPEN profile=service-power-off-wait boundary=BEGIN stepRole=EXPERIMENTAL_CANDIDATE_NOT_PROMOTED declaredMaximumStepSeconds=1.00000000e-05 configuredMaximumStepSeconds=1.00000000e-05 actualCurrentStepSeconds=1.00000000e-05 observedMinimumStepSeconds=1.00000000e-05 observedMaximumStepSeconds=1.00000000e-05 minimumTimeStepSeconds=5.00000000e-11 adaptive=true
Q30_STEP_PROFILE seed=64 fault=REN_OPEN profile=service-power-off-wait boundary=END stepRole=EXPERIMENTAL_CANDIDATE_NOT_PROMOTED declaredMaximumStepSeconds=1.00000000e-05 configuredMaximumStepSeconds=1.00000000e-05 actualCurrentStepSeconds=1.00000000e-05 observedMinimumStepSeconds=1.00000000e-05 observedMaximumStepSeconds=1.00000000e-05 minimumTimeStepSeconds=5.00000000e-11 adaptive=true
Q30_STEP_PROFILE seed=64 fault=REN_OPEN profile=reinstalled-original-customer-retest boundary=BEGIN stepRole=EXPERIMENTAL_CANDIDATE_NOT_PROMOTED declaredMaximumStepSeconds=1.00000000e-05 configuredMaximumStepSeconds=1.00000000e-05 actualCurrentStepSeconds=1.00000000e-05 observedMinimumStepSeconds=1.00000000e-05 observedMaximumStepSeconds=1.00000000e-05 minimumTimeStepSeconds=5.00000000e-11 adaptive=true
Q30_STEP_PROFILE seed=64 fault=REN_OPEN profile=reinstalled-original-customer-retest boundary=END stepRole=EXPERIMENTAL_CANDIDATE_NOT_PROMOTED declaredMaximumStepSeconds=1.00000000e-05 configuredMaximumStepSeconds=1.00000000e-05 actualCurrentStepSeconds=1.00000000e-05 observedMinimumStepSeconds=1.00000000e-05 observedMaximumStepSeconds=1.00000000e-05 minimumTimeStepSeconds=5.00000000e-11 adaptive=true
Q30_STEP_PROFILE seed=64 fault=REN_OPEN profile=service-power-off-wait boundary=BEGIN stepRole=EXPERIMENTAL_CANDIDATE_NOT_PROMOTED declaredMaximumStepSeconds=1.00000000e-05 configuredMaximumStepSeconds=1.00000000e-05 actualCurrentStepSeconds=1.00000000e-05 observedMinimumStepSeconds=1.00000000e-05 observedMaximumStepSeconds=1.00000000e-05 minimumTimeStepSeconds=5.00000000e-11 adaptive=true
Q30_STEP_PROFILE seed=64 fault=REN_OPEN profile=service-power-off-wait boundary=END stepRole=EXPERIMENTAL_CANDIDATE_NOT_PROMOTED declaredMaximumStepSeconds=1.00000000e-05 configuredMaximumStepSeconds=1.00000000e-05 actualCurrentStepSeconds=1.00000000e-05 observedMinimumStepSeconds=1.00000000e-05 observedMaximumStepSeconds=1.00000000e-05 minimumTimeStepSeconds=5.00000000e-11 adaptive=true
Q30_STEP_PROFILE seed=64 fault=REN_OPEN profile=repaired-customer-retest boundary=BEGIN stepRole=EXPERIMENTAL_CANDIDATE_NOT_PROMOTED declaredMaximumStepSeconds=1.00000000e-05 configuredMaximumStepSeconds=1.00000000e-05 actualCurrentStepSeconds=5.00000000e-06 observedMinimumStepSeconds=5.00000000e-06 observedMaximumStepSeconds=5.00000000e-06 minimumTimeStepSeconds=5.00000000e-11 adaptive=true
Q30_STEP_PROFILE seed=64 fault=REN_OPEN profile=repaired-customer-retest boundary=END stepRole=EXPERIMENTAL_CANDIDATE_NOT_PROMOTED declaredMaximumStepSeconds=1.00000000e-05 configuredMaximumStepSeconds=1.00000000e-05 actualCurrentStepSeconds=1.00000000e-05 observedMinimumStepSeconds=5.00000000e-06 observedMaximumStepSeconds=1.00000000e-05 minimumTimeStepSeconds=5.00000000e-11 adaptive=true
Q30_STEP_OWNER_CLEANUP seed=64 fault=REN_OPEN declaredMaximumStepSeconds=1.00000000e-05 stepRole=EXPERIMENTAL_CANDIDATE_NOT_PROMOTED cleanup=true elapsedMillis=0
Q30_STEP_OWNER_CLEANUP seed=64 fault=DREV_OPEN declaredMaximumStepSeconds=5.00000000e-06 stepRole=PRODUCTION_5_US_REFERENCE cleanup=true elapsedMillis=0
Q30_STEP_SEED_CLEANUP seed=64 cleanup=true elapsedMillis=0

node 11 unconnected
converged after 25 iterations, timeStep = 5.0E-6
converged after 6 iterations, timeStep = 5.0E-6
node 11 unconnected
node 11 unconnected
converged after 14 iterations, timeStep = 5.0E-6
node 11 unconnected
converged after 15 iterations, timeStep = 5.0E-6
node 11 unconnected
converged after 14 iterations, timeStep = 5.0E-6
node 11 unconnected
converged after 15 iterations, timeStep = 5.0E-6
node 11 unconnected
node 20 unconnected
converged after 18 iterations, timeStep = 5.0E-6
converged after 12 iterations, timeStep = 5.0E-6
node 11 unconnected
node 20 unconnected
node 11 unconnected
node 20 unconnected
node 11 unconnected
node 20 unconnected
node 11 unconnected
node 20 unconnected
node 11 unconnected
node 20 unconnected
node 11 unconnected
node 20 unconnected
node 11 unconnected
node 20 unconnected
node 11 unconnected
node 20 unconnected
node 11 unconnected
node 20 unconnected
node 11 unconnected
node 20 unconnected
node 11 unconnected
node 20 unconnected
node 11 unconnected
node 20 unconnected
node 11 unconnected
node 20 unconnected
node 11 unconnected
node 20 unconnected
node 11 unconnected
node 20 unconnected
node 21 unconnected
node 23 unconnected
node 11 unconnected
node 20 unconnected
node 11 unconnected
node 20 unconnected
converged after 6 iterations, timeStep = 5.0E-6
node 11 unconnected
node 20 unconnected
node 11 unconnected
node 20 unconnected
node 11 unconnected
node 20 unconnected
node 11 unconnected
node 20 unconnected
node 11 unconnected
node 20 unconnected
node 11 unconnected
node 20 unconnected
node 11 unconnected
node 20 unconnected
node 11 unconnected
node 20 unconnected
node 11 unconnected
node 20 unconnected
node 11 unconnected
node 20 unconnected
node 11 unconnected
node 20 unconnected
node 21 unconnected
node 23 unconnected
node 11 unconnected
node 21 unconnected
node 23 unconnected
converged after 6 iterations, timeStep = 5.0E-6
node 11 unconnected
node 21 unconnected
node 23 unconnected
converged after 14 iterations, timeStep = 5.0E-6
converged after 7 iterations, timeStep = 5.0E-6
node 11 unconnected
node 21 unconnected
node 23 unconnected
converged after 15 iterations, timeStep = 5.0E-6
node 11 unconnected
node 21 unconnected
node 23 unconnected
converged after 14 iterations, timeStep = 5.0E-6
node 11 unconnected
node 21 unconnected
node 23 unconnected
converged after 15 iterations, timeStep = 5.0E-6
node 11 unconnected
node 21 unconnected
node 23 unconnected
converged after 14 iterations, timeStep = 5.0E-6
node 11 unconnected
converged after 24 iterations, timeStep = 1.0E-5
node 11 unconnected
node 11 unconnected
converged after 14 iterations, timeStep = 1.0E-5
node 11 unconnected
converged after 15 iterations, timeStep = 1.0E-5
node 11 unconnected
converged after 14 iterations, timeStep = 1.0E-5
node 11 unconnected
converged after 15 iterations, timeStep = 1.0E-5
node 11 unconnected
node 20 unconnected
timestep down to 5.0E-6 at 0.15008000000000932
converged after 18 iterations, timeStep = 5.0E-6
converged after 3 iterations, timeStep = 5.0E-6
converged after 3 iterations, timeStep = 5.0E-6
converged after 3 iterations, timeStep = 5.0E-6
converged after 3 iterations, timeStep = 5.0E-6
converged after 3 iterations, timeStep = 5.0E-6
converged after 3 iterations, timeStep = 5.0E-6
converged after 3 iterations, timeStep = 5.0E-6
converged after 3 iterations, timeStep = 5.0E-6
converged after 3 iterations, timeStep = 5.0E-6
converged after 3 iterations, timeStep = 5.0E-6
converged after 3 iterations, timeStep = 5.0E-6
converged after 3 iterations, timeStep = 5.0E-6
converged after 3 iterations, timeStep = 5.0E-6
converged after 3 iterations, timeStep = 5.0E-6
converged after 3 iterations, timeStep = 5.0E-6
converged after 3 iterations, timeStep = 5.0E-6
converged after 3 iterations, timeStep = 5.0E-6
converged after 3 iterations, timeStep = 5.0E-6
converged after 3 iterations, timeStep = 5.0E-6
converged after 3 iterations, timeStep = 5.0E-6
converged after 3 iterations, timeStep = 5.0E-6
converged after 3 iterations, timeStep = 5.0E-6
converged after 3 iterations, timeStep = 5.0E-6
converged after 3 iterations, timeStep = 5.0E-6
converged after 3 iterations, timeStep = 5.0E-6
converged after 3 iterations, timeStep = 5.0E-6
converged after 3 iterations, timeStep = 5.0E-6
converged after 3 iterations, timeStep = 5.0E-6
converged after 3 iterations, timeStep = 5.0E-6
converged after 3 iterations, timeStep = 5.0E-6
converged after 3 iterations, timeStep = 5.0E-6
converged after 3 iterations, timeStep = 5.0E-6
converged after 3 iterations, timeStep = 5.0E-6
converged after 3 iterations, timeStep = 5.0E-6
converged after 3 iterations, timeStep = 5.0E-6
converged after 3 iterations, timeStep = 5.0E-6
converged after 3 iterations, timeStep = 5.0E-6
converged after 3 iterations, timeStep = 5.0E-6
converged after 3 iterations, timeStep = 5.0E-6
converged after 3 iterations, timeStep = 5.0E-6
converged after 12 iterations, timeStep = 5.0E-6
converged after 2 iterations, timeStep = 5.0E-6
converged after 2 iterations, timeStep = 5.0E-6
converged after 2 iterations, timeStep = 5.0E-6
timestep up = 1.0E-5 at 0.15030500000000954
node 11 unconnected
node 20 unconnected
node 11 unconnected
node 20 unconnected
node 11 unconnected
node 20 unconnected
node 11 unconnected
node 20 unconnected
node 11 unconnected
node 20 unconnected
node 11 unconnected
node 20 unconnected
node 11 unconnected
node 20 unconnected
node 11 unconnected
node 20 unconnected
node 11 unconnected
node 20 unconnected
node 11 unconnected
node 20 unconnected
node 11 unconnected
node 20 unconnected
node 11 unconnected
node 20 unconnected
node 11 unconnected
node 20 unconnected
node 11 unconnected
node 20 unconnected
node 11 unconnected
node 20 unconnected
node 21 unconnected
node 23 unconnected
node 11 unconnected
node 20 unconnected
node 11 unconnected
node 20 unconnected
converged after 7 iterations, timeStep = 1.0E-5
node 11 unconnected
node 20 unconnected
node 11 unconnected
node 20 unconnected
node 11 unconnected
node 20 unconnected
node 11 unconnected
node 20 unconnected
node 11 unconnected
node 20 unconnected
node 11 unconnected
node 20 unconnected
node 11 unconnected
node 20 unconnected
node 11 unconnected
node 20 unconnected
node 11 unconnected
node 20 unconnected
node 11 unconnected
node 20 unconnected
node 11 unconnected
node 20 unconnected
node 21 unconnected
node 23 unconnected
node 11 unconnected
node 21 unconnected
node 23 unconnected
converged after 6 iterations, timeStep = 1.0E-5
converged after 8 iterations, timeStep = 1.0E-5
node 11 unconnected
node 21 unconnected
node 23 unconnected
timestep down to 5.0E-6 at 1.04064499999835
converged after 21 iterations, timeStep = 5.0E-6
converged after 6 iterations, timeStep = 5.0E-6
converged after 4 iterations, timeStep = 5.0E-6
converged after 5 iterations, timeStep = 5.0E-6
converged after 5 iterations, timeStep = 5.0E-6
converged after 3 iterations, timeStep = 5.0E-6
converged after 3 iterations, timeStep = 5.0E-6
converged after 3 iterations, timeStep = 5.0E-6
node 11 unconnected
node 21 unconnected
node 23 unconnected
converged after 11 iterations, timeStep = 1.0E-5
node 11 unconnected
node 21 unconnected
node 23 unconnected
converged after 11 iterations, timeStep = 1.0E-5
node 11 unconnected
node 21 unconnected
node 23 unconnected
converged after 15 iterations, timeStep = 1.0E-5
node 11 unconnected
node 21 unconnected
node 23 unconnected
converged after 14 iterations, timeStep = 1.0E-5
Exception in thread "main" java.lang.AssertionError: correct physical catalog repair passes actual customer retest
	at com.lushprojects.circuitjs1.client.Q30SolverStepSensitivityContractTest.require(Q30SolverStepSensitivityContractTest.java:742)
	at com.lushprojects.circuitjs1.client.Q30SolverStepSensitivityContractTest.runOwner(Q30SolverStepSensitivityContractTest.java:392)
	at com.lushprojects.circuitjs1.client.Q30SolverStepSensitivityContractTest.verifySeed(Q30SolverStepSensitivityContractTest.java:144)
	at com.lushprojects.circuitjs1.client.Q30SolverStepSensitivityContractTest.main(Q30SolverStepSensitivityContractTest.java:74)

Q30_SENSITIVITY_CASE seed=64 fault=SENSOR_A_OPEN exit=0 termination=True qualified=True
Q30_STEP_PROFILE seed=64 fault=SENSOR_A_OPEN profile=initial-electrical-settle boundary=BEGIN stepRole=PRODUCTION_5_US_REFERENCE declaredMaximumStepSeconds=5.00000000e-06 configuredMaximumStepSeconds=5.00000000e-06 actualCurrentStepSeconds=5.00000000e-06 observedMinimumStepSeconds=5.00000000e-06 observedMaximumStepSeconds=5.00000000e-06 minimumTimeStepSeconds=5.00000000e-11 adaptive=true
Q30_STEP_PROFILE seed=64 fault=SENSOR_A_OPEN profile=initial-electrical-settle boundary=END stepRole=PRODUCTION_5_US_REFERENCE declaredMaximumStepSeconds=5.00000000e-06 configuredMaximumStepSeconds=5.00000000e-06 actualCurrentStepSeconds=5.00000000e-06 observedMinimumStepSeconds=5.00000000e-06 observedMaximumStepSeconds=5.00000000e-06 minimumTimeStepSeconds=5.00000000e-11 adaptive=true
Q30_STEP_PROFILE seed=64 fault=SENSOR_A_OPEN profile=healthy-preparation boundary=BEGIN stepRole=PRODUCTION_5_US_REFERENCE declaredMaximumStepSeconds=5.00000000e-06 configuredMaximumStepSeconds=5.00000000e-06 actualCurrentStepSeconds=5.00000000e-06 observedMinimumStepSeconds=5.00000000e-06 observedMaximumStepSeconds=5.00000000e-06 minimumTimeStepSeconds=5.00000000e-11 adaptive=true
Q30_STEP_PROFILE seed=64 fault=SENSOR_A_OPEN profile=healthy-preparation boundary=END stepRole=PRODUCTION_5_US_REFERENCE declaredMaximumStepSeconds=5.00000000e-06 configuredMaximumStepSeconds=5.00000000e-06 actualCurrentStepSeconds=5.00000000e-06 observedMinimumStepSeconds=5.00000000e-06 observedMaximumStepSeconds=5.00000000e-06 minimumTimeStepSeconds=5.00000000e-11 adaptive=true
Q30_STEP_PROFILE seed=64 fault=SENSOR_A_OPEN profile=fault-profile-preparation boundary=BEGIN stepRole=PRODUCTION_5_US_REFERENCE declaredMaximumStepSeconds=5.00000000e-06 configuredMaximumStepSeconds=5.00000000e-06 actualCurrentStepSeconds=5.00000000e-06 observedMinimumStepSeconds=5.00000000e-06 observedMaximumStepSeconds=5.00000000e-06 minimumTimeStepSeconds=5.00000000e-11 adaptive=true
Q30_STEP_PROFILE seed=64 fault=SENSOR_A_OPEN profile=fault-profile-preparation boundary=END stepRole=PRODUCTION_5_US_REFERENCE declaredMaximumStepSeconds=5.00000000e-06 configuredMaximumStepSeconds=5.00000000e-06 actualCurrentStepSeconds=5.00000000e-06 observedMinimumStepSeconds=5.00000000e-06 observedMaximumStepSeconds=5.00000000e-06 minimumTimeStepSeconds=5.00000000e-11 adaptive=true
Q30_STEP_PROFILE seed=64 fault=SENSOR_A_OPEN profile=faulted-four-input-profile boundary=BEGIN stepRole=PRODUCTION_5_US_REFERENCE declaredMaximumStepSeconds=5.00000000e-06 configuredMaximumStepSeconds=5.00000000e-06 actualCurrentStepSeconds=5.00000000e-06 observedMinimumStepSeconds=5.00000000e-06 observedMaximumStepSeconds=5.00000000e-06 minimumTimeStepSeconds=5.00000000e-11 adaptive=true
Q30_STEP_PROFILE seed=64 fault=SENSOR_A_OPEN profile=faulted-four-input-profile boundary=END stepRole=PRODUCTION_5_US_REFERENCE declaredMaximumStepSeconds=5.00000000e-06 configuredMaximumStepSeconds=5.00000000e-06 actualCurrentStepSeconds=5.00000000e-06 observedMinimumStepSeconds=5.00000000e-06 observedMaximumStepSeconds=5.00000000e-06 minimumTimeStepSeconds=5.00000000e-11 adaptive=true
Q30_STEP_PROFILE seed=64 fault=SENSOR_A_OPEN profile=unrepaired-customer-retest boundary=BEGIN stepRole=PRODUCTION_5_US_REFERENCE declaredMaximumStepSeconds=5.00000000e-06 configuredMaximumStepSeconds=5.00000000e-06 actualCurrentStepSeconds=5.00000000e-06 observedMinimumStepSeconds=5.00000000e-06 observedMaximumStepSeconds=5.00000000e-06 minimumTimeStepSeconds=5.00000000e-11 adaptive=true
Q30_STEP_PROFILE seed=64 fault=SENSOR_A_OPEN profile=unrepaired-customer-retest boundary=END stepRole=PRODUCTION_5_US_REFERENCE declaredMaximumStepSeconds=5.00000000e-06 configuredMaximumStepSeconds=5.00000000e-06 actualCurrentStepSeconds=5.00000000e-06 observedMinimumStepSeconds=5.00000000e-06 observedMaximumStepSeconds=5.00000000e-06 minimumTimeStepSeconds=5.00000000e-11 adaptive=true
Q30_STEP_PROFILE seed=64 fault=SENSOR_A_OPEN profile=service-power-off-wait boundary=BEGIN stepRole=PRODUCTION_5_US_REFERENCE declaredMaximumStepSeconds=5.00000000e-06 configuredMaximumStepSeconds=5.00000000e-06 actualCurrentStepSeconds=5.00000000e-06 observedMinimumStepSeconds=5.00000000e-06 observedMaximumStepSeconds=5.00000000e-06 minimumTimeStepSeconds=5.00000000e-11 adaptive=true
Q30_STEP_PROFILE seed=64 fault=SENSOR_A_OPEN profile=service-power-off-wait boundary=END stepRole=PRODUCTION_5_US_REFERENCE declaredMaximumStepSeconds=5.00000000e-06 configuredMaximumStepSeconds=5.00000000e-06 actualCurrentStepSeconds=5.00000000e-06 observedMinimumStepSeconds=5.00000000e-06 observedMaximumStepSeconds=5.00000000e-06 minimumTimeStepSeconds=5.00000000e-11 adaptive=true
Q30_STEP_PROFILE seed=64 fault=SENSOR_A_OPEN profile=reinstalled-original-customer-retest boundary=BEGIN stepRole=PRODUCTION_5_US_REFERENCE declaredMaximumStepSeconds=5.00000000e-06 configuredMaximumStepSeconds=5.00000000e-06 actualCurrentStepSeconds=5.00000000e-06 observedMinimumStepSeconds=5.00000000e-06 observedMaximumStepSeconds=5.00000000e-06 minimumTimeStepSeconds=5.00000000e-11 adaptive=true
Q30_STEP_PROFILE seed=64 fault=SENSOR_A_OPEN profile=reinstalled-original-customer-retest boundary=END stepRole=PRODUCTION_5_US_REFERENCE declaredMaximumStepSeconds=5.00000000e-06 configuredMaximumStepSeconds=5.00000000e-06 actualCurrentStepSeconds=5.00000000e-06 observedMinimumStepSeconds=5.00000000e-06 observedMaximumStepSeconds=5.00000000e-06 minimumTimeStepSeconds=5.00000000e-11 adaptive=true
Q30_STEP_PROFILE seed=64 fault=SENSOR_A_OPEN profile=service-power-off-wait boundary=BEGIN stepRole=PRODUCTION_5_US_REFERENCE declaredMaximumStepSeconds=5.00000000e-06 configuredMaximumStepSeconds=5.00000000e-06 actualCurrentStepSeconds=5.00000000e-06 observedMinimumStepSeconds=5.00000000e-06 observedMaximumStepSeconds=5.00000000e-06 minimumTimeStepSeconds=5.00000000e-11 adaptive=true
Q30_STEP_PROFILE seed=64 fault=SENSOR_A_OPEN profile=service-power-off-wait boundary=END stepRole=PRODUCTION_5_US_REFERENCE declaredMaximumStepSeconds=5.00000000e-06 configuredMaximumStepSeconds=5.00000000e-06 actualCurrentStepSeconds=5.00000000e-06 observedMinimumStepSeconds=5.00000000e-06 observedMaximumStepSeconds=5.00000000e-06 minimumTimeStepSeconds=5.00000000e-11 adaptive=true
Q30_STEP_PROFILE seed=64 fault=SENSOR_A_OPEN profile=repaired-customer-retest boundary=BEGIN stepRole=PRODUCTION_5_US_REFERENCE declaredMaximumStepSeconds=5.00000000e-06 configuredMaximumStepSeconds=5.00000000e-06 actualCurrentStepSeconds=5.00000000e-06 observedMinimumStepSeconds=5.00000000e-06 observedMaximumStepSeconds=5.00000000e-06 minimumTimeStepSeconds=5.00000000e-11 adaptive=true
Q30_STEP_PROFILE seed=64 fault=SENSOR_A_OPEN profile=repaired-customer-retest boundary=END stepRole=PRODUCTION_5_US_REFERENCE declaredMaximumStepSeconds=5.00000000e-06 configuredMaximumStepSeconds=5.00000000e-06 actualCurrentStepSeconds=5.00000000e-06 observedMinimumStepSeconds=5.00000000e-06 observedMaximumStepSeconds=5.00000000e-06 minimumTimeStepSeconds=5.00000000e-11 adaptive=true
Q30_STEP_OWNER_CLEANUP seed=64 fault=SENSOR_A_OPEN declaredMaximumStepSeconds=5.00000000e-06 stepRole=PRODUCTION_5_US_REFERENCE cleanup=true elapsedMillis=0
Q30_STEP_PROFILE seed=64 fault=SENSOR_A_OPEN profile=initial-electrical-settle boundary=BEGIN stepRole=EXPERIMENTAL_CANDIDATE_NOT_PROMOTED declaredMaximumStepSeconds=1.00000000e-05 configuredMaximumStepSeconds=1.00000000e-05 actualCurrentStepSeconds=1.00000000e-05 observedMinimumStepSeconds=1.00000000e-05 observedMaximumStepSeconds=1.00000000e-05 minimumTimeStepSeconds=5.00000000e-11 adaptive=true
Q30_STEP_PROFILE seed=64 fault=SENSOR_A_OPEN profile=initial-electrical-settle boundary=END stepRole=EXPERIMENTAL_CANDIDATE_NOT_PROMOTED declaredMaximumStepSeconds=1.00000000e-05 configuredMaximumStepSeconds=1.00000000e-05 actualCurrentStepSeconds=1.00000000e-05 observedMinimumStepSeconds=1.00000000e-05 observedMaximumStepSeconds=1.00000000e-05 minimumTimeStepSeconds=5.00000000e-11 adaptive=true
Q30_STEP_PROFILE seed=64 fault=SENSOR_A_OPEN profile=healthy-preparation boundary=BEGIN stepRole=EXPERIMENTAL_CANDIDATE_NOT_PROMOTED declaredMaximumStepSeconds=1.00000000e-05 configuredMaximumStepSeconds=1.00000000e-05 actualCurrentStepSeconds=1.00000000e-05 observedMinimumStepSeconds=1.00000000e-05 observedMaximumStepSeconds=1.00000000e-05 minimumTimeStepSeconds=5.00000000e-11 adaptive=true
Q30_STEP_PROFILE seed=64 fault=SENSOR_A_OPEN profile=healthy-preparation boundary=END stepRole=EXPERIMENTAL_CANDIDATE_NOT_PROMOTED declaredMaximumStepSeconds=1.00000000e-05 configuredMaximumStepSeconds=1.00000000e-05 actualCurrentStepSeconds=1.00000000e-05 observedMinimumStepSeconds=1.00000000e-05 observedMaximumStepSeconds=1.00000000e-05 minimumTimeStepSeconds=5.00000000e-11 adaptive=true
Q30_STEP_PROFILE seed=64 fault=SENSOR_A_OPEN profile=fault-profile-preparation boundary=BEGIN stepRole=EXPERIMENTAL_CANDIDATE_NOT_PROMOTED declaredMaximumStepSeconds=1.00000000e-05 configuredMaximumStepSeconds=1.00000000e-05 actualCurrentStepSeconds=1.00000000e-05 observedMinimumStepSeconds=1.00000000e-05 observedMaximumStepSeconds=1.00000000e-05 minimumTimeStepSeconds=5.00000000e-11 adaptive=true
Q30_STEP_PROFILE seed=64 fault=SENSOR_A_OPEN profile=fault-profile-preparation boundary=END stepRole=EXPERIMENTAL_CANDIDATE_NOT_PROMOTED declaredMaximumStepSeconds=1.00000000e-05 configuredMaximumStepSeconds=1.00000000e-05 actualCurrentStepSeconds=1.00000000e-05 observedMinimumStepSeconds=1.00000000e-05 observedMaximumStepSeconds=1.00000000e-05 minimumTimeStepSeconds=5.00000000e-11 adaptive=true
Q30_STEP_PROFILE seed=64 fault=SENSOR_A_OPEN profile=faulted-four-input-profile boundary=BEGIN stepRole=EXPERIMENTAL_CANDIDATE_NOT_PROMOTED declaredMaximumStepSeconds=1.00000000e-05 configuredMaximumStepSeconds=1.00000000e-05 actualCurrentStepSeconds=1.00000000e-05 observedMinimumStepSeconds=1.00000000e-05 observedMaximumStepSeconds=1.00000000e-05 minimumTimeStepSeconds=5.00000000e-11 adaptive=true
Q30_STEP_PROFILE seed=64 fault=SENSOR_A_OPEN profile=faulted-four-input-profile boundary=END stepRole=EXPERIMENTAL_CANDIDATE_NOT_PROMOTED declaredMaximumStepSeconds=1.00000000e-05 configuredMaximumStepSeconds=1.00000000e-05 actualCurrentStepSeconds=1.00000000e-05 observedMinimumStepSeconds=1.00000000e-05 observedMaximumStepSeconds=1.00000000e-05 minimumTimeStepSeconds=5.00000000e-11 adaptive=true
Q30_STEP_PROFILE seed=64 fault=SENSOR_A_OPEN profile=unrepaired-customer-retest boundary=BEGIN stepRole=EXPERIMENTAL_CANDIDATE_NOT_PROMOTED declaredMaximumStepSeconds=1.00000000e-05 configuredMaximumStepSeconds=1.00000000e-05 actualCurrentStepSeconds=1.00000000e-05 observedMinimumStepSeconds=1.00000000e-05 observedMaximumStepSeconds=1.00000000e-05 minimumTimeStepSeconds=5.00000000e-11 adaptive=true
Q30_STEP_PROFILE seed=64 fault=SENSOR_A_OPEN profile=unrepaired-customer-retest boundary=END stepRole=EXPERIMENTAL_CANDIDATE_NOT_PROMOTED declaredMaximumStepSeconds=1.00000000e-05 configuredMaximumStepSeconds=1.00000000e-05 actualCurrentStepSeconds=1.00000000e-05 observedMinimumStepSeconds=1.00000000e-05 observedMaximumStepSeconds=1.00000000e-05 minimumTimeStepSeconds=5.00000000e-11 adaptive=true
Q30_STEP_PROFILE seed=64 fault=SENSOR_A_OPEN profile=service-power-off-wait boundary=BEGIN stepRole=EXPERIMENTAL_CANDIDATE_NOT_PROMOTED declaredMaximumStepSeconds=1.00000000e-05 configuredMaximumStepSeconds=1.00000000e-05 actualCurrentStepSeconds=1.00000000e-05 observedMinimumStepSeconds=1.00000000e-05 observedMaximumStepSeconds=1.00000000e-05 minimumTimeStepSeconds=5.00000000e-11 adaptive=true
Q30_STEP_PROFILE seed=64 fault=SENSOR_A_OPEN profile=service-power-off-wait boundary=END stepRole=EXPERIMENTAL_CANDIDATE_NOT_PROMOTED declaredMaximumStepSeconds=1.00000000e-05 configuredMaximumStepSeconds=1.00000000e-05 actualCurrentStepSeconds=1.00000000e-05 observedMinimumStepSeconds=1.00000000e-05 observedMaximumStepSeconds=1.00000000e-05 minimumTimeStepSeconds=5.00000000e-11 adaptive=true
Q30_STEP_PROFILE seed=64 fault=SENSOR_A_OPEN profile=reinstalled-original-customer-retest boundary=BEGIN stepRole=EXPERIMENTAL_CANDIDATE_NOT_PROMOTED declaredMaximumStepSeconds=1.00000000e-05 configuredMaximumStepSeconds=1.00000000e-05 actualCurrentStepSeconds=1.00000000e-05 observedMinimumStepSeconds=1.00000000e-05 observedMaximumStepSeconds=1.00000000e-05 minimumTimeStepSeconds=5.00000000e-11 adaptive=true
Q30_STEP_PROFILE seed=64 fault=SENSOR_A_OPEN profile=reinstalled-original-customer-retest boundary=END stepRole=EXPERIMENTAL_CANDIDATE_NOT_PROMOTED declaredMaximumStepSeconds=1.00000000e-05 configuredMaximumStepSeconds=1.00000000e-05 actualCurrentStepSeconds=1.00000000e-05 observedMinimumStepSeconds=1.00000000e-05 observedMaximumStepSeconds=1.00000000e-05 minimumTimeStepSeconds=5.00000000e-11 adaptive=true
Q30_STEP_PROFILE seed=64 fault=SENSOR_A_OPEN profile=service-power-off-wait boundary=BEGIN stepRole=EXPERIMENTAL_CANDIDATE_NOT_PROMOTED declaredMaximumStepSeconds=1.00000000e-05 configuredMaximumStepSeconds=1.00000000e-05 actualCurrentStepSeconds=1.00000000e-05 observedMinimumStepSeconds=1.00000000e-05 observedMaximumStepSeconds=1.00000000e-05 minimumTimeStepSeconds=5.00000000e-11 adaptive=true
Q30_STEP_PROFILE seed=64 fault=SENSOR_A_OPEN profile=service-power-off-wait boundary=END stepRole=EXPERIMENTAL_CANDIDATE_NOT_PROMOTED declaredMaximumStepSeconds=1.00000000e-05 configuredMaximumStepSeconds=1.00000000e-05 actualCurrentStepSeconds=1.00000000e-05 observedMinimumStepSeconds=1.00000000e-05 observedMaximumStepSeconds=1.00000000e-05 minimumTimeStepSeconds=5.00000000e-11 adaptive=true
Q30_STEP_PROFILE seed=64 fault=SENSOR_A_OPEN profile=repaired-customer-retest boundary=BEGIN stepRole=EXPERIMENTAL_CANDIDATE_NOT_PROMOTED declaredMaximumStepSeconds=1.00000000e-05 configuredMaximumStepSeconds=1.00000000e-05 actualCurrentStepSeconds=1.00000000e-05 observedMinimumStepSeconds=1.00000000e-05 observedMaximumStepSeconds=1.00000000e-05 minimumTimeStepSeconds=5.00000000e-11 adaptive=true
Q30_STEP_PROFILE seed=64 fault=SENSOR_A_OPEN profile=repaired-customer-retest boundary=END stepRole=EXPERIMENTAL_CANDIDATE_NOT_PROMOTED declaredMaximumStepSeconds=1.00000000e-05 configuredMaximumStepSeconds=1.00000000e-05 actualCurrentStepSeconds=1.00000000e-05 observedMinimumStepSeconds=1.00000000e-05 observedMaximumStepSeconds=1.00000000e-05 minimumTimeStepSeconds=5.00000000e-11 adaptive=true
Q30_STEP_OWNER_CLEANUP seed=64 fault=SENSOR_A_OPEN declaredMaximumStepSeconds=1.00000000e-05 stepRole=EXPERIMENTAL_CANDIDATE_NOT_PROMOTED cleanup=true elapsedMillis=0
Q30_STEP_PAIR seed=64 support=STANDARD_33 fault=SENSOR_A_OPEN referenceMaximumStepSeconds=5.00000000e-06 experimentalCandidateMaximumStepSeconds=1.00000000e-05 candidateKind=EXPERIMENTAL_NOT_PROMOTED maxDeltaVolts=3.56248364e-11 toleranceVolts=0.120625922 phase=customer-retest sample=SENSORS_B_ONLY/REN.2-J1.2 referenceElapsedMillis=8809 experimentalCandidateElapsedMillis=4491 referenceSimSeconds=1.16036000 experimentalCandidateSimSeconds=1.16072000 referenceCleanupMillis=0 experimentalCandidateCleanupMillis=0 cleanup=true
Q30_STEP_SEED seed=64 support=STANDARD_33 referenceMaximumStepSeconds=5.00000000e-06 experimentalCandidateMaximumStepSeconds=1.00000000e-05 candidateKind=EXPERIMENTAL_NOT_PROMOTED routeTopology=RB30_SHARED_HYSTERETIC_A_NMOS_B_NMOS_STANDARD_33 routeAndPairsElapsedMillis=19011
Q30_STEP_OWNER_CLEANUP seed=64 fault=DREV_OPEN declaredMaximumStepSeconds=5.00000000e-06 stepRole=PRODUCTION_5_US_REFERENCE cleanup=true elapsedMillis=0
Q30_STEP_SEED_CLEANUP seed=64 cleanup=true elapsedMillis=0
PASS: Q30 experimental solver step sensitivity assertions=1702 seed=64 support=STANDARD_33 faults=1 referenceMaximumStepSeconds=5.00000000e-06 experimentalCandidateMaximumStepSeconds=1.00000000e-05 candidateKind=EXPERIMENTAL_NOT_PROMOTED elapsedMillis=19011

node 11 unconnected
converged after 25 iterations, timeStep = 5.0E-6
converged after 6 iterations, timeStep = 5.0E-6
node 11 unconnected
node 11 unconnected
converged after 14 iterations, timeStep = 5.0E-6
node 11 unconnected
converged after 15 iterations, timeStep = 5.0E-6
node 11 unconnected
converged after 14 iterations, timeStep = 5.0E-6
node 11 unconnected
converged after 15 iterations, timeStep = 5.0E-6
node 11 unconnected
converged after 14 iterations, timeStep = 5.0E-6
node 11 unconnected
converged after 15 iterations, timeStep = 5.0E-6
node 11 unconnected
node 11 unconnected
converged after 14 iterations, timeStep = 5.0E-6
node 11 unconnected
node 11 unconnected
converged after 15 iterations, timeStep = 5.0E-6
node 11 unconnected
node 11 unconnected
converged after 14 iterations, timeStep = 5.0E-6
node 11 unconnected
node 7 unconnected
node 11 unconnected
node 7 unconnected
node 11 unconnected
converged after 13 iterations, timeStep = 5.0E-6
node 7 unconnected
node 11 unconnected
node 7 unconnected
node 11 unconnected
node 7 unconnected
node 11 unconnected
node 7 unconnected
node 11 unconnected
node 7 unconnected
node 11 unconnected
node 28 unconnected
node 30 unconnected
node 7 unconnected
node 11 unconnected
node 11 unconnected
converged after 23 iterations, timeStep = 5.0E-6
node 11 unconnected
node 11 unconnected
node 11 unconnected
converged after 14 iterations, timeStep = 5.0E-6
node 11 unconnected
node 7 unconnected
node 11 unconnected
node 7 unconnected
node 11 unconnected
converged after 13 iterations, timeStep = 5.0E-6
node 7 unconnected
node 11 unconnected
node 7 unconnected
node 11 unconnected
node 7 unconnected
node 11 unconnected
node 7 unconnected
node 11 unconnected
node 7 unconnected
node 11 unconnected
node 28 unconnected
node 30 unconnected
node 11 unconnected
node 28 unconnected
node 30 unconnected
node 11 unconnected
node 28 unconnected
node 30 unconnected
converged after 23 iterations, timeStep = 5.0E-6
node 11 unconnected
node 28 unconnected
node 30 unconnected
node 11 unconnected
node 28 unconnected
node 30 unconnected
converged after 14 iterations, timeStep = 5.0E-6
node 11 unconnected
node 28 unconnected
node 30 unconnected
converged after 15 iterations, timeStep = 5.0E-6
node 11 unconnected
node 28 unconnected
node 30 unconnected
converged after 14 iterations, timeStep = 5.0E-6
node 11 unconnected
converged after 24 iterations, timeStep = 1.0E-5
node 11 unconnected
node 11 unconnected
converged after 14 iterations, timeStep = 1.0E-5
node 11 unconnected
converged after 15 iterations, timeStep = 1.0E-5
node 11 unconnected
converged after 14 iterations, timeStep = 1.0E-5
node 11 unconnected
converged after 15 iterations, timeStep = 1.0E-5
node 11 unconnected
converged after 14 iterations, timeStep = 1.0E-5
node 11 unconnected
converged after 15 iterations, timeStep = 1.0E-5
node 11 unconnected
node 11 unconnected
converged after 14 iterations, timeStep = 1.0E-5
node 11 unconnected
node 11 unconnected
converged after 15 iterations, timeStep = 1.0E-5
node 11 unconnected
node 11 unconnected
converged after 14 iterations, timeStep = 1.0E-5
node 11 unconnected
node 7 unconnected
node 11 unconnected
node 7 unconnected
node 11 unconnected
converged after 13 iterations, timeStep = 1.0E-5
node 7 unconnected
node 11 unconnected
node 7 unconnected
node 11 unconnected
node 7 unconnected
node 11 unconnected
node 7 unconnected
node 11 unconnected
node 7 unconnected
node 11 unconnected
node 28 unconnected
node 30 unconnected
node 7 unconnected
node 11 unconnected
node 11 unconnected
converged after 23 iterations, timeStep = 1.0E-5
converged after 6 iterations, timeStep = 1.0E-5
node 11 unconnected
node 11 unconnected
node 11 unconnected
converged after 14 iterations, timeStep = 1.0E-5
node 11 unconnected
node 7 unconnected
node 11 unconnected
node 7 unconnected
node 11 unconnected
converged after 13 iterations, timeStep = 1.0E-5
node 7 unconnected
node 11 unconnected
node 7 unconnected
node 11 unconnected
node 7 unconnected
node 11 unconnected
node 7 unconnected
node 11 unconnected
node 7 unconnected
node 11 unconnected
node 28 unconnected
node 30 unconnected
node 11 unconnected
node 28 unconnected
node 30 unconnected
node 11 unconnected
node 28 unconnected
node 30 unconnected
converged after 23 iterations, timeStep = 1.0E-5
converged after 6 iterations, timeStep = 1.0E-5
node 11 unconnected
node 28 unconnected
node 30 unconnected
node 11 unconnected
node 28 unconnected
node 30 unconnected
converged after 14 iterations, timeStep = 1.0E-5
node 11 unconnected
node 28 unconnected
node 30 unconnected
converged after 15 iterations, timeStep = 1.0E-5
node 11 unconnected
node 28 unconnected
node 30 unconnected
converged after 14 iterations, timeStep = 1.0E-5

Q30_SENSITIVITY_CASE seed=64 fault=DRIVE_A_OPEN exit=0 termination=True qualified=True
Q30_STEP_PROFILE seed=64 fault=DRIVE_A_OPEN profile=initial-electrical-settle boundary=BEGIN stepRole=PRODUCTION_5_US_REFERENCE declaredMaximumStepSeconds=5.00000000e-06 configuredMaximumStepSeconds=5.00000000e-06 actualCurrentStepSeconds=5.00000000e-06 observedMinimumStepSeconds=5.00000000e-06 observedMaximumStepSeconds=5.00000000e-06 minimumTimeStepSeconds=5.00000000e-11 adaptive=true
Q30_STEP_PROFILE seed=64 fault=DRIVE_A_OPEN profile=initial-electrical-settle boundary=END stepRole=PRODUCTION_5_US_REFERENCE declaredMaximumStepSeconds=5.00000000e-06 configuredMaximumStepSeconds=5.00000000e-06 actualCurrentStepSeconds=5.00000000e-06 observedMinimumStepSeconds=5.00000000e-06 observedMaximumStepSeconds=5.00000000e-06 minimumTimeStepSeconds=5.00000000e-11 adaptive=true
Q30_STEP_PROFILE seed=64 fault=DRIVE_A_OPEN profile=healthy-preparation boundary=BEGIN stepRole=PRODUCTION_5_US_REFERENCE declaredMaximumStepSeconds=5.00000000e-06 configuredMaximumStepSeconds=5.00000000e-06 actualCurrentStepSeconds=5.00000000e-06 observedMinimumStepSeconds=5.00000000e-06 observedMaximumStepSeconds=5.00000000e-06 minimumTimeStepSeconds=5.00000000e-11 adaptive=true
Q30_STEP_PROFILE seed=64 fault=DRIVE_A_OPEN profile=healthy-preparation boundary=END stepRole=PRODUCTION_5_US_REFERENCE declaredMaximumStepSeconds=5.00000000e-06 configuredMaximumStepSeconds=5.00000000e-06 actualCurrentStepSeconds=5.00000000e-06 observedMinimumStepSeconds=5.00000000e-06 observedMaximumStepSeconds=5.00000000e-06 minimumTimeStepSeconds=5.00000000e-11 adaptive=true
Q30_STEP_PROFILE seed=64 fault=DRIVE_A_OPEN profile=fault-profile-preparation boundary=BEGIN stepRole=PRODUCTION_5_US_REFERENCE declaredMaximumStepSeconds=5.00000000e-06 configuredMaximumStepSeconds=5.00000000e-06 actualCurrentStepSeconds=5.00000000e-06 observedMinimumStepSeconds=5.00000000e-06 observedMaximumStepSeconds=5.00000000e-06 minimumTimeStepSeconds=5.00000000e-11 adaptive=true
Q30_STEP_PROFILE seed=64 fault=DRIVE_A_OPEN profile=fault-profile-preparation boundary=END stepRole=PRODUCTION_5_US_REFERENCE declaredMaximumStepSeconds=5.00000000e-06 configuredMaximumStepSeconds=5.00000000e-06 actualCurrentStepSeconds=5.00000000e-06 observedMinimumStepSeconds=5.00000000e-06 observedMaximumStepSeconds=5.00000000e-06 minimumTimeStepSeconds=5.00000000e-11 adaptive=true
Q30_STEP_PROFILE seed=64 fault=DRIVE_A_OPEN profile=faulted-four-input-profile boundary=BEGIN stepRole=PRODUCTION_5_US_REFERENCE declaredMaximumStepSeconds=5.00000000e-06 configuredMaximumStepSeconds=5.00000000e-06 actualCurrentStepSeconds=5.00000000e-06 observedMinimumStepSeconds=5.00000000e-06 observedMaximumStepSeconds=5.00000000e-06 minimumTimeStepSeconds=5.00000000e-11 adaptive=true
Q30_STEP_PROFILE seed=64 fault=DRIVE_A_OPEN profile=faulted-four-input-profile boundary=END stepRole=PRODUCTION_5_US_REFERENCE declaredMaximumStepSeconds=5.00000000e-06 configuredMaximumStepSeconds=5.00000000e-06 actualCurrentStepSeconds=5.00000000e-06 observedMinimumStepSeconds=5.00000000e-06 observedMaximumStepSeconds=5.00000000e-06 minimumTimeStepSeconds=5.00000000e-11 adaptive=true
Q30_STEP_PROFILE seed=64 fault=DRIVE_A_OPEN profile=unrepaired-customer-retest boundary=BEGIN stepRole=PRODUCTION_5_US_REFERENCE declaredMaximumStepSeconds=5.00000000e-06 configuredMaximumStepSeconds=5.00000000e-06 actualCurrentStepSeconds=5.00000000e-06 observedMinimumStepSeconds=5.00000000e-06 observedMaximumStepSeconds=5.00000000e-06 minimumTimeStepSeconds=5.00000000e-11 adaptive=true
Q30_STEP_PROFILE seed=64 fault=DRIVE_A_OPEN profile=unrepaired-customer-retest boundary=END stepRole=PRODUCTION_5_US_REFERENCE declaredMaximumStepSeconds=5.00000000e-06 configuredMaximumStepSeconds=5.00000000e-06 actualCurrentStepSeconds=5.00000000e-06 observedMinimumStepSeconds=5.00000000e-06 observedMaximumStepSeconds=5.00000000e-06 minimumTimeStepSeconds=5.00000000e-11 adaptive=true
Q30_STEP_PROFILE seed=64 fault=DRIVE_A_OPEN profile=service-power-off-wait boundary=BEGIN stepRole=PRODUCTION_5_US_REFERENCE declaredMaximumStepSeconds=5.00000000e-06 configuredMaximumStepSeconds=5.00000000e-06 actualCurrentStepSeconds=5.00000000e-06 observedMinimumStepSeconds=5.00000000e-06 observedMaximumStepSeconds=5.00000000e-06 minimumTimeStepSeconds=5.00000000e-11 adaptive=true
Q30_STEP_PROFILE seed=64 fault=DRIVE_A_OPEN profile=service-power-off-wait boundary=END stepRole=PRODUCTION_5_US_REFERENCE declaredMaximumStepSeconds=5.00000000e-06 configuredMaximumStepSeconds=5.00000000e-06 actualCurrentStepSeconds=5.00000000e-06 observedMinimumStepSeconds=5.00000000e-06 observedMaximumStepSeconds=5.00000000e-06 minimumTimeStepSeconds=5.00000000e-11 adaptive=true
Q30_STEP_PROFILE seed=64 fault=DRIVE_A_OPEN profile=reinstalled-original-customer-retest boundary=BEGIN stepRole=PRODUCTION_5_US_REFERENCE declaredMaximumStepSeconds=5.00000000e-06 configuredMaximumStepSeconds=5.00000000e-06 actualCurrentStepSeconds=5.00000000e-06 observedMinimumStepSeconds=5.00000000e-06 observedMaximumStepSeconds=5.00000000e-06 minimumTimeStepSeconds=5.00000000e-11 adaptive=true
Q30_STEP_PROFILE seed=64 fault=DRIVE_A_OPEN profile=reinstalled-original-customer-retest boundary=END stepRole=PRODUCTION_5_US_REFERENCE declaredMaximumStepSeconds=5.00000000e-06 configuredMaximumStepSeconds=5.00000000e-06 actualCurrentStepSeconds=5.00000000e-06 observedMinimumStepSeconds=5.00000000e-06 observedMaximumStepSeconds=5.00000000e-06 minimumTimeStepSeconds=5.00000000e-11 adaptive=true
Q30_STEP_PROFILE seed=64 fault=DRIVE_A_OPEN profile=service-power-off-wait boundary=BEGIN stepRole=PRODUCTION_5_US_REFERENCE declaredMaximumStepSeconds=5.00000000e-06 configuredMaximumStepSeconds=5.00000000e-06 actualCurrentStepSeconds=5.00000000e-06 observedMinimumStepSeconds=5.00000000e-06 observedMaximumStepSeconds=5.00000000e-06 minimumTimeStepSeconds=5.00000000e-11 adaptive=true
Q30_STEP_PROFILE seed=64 fault=DRIVE_A_OPEN profile=service-power-off-wait boundary=END stepRole=PRODUCTION_5_US_REFERENCE declaredMaximumStepSeconds=5.00000000e-06 configuredMaximumStepSeconds=5.00000000e-06 actualCurrentStepSeconds=5.00000000e-06 observedMinimumStepSeconds=5.00000000e-06 observedMaximumStepSeconds=5.00000000e-06 minimumTimeStepSeconds=5.00000000e-11 adaptive=true
Q30_STEP_PROFILE seed=64 fault=DRIVE_A_OPEN profile=repaired-customer-retest boundary=BEGIN stepRole=PRODUCTION_5_US_REFERENCE declaredMaximumStepSeconds=5.00000000e-06 configuredMaximumStepSeconds=5.00000000e-06 actualCurrentStepSeconds=5.00000000e-06 observedMinimumStepSeconds=5.00000000e-06 observedMaximumStepSeconds=5.00000000e-06 minimumTimeStepSeconds=5.00000000e-11 adaptive=true
Q30_STEP_PROFILE seed=64 fault=DRIVE_A_OPEN profile=repaired-customer-retest boundary=END stepRole=PRODUCTION_5_US_REFERENCE declaredMaximumStepSeconds=5.00000000e-06 configuredMaximumStepSeconds=5.00000000e-06 actualCurrentStepSeconds=5.00000000e-06 observedMinimumStepSeconds=5.00000000e-06 observedMaximumStepSeconds=5.00000000e-06 minimumTimeStepSeconds=5.00000000e-11 adaptive=true
Q30_STEP_OWNER_CLEANUP seed=64 fault=DRIVE_A_OPEN declaredMaximumStepSeconds=5.00000000e-06 stepRole=PRODUCTION_5_US_REFERENCE cleanup=true elapsedMillis=0
Q30_STEP_PROFILE seed=64 fault=DRIVE_A_OPEN profile=initial-electrical-settle boundary=BEGIN stepRole=EXPERIMENTAL_CANDIDATE_NOT_PROMOTED declaredMaximumStepSeconds=1.00000000e-05 configuredMaximumStepSeconds=1.00000000e-05 actualCurrentStepSeconds=1.00000000e-05 observedMinimumStepSeconds=1.00000000e-05 observedMaximumStepSeconds=1.00000000e-05 minimumTimeStepSeconds=5.00000000e-11 adaptive=true
Q30_STEP_PROFILE seed=64 fault=DRIVE_A_OPEN profile=initial-electrical-settle boundary=END stepRole=EXPERIMENTAL_CANDIDATE_NOT_PROMOTED declaredMaximumStepSeconds=1.00000000e-05 configuredMaximumStepSeconds=1.00000000e-05 actualCurrentStepSeconds=1.00000000e-05 observedMinimumStepSeconds=1.00000000e-05 observedMaximumStepSeconds=1.00000000e-05 minimumTimeStepSeconds=5.00000000e-11 adaptive=true
Q30_STEP_PROFILE seed=64 fault=DRIVE_A_OPEN profile=healthy-preparation boundary=BEGIN stepRole=EXPERIMENTAL_CANDIDATE_NOT_PROMOTED declaredMaximumStepSeconds=1.00000000e-05 configuredMaximumStepSeconds=1.00000000e-05 actualCurrentStepSeconds=1.00000000e-05 observedMinimumStepSeconds=1.00000000e-05 observedMaximumStepSeconds=1.00000000e-05 minimumTimeStepSeconds=5.00000000e-11 adaptive=true
Q30_STEP_PROFILE seed=64 fault=DRIVE_A_OPEN profile=healthy-preparation boundary=END stepRole=EXPERIMENTAL_CANDIDATE_NOT_PROMOTED declaredMaximumStepSeconds=1.00000000e-05 configuredMaximumStepSeconds=1.00000000e-05 actualCurrentStepSeconds=1.00000000e-05 observedMinimumStepSeconds=1.00000000e-05 observedMaximumStepSeconds=1.00000000e-05 minimumTimeStepSeconds=5.00000000e-11 adaptive=true
Q30_STEP_PROFILE seed=64 fault=DRIVE_A_OPEN profile=fault-profile-preparation boundary=BEGIN stepRole=EXPERIMENTAL_CANDIDATE_NOT_PROMOTED declaredMaximumStepSeconds=1.00000000e-05 configuredMaximumStepSeconds=1.00000000e-05 actualCurrentStepSeconds=1.00000000e-05 observedMinimumStepSeconds=1.00000000e-05 observedMaximumStepSeconds=1.00000000e-05 minimumTimeStepSeconds=5.00000000e-11 adaptive=true
Q30_STEP_PROFILE seed=64 fault=DRIVE_A_OPEN profile=fault-profile-preparation boundary=END stepRole=EXPERIMENTAL_CANDIDATE_NOT_PROMOTED declaredMaximumStepSeconds=1.00000000e-05 configuredMaximumStepSeconds=1.00000000e-05 actualCurrentStepSeconds=1.00000000e-05 observedMinimumStepSeconds=1.00000000e-05 observedMaximumStepSeconds=1.00000000e-05 minimumTimeStepSeconds=5.00000000e-11 adaptive=true
Q30_STEP_PROFILE seed=64 fault=DRIVE_A_OPEN profile=faulted-four-input-profile boundary=BEGIN stepRole=EXPERIMENTAL_CANDIDATE_NOT_PROMOTED declaredMaximumStepSeconds=1.00000000e-05 configuredMaximumStepSeconds=1.00000000e-05 actualCurrentStepSeconds=1.00000000e-05 observedMinimumStepSeconds=1.00000000e-05 observedMaximumStepSeconds=1.00000000e-05 minimumTimeStepSeconds=5.00000000e-11 adaptive=true
Q30_STEP_PROFILE seed=64 fault=DRIVE_A_OPEN profile=faulted-four-input-profile boundary=END stepRole=EXPERIMENTAL_CANDIDATE_NOT_PROMOTED declaredMaximumStepSeconds=1.00000000e-05 configuredMaximumStepSeconds=1.00000000e-05 actualCurrentStepSeconds=1.00000000e-05 observedMinimumStepSeconds=1.00000000e-05 observedMaximumStepSeconds=1.00000000e-05 minimumTimeStepSeconds=5.00000000e-11 adaptive=true
Q30_STEP_PROFILE seed=64 fault=DRIVE_A_OPEN profile=unrepaired-customer-retest boundary=BEGIN stepRole=EXPERIMENTAL_CANDIDATE_NOT_PROMOTED declaredMaximumStepSeconds=1.00000000e-05 configuredMaximumStepSeconds=1.00000000e-05 actualCurrentStepSeconds=1.00000000e-05 observedMinimumStepSeconds=1.00000000e-05 observedMaximumStepSeconds=1.00000000e-05 minimumTimeStepSeconds=5.00000000e-11 adaptive=true
Q30_STEP_PROFILE seed=64 fault=DRIVE_A_OPEN profile=unrepaired-customer-retest boundary=END stepRole=EXPERIMENTAL_CANDIDATE_NOT_PROMOTED declaredMaximumStepSeconds=1.00000000e-05 configuredMaximumStepSeconds=1.00000000e-05 actualCurrentStepSeconds=1.00000000e-05 observedMinimumStepSeconds=1.00000000e-05 observedMaximumStepSeconds=1.00000000e-05 minimumTimeStepSeconds=5.00000000e-11 adaptive=true
Q30_STEP_PROFILE seed=64 fault=DRIVE_A_OPEN profile=service-power-off-wait boundary=BEGIN stepRole=EXPERIMENTAL_CANDIDATE_NOT_PROMOTED declaredMaximumStepSeconds=1.00000000e-05 configuredMaximumStepSeconds=1.00000000e-05 actualCurrentStepSeconds=1.00000000e-05 observedMinimumStepSeconds=1.00000000e-05 observedMaximumStepSeconds=1.00000000e-05 minimumTimeStepSeconds=5.00000000e-11 adaptive=true
Q30_STEP_PROFILE seed=64 fault=DRIVE_A_OPEN profile=service-power-off-wait boundary=END stepRole=EXPERIMENTAL_CANDIDATE_NOT_PROMOTED declaredMaximumStepSeconds=1.00000000e-05 configuredMaximumStepSeconds=1.00000000e-05 actualCurrentStepSeconds=1.00000000e-05 observedMinimumStepSeconds=1.00000000e-05 observedMaximumStepSeconds=1.00000000e-05 minimumTimeStepSeconds=5.00000000e-11 adaptive=true
Q30_STEP_PROFILE seed=64 fault=DRIVE_A_OPEN profile=reinstalled-original-customer-retest boundary=BEGIN stepRole=EXPERIMENTAL_CANDIDATE_NOT_PROMOTED declaredMaximumStepSeconds=1.00000000e-05 configuredMaximumStepSeconds=1.00000000e-05 actualCurrentStepSeconds=1.00000000e-05 observedMinimumStepSeconds=1.00000000e-05 observedMaximumStepSeconds=1.00000000e-05 minimumTimeStepSeconds=5.00000000e-11 adaptive=true
Q30_STEP_PROFILE seed=64 fault=DRIVE_A_OPEN profile=reinstalled-original-customer-retest boundary=END stepRole=EXPERIMENTAL_CANDIDATE_NOT_PROMOTED declaredMaximumStepSeconds=1.00000000e-05 configuredMaximumStepSeconds=1.00000000e-05 actualCurrentStepSeconds=1.00000000e-05 observedMinimumStepSeconds=1.00000000e-05 observedMaximumStepSeconds=1.00000000e-05 minimumTimeStepSeconds=5.00000000e-11 adaptive=true
Q30_STEP_PROFILE seed=64 fault=DRIVE_A_OPEN profile=service-power-off-wait boundary=BEGIN stepRole=EXPERIMENTAL_CANDIDATE_NOT_PROMOTED declaredMaximumStepSeconds=1.00000000e-05 configuredMaximumStepSeconds=1.00000000e-05 actualCurrentStepSeconds=1.00000000e-05 observedMinimumStepSeconds=1.00000000e-05 observedMaximumStepSeconds=1.00000000e-05 minimumTimeStepSeconds=5.00000000e-11 adaptive=true
Q30_STEP_PROFILE seed=64 fault=DRIVE_A_OPEN profile=service-power-off-wait boundary=END stepRole=EXPERIMENTAL_CANDIDATE_NOT_PROMOTED declaredMaximumStepSeconds=1.00000000e-05 configuredMaximumStepSeconds=1.00000000e-05 actualCurrentStepSeconds=1.00000000e-05 observedMinimumStepSeconds=1.00000000e-05 observedMaximumStepSeconds=1.00000000e-05 minimumTimeStepSeconds=5.00000000e-11 adaptive=true
Q30_STEP_PROFILE seed=64 fault=DRIVE_A_OPEN profile=repaired-customer-retest boundary=BEGIN stepRole=EXPERIMENTAL_CANDIDATE_NOT_PROMOTED declaredMaximumStepSeconds=1.00000000e-05 configuredMaximumStepSeconds=1.00000000e-05 actualCurrentStepSeconds=1.00000000e-05 observedMinimumStepSeconds=1.00000000e-05 observedMaximumStepSeconds=1.00000000e-05 minimumTimeStepSeconds=5.00000000e-11 adaptive=true
Q30_STEP_PROFILE seed=64 fault=DRIVE_A_OPEN profile=repaired-customer-retest boundary=END stepRole=EXPERIMENTAL_CANDIDATE_NOT_PROMOTED declaredMaximumStepSeconds=1.00000000e-05 configuredMaximumStepSeconds=1.00000000e-05 actualCurrentStepSeconds=1.00000000e-05 observedMinimumStepSeconds=1.00000000e-05 observedMaximumStepSeconds=1.00000000e-05 minimumTimeStepSeconds=5.00000000e-11 adaptive=true
Q30_STEP_OWNER_CLEANUP seed=64 fault=DRIVE_A_OPEN declaredMaximumStepSeconds=1.00000000e-05 stepRole=EXPERIMENTAL_CANDIDATE_NOT_PROMOTED cleanup=true elapsedMillis=0
Q30_STEP_PAIR seed=64 support=STANDARD_33 fault=DRIVE_A_OPEN referenceMaximumStepSeconds=5.00000000e-06 experimentalCandidateMaximumStepSeconds=1.00000000e-05 candidateKind=EXPERIMENTAL_NOT_PROMOTED maxDeltaVolts=3.83071352e-11 toleranceVolts=0.122358600 phase=faulted sample=SENSORS_A_ONLY/REN.2-J1.2 referenceElapsedMillis=8151 experimentalCandidateElapsedMillis=4161 referenceSimSeconds=1.16036000 experimentalCandidateSimSeconds=1.16072000 referenceCleanupMillis=0 experimentalCandidateCleanupMillis=0 cleanup=true
Q30_STEP_SEED seed=64 support=STANDARD_33 referenceMaximumStepSeconds=5.00000000e-06 experimentalCandidateMaximumStepSeconds=1.00000000e-05 candidateKind=EXPERIMENTAL_NOT_PROMOTED routeTopology=RB30_SHARED_HYSTERETIC_A_NMOS_B_NMOS_STANDARD_33 routeAndPairsElapsedMillis=18005
Q30_STEP_OWNER_CLEANUP seed=64 fault=DREV_OPEN declaredMaximumStepSeconds=5.00000000e-06 stepRole=PRODUCTION_5_US_REFERENCE cleanup=true elapsedMillis=0
Q30_STEP_SEED_CLEANUP seed=64 cleanup=true elapsedMillis=0
PASS: Q30 experimental solver step sensitivity assertions=1702 seed=64 support=STANDARD_33 faults=1 referenceMaximumStepSeconds=5.00000000e-06 experimentalCandidateMaximumStepSeconds=1.00000000e-05 candidateKind=EXPERIMENTAL_NOT_PROMOTED elapsedMillis=18005

node 11 unconnected
converged after 25 iterations, timeStep = 5.0E-6
converged after 6 iterations, timeStep = 5.0E-6
node 11 unconnected
node 11 unconnected
converged after 14 iterations, timeStep = 5.0E-6
node 11 unconnected
converged after 15 iterations, timeStep = 5.0E-6
node 11 unconnected
converged after 14 iterations, timeStep = 5.0E-6
node 11 unconnected
converged after 15 iterations, timeStep = 5.0E-6
node 11 unconnected
converged after 14 iterations, timeStep = 5.0E-6
node 11 unconnected
converged after 15 iterations, timeStep = 5.0E-6
node 11 unconnected
node 11 unconnected
converged after 14 iterations, timeStep = 5.0E-6
node 11 unconnected
node 11 unconnected
converged after 15 iterations, timeStep = 5.0E-6
node 11 unconnected
node 11 unconnected
converged after 14 iterations, timeStep = 5.0E-6
node 11 unconnected
node 11 unconnected
node 11 unconnected
converged after 13 iterations, timeStep = 5.0E-6
node 11 unconnected
node 11 unconnected
node 11 unconnected
node 11 unconnected
node 11 unconnected
node 35 unconnected
node 38 unconnected
node 11 unconnected
node 11 unconnected
converged after 23 iterations, timeStep = 5.0E-6
node 11 unconnected
node 11 unconnected
node 11 unconnected
converged after 14 iterations, timeStep = 5.0E-6
node 11 unconnected
node 11 unconnected
node 11 unconnected
converged after 13 iterations, timeStep = 5.0E-6
node 11 unconnected
node 11 unconnected
node 11 unconnected
node 11 unconnected
node 11 unconnected
node 35 unconnected
node 38 unconnected
node 11 unconnected
node 35 unconnected
node 38 unconnected
node 11 unconnected
node 35 unconnected
node 38 unconnected
converged after 23 iterations, timeStep = 5.0E-6
node 11 unconnected
node 35 unconnected
node 38 unconnected
node 11 unconnected
node 35 unconnected
node 38 unconnected
converged after 14 iterations, timeStep = 5.0E-6
node 11 unconnected
node 35 unconnected
node 38 unconnected
converged after 15 iterations, timeStep = 5.0E-6
node 11 unconnected
node 35 unconnected
node 38 unconnected
converged after 14 iterations, timeStep = 5.0E-6
node 11 unconnected
converged after 24 iterations, timeStep = 1.0E-5
node 11 unconnected
node 11 unconnected
converged after 14 iterations, timeStep = 1.0E-5
node 11 unconnected
converged after 15 iterations, timeStep = 1.0E-5
node 11 unconnected
converged after 14 iterations, timeStep = 1.0E-5
node 11 unconnected
converged after 15 iterations, timeStep = 1.0E-5
node 11 unconnected
converged after 14 iterations, timeStep = 1.0E-5
node 11 unconnected
converged after 15 iterations, timeStep = 1.0E-5
node 11 unconnected
node 11 unconnected
converged after 14 iterations, timeStep = 1.0E-5
node 11 unconnected
node 11 unconnected
converged after 15 iterations, timeStep = 1.0E-5
node 11 unconnected
node 11 unconnected
converged after 14 iterations, timeStep = 1.0E-5
node 11 unconnected
node 11 unconnected
node 11 unconnected
converged after 13 iterations, timeStep = 1.0E-5
node 11 unconnected
node 11 unconnected
node 11 unconnected
node 11 unconnected
node 11 unconnected
node 35 unconnected
node 38 unconnected
node 11 unconnected
node 11 unconnected
converged after 23 iterations, timeStep = 1.0E-5
converged after 6 iterations, timeStep = 1.0E-5
node 11 unconnected
node 11 unconnected
node 11 unconnected
converged after 14 iterations, timeStep = 1.0E-5
node 11 unconnected
node 11 unconnected
node 11 unconnected
converged after 13 iterations, timeStep = 1.0E-5
node 11 unconnected
node 11 unconnected
node 11 unconnected
node 11 unconnected
node 11 unconnected
node 35 unconnected
node 38 unconnected
node 11 unconnected
node 35 unconnected
node 38 unconnected
node 11 unconnected
node 35 unconnected
node 38 unconnected
converged after 23 iterations, timeStep = 1.0E-5
converged after 6 iterations, timeStep = 1.0E-5
node 11 unconnected
node 35 unconnected
node 38 unconnected
node 11 unconnected
node 35 unconnected
node 38 unconnected
converged after 14 iterations, timeStep = 1.0E-5
node 11 unconnected
node 35 unconnected
node 38 unconnected
converged after 15 iterations, timeStep = 1.0E-5
node 11 unconnected
node 35 unconnected
node 38 unconnected
converged after 14 iterations, timeStep = 1.0E-5

Q30_SENSITIVITY_CASE seed=64 fault=RELAY_B_COIL_OPEN exit=0 termination=True qualified=True
Q30_STEP_PROFILE seed=64 fault=RELAY_B_COIL_OPEN profile=initial-electrical-settle boundary=BEGIN stepRole=PRODUCTION_5_US_REFERENCE declaredMaximumStepSeconds=5.00000000e-06 configuredMaximumStepSeconds=5.00000000e-06 actualCurrentStepSeconds=5.00000000e-06 observedMinimumStepSeconds=5.00000000e-06 observedMaximumStepSeconds=5.00000000e-06 minimumTimeStepSeconds=5.00000000e-11 adaptive=true
Q30_STEP_PROFILE seed=64 fault=RELAY_B_COIL_OPEN profile=initial-electrical-settle boundary=END stepRole=PRODUCTION_5_US_REFERENCE declaredMaximumStepSeconds=5.00000000e-06 configuredMaximumStepSeconds=5.00000000e-06 actualCurrentStepSeconds=5.00000000e-06 observedMinimumStepSeconds=5.00000000e-06 observedMaximumStepSeconds=5.00000000e-06 minimumTimeStepSeconds=5.00000000e-11 adaptive=true
Q30_STEP_PROFILE seed=64 fault=RELAY_B_COIL_OPEN profile=healthy-preparation boundary=BEGIN stepRole=PRODUCTION_5_US_REFERENCE declaredMaximumStepSeconds=5.00000000e-06 configuredMaximumStepSeconds=5.00000000e-06 actualCurrentStepSeconds=5.00000000e-06 observedMinimumStepSeconds=5.00000000e-06 observedMaximumStepSeconds=5.00000000e-06 minimumTimeStepSeconds=5.00000000e-11 adaptive=true
Q30_STEP_PROFILE seed=64 fault=RELAY_B_COIL_OPEN profile=healthy-preparation boundary=END stepRole=PRODUCTION_5_US_REFERENCE declaredMaximumStepSeconds=5.00000000e-06 configuredMaximumStepSeconds=5.00000000e-06 actualCurrentStepSeconds=5.00000000e-06 observedMinimumStepSeconds=5.00000000e-06 observedMaximumStepSeconds=5.00000000e-06 minimumTimeStepSeconds=5.00000000e-11 adaptive=true
Q30_STEP_PROFILE seed=64 fault=RELAY_B_COIL_OPEN profile=fault-profile-preparation boundary=BEGIN stepRole=PRODUCTION_5_US_REFERENCE declaredMaximumStepSeconds=5.00000000e-06 configuredMaximumStepSeconds=5.00000000e-06 actualCurrentStepSeconds=5.00000000e-06 observedMinimumStepSeconds=5.00000000e-06 observedMaximumStepSeconds=5.00000000e-06 minimumTimeStepSeconds=5.00000000e-11 adaptive=true
Q30_STEP_PROFILE seed=64 fault=RELAY_B_COIL_OPEN profile=fault-profile-preparation boundary=END stepRole=PRODUCTION_5_US_REFERENCE declaredMaximumStepSeconds=5.00000000e-06 configuredMaximumStepSeconds=5.00000000e-06 actualCurrentStepSeconds=5.00000000e-06 observedMinimumStepSeconds=5.00000000e-06 observedMaximumStepSeconds=5.00000000e-06 minimumTimeStepSeconds=5.00000000e-11 adaptive=true
Q30_STEP_PROFILE seed=64 fault=RELAY_B_COIL_OPEN profile=faulted-four-input-profile boundary=BEGIN stepRole=PRODUCTION_5_US_REFERENCE declaredMaximumStepSeconds=5.00000000e-06 configuredMaximumStepSeconds=5.00000000e-06 actualCurrentStepSeconds=5.00000000e-06 observedMinimumStepSeconds=5.00000000e-06 observedMaximumStepSeconds=5.00000000e-06 minimumTimeStepSeconds=5.00000000e-11 adaptive=true
Q30_STEP_PROFILE seed=64 fault=RELAY_B_COIL_OPEN profile=faulted-four-input-profile boundary=END stepRole=PRODUCTION_5_US_REFERENCE declaredMaximumStepSeconds=5.00000000e-06 configuredMaximumStepSeconds=5.00000000e-06 actualCurrentStepSeconds=5.00000000e-06 observedMinimumStepSeconds=5.00000000e-06 observedMaximumStepSeconds=5.00000000e-06 minimumTimeStepSeconds=5.00000000e-11 adaptive=true
Q30_STEP_PROFILE seed=64 fault=RELAY_B_COIL_OPEN profile=unrepaired-customer-retest boundary=BEGIN stepRole=PRODUCTION_5_US_REFERENCE declaredMaximumStepSeconds=5.00000000e-06 configuredMaximumStepSeconds=5.00000000e-06 actualCurrentStepSeconds=5.00000000e-06 observedMinimumStepSeconds=5.00000000e-06 observedMaximumStepSeconds=5.00000000e-06 minimumTimeStepSeconds=5.00000000e-11 adaptive=true
Q30_STEP_PROFILE seed=64 fault=RELAY_B_COIL_OPEN profile=unrepaired-customer-retest boundary=END stepRole=PRODUCTION_5_US_REFERENCE declaredMaximumStepSeconds=5.00000000e-06 configuredMaximumStepSeconds=5.00000000e-06 actualCurrentStepSeconds=5.00000000e-06 observedMinimumStepSeconds=5.00000000e-06 observedMaximumStepSeconds=5.00000000e-06 minimumTimeStepSeconds=5.00000000e-11 adaptive=true
Q30_STEP_PROFILE seed=64 fault=RELAY_B_COIL_OPEN profile=service-power-off-wait boundary=BEGIN stepRole=PRODUCTION_5_US_REFERENCE declaredMaximumStepSeconds=5.00000000e-06 configuredMaximumStepSeconds=5.00000000e-06 actualCurrentStepSeconds=5.00000000e-06 observedMinimumStepSeconds=5.00000000e-06 observedMaximumStepSeconds=5.00000000e-06 minimumTimeStepSeconds=5.00000000e-11 adaptive=true
Q30_STEP_PROFILE seed=64 fault=RELAY_B_COIL_OPEN profile=service-power-off-wait boundary=END stepRole=PRODUCTION_5_US_REFERENCE declaredMaximumStepSeconds=5.00000000e-06 configuredMaximumStepSeconds=5.00000000e-06 actualCurrentStepSeconds=5.00000000e-06 observedMinimumStepSeconds=5.00000000e-06 observedMaximumStepSeconds=5.00000000e-06 minimumTimeStepSeconds=5.00000000e-11 adaptive=true
Q30_STEP_PROFILE seed=64 fault=RELAY_B_COIL_OPEN profile=reinstalled-original-customer-retest boundary=BEGIN stepRole=PRODUCTION_5_US_REFERENCE declaredMaximumStepSeconds=5.00000000e-06 configuredMaximumStepSeconds=5.00000000e-06 actualCurrentStepSeconds=5.00000000e-06 observedMinimumStepSeconds=5.00000000e-06 observedMaximumStepSeconds=5.00000000e-06 minimumTimeStepSeconds=5.00000000e-11 adaptive=true
Q30_STEP_PROFILE seed=64 fault=RELAY_B_COIL_OPEN profile=reinstalled-original-customer-retest boundary=END stepRole=PRODUCTION_5_US_REFERENCE declaredMaximumStepSeconds=5.00000000e-06 configuredMaximumStepSeconds=5.00000000e-06 actualCurrentStepSeconds=5.00000000e-06 observedMinimumStepSeconds=5.00000000e-06 observedMaximumStepSeconds=5.00000000e-06 minimumTimeStepSeconds=5.00000000e-11 adaptive=true
Q30_STEP_PROFILE seed=64 fault=RELAY_B_COIL_OPEN profile=service-power-off-wait boundary=BEGIN stepRole=PRODUCTION_5_US_REFERENCE declaredMaximumStepSeconds=5.00000000e-06 configuredMaximumStepSeconds=5.00000000e-06 actualCurrentStepSeconds=5.00000000e-06 observedMinimumStepSeconds=5.00000000e-06 observedMaximumStepSeconds=5.00000000e-06 minimumTimeStepSeconds=5.00000000e-11 adaptive=true
Q30_STEP_PROFILE seed=64 fault=RELAY_B_COIL_OPEN profile=service-power-off-wait boundary=END stepRole=PRODUCTION_5_US_REFERENCE declaredMaximumStepSeconds=5.00000000e-06 configuredMaximumStepSeconds=5.00000000e-06 actualCurrentStepSeconds=5.00000000e-06 observedMinimumStepSeconds=5.00000000e-06 observedMaximumStepSeconds=5.00000000e-06 minimumTimeStepSeconds=5.00000000e-11 adaptive=true
Q30_STEP_PROFILE seed=64 fault=RELAY_B_COIL_OPEN profile=repaired-customer-retest boundary=BEGIN stepRole=PRODUCTION_5_US_REFERENCE declaredMaximumStepSeconds=5.00000000e-06 configuredMaximumStepSeconds=5.00000000e-06 actualCurrentStepSeconds=5.00000000e-06 observedMinimumStepSeconds=5.00000000e-06 observedMaximumStepSeconds=5.00000000e-06 minimumTimeStepSeconds=5.00000000e-11 adaptive=true
Q30_STEP_PROFILE seed=64 fault=RELAY_B_COIL_OPEN profile=repaired-customer-retest boundary=END stepRole=PRODUCTION_5_US_REFERENCE declaredMaximumStepSeconds=5.00000000e-06 configuredMaximumStepSeconds=5.00000000e-06 actualCurrentStepSeconds=5.00000000e-06 observedMinimumStepSeconds=5.00000000e-06 observedMaximumStepSeconds=5.00000000e-06 minimumTimeStepSeconds=5.00000000e-11 adaptive=true
Q30_STEP_OWNER_CLEANUP seed=64 fault=RELAY_B_COIL_OPEN declaredMaximumStepSeconds=5.00000000e-06 stepRole=PRODUCTION_5_US_REFERENCE cleanup=true elapsedMillis=0
Q30_STEP_PROFILE seed=64 fault=RELAY_B_COIL_OPEN profile=initial-electrical-settle boundary=BEGIN stepRole=EXPERIMENTAL_CANDIDATE_NOT_PROMOTED declaredMaximumStepSeconds=1.00000000e-05 configuredMaximumStepSeconds=1.00000000e-05 actualCurrentStepSeconds=1.00000000e-05 observedMinimumStepSeconds=1.00000000e-05 observedMaximumStepSeconds=1.00000000e-05 minimumTimeStepSeconds=5.00000000e-11 adaptive=true
Q30_STEP_PROFILE seed=64 fault=RELAY_B_COIL_OPEN profile=initial-electrical-settle boundary=END stepRole=EXPERIMENTAL_CANDIDATE_NOT_PROMOTED declaredMaximumStepSeconds=1.00000000e-05 configuredMaximumStepSeconds=1.00000000e-05 actualCurrentStepSeconds=1.00000000e-05 observedMinimumStepSeconds=1.00000000e-05 observedMaximumStepSeconds=1.00000000e-05 minimumTimeStepSeconds=5.00000000e-11 adaptive=true
Q30_STEP_PROFILE seed=64 fault=RELAY_B_COIL_OPEN profile=healthy-preparation boundary=BEGIN stepRole=EXPERIMENTAL_CANDIDATE_NOT_PROMOTED declaredMaximumStepSeconds=1.00000000e-05 configuredMaximumStepSeconds=1.00000000e-05 actualCurrentStepSeconds=1.00000000e-05 observedMinimumStepSeconds=1.00000000e-05 observedMaximumStepSeconds=1.00000000e-05 minimumTimeStepSeconds=5.00000000e-11 adaptive=true
Q30_STEP_PROFILE seed=64 fault=RELAY_B_COIL_OPEN profile=healthy-preparation boundary=END stepRole=EXPERIMENTAL_CANDIDATE_NOT_PROMOTED declaredMaximumStepSeconds=1.00000000e-05 configuredMaximumStepSeconds=1.00000000e-05 actualCurrentStepSeconds=1.00000000e-05 observedMinimumStepSeconds=1.00000000e-05 observedMaximumStepSeconds=1.00000000e-05 minimumTimeStepSeconds=5.00000000e-11 adaptive=true
Q30_STEP_PROFILE seed=64 fault=RELAY_B_COIL_OPEN profile=fault-profile-preparation boundary=BEGIN stepRole=EXPERIMENTAL_CANDIDATE_NOT_PROMOTED declaredMaximumStepSeconds=1.00000000e-05 configuredMaximumStepSeconds=1.00000000e-05 actualCurrentStepSeconds=1.00000000e-05 observedMinimumStepSeconds=1.00000000e-05 observedMaximumStepSeconds=1.00000000e-05 minimumTimeStepSeconds=5.00000000e-11 adaptive=true
Q30_STEP_PROFILE seed=64 fault=RELAY_B_COIL_OPEN profile=fault-profile-preparation boundary=END stepRole=EXPERIMENTAL_CANDIDATE_NOT_PROMOTED declaredMaximumStepSeconds=1.00000000e-05 configuredMaximumStepSeconds=1.00000000e-05 actualCurrentStepSeconds=1.00000000e-05 observedMinimumStepSeconds=1.00000000e-05 observedMaximumStepSeconds=1.00000000e-05 minimumTimeStepSeconds=5.00000000e-11 adaptive=true
Q30_STEP_PROFILE seed=64 fault=RELAY_B_COIL_OPEN profile=faulted-four-input-profile boundary=BEGIN stepRole=EXPERIMENTAL_CANDIDATE_NOT_PROMOTED declaredMaximumStepSeconds=1.00000000e-05 configuredMaximumStepSeconds=1.00000000e-05 actualCurrentStepSeconds=1.00000000e-05 observedMinimumStepSeconds=1.00000000e-05 observedMaximumStepSeconds=1.00000000e-05 minimumTimeStepSeconds=5.00000000e-11 adaptive=true
Q30_STEP_PROFILE seed=64 fault=RELAY_B_COIL_OPEN profile=faulted-four-input-profile boundary=END stepRole=EXPERIMENTAL_CANDIDATE_NOT_PROMOTED declaredMaximumStepSeconds=1.00000000e-05 configuredMaximumStepSeconds=1.00000000e-05 actualCurrentStepSeconds=1.00000000e-05 observedMinimumStepSeconds=1.00000000e-05 observedMaximumStepSeconds=1.00000000e-05 minimumTimeStepSeconds=5.00000000e-11 adaptive=true
Q30_STEP_PROFILE seed=64 fault=RELAY_B_COIL_OPEN profile=unrepaired-customer-retest boundary=BEGIN stepRole=EXPERIMENTAL_CANDIDATE_NOT_PROMOTED declaredMaximumStepSeconds=1.00000000e-05 configuredMaximumStepSeconds=1.00000000e-05 actualCurrentStepSeconds=1.00000000e-05 observedMinimumStepSeconds=1.00000000e-05 observedMaximumStepSeconds=1.00000000e-05 minimumTimeStepSeconds=5.00000000e-11 adaptive=true
Q30_STEP_PROFILE seed=64 fault=RELAY_B_COIL_OPEN profile=unrepaired-customer-retest boundary=END stepRole=EXPERIMENTAL_CANDIDATE_NOT_PROMOTED declaredMaximumStepSeconds=1.00000000e-05 configuredMaximumStepSeconds=1.00000000e-05 actualCurrentStepSeconds=1.00000000e-05 observedMinimumStepSeconds=1.00000000e-05 observedMaximumStepSeconds=1.00000000e-05 minimumTimeStepSeconds=5.00000000e-11 adaptive=true
Q30_STEP_PROFILE seed=64 fault=RELAY_B_COIL_OPEN profile=service-power-off-wait boundary=BEGIN stepRole=EXPERIMENTAL_CANDIDATE_NOT_PROMOTED declaredMaximumStepSeconds=1.00000000e-05 configuredMaximumStepSeconds=1.00000000e-05 actualCurrentStepSeconds=1.00000000e-05 observedMinimumStepSeconds=1.00000000e-05 observedMaximumStepSeconds=1.00000000e-05 minimumTimeStepSeconds=5.00000000e-11 adaptive=true
Q30_STEP_PROFILE seed=64 fault=RELAY_B_COIL_OPEN profile=service-power-off-wait boundary=END stepRole=EXPERIMENTAL_CANDIDATE_NOT_PROMOTED declaredMaximumStepSeconds=1.00000000e-05 configuredMaximumStepSeconds=1.00000000e-05 actualCurrentStepSeconds=1.00000000e-05 observedMinimumStepSeconds=1.00000000e-05 observedMaximumStepSeconds=1.00000000e-05 minimumTimeStepSeconds=5.00000000e-11 adaptive=true
Q30_STEP_PROFILE seed=64 fault=RELAY_B_COIL_OPEN profile=reinstalled-original-customer-retest boundary=BEGIN stepRole=EXPERIMENTAL_CANDIDATE_NOT_PROMOTED declaredMaximumStepSeconds=1.00000000e-05 configuredMaximumStepSeconds=1.00000000e-05 actualCurrentStepSeconds=1.00000000e-05 observedMinimumStepSeconds=1.00000000e-05 observedMaximumStepSeconds=1.00000000e-05 minimumTimeStepSeconds=5.00000000e-11 adaptive=true
Q30_STEP_PROFILE seed=64 fault=RELAY_B_COIL_OPEN profile=reinstalled-original-customer-retest boundary=END stepRole=EXPERIMENTAL_CANDIDATE_NOT_PROMOTED declaredMaximumStepSeconds=1.00000000e-05 configuredMaximumStepSeconds=1.00000000e-05 actualCurrentStepSeconds=1.00000000e-05 observedMinimumStepSeconds=1.00000000e-05 observedMaximumStepSeconds=1.00000000e-05 minimumTimeStepSeconds=5.00000000e-11 adaptive=true
Q30_STEP_PROFILE seed=64 fault=RELAY_B_COIL_OPEN profile=service-power-off-wait boundary=BEGIN stepRole=EXPERIMENTAL_CANDIDATE_NOT_PROMOTED declaredMaximumStepSeconds=1.00000000e-05 configuredMaximumStepSeconds=1.00000000e-05 actualCurrentStepSeconds=1.00000000e-05 observedMinimumStepSeconds=1.00000000e-05 observedMaximumStepSeconds=1.00000000e-05 minimumTimeStepSeconds=5.00000000e-11 adaptive=true
Q30_STEP_PROFILE seed=64 fault=RELAY_B_COIL_OPEN profile=service-power-off-wait boundary=END stepRole=EXPERIMENTAL_CANDIDATE_NOT_PROMOTED declaredMaximumStepSeconds=1.00000000e-05 configuredMaximumStepSeconds=1.00000000e-05 actualCurrentStepSeconds=1.00000000e-05 observedMinimumStepSeconds=1.00000000e-05 observedMaximumStepSeconds=1.00000000e-05 minimumTimeStepSeconds=5.00000000e-11 adaptive=true
Q30_STEP_PROFILE seed=64 fault=RELAY_B_COIL_OPEN profile=repaired-customer-retest boundary=BEGIN stepRole=EXPERIMENTAL_CANDIDATE_NOT_PROMOTED declaredMaximumStepSeconds=1.00000000e-05 configuredMaximumStepSeconds=1.00000000e-05 actualCurrentStepSeconds=1.00000000e-05 observedMinimumStepSeconds=1.00000000e-05 observedMaximumStepSeconds=1.00000000e-05 minimumTimeStepSeconds=5.00000000e-11 adaptive=true
Q30_STEP_PROFILE seed=64 fault=RELAY_B_COIL_OPEN profile=repaired-customer-retest boundary=END stepRole=EXPERIMENTAL_CANDIDATE_NOT_PROMOTED declaredMaximumStepSeconds=1.00000000e-05 configuredMaximumStepSeconds=1.00000000e-05 actualCurrentStepSeconds=1.00000000e-05 observedMinimumStepSeconds=1.00000000e-05 observedMaximumStepSeconds=1.00000000e-05 minimumTimeStepSeconds=5.00000000e-11 adaptive=true
Q30_STEP_OWNER_CLEANUP seed=64 fault=RELAY_B_COIL_OPEN declaredMaximumStepSeconds=1.00000000e-05 stepRole=EXPERIMENTAL_CANDIDATE_NOT_PROMOTED cleanup=true elapsedMillis=0
Q30_STEP_PAIR seed=64 support=STANDARD_33 fault=RELAY_B_COIL_OPEN referenceMaximumStepSeconds=5.00000000e-06 experimentalCandidateMaximumStepSeconds=1.00000000e-05 candidateKind=EXPERIMENTAL_NOT_PROMOTED maxDeltaVolts=3.85078636e-11 toleranceVolts=0.122358646 phase=faulted sample=SENSORS_B_ONLY/REN.2-J1.2 referenceElapsedMillis=9406 experimentalCandidateElapsedMillis=4959 referenceSimSeconds=1.16036000 experimentalCandidateSimSeconds=1.16072000 referenceCleanupMillis=0 experimentalCandidateCleanupMillis=0 cleanup=true
Q30_STEP_SEED seed=64 support=STANDARD_33 referenceMaximumStepSeconds=5.00000000e-06 experimentalCandidateMaximumStepSeconds=1.00000000e-05 candidateKind=EXPERIMENTAL_NOT_PROMOTED routeTopology=RB30_SHARED_HYSTERETIC_A_NMOS_B_NMOS_STANDARD_33 routeAndPairsElapsedMillis=19820
Q30_STEP_OWNER_CLEANUP seed=64 fault=DREV_OPEN declaredMaximumStepSeconds=5.00000000e-06 stepRole=PRODUCTION_5_US_REFERENCE cleanup=true elapsedMillis=0
Q30_STEP_SEED_CLEANUP seed=64 cleanup=true elapsedMillis=0
PASS: Q30 experimental solver step sensitivity assertions=1702 seed=64 support=STANDARD_33 faults=1 referenceMaximumStepSeconds=5.00000000e-06 experimentalCandidateMaximumStepSeconds=1.00000000e-05 candidateKind=EXPERIMENTAL_NOT_PROMOTED elapsedMillis=19820

node 11 unconnected
converged after 25 iterations, timeStep = 5.0E-6
converged after 6 iterations, timeStep = 5.0E-6
node 11 unconnected
node 11 unconnected
converged after 14 iterations, timeStep = 5.0E-6
node 11 unconnected
converged after 15 iterations, timeStep = 5.0E-6
node 11 unconnected
converged after 14 iterations, timeStep = 5.0E-6
node 11 unconnected
converged after 15 iterations, timeStep = 5.0E-6
node 11 unconnected
converged after 14 iterations, timeStep = 5.0E-6
node 11 unconnected
converged after 15 iterations, timeStep = 5.0E-6
node 11 unconnected
converged after 14 iterations, timeStep = 5.0E-6
node 11 unconnected
converged after 15 iterations, timeStep = 5.0E-6
node 11 unconnected
converged after 14 iterations, timeStep = 5.0E-6
node 11 unconnected
converged after 15 iterations, timeStep = 5.0E-6
node 11 unconnected
converged after 14 iterations, timeStep = 5.0E-6
node 11 unconnected
converged after 15 iterations, timeStep = 5.0E-6
node 11 unconnected
converged after 14 iterations, timeStep = 5.0E-6
node 11 unconnected
node 11 unconnected
converged after 13 iterations, timeStep = 5.0E-6
node 11 unconnected
node 11 unconnected
node 11 unconnected
node 11 unconnected
node 11 unconnected
node 49 unconnected
node 52 unconnected
node 55 unconnected
node 11 unconnected
node 11 unconnected
converged after 23 iterations, timeStep = 5.0E-6
node 11 unconnected
node 11 unconnected
converged after 14 iterations, timeStep = 5.0E-6
node 11 unconnected
converged after 15 iterations, timeStep = 5.0E-6
node 11 unconnected
converged after 14 iterations, timeStep = 5.0E-6
node 11 unconnected
node 11 unconnected
converged after 13 iterations, timeStep = 5.0E-6
node 11 unconnected
node 11 unconnected
node 11 unconnected
node 11 unconnected
node 11 unconnected
node 49 unconnected
node 52 unconnected
node 55 unconnected
node 11 unconnected
node 49 unconnected
node 52 unconnected
node 11 unconnected
node 49 unconnected
node 52 unconnected
converged after 23 iterations, timeStep = 5.0E-6
node 11 unconnected
node 49 unconnected
node 52 unconnected
node 11 unconnected
node 49 unconnected
node 52 unconnected
converged after 14 iterations, timeStep = 5.0E-6
node 11 unconnected
node 49 unconnected
node 52 unconnected
converged after 15 iterations, timeStep = 5.0E-6
node 11 unconnected
node 49 unconnected
node 52 unconnected
converged after 14 iterations, timeStep = 5.0E-6
node 11 unconnected
converged after 24 iterations, timeStep = 1.0E-5
node 11 unconnected
node 11 unconnected
converged after 14 iterations, timeStep = 1.0E-5
node 11 unconnected
converged after 15 iterations, timeStep = 1.0E-5
node 11 unconnected
converged after 14 iterations, timeStep = 1.0E-5
node 11 unconnected
converged after 15 iterations, timeStep = 1.0E-5
node 11 unconnected
converged after 14 iterations, timeStep = 1.0E-5
node 11 unconnected
converged after 15 iterations, timeStep = 1.0E-5
node 11 unconnected
converged after 14 iterations, timeStep = 1.0E-5
node 11 unconnected
converged after 15 iterations, timeStep = 1.0E-5
node 11 unconnected
converged after 14 iterations, timeStep = 1.0E-5
node 11 unconnected
converged after 15 iterations, timeStep = 1.0E-5
node 11 unconnected
converged after 14 iterations, timeStep = 1.0E-5
node 11 unconnected
converged after 15 iterations, timeStep = 1.0E-5
node 11 unconnected
converged after 14 iterations, timeStep = 1.0E-5
node 11 unconnected
node 11 unconnected
converged after 13 iterations, timeStep = 1.0E-5
node 11 unconnected
node 11 unconnected
node 11 unconnected
node 11 unconnected
node 11 unconnected
node 49 unconnected
node 52 unconnected
node 55 unconnected
node 11 unconnected
node 11 unconnected
converged after 23 iterations, timeStep = 1.0E-5
converged after 6 iterations, timeStep = 1.0E-5
node 11 unconnected
node 11 unconnected
converged after 14 iterations, timeStep = 1.0E-5
node 11 unconnected
converged after 15 iterations, timeStep = 1.0E-5
node 11 unconnected
converged after 14 iterations, timeStep = 1.0E-5
node 11 unconnected
node 11 unconnected
converged after 13 iterations, timeStep = 1.0E-5
node 11 unconnected
node 11 unconnected
node 11 unconnected
node 11 unconnected
node 11 unconnected
node 49 unconnected
node 52 unconnected
node 55 unconnected
node 11 unconnected
node 49 unconnected
node 52 unconnected
node 11 unconnected
node 49 unconnected
node 52 unconnected
converged after 23 iterations, timeStep = 1.0E-5
converged after 6 iterations, timeStep = 1.0E-5
node 11 unconnected
node 49 unconnected
node 52 unconnected
node 11 unconnected
node 49 unconnected
node 52 unconnected
converged after 14 iterations, timeStep = 1.0E-5
node 11 unconnected
node 49 unconnected
node 52 unconnected
converged after 15 iterations, timeStep = 1.0E-5
node 11 unconnected
node 49 unconnected
node 52 unconnected
converged after 14 iterations, timeStep = 1.0E-5

Q30_SENSITIVITY_CENSUS attempted=40 passed=22 failed=18 childBudgetMs=60000