Q30_CASE|7|RELAY_B_COIL_OPEN|outcome=PASS|reason=qualified
STDOUT_BEGIN
Q30_RESIDUAL_GUARD seed=7 simulatedSeconds=0.2 upstreamVolts=1.0104890696791797
Q30_RESIDUAL_GUARD seed=7 simulatedSeconds=0.2 upstreamVolts=1.0104890696790916
PASS: Q30 service flow seed=7 fault=RELAY_B_COIL_OPEN target=KB fingerprintHash=eb660264
Q30_CASE_TIME operation=route-replay-and-service elapsedMillis=19367
PASS: Q30 service flow contracts 257 assertions seed=7 fault=RELAY_B_COIL_OPEN

STDOUT_END
STDERR_BEGIN
node 11 unconnected
converged after 25 iterations, timeStep = 5.0E-6
converged after 6 iterations, timeStep = 5.0E-6
node 11 unconnected
node 11 unconnected
converged after 16 iterations, timeStep = 5.0E-6
node 11 unconnected
converged after 19 iterations, timeStep = 5.0E-6
node 11 unconnected
converged after 19 iterations, timeStep = 5.0E-6
node 11 unconnected
converged after 10 iterations, timeStep = 5.0E-6
node 11 unconnected
converged after 16 iterations, timeStep = 5.0E-6
node 11 unconnected
converged after 13 iterations, timeStep = 5.0E-6
node 11 unconnected
converged after 16 iterations, timeStep = 5.0E-6
node 11 unconnected
converged after 13 iterations, timeStep = 5.0E-6
node 11 unconnected
converged after 16 iterations, timeStep = 5.0E-6
node 11 unconnected
converged after 13 iterations, timeStep = 5.0E-6
node 11 unconnected
converged after 16 iterations, timeStep = 5.0E-6
node 11 unconnected
converged after 13 iterations, timeStep = 5.0E-6
node 11 unconnected
converged after 16 iterations, timeStep = 5.0E-6
node 11 unconnected
converged after 13 iterations, timeStep = 5.0E-6
node 11 unconnected
node 11 unconnected
node 11 unconnected
node 52 unconnected
node 55 unconnected
node 58 unconnected
node 11 unconnected
node 11 unconnected
converged after 22 iterations, timeStep = 5.0E-6
node 11 unconnected
node 11 unconnected
converged after 16 iterations, timeStep = 5.0E-6
node 11 unconnected
converged after 13 iterations, timeStep = 5.0E-6
node 11 unconnected
converged after 16 iterations, timeStep = 5.0E-6
node 11 unconnected
converged after 13 iterations, timeStep = 5.0E-6
node 11 unconnected
node 11 unconnected
node 11 unconnected
node 52 unconnected
node 55 unconnected
node 58 unconnected
node 11 unconnected
node 52 unconnected
node 55 unconnected
node 11 unconnected
node 52 unconnected
node 55 unconnected
converged after 22 iterations, timeStep = 5.0E-6
node 11 unconnected
node 52 unconnected
node 55 unconnected
node 11 unconnected
node 52 unconnected
node 55 unconnected
converged after 16 iterations, timeStep = 5.0E-6
node 11 unconnected
node 52 unconnected
node 55 unconnected
converged after 19 iterations, timeStep = 5.0E-6
node 11 unconnected
node 52 unconnected
node 55 unconnected
converged after 19 iterations, timeStep = 5.0E-6
node 11 unconnected
node 52 unconnected
node 55 unconnected
converged after 10 iterations, timeStep = 5.0E-6
node 11 unconnected
node 52 unconnected
node 55 unconnected
converged after 16 iterations, timeStep = 5.0E-6
node 11 unconnected
node 52 unconnected
node 55 unconnected
converged after 19 iterations, timeStep = 5.0E-6
node 11 unconnected
node 52 unconnected
node 55 unconnected
converged after 19 iterations, timeStep = 5.0E-6

STDERR_END
Q30_CASE|7|DREV_OPEN|outcome=PASS|reason=qualified
STDOUT_BEGIN
PASS: Q30 service flow seed=7 fault=DREV_OPEN target=DREV fingerprintHash=eb660264
Q30_CASE_TIME operation=route-replay-and-service elapsedMillis=16090
PASS: Q30 service flow contracts 239 assertions seed=7 fault=DREV_OPEN

STDOUT_END
STDERR_BEGIN
node 11 unconnected
converged after 25 iterations, timeStep = 5.0E-6
converged after 6 iterations, timeStep = 5.0E-6
node 11 unconnected
node 11 unconnected
converged after 16 iterations, timeStep = 5.0E-6
node 11 unconnected
converged after 19 iterations, timeStep = 5.0E-6
node 11 unconnected
converged after 19 iterations, timeStep = 5.0E-6
node 11 unconnected
converged after 10 iterations, timeStep = 5.0E-6
node 11 unconnected
converged after 16 iterations, timeStep = 5.0E-6
converged after 9 iterations, timeStep = 5.0E-6
node 11 unconnected
node 11 unconnected
node 11 unconnected
node 11 unconnected
node 11 unconnected
node 11 unconnected
node 11 unconnected
node 11 unconnected
node 11 unconnected
node 11 unconnected
node 11 unconnected
node 16 unconnected
node 20 unconnected
node 11 unconnected
node 11 unconnected
node 11 unconnected
node 11 unconnected
node 11 unconnected
node 11 unconnected
node 11 unconnected
node 11 unconnected
node 11 unconnected
node 16 unconnected
node 20 unconnected
node 11 unconnected
node 16 unconnected
node 20 unconnected
converged after 6 iterations, timeStep = 5.0E-6
converged after 6 iterations, timeStep = 5.0E-6
node 11 unconnected
node 16 unconnected
node 20 unconnected
converged after 40 iterations, timeStep = 5.0E-6
node 11 unconnected
node 16 unconnected
node 20 unconnected
converged after 10 iterations, timeStep = 5.0E-6
node 11 unconnected
node 16 unconnected
node 20 unconnected
converged after 16 iterations, timeStep = 5.0E-6
node 11 unconnected
node 16 unconnected
node 20 unconnected
converged after 17 iterations, timeStep = 5.0E-6
node 11 unconnected
node 16 unconnected
node 20 unconnected
converged after 18 iterations, timeStep = 5.0E-6
node 11 unconnected
node 16 unconnected
node 20 unconnected
converged after 10 iterations, timeStep = 5.0E-6
node 11 unconnected
node 16 unconnected
node 20 unconnected
converged after 16 iterations, timeStep = 5.0E-6
node 11 unconnected
node 16 unconnected
node 20 unconnected
converged after 17 iterations, timeStep = 5.0E-6
node 11 unconnected
node 16 unconnected
node 20 unconnected
converged after 18 iterations, timeStep = 5.0E-6

STDERR_END
Q30_CASE|7|REN_OPEN|outcome=PASS|reason=qualified
STDOUT_BEGIN
PASS: Q30 service flow seed=7 fault=REN_OPEN target=REN fingerprintHash=eb660264
Q30_CASE_TIME operation=route-replay-and-service elapsedMillis=15509
PASS: Q30 service flow contracts 239 assertions seed=7 fault=REN_OPEN

STDOUT_END
STDERR_BEGIN
node 11 unconnected
converged after 25 iterations, timeStep = 5.0E-6
converged after 6 iterations, timeStep = 5.0E-6
node 11 unconnected
node 11 unconnected
converged after 16 iterations, timeStep = 5.0E-6
node 11 unconnected
converged after 19 iterations, timeStep = 5.0E-6
node 11 unconnected
converged after 19 iterations, timeStep = 5.0E-6
node 11 unconnected
converged after 10 iterations, timeStep = 5.0E-6
node 11 unconnected
node 20 unconnected
converged after 17 iterations, timeStep = 5.0E-6
converged after 10 iterations, timeStep = 5.0E-6
node 11 unconnected
node 20 unconnected
node 11 unconnected
node 20 unconnected
node 11 unconnected
node 20 unconnected
node 11 unconnected
node 20 unconnected
node 11 unconnected
node 20 unconnected
node 11 unconnected
node 20 unconnected
node 11 unconnected
node 20 unconnected
node 11 unconnected
node 20 unconnected
node 11 unconnected
node 20 unconnected
node 11 unconnected
node 20 unconnected
node 11 unconnected
node 20 unconnected
node 21 unconnected
node 23 unconnected
node 11 unconnected
node 20 unconnected
node 11 unconnected
node 20 unconnected
node 11 unconnected
node 20 unconnected
node 11 unconnected
node 20 unconnected
node 11 unconnected
node 20 unconnected
node 11 unconnected
node 20 unconnected
node 11 unconnected
node 20 unconnected
node 11 unconnected
node 20 unconnected
node 11 unconnected
node 20 unconnected
node 21 unconnected
node 23 unconnected
node 11 unconnected
node 21 unconnected
node 23 unconnected
converged after 13 iterations, timeStep = 5.0E-6
node 11 unconnected
node 21 unconnected
node 23 unconnected
converged after 16 iterations, timeStep = 5.0E-6
converged after 6 iterations, timeStep = 5.0E-6
node 11 unconnected
node 21 unconnected
node 23 unconnected
converged after 9 iterations, timeStep = 5.0E-6
node 11 unconnected
node 21 unconnected
node 23 unconnected
converged after 16 iterations, timeStep = 5.0E-6
node 11 unconnected
node 21 unconnected
node 23 unconnected
converged after 19 iterations, timeStep = 5.0E-6
node 11 unconnected
node 21 unconnected
node 23 unconnected
converged after 19 iterations, timeStep = 5.0E-6
node 11 unconnected
node 21 unconnected
node 23 unconnected
converged after 10 iterations, timeStep = 5.0E-6
node 11 unconnected
node 21 unconnected
node 23 unconnected
converged after 16 iterations, timeStep = 5.0E-6
node 11 unconnected
node 21 unconnected
node 23 unconnected
converged after 19 iterations, timeStep = 5.0E-6
node 11 unconnected
node 21 unconnected
node 23 unconnected
converged after 19 iterations, timeStep = 5.0E-6

STDERR_END
Q30_CASE|7|SENSOR_A_OPEN|outcome=PASS|reason=qualified
STDOUT_BEGIN
PASS: Q30 service flow seed=7 fault=SENSOR_A_OPEN target=RSA fingerprintHash=eb660264
Q30_CASE_TIME operation=route-replay-and-service elapsedMillis=15639
PASS: Q30 service flow contracts 239 assertions seed=7 fault=SENSOR_A_OPEN

STDOUT_END
STDERR_BEGIN
node 11 unconnected
converged after 25 iterations, timeStep = 5.0E-6
converged after 6 iterations, timeStep = 5.0E-6
node 11 unconnected
node 11 unconnected
converged after 16 iterations, timeStep = 5.0E-6
node 11 unconnected
converged after 19 iterations, timeStep = 5.0E-6
node 11 unconnected
converged after 19 iterations, timeStep = 5.0E-6
node 11 unconnected
converged after 10 iterations, timeStep = 5.0E-6
node 11 unconnected
converged after 16 iterations, timeStep = 5.0E-6
node 11 unconnected
converged after 10 iterations, timeStep = 5.0E-6
node 11 unconnected
node 11 unconnected
converged after 16 iterations, timeStep = 5.0E-6
node 11 unconnected
node 11 unconnected
converged after 10 iterations, timeStep = 5.0E-6
node 11 unconnected
node 11 unconnected
converged after 16 iterations, timeStep = 5.0E-6
node 11 unconnected
node 11 unconnected
converged after 10 iterations, timeStep = 5.0E-6
node 11 unconnected
node 11 unconnected
node 29 unconnected
node 31 unconnected
node 11 unconnected
node 11 unconnected
converged after 17 iterations, timeStep = 5.0E-6
node 11 unconnected
converged after 9 iterations, timeStep = 5.0E-6
node 11 unconnected
node 11 unconnected
converged after 16 iterations, timeStep = 5.0E-6
node 11 unconnected
node 11 unconnected
converged after 10 iterations, timeStep = 5.0E-6
node 11 unconnected
node 11 unconnected
node 29 unconnected
node 31 unconnected
node 11 unconnected
node 29 unconnected
node 31 unconnected
node 11 unconnected
node 29 unconnected
node 31 unconnected
converged after 19 iterations, timeStep = 5.0E-6
node 11 unconnected
node 29 unconnected
node 31 unconnected
converged after 9 iterations, timeStep = 5.0E-6
node 11 unconnected
node 29 unconnected
node 31 unconnected
converged after 16 iterations, timeStep = 5.0E-6
node 11 unconnected
node 29 unconnected
node 31 unconnected
converged after 19 iterations, timeStep = 5.0E-6
node 11 unconnected
node 29 unconnected
node 31 unconnected
converged after 19 iterations, timeStep = 5.0E-6
node 11 unconnected
node 29 unconnected
node 31 unconnected
converged after 10 iterations, timeStep = 5.0E-6
node 11 unconnected
node 29 unconnected
node 31 unconnected
converged after 16 iterations, timeStep = 5.0E-6
node 11 unconnected
node 29 unconnected
node 31 unconnected
converged after 19 iterations, timeStep = 5.0E-6
node 11 unconnected
node 29 unconnected
node 31 unconnected
converged after 19 iterations, timeStep = 5.0E-6

STDERR_END
Q30_CASE|7|DRIVE_A_OPEN|outcome=PASS|reason=qualified
STDOUT_BEGIN
PASS: Q30 service flow seed=7 fault=DRIVE_A_OPEN target=RDA fingerprintHash=eb660264
Q30_CASE_TIME operation=route-replay-and-service elapsedMillis=15862
PASS: Q30 service flow contracts 239 assertions seed=7 fault=DRIVE_A_OPEN

STDOUT_END
STDERR_BEGIN
node 11 unconnected
converged after 25 iterations, timeStep = 5.0E-6
converged after 6 iterations, timeStep = 5.0E-6
node 11 unconnected
node 11 unconnected
converged after 16 iterations, timeStep = 5.0E-6
node 11 unconnected
converged after 19 iterations, timeStep = 5.0E-6
node 11 unconnected
converged after 19 iterations, timeStep = 5.0E-6
node 11 unconnected
converged after 10 iterations, timeStep = 5.0E-6
node 11 unconnected
converged after 16 iterations, timeStep = 5.0E-6
node 11 unconnected
converged after 10 iterations, timeStep = 5.0E-6
node 11 unconnected
node 11 unconnected
converged after 16 iterations, timeStep = 5.0E-6
node 11 unconnected
node 11 unconnected
converged after 10 iterations, timeStep = 5.0E-6
node 11 unconnected
node 11 unconnected
converged after 16 iterations, timeStep = 5.0E-6
node 11 unconnected
node 11 unconnected
converged after 10 iterations, timeStep = 5.0E-6
node 11 unconnected
node 11 unconnected
node 38 unconnected
node 41 unconnected
node 11 unconnected
node 11 unconnected
converged after 17 iterations, timeStep = 5.0E-6
node 11 unconnected
converged after 9 iterations, timeStep = 5.0E-6
node 11 unconnected
node 11 unconnected
converged after 16 iterations, timeStep = 5.0E-6
node 11 unconnected
node 11 unconnected
converged after 10 iterations, timeStep = 5.0E-6
node 11 unconnected
node 11 unconnected
node 38 unconnected
node 41 unconnected
node 11 unconnected
node 38 unconnected
node 41 unconnected
node 11 unconnected
node 38 unconnected
node 41 unconnected
converged after 19 iterations, timeStep = 5.0E-6
node 11 unconnected
node 38 unconnected
node 41 unconnected
converged after 9 iterations, timeStep = 5.0E-6
node 11 unconnected
node 38 unconnected
node 41 unconnected
converged after 16 iterations, timeStep = 5.0E-6
node 11 unconnected
node 38 unconnected
node 41 unconnected
converged after 19 iterations, timeStep = 5.0E-6
node 11 unconnected
node 38 unconnected
node 41 unconnected
converged after 19 iterations, timeStep = 5.0E-6
node 11 unconnected
node 38 unconnected
node 41 unconnected
converged after 10 iterations, timeStep = 5.0E-6
node 11 unconnected
node 38 unconnected
node 41 unconnected
converged after 16 iterations, timeStep = 5.0E-6
node 11 unconnected
node 38 unconnected
node 41 unconnected
converged after 19 iterations, timeStep = 5.0E-6
node 11 unconnected
node 38 unconnected
node 41 unconnected
converged after 19 iterations, timeStep = 5.0E-6

STDERR_END
PASS: Q30 service flow census attempted=5 passed=5 failed=0 failedCases=none seeds=7 faults=5 order=RELAY_B_COIL_OPEN,DREV_OPEN,REN_OPEN,SENSOR_A_OPEN,DRIVE_A_OPEN childBudgetMs=60000
Q30_SENSITIVITY_CASE seed=7 fault=DREV_OPEN exit=0 termination=True qualified=True
Q30_STEP_PROFILE seed=7 fault=DREV_OPEN profile=initial-electrical-settle boundary=BEGIN stepRole=FINER_2_5_US_REFERENCE declaredMaximumStepSeconds=2.50000000e-06 configuredMaximumStepSeconds=2.50000000e-06 actualCurrentStepSeconds=2.50000000e-06 observedMinimumStepSeconds=2.50000000e-06 observedMaximumStepSeconds=2.50000000e-06 minimumTimeStepSeconds=5.00000000e-11 adaptive=true
Q30_STEP_PROFILE seed=7 fault=DREV_OPEN profile=initial-electrical-settle boundary=END stepRole=FINER_2_5_US_REFERENCE declaredMaximumStepSeconds=2.50000000e-06 configuredMaximumStepSeconds=2.50000000e-06 actualCurrentStepSeconds=2.50000000e-06 observedMinimumStepSeconds=2.50000000e-06 observedMaximumStepSeconds=2.50000000e-06 minimumTimeStepSeconds=5.00000000e-11 adaptive=true
Q30_STEP_PROFILE seed=7 fault=DREV_OPEN profile=healthy-preparation boundary=BEGIN stepRole=FINER_2_5_US_REFERENCE declaredMaximumStepSeconds=2.50000000e-06 configuredMaximumStepSeconds=2.50000000e-06 actualCurrentStepSeconds=2.50000000e-06 observedMinimumStepSeconds=2.50000000e-06 observedMaximumStepSeconds=2.50000000e-06 minimumTimeStepSeconds=5.00000000e-11 adaptive=true
Q30_STEP_PROFILE seed=7 fault=DREV_OPEN profile=healthy-preparation boundary=END stepRole=FINER_2_5_US_REFERENCE declaredMaximumStepSeconds=2.50000000e-06 configuredMaximumStepSeconds=2.50000000e-06 actualCurrentStepSeconds=2.50000000e-06 observedMinimumStepSeconds=2.50000000e-06 observedMaximumStepSeconds=2.50000000e-06 minimumTimeStepSeconds=5.00000000e-11 adaptive=true
Q30_STEP_PROFILE seed=7 fault=DREV_OPEN profile=fault-profile-preparation boundary=BEGIN stepRole=FINER_2_5_US_REFERENCE declaredMaximumStepSeconds=2.50000000e-06 configuredMaximumStepSeconds=2.50000000e-06 actualCurrentStepSeconds=2.50000000e-06 observedMinimumStepSeconds=2.50000000e-06 observedMaximumStepSeconds=2.50000000e-06 minimumTimeStepSeconds=5.00000000e-11 adaptive=true
Q30_STEP_PROFILE seed=7 fault=DREV_OPEN profile=fault-profile-preparation boundary=END stepRole=FINER_2_5_US_REFERENCE declaredMaximumStepSeconds=2.50000000e-06 configuredMaximumStepSeconds=2.50000000e-06 actualCurrentStepSeconds=2.50000000e-06 observedMinimumStepSeconds=2.50000000e-06 observedMaximumStepSeconds=2.50000000e-06 minimumTimeStepSeconds=5.00000000e-11 adaptive=true
Q30_STEP_PROFILE seed=7 fault=DREV_OPEN profile=faulted-four-input-profile boundary=BEGIN stepRole=FINER_2_5_US_REFERENCE declaredMaximumStepSeconds=2.50000000e-06 configuredMaximumStepSeconds=2.50000000e-06 actualCurrentStepSeconds=2.50000000e-06 observedMinimumStepSeconds=2.50000000e-06 observedMaximumStepSeconds=2.50000000e-06 minimumTimeStepSeconds=5.00000000e-11 adaptive=true
Q30_STEP_PROFILE seed=7 fault=DREV_OPEN profile=faulted-four-input-profile boundary=END stepRole=FINER_2_5_US_REFERENCE declaredMaximumStepSeconds=2.50000000e-06 configuredMaximumStepSeconds=2.50000000e-06 actualCurrentStepSeconds=2.50000000e-06 observedMinimumStepSeconds=2.50000000e-06 observedMaximumStepSeconds=2.50000000e-06 minimumTimeStepSeconds=5.00000000e-11 adaptive=true
Q30_STEP_PROFILE seed=7 fault=DREV_OPEN profile=unrepaired-customer-retest boundary=BEGIN stepRole=FINER_2_5_US_REFERENCE declaredMaximumStepSeconds=2.50000000e-06 configuredMaximumStepSeconds=2.50000000e-06 actualCurrentStepSeconds=2.50000000e-06 observedMinimumStepSeconds=2.50000000e-06 observedMaximumStepSeconds=2.50000000e-06 minimumTimeStepSeconds=5.00000000e-11 adaptive=true
Q30_STEP_PROFILE seed=7 fault=DREV_OPEN profile=unrepaired-customer-retest boundary=END stepRole=FINER_2_5_US_REFERENCE declaredMaximumStepSeconds=2.50000000e-06 configuredMaximumStepSeconds=2.50000000e-06 actualCurrentStepSeconds=2.50000000e-06 observedMinimumStepSeconds=2.50000000e-06 observedMaximumStepSeconds=2.50000000e-06 minimumTimeStepSeconds=5.00000000e-11 adaptive=true
Q30_STEP_PROFILE seed=7 fault=DREV_OPEN profile=service-power-off-wait boundary=BEGIN stepRole=FINER_2_5_US_REFERENCE declaredMaximumStepSeconds=2.50000000e-06 configuredMaximumStepSeconds=2.50000000e-06 actualCurrentStepSeconds=2.50000000e-06 observedMinimumStepSeconds=2.50000000e-06 observedMaximumStepSeconds=2.50000000e-06 minimumTimeStepSeconds=5.00000000e-11 adaptive=true
Q30_STEP_PROFILE seed=7 fault=DREV_OPEN profile=service-power-off-wait boundary=END stepRole=FINER_2_5_US_REFERENCE declaredMaximumStepSeconds=2.50000000e-06 configuredMaximumStepSeconds=2.50000000e-06 actualCurrentStepSeconds=2.50000000e-06 observedMinimumStepSeconds=2.50000000e-06 observedMaximumStepSeconds=2.50000000e-06 minimumTimeStepSeconds=5.00000000e-11 adaptive=true
Q30_STEP_PROFILE seed=7 fault=DREV_OPEN profile=reinstalled-original-customer-retest boundary=BEGIN stepRole=FINER_2_5_US_REFERENCE declaredMaximumStepSeconds=2.50000000e-06 configuredMaximumStepSeconds=2.50000000e-06 actualCurrentStepSeconds=2.50000000e-06 observedMinimumStepSeconds=2.50000000e-06 observedMaximumStepSeconds=2.50000000e-06 minimumTimeStepSeconds=5.00000000e-11 adaptive=true
Q30_STEP_PROFILE seed=7 fault=DREV_OPEN profile=reinstalled-original-customer-retest boundary=END stepRole=FINER_2_5_US_REFERENCE declaredMaximumStepSeconds=2.50000000e-06 configuredMaximumStepSeconds=2.50000000e-06 actualCurrentStepSeconds=2.50000000e-06 observedMinimumStepSeconds=2.50000000e-06 observedMaximumStepSeconds=2.50000000e-06 minimumTimeStepSeconds=5.00000000e-11 adaptive=true
Q30_STEP_PROFILE seed=7 fault=DREV_OPEN profile=service-power-off-wait boundary=BEGIN stepRole=FINER_2_5_US_REFERENCE declaredMaximumStepSeconds=2.50000000e-06 configuredMaximumStepSeconds=2.50000000e-06 actualCurrentStepSeconds=2.50000000e-06 observedMinimumStepSeconds=2.50000000e-06 observedMaximumStepSeconds=2.50000000e-06 minimumTimeStepSeconds=5.00000000e-11 adaptive=true
Q30_STEP_PROFILE seed=7 fault=DREV_OPEN profile=service-power-off-wait boundary=END stepRole=FINER_2_5_US_REFERENCE declaredMaximumStepSeconds=2.50000000e-06 configuredMaximumStepSeconds=2.50000000e-06 actualCurrentStepSeconds=2.50000000e-06 observedMinimumStepSeconds=2.50000000e-06 observedMaximumStepSeconds=2.50000000e-06 minimumTimeStepSeconds=5.00000000e-11 adaptive=true
Q30_STEP_PROFILE seed=7 fault=DREV_OPEN profile=repaired-customer-retest boundary=BEGIN stepRole=FINER_2_5_US_REFERENCE declaredMaximumStepSeconds=2.50000000e-06 configuredMaximumStepSeconds=2.50000000e-06 actualCurrentStepSeconds=2.50000000e-06 observedMinimumStepSeconds=2.50000000e-06 observedMaximumStepSeconds=2.50000000e-06 minimumTimeStepSeconds=5.00000000e-11 adaptive=true
Q30_STEP_PROFILE seed=7 fault=DREV_OPEN profile=repaired-customer-retest boundary=END stepRole=FINER_2_5_US_REFERENCE declaredMaximumStepSeconds=2.50000000e-06 configuredMaximumStepSeconds=2.50000000e-06 actualCurrentStepSeconds=2.50000000e-06 observedMinimumStepSeconds=2.50000000e-06 observedMaximumStepSeconds=2.50000000e-06 minimumTimeStepSeconds=5.00000000e-11 adaptive=true
Q30_STEP_OWNER_CLEANUP seed=7 fault=DREV_OPEN declaredMaximumStepSeconds=2.50000000e-06 stepRole=FINER_2_5_US_REFERENCE cleanup=true elapsedMillis=0
Q30_STEP_PROFILE seed=7 fault=DREV_OPEN profile=initial-electrical-settle boundary=BEGIN stepRole=PRODUCTION_5_US declaredMaximumStepSeconds=5.00000000e-06 configuredMaximumStepSeconds=5.00000000e-06 actualCurrentStepSeconds=5.00000000e-06 observedMinimumStepSeconds=5.00000000e-06 observedMaximumStepSeconds=5.00000000e-06 minimumTimeStepSeconds=5.00000000e-11 adaptive=true
Q30_STEP_PROFILE seed=7 fault=DREV_OPEN profile=initial-electrical-settle boundary=END stepRole=PRODUCTION_5_US declaredMaximumStepSeconds=5.00000000e-06 configuredMaximumStepSeconds=5.00000000e-06 actualCurrentStepSeconds=5.00000000e-06 observedMinimumStepSeconds=5.00000000e-06 observedMaximumStepSeconds=5.00000000e-06 minimumTimeStepSeconds=5.00000000e-11 adaptive=true
Q30_STEP_PROFILE seed=7 fault=DREV_OPEN profile=healthy-preparation boundary=BEGIN stepRole=PRODUCTION_5_US declaredMaximumStepSeconds=5.00000000e-06 configuredMaximumStepSeconds=5.00000000e-06 actualCurrentStepSeconds=5.00000000e-06 observedMinimumStepSeconds=5.00000000e-06 observedMaximumStepSeconds=5.00000000e-06 minimumTimeStepSeconds=5.00000000e-11 adaptive=true
Q30_STEP_PROFILE seed=7 fault=DREV_OPEN profile=healthy-preparation boundary=END stepRole=PRODUCTION_5_US declaredMaximumStepSeconds=5.00000000e-06 configuredMaximumStepSeconds=5.00000000e-06 actualCurrentStepSeconds=5.00000000e-06 observedMinimumStepSeconds=5.00000000e-06 observedMaximumStepSeconds=5.00000000e-06 minimumTimeStepSeconds=5.00000000e-11 adaptive=true
Q30_STEP_PROFILE seed=7 fault=DREV_OPEN profile=fault-profile-preparation boundary=BEGIN stepRole=PRODUCTION_5_US declaredMaximumStepSeconds=5.00000000e-06 configuredMaximumStepSeconds=5.00000000e-06 actualCurrentStepSeconds=5.00000000e-06 observedMinimumStepSeconds=5.00000000e-06 observedMaximumStepSeconds=5.00000000e-06 minimumTimeStepSeconds=5.00000000e-11 adaptive=true
Q30_STEP_PROFILE seed=7 fault=DREV_OPEN profile=fault-profile-preparation boundary=END stepRole=PRODUCTION_5_US declaredMaximumStepSeconds=5.00000000e-06 configuredMaximumStepSeconds=5.00000000e-06 actualCurrentStepSeconds=5.00000000e-06 observedMinimumStepSeconds=5.00000000e-06 observedMaximumStepSeconds=5.00000000e-06 minimumTimeStepSeconds=5.00000000e-11 adaptive=true
Q30_STEP_PROFILE seed=7 fault=DREV_OPEN profile=faulted-four-input-profile boundary=BEGIN stepRole=PRODUCTION_5_US declaredMaximumStepSeconds=5.00000000e-06 configuredMaximumStepSeconds=5.00000000e-06 actualCurrentStepSeconds=5.00000000e-06 observedMinimumStepSeconds=5.00000000e-06 observedMaximumStepSeconds=5.00000000e-06 minimumTimeStepSeconds=5.00000000e-11 adaptive=true
Q30_STEP_PROFILE seed=7 fault=DREV_OPEN profile=faulted-four-input-profile boundary=END stepRole=PRODUCTION_5_US declaredMaximumStepSeconds=5.00000000e-06 configuredMaximumStepSeconds=5.00000000e-06 actualCurrentStepSeconds=5.00000000e-06 observedMinimumStepSeconds=5.00000000e-06 observedMaximumStepSeconds=5.00000000e-06 minimumTimeStepSeconds=5.00000000e-11 adaptive=true
Q30_STEP_PROFILE seed=7 fault=DREV_OPEN profile=unrepaired-customer-retest boundary=BEGIN stepRole=PRODUCTION_5_US declaredMaximumStepSeconds=5.00000000e-06 configuredMaximumStepSeconds=5.00000000e-06 actualCurrentStepSeconds=5.00000000e-06 observedMinimumStepSeconds=5.00000000e-06 observedMaximumStepSeconds=5.00000000e-06 minimumTimeStepSeconds=5.00000000e-11 adaptive=true
Q30_STEP_PROFILE seed=7 fault=DREV_OPEN profile=unrepaired-customer-retest boundary=END stepRole=PRODUCTION_5_US declaredMaximumStepSeconds=5.00000000e-06 configuredMaximumStepSeconds=5.00000000e-06 actualCurrentStepSeconds=5.00000000e-06 observedMinimumStepSeconds=5.00000000e-06 observedMaximumStepSeconds=5.00000000e-06 minimumTimeStepSeconds=5.00000000e-11 adaptive=true
Q30_STEP_PROFILE seed=7 fault=DREV_OPEN profile=service-power-off-wait boundary=BEGIN stepRole=PRODUCTION_5_US declaredMaximumStepSeconds=5.00000000e-06 configuredMaximumStepSeconds=5.00000000e-06 actualCurrentStepSeconds=5.00000000e-06 observedMinimumStepSeconds=5.00000000e-06 observedMaximumStepSeconds=5.00000000e-06 minimumTimeStepSeconds=5.00000000e-11 adaptive=true
Q30_STEP_PROFILE seed=7 fault=DREV_OPEN profile=service-power-off-wait boundary=END stepRole=PRODUCTION_5_US declaredMaximumStepSeconds=5.00000000e-06 configuredMaximumStepSeconds=5.00000000e-06 actualCurrentStepSeconds=5.00000000e-06 observedMinimumStepSeconds=5.00000000e-06 observedMaximumStepSeconds=5.00000000e-06 minimumTimeStepSeconds=5.00000000e-11 adaptive=true
Q30_STEP_PROFILE seed=7 fault=DREV_OPEN profile=reinstalled-original-customer-retest boundary=BEGIN stepRole=PRODUCTION_5_US declaredMaximumStepSeconds=5.00000000e-06 configuredMaximumStepSeconds=5.00000000e-06 actualCurrentStepSeconds=5.00000000e-06 observedMinimumStepSeconds=5.00000000e-06 observedMaximumStepSeconds=5.00000000e-06 minimumTimeStepSeconds=5.00000000e-11 adaptive=true
Q30_STEP_PROFILE seed=7 fault=DREV_OPEN profile=reinstalled-original-customer-retest boundary=END stepRole=PRODUCTION_5_US declaredMaximumStepSeconds=5.00000000e-06 configuredMaximumStepSeconds=5.00000000e-06 actualCurrentStepSeconds=5.00000000e-06 observedMinimumStepSeconds=5.00000000e-06 observedMaximumStepSeconds=5.00000000e-06 minimumTimeStepSeconds=5.00000000e-11 adaptive=true
Q30_STEP_PROFILE seed=7 fault=DREV_OPEN profile=service-power-off-wait boundary=BEGIN stepRole=PRODUCTION_5_US declaredMaximumStepSeconds=5.00000000e-06 configuredMaximumStepSeconds=5.00000000e-06 actualCurrentStepSeconds=5.00000000e-06 observedMinimumStepSeconds=5.00000000e-06 observedMaximumStepSeconds=5.00000000e-06 minimumTimeStepSeconds=5.00000000e-11 adaptive=true
Q30_STEP_PROFILE seed=7 fault=DREV_OPEN profile=service-power-off-wait boundary=END stepRole=PRODUCTION_5_US declaredMaximumStepSeconds=5.00000000e-06 configuredMaximumStepSeconds=5.00000000e-06 actualCurrentStepSeconds=5.00000000e-06 observedMinimumStepSeconds=5.00000000e-06 observedMaximumStepSeconds=5.00000000e-06 minimumTimeStepSeconds=5.00000000e-11 adaptive=true
Q30_STEP_PROFILE seed=7 fault=DREV_OPEN profile=repaired-customer-retest boundary=BEGIN stepRole=PRODUCTION_5_US declaredMaximumStepSeconds=5.00000000e-06 configuredMaximumStepSeconds=5.00000000e-06 actualCurrentStepSeconds=5.00000000e-06 observedMinimumStepSeconds=5.00000000e-06 observedMaximumStepSeconds=5.00000000e-06 minimumTimeStepSeconds=5.00000000e-11 adaptive=true
Q30_STEP_PROFILE seed=7 fault=DREV_OPEN profile=repaired-customer-retest boundary=END stepRole=PRODUCTION_5_US declaredMaximumStepSeconds=5.00000000e-06 configuredMaximumStepSeconds=5.00000000e-06 actualCurrentStepSeconds=5.00000000e-06 observedMinimumStepSeconds=5.00000000e-06 observedMaximumStepSeconds=5.00000000e-06 minimumTimeStepSeconds=5.00000000e-11 adaptive=true
Q30_STEP_OWNER_CLEANUP seed=7 fault=DREV_OPEN declaredMaximumStepSeconds=5.00000000e-06 stepRole=PRODUCTION_5_US cleanup=true elapsedMillis=0
Q30_STEP_PAIR seed=7 support=COMPACT_33 fault=DREV_OPEN referenceMaximumStepSeconds=2.50000000e-06 productionCandidateMaximumStepSeconds=5.00000000e-06 candidateKind=PRODUCTION_5_US maxDeltaVolts=0.00609987118 toleranceVolts=0.0159803513 phase=faulted sample=SENSORS_LOW/U1.OUTPUT-J1.2 referenceElapsedMillis=16231 productionCandidateElapsedMillis=8336 referenceSimSeconds=1.16019250 productionCandidateSimSeconds=1.16036000 referenceCleanupMillis=0 productionCandidateCleanupMillis=0 cleanup=true
Q30_STEP_SEED seed=7 support=COMPACT_33 referenceMaximumStepSeconds=2.50000000e-06 productionCandidateMaximumStepSeconds=5.00000000e-06 candidateKind=PRODUCTION_5_US routeTopology=RB30_SEPARATE_DIRECT_A_BJT_B_BJT_COMPACT_33 routeAndPairsElapsedMillis=29208
Q30_STEP_SEED_CLEANUP seed=7 cleanup=true elapsedMillis=0
PASS: Q30 production solver step sensitivity assertions=1459 seed=7 support=COMPACT_33 faults=1 referenceMaximumStepSeconds=2.50000000e-06 productionCandidateMaximumStepSeconds=5.00000000e-06 candidateKind=PRODUCTION_5_US elapsedMillis=29208

node 11 unconnected
converged after 25 iterations, timeStep = 2.5E-6
converged after 9 iterations, timeStep = 2.5E-6
node 11 unconnected
node 11 unconnected
converged after 10 iterations, timeStep = 2.5E-6
node 11 unconnected
converged after 10 iterations, timeStep = 2.5E-6
node 11 unconnected
converged after 9 iterations, timeStep = 2.5E-6
node 11 unconnected
converged after 10 iterations, timeStep = 2.5E-6
node 11 unconnected
converged after 15 iterations, timeStep = 2.5E-6
converged after 18 iterations, timeStep = 2.5E-6
node 11 unconnected
node 11 unconnected
node 11 unconnected
node 11 unconnected
node 11 unconnected
node 11 unconnected
node 11 unconnected
node 11 unconnected
node 11 unconnected
node 11 unconnected
node 11 unconnected
node 11 unconnected
node 11 unconnected
node 11 unconnected
node 11 unconnected
node 16 unconnected
node 20 unconnected
node 11 unconnected
node 11 unconnected
node 11 unconnected
node 11 unconnected
node 11 unconnected
node 11 unconnected
node 11 unconnected
node 11 unconnected
node 11 unconnected
node 11 unconnected
node 11 unconnected
node 11 unconnected
node 11 unconnected
node 16 unconnected
node 20 unconnected
node 11 unconnected
node 16 unconnected
node 20 unconnected
converged after 6 iterations, timeStep = 2.5E-6
converged after 7 iterations, timeStep = 2.5E-6
node 11 unconnected
node 16 unconnected
node 20 unconnected
converged after 40 iterations, timeStep = 2.5E-6
node 11 unconnected
node 16 unconnected
node 20 unconnected
converged after 9 iterations, timeStep = 2.5E-6
node 11 unconnected
node 16 unconnected
node 20 unconnected
converged after 10 iterations, timeStep = 2.5E-6
node 11 unconnected
node 16 unconnected
node 20 unconnected
converged after 10 iterations, timeStep = 2.5E-6
node 11 unconnected
node 16 unconnected
node 20 unconnected
converged after 9 iterations, timeStep = 2.5E-6
node 11 unconnected
converged after 25 iterations, timeStep = 5.0E-6
converged after 6 iterations, timeStep = 5.0E-6
node 11 unconnected
node 11 unconnected
converged after 16 iterations, timeStep = 5.0E-6
node 11 unconnected
converged after 19 iterations, timeStep = 5.0E-6
node 11 unconnected
converged after 19 iterations, timeStep = 5.0E-6
node 11 unconnected
converged after 10 iterations, timeStep = 5.0E-6
node 11 unconnected
converged after 16 iterations, timeStep = 5.0E-6
converged after 9 iterations, timeStep = 5.0E-6
node 11 unconnected
node 11 unconnected
node 11 unconnected
node 11 unconnected
node 11 unconnected
node 11 unconnected
node 11 unconnected
node 11 unconnected
node 11 unconnected
node 11 unconnected
node 11 unconnected
node 11 unconnected
node 11 unconnected
node 11 unconnected
node 11 unconnected
node 16 unconnected
node 20 unconnected
node 11 unconnected
node 11 unconnected
node 11 unconnected
node 11 unconnected
node 11 unconnected
node 11 unconnected
node 11 unconnected
node 11 unconnected
node 11 unconnected
node 11 unconnected
node 11 unconnected
node 11 unconnected
node 11 unconnected
node 16 unconnected
node 20 unconnected
node 11 unconnected
node 16 unconnected
node 20 unconnected
converged after 6 iterations, timeStep = 5.0E-6
converged after 6 iterations, timeStep = 5.0E-6
node 11 unconnected
node 16 unconnected
node 20 unconnected
converged after 40 iterations, timeStep = 5.0E-6
node 11 unconnected
node 16 unconnected
node 20 unconnected
converged after 10 iterations, timeStep = 5.0E-6
node 11 unconnected
node 16 unconnected
node 20 unconnected
converged after 16 iterations, timeStep = 5.0E-6
node 11 unconnected
node 16 unconnected
node 20 unconnected
converged after 17 iterations, timeStep = 5.0E-6
node 11 unconnected
node 16 unconnected
node 20 unconnected
converged after 18 iterations, timeStep = 5.0E-6

Q30_SENSITIVITY_CASE seed=7 fault=REN_OPEN exit=0 termination=True qualified=True
Q30_STEP_PROFILE seed=7 fault=REN_OPEN profile=initial-electrical-settle boundary=BEGIN stepRole=FINER_2_5_US_REFERENCE declaredMaximumStepSeconds=2.50000000e-06 configuredMaximumStepSeconds=2.50000000e-06 actualCurrentStepSeconds=2.50000000e-06 observedMinimumStepSeconds=2.50000000e-06 observedMaximumStepSeconds=2.50000000e-06 minimumTimeStepSeconds=5.00000000e-11 adaptive=true
Q30_STEP_PROFILE seed=7 fault=REN_OPEN profile=initial-electrical-settle boundary=END stepRole=FINER_2_5_US_REFERENCE declaredMaximumStepSeconds=2.50000000e-06 configuredMaximumStepSeconds=2.50000000e-06 actualCurrentStepSeconds=2.50000000e-06 observedMinimumStepSeconds=2.50000000e-06 observedMaximumStepSeconds=2.50000000e-06 minimumTimeStepSeconds=5.00000000e-11 adaptive=true
Q30_STEP_PROFILE seed=7 fault=REN_OPEN profile=healthy-preparation boundary=BEGIN stepRole=FINER_2_5_US_REFERENCE declaredMaximumStepSeconds=2.50000000e-06 configuredMaximumStepSeconds=2.50000000e-06 actualCurrentStepSeconds=2.50000000e-06 observedMinimumStepSeconds=2.50000000e-06 observedMaximumStepSeconds=2.50000000e-06 minimumTimeStepSeconds=5.00000000e-11 adaptive=true
Q30_STEP_PROFILE seed=7 fault=REN_OPEN profile=healthy-preparation boundary=END stepRole=FINER_2_5_US_REFERENCE declaredMaximumStepSeconds=2.50000000e-06 configuredMaximumStepSeconds=2.50000000e-06 actualCurrentStepSeconds=2.50000000e-06 observedMinimumStepSeconds=2.50000000e-06 observedMaximumStepSeconds=2.50000000e-06 minimumTimeStepSeconds=5.00000000e-11 adaptive=true
Q30_STEP_PROFILE seed=7 fault=REN_OPEN profile=fault-profile-preparation boundary=BEGIN stepRole=FINER_2_5_US_REFERENCE declaredMaximumStepSeconds=2.50000000e-06 configuredMaximumStepSeconds=2.50000000e-06 actualCurrentStepSeconds=2.50000000e-06 observedMinimumStepSeconds=2.50000000e-06 observedMaximumStepSeconds=2.50000000e-06 minimumTimeStepSeconds=5.00000000e-11 adaptive=true
Q30_STEP_PROFILE seed=7 fault=REN_OPEN profile=fault-profile-preparation boundary=END stepRole=FINER_2_5_US_REFERENCE declaredMaximumStepSeconds=2.50000000e-06 configuredMaximumStepSeconds=2.50000000e-06 actualCurrentStepSeconds=2.50000000e-06 observedMinimumStepSeconds=2.50000000e-06 observedMaximumStepSeconds=2.50000000e-06 minimumTimeStepSeconds=5.00000000e-11 adaptive=true
Q30_STEP_PROFILE seed=7 fault=REN_OPEN profile=faulted-four-input-profile boundary=BEGIN stepRole=FINER_2_5_US_REFERENCE declaredMaximumStepSeconds=2.50000000e-06 configuredMaximumStepSeconds=2.50000000e-06 actualCurrentStepSeconds=2.50000000e-06 observedMinimumStepSeconds=2.50000000e-06 observedMaximumStepSeconds=2.50000000e-06 minimumTimeStepSeconds=5.00000000e-11 adaptive=true
Q30_STEP_PROFILE seed=7 fault=REN_OPEN profile=faulted-four-input-profile boundary=END stepRole=FINER_2_5_US_REFERENCE declaredMaximumStepSeconds=2.50000000e-06 configuredMaximumStepSeconds=2.50000000e-06 actualCurrentStepSeconds=2.50000000e-06 observedMinimumStepSeconds=2.50000000e-06 observedMaximumStepSeconds=2.50000000e-06 minimumTimeStepSeconds=5.00000000e-11 adaptive=true
Q30_STEP_PROFILE seed=7 fault=REN_OPEN profile=unrepaired-customer-retest boundary=BEGIN stepRole=FINER_2_5_US_REFERENCE declaredMaximumStepSeconds=2.50000000e-06 configuredMaximumStepSeconds=2.50000000e-06 actualCurrentStepSeconds=2.50000000e-06 observedMinimumStepSeconds=2.50000000e-06 observedMaximumStepSeconds=2.50000000e-06 minimumTimeStepSeconds=5.00000000e-11 adaptive=true
Q30_STEP_PROFILE seed=7 fault=REN_OPEN profile=unrepaired-customer-retest boundary=END stepRole=FINER_2_5_US_REFERENCE declaredMaximumStepSeconds=2.50000000e-06 configuredMaximumStepSeconds=2.50000000e-06 actualCurrentStepSeconds=2.50000000e-06 observedMinimumStepSeconds=2.50000000e-06 observedMaximumStepSeconds=2.50000000e-06 minimumTimeStepSeconds=5.00000000e-11 adaptive=true
Q30_STEP_PROFILE seed=7 fault=REN_OPEN profile=service-power-off-wait boundary=BEGIN stepRole=FINER_2_5_US_REFERENCE declaredMaximumStepSeconds=2.50000000e-06 configuredMaximumStepSeconds=2.50000000e-06 actualCurrentStepSeconds=2.50000000e-06 observedMinimumStepSeconds=2.50000000e-06 observedMaximumStepSeconds=2.50000000e-06 minimumTimeStepSeconds=5.00000000e-11 adaptive=true
Q30_STEP_PROFILE seed=7 fault=REN_OPEN profile=service-power-off-wait boundary=END stepRole=FINER_2_5_US_REFERENCE declaredMaximumStepSeconds=2.50000000e-06 configuredMaximumStepSeconds=2.50000000e-06 actualCurrentStepSeconds=2.50000000e-06 observedMinimumStepSeconds=2.50000000e-06 observedMaximumStepSeconds=2.50000000e-06 minimumTimeStepSeconds=5.00000000e-11 adaptive=true
Q30_STEP_PROFILE seed=7 fault=REN_OPEN profile=reinstalled-original-customer-retest boundary=BEGIN stepRole=FINER_2_5_US_REFERENCE declaredMaximumStepSeconds=2.50000000e-06 configuredMaximumStepSeconds=2.50000000e-06 actualCurrentStepSeconds=2.50000000e-06 observedMinimumStepSeconds=2.50000000e-06 observedMaximumStepSeconds=2.50000000e-06 minimumTimeStepSeconds=5.00000000e-11 adaptive=true
Q30_STEP_PROFILE seed=7 fault=REN_OPEN profile=reinstalled-original-customer-retest boundary=END stepRole=FINER_2_5_US_REFERENCE declaredMaximumStepSeconds=2.50000000e-06 configuredMaximumStepSeconds=2.50000000e-06 actualCurrentStepSeconds=2.50000000e-06 observedMinimumStepSeconds=2.50000000e-06 observedMaximumStepSeconds=2.50000000e-06 minimumTimeStepSeconds=5.00000000e-11 adaptive=true
Q30_STEP_PROFILE seed=7 fault=REN_OPEN profile=service-power-off-wait boundary=BEGIN stepRole=FINER_2_5_US_REFERENCE declaredMaximumStepSeconds=2.50000000e-06 configuredMaximumStepSeconds=2.50000000e-06 actualCurrentStepSeconds=2.50000000e-06 observedMinimumStepSeconds=2.50000000e-06 observedMaximumStepSeconds=2.50000000e-06 minimumTimeStepSeconds=5.00000000e-11 adaptive=true
Q30_STEP_PROFILE seed=7 fault=REN_OPEN profile=service-power-off-wait boundary=END stepRole=FINER_2_5_US_REFERENCE declaredMaximumStepSeconds=2.50000000e-06 configuredMaximumStepSeconds=2.50000000e-06 actualCurrentStepSeconds=2.50000000e-06 observedMinimumStepSeconds=2.50000000e-06 observedMaximumStepSeconds=2.50000000e-06 minimumTimeStepSeconds=5.00000000e-11 adaptive=true
Q30_STEP_PROFILE seed=7 fault=REN_OPEN profile=repaired-customer-retest boundary=BEGIN stepRole=FINER_2_5_US_REFERENCE declaredMaximumStepSeconds=2.50000000e-06 configuredMaximumStepSeconds=2.50000000e-06 actualCurrentStepSeconds=2.50000000e-06 observedMinimumStepSeconds=2.50000000e-06 observedMaximumStepSeconds=2.50000000e-06 minimumTimeStepSeconds=5.00000000e-11 adaptive=true
Q30_STEP_PROFILE seed=7 fault=REN_OPEN profile=repaired-customer-retest boundary=END stepRole=FINER_2_5_US_REFERENCE declaredMaximumStepSeconds=2.50000000e-06 configuredMaximumStepSeconds=2.50000000e-06 actualCurrentStepSeconds=2.50000000e-06 observedMinimumStepSeconds=2.50000000e-06 observedMaximumStepSeconds=2.50000000e-06 minimumTimeStepSeconds=5.00000000e-11 adaptive=true
Q30_STEP_OWNER_CLEANUP seed=7 fault=REN_OPEN declaredMaximumStepSeconds=2.50000000e-06 stepRole=FINER_2_5_US_REFERENCE cleanup=true elapsedMillis=0
Q30_STEP_PROFILE seed=7 fault=REN_OPEN profile=initial-electrical-settle boundary=BEGIN stepRole=PRODUCTION_5_US declaredMaximumStepSeconds=5.00000000e-06 configuredMaximumStepSeconds=5.00000000e-06 actualCurrentStepSeconds=5.00000000e-06 observedMinimumStepSeconds=5.00000000e-06 observedMaximumStepSeconds=5.00000000e-06 minimumTimeStepSeconds=5.00000000e-11 adaptive=true
Q30_STEP_PROFILE seed=7 fault=REN_OPEN profile=initial-electrical-settle boundary=END stepRole=PRODUCTION_5_US declaredMaximumStepSeconds=5.00000000e-06 configuredMaximumStepSeconds=5.00000000e-06 actualCurrentStepSeconds=5.00000000e-06 observedMinimumStepSeconds=5.00000000e-06 observedMaximumStepSeconds=5.00000000e-06 minimumTimeStepSeconds=5.00000000e-11 adaptive=true
Q30_STEP_PROFILE seed=7 fault=REN_OPEN profile=healthy-preparation boundary=BEGIN stepRole=PRODUCTION_5_US declaredMaximumStepSeconds=5.00000000e-06 configuredMaximumStepSeconds=5.00000000e-06 actualCurrentStepSeconds=5.00000000e-06 observedMinimumStepSeconds=5.00000000e-06 observedMaximumStepSeconds=5.00000000e-06 minimumTimeStepSeconds=5.00000000e-11 adaptive=true
Q30_STEP_PROFILE seed=7 fault=REN_OPEN profile=healthy-preparation boundary=END stepRole=PRODUCTION_5_US declaredMaximumStepSeconds=5.00000000e-06 configuredMaximumStepSeconds=5.00000000e-06 actualCurrentStepSeconds=5.00000000e-06 observedMinimumStepSeconds=5.00000000e-06 observedMaximumStepSeconds=5.00000000e-06 minimumTimeStepSeconds=5.00000000e-11 adaptive=true
Q30_STEP_PROFILE seed=7 fault=REN_OPEN profile=fault-profile-preparation boundary=BEGIN stepRole=PRODUCTION_5_US declaredMaximumStepSeconds=5.00000000e-06 configuredMaximumStepSeconds=5.00000000e-06 actualCurrentStepSeconds=5.00000000e-06 observedMinimumStepSeconds=5.00000000e-06 observedMaximumStepSeconds=5.00000000e-06 minimumTimeStepSeconds=5.00000000e-11 adaptive=true
Q30_STEP_PROFILE seed=7 fault=REN_OPEN profile=fault-profile-preparation boundary=END stepRole=PRODUCTION_5_US declaredMaximumStepSeconds=5.00000000e-06 configuredMaximumStepSeconds=5.00000000e-06 actualCurrentStepSeconds=5.00000000e-06 observedMinimumStepSeconds=5.00000000e-06 observedMaximumStepSeconds=5.00000000e-06 minimumTimeStepSeconds=5.00000000e-11 adaptive=true
Q30_STEP_PROFILE seed=7 fault=REN_OPEN profile=faulted-four-input-profile boundary=BEGIN stepRole=PRODUCTION_5_US declaredMaximumStepSeconds=5.00000000e-06 configuredMaximumStepSeconds=5.00000000e-06 actualCurrentStepSeconds=5.00000000e-06 observedMinimumStepSeconds=5.00000000e-06 observedMaximumStepSeconds=5.00000000e-06 minimumTimeStepSeconds=5.00000000e-11 adaptive=true
Q30_STEP_PROFILE seed=7 fault=REN_OPEN profile=faulted-four-input-profile boundary=END stepRole=PRODUCTION_5_US declaredMaximumStepSeconds=5.00000000e-06 configuredMaximumStepSeconds=5.00000000e-06 actualCurrentStepSeconds=5.00000000e-06 observedMinimumStepSeconds=5.00000000e-06 observedMaximumStepSeconds=5.00000000e-06 minimumTimeStepSeconds=5.00000000e-11 adaptive=true
Q30_STEP_PROFILE seed=7 fault=REN_OPEN profile=unrepaired-customer-retest boundary=BEGIN stepRole=PRODUCTION_5_US declaredMaximumStepSeconds=5.00000000e-06 configuredMaximumStepSeconds=5.00000000e-06 actualCurrentStepSeconds=5.00000000e-06 observedMinimumStepSeconds=5.00000000e-06 observedMaximumStepSeconds=5.00000000e-06 minimumTimeStepSeconds=5.00000000e-11 adaptive=true
Q30_STEP_PROFILE seed=7 fault=REN_OPEN profile=unrepaired-customer-retest boundary=END stepRole=PRODUCTION_5_US declaredMaximumStepSeconds=5.00000000e-06 configuredMaximumStepSeconds=5.00000000e-06 actualCurrentStepSeconds=5.00000000e-06 observedMinimumStepSeconds=5.00000000e-06 observedMaximumStepSeconds=5.00000000e-06 minimumTimeStepSeconds=5.00000000e-11 adaptive=true
Q30_STEP_PROFILE seed=7 fault=REN_OPEN profile=service-power-off-wait boundary=BEGIN stepRole=PRODUCTION_5_US declaredMaximumStepSeconds=5.00000000e-06 configuredMaximumStepSeconds=5.00000000e-06 actualCurrentStepSeconds=5.00000000e-06 observedMinimumStepSeconds=5.00000000e-06 observedMaximumStepSeconds=5.00000000e-06 minimumTimeStepSeconds=5.00000000e-11 adaptive=true
Q30_STEP_PROFILE seed=7 fault=REN_OPEN profile=service-power-off-wait boundary=END stepRole=PRODUCTION_5_US declaredMaximumStepSeconds=5.00000000e-06 configuredMaximumStepSeconds=5.00000000e-06 actualCurrentStepSeconds=5.00000000e-06 observedMinimumStepSeconds=5.00000000e-06 observedMaximumStepSeconds=5.00000000e-06 minimumTimeStepSeconds=5.00000000e-11 adaptive=true
Q30_STEP_PROFILE seed=7 fault=REN_OPEN profile=reinstalled-original-customer-retest boundary=BEGIN stepRole=PRODUCTION_5_US declaredMaximumStepSeconds=5.00000000e-06 configuredMaximumStepSeconds=5.00000000e-06 actualCurrentStepSeconds=5.00000000e-06 observedMinimumStepSeconds=5.00000000e-06 observedMaximumStepSeconds=5.00000000e-06 minimumTimeStepSeconds=5.00000000e-11 adaptive=true
Q30_STEP_PROFILE seed=7 fault=REN_OPEN profile=reinstalled-original-customer-retest boundary=END stepRole=PRODUCTION_5_US declaredMaximumStepSeconds=5.00000000e-06 configuredMaximumStepSeconds=5.00000000e-06 actualCurrentStepSeconds=5.00000000e-06 observedMinimumStepSeconds=5.00000000e-06 observedMaximumStepSeconds=5.00000000e-06 minimumTimeStepSeconds=5.00000000e-11 adaptive=true
Q30_STEP_PROFILE seed=7 fault=REN_OPEN profile=service-power-off-wait boundary=BEGIN stepRole=PRODUCTION_5_US declaredMaximumStepSeconds=5.00000000e-06 configuredMaximumStepSeconds=5.00000000e-06 actualCurrentStepSeconds=5.00000000e-06 observedMinimumStepSeconds=5.00000000e-06 observedMaximumStepSeconds=5.00000000e-06 minimumTimeStepSeconds=5.00000000e-11 adaptive=true
Q30_STEP_PROFILE seed=7 fault=REN_OPEN profile=service-power-off-wait boundary=END stepRole=PRODUCTION_5_US declaredMaximumStepSeconds=5.00000000e-06 configuredMaximumStepSeconds=5.00000000e-06 actualCurrentStepSeconds=5.00000000e-06 observedMinimumStepSeconds=5.00000000e-06 observedMaximumStepSeconds=5.00000000e-06 minimumTimeStepSeconds=5.00000000e-11 adaptive=true
Q30_STEP_PROFILE seed=7 fault=REN_OPEN profile=repaired-customer-retest boundary=BEGIN stepRole=PRODUCTION_5_US declaredMaximumStepSeconds=5.00000000e-06 configuredMaximumStepSeconds=5.00000000e-06 actualCurrentStepSeconds=5.00000000e-06 observedMinimumStepSeconds=5.00000000e-06 observedMaximumStepSeconds=5.00000000e-06 minimumTimeStepSeconds=5.00000000e-11 adaptive=true
Q30_STEP_PROFILE seed=7 fault=REN_OPEN profile=repaired-customer-retest boundary=END stepRole=PRODUCTION_5_US declaredMaximumStepSeconds=5.00000000e-06 configuredMaximumStepSeconds=5.00000000e-06 actualCurrentStepSeconds=5.00000000e-06 observedMinimumStepSeconds=5.00000000e-06 observedMaximumStepSeconds=5.00000000e-06 minimumTimeStepSeconds=5.00000000e-11 adaptive=true
Q30_STEP_OWNER_CLEANUP seed=7 fault=REN_OPEN declaredMaximumStepSeconds=5.00000000e-06 stepRole=PRODUCTION_5_US cleanup=true elapsedMillis=0
Q30_STEP_PAIR seed=7 support=COMPACT_33 fault=REN_OPEN referenceMaximumStepSeconds=2.50000000e-06 productionCandidateMaximumStepSeconds=5.00000000e-06 candidateKind=PRODUCTION_5_US maxDeltaVolts=2.18742194e-05 toleranceVolts=0.0100904870 phase=faulted sample=SENSORS_LOW/U1.OUTPUT-J1.2 referenceElapsedMillis=14780 productionCandidateElapsedMillis=7451 referenceSimSeconds=1.16019250 productionCandidateSimSeconds=1.16036000 referenceCleanupMillis=0 productionCandidateCleanupMillis=0 cleanup=true
Q30_STEP_SEED seed=7 support=COMPACT_33 referenceMaximumStepSeconds=2.50000000e-06 productionCandidateMaximumStepSeconds=5.00000000e-06 candidateKind=PRODUCTION_5_US routeTopology=RB30_SEPARATE_DIRECT_A_BJT_B_BJT_COMPACT_33 routeAndPairsElapsedMillis=26953
Q30_STEP_OWNER_CLEANUP seed=7 fault=DREV_OPEN declaredMaximumStepSeconds=2.50000000e-06 stepRole=FINER_2_5_US_REFERENCE cleanup=true elapsedMillis=0
Q30_STEP_SEED_CLEANUP seed=7 cleanup=true elapsedMillis=0
PASS: Q30 production solver step sensitivity assertions=1704 seed=7 support=COMPACT_33 faults=1 referenceMaximumStepSeconds=2.50000000e-06 productionCandidateMaximumStepSeconds=5.00000000e-06 candidateKind=PRODUCTION_5_US elapsedMillis=26953

node 11 unconnected
converged after 25 iterations, timeStep = 2.5E-6
converged after 9 iterations, timeStep = 2.5E-6
node 11 unconnected
node 11 unconnected
converged after 10 iterations, timeStep = 2.5E-6
node 11 unconnected
converged after 10 iterations, timeStep = 2.5E-6
node 11 unconnected
converged after 9 iterations, timeStep = 2.5E-6
node 11 unconnected
converged after 10 iterations, timeStep = 2.5E-6
node 11 unconnected
node 20 unconnected
converged after 12 iterations, timeStep = 2.5E-6
converged after 10 iterations, timeStep = 2.5E-6
node 11 unconnected
node 20 unconnected
node 11 unconnected
node 20 unconnected
node 11 unconnected
node 20 unconnected
node 11 unconnected
node 20 unconnected
node 11 unconnected
node 20 unconnected
node 11 unconnected
node 20 unconnected
node 11 unconnected
node 20 unconnected
node 11 unconnected
node 20 unconnected
node 11 unconnected
node 20 unconnected
node 11 unconnected
node 20 unconnected
node 11 unconnected
node 20 unconnected
node 11 unconnected
node 20 unconnected
node 11 unconnected
node 20 unconnected
node 11 unconnected
node 20 unconnected
node 11 unconnected
node 20 unconnected
node 21 unconnected
node 23 unconnected
node 11 unconnected
node 20 unconnected
node 11 unconnected
node 20 unconnected
converged after 6 iterations, timeStep = 2.5E-6
node 11 unconnected
node 20 unconnected
node 11 unconnected
node 20 unconnected
node 11 unconnected
node 20 unconnected
node 11 unconnected
node 20 unconnected
node 11 unconnected
node 20 unconnected
node 11 unconnected
node 20 unconnected
node 11 unconnected
node 20 unconnected
node 11 unconnected
node 20 unconnected
node 11 unconnected
node 20 unconnected
node 11 unconnected
node 20 unconnected
node 11 unconnected
node 20 unconnected
node 21 unconnected
node 23 unconnected
node 11 unconnected
node 21 unconnected
node 23 unconnected
converged after 13 iterations, timeStep = 2.5E-6
node 11 unconnected
node 21 unconnected
node 23 unconnected
converged after 16 iterations, timeStep = 2.5E-6
converged after 7 iterations, timeStep = 2.5E-6
node 11 unconnected
node 21 unconnected
node 23 unconnected
converged after 9 iterations, timeStep = 2.5E-6
node 11 unconnected
node 21 unconnected
node 23 unconnected
converged after 10 iterations, timeStep = 2.5E-6
node 11 unconnected
node 21 unconnected
node 23 unconnected
converged after 10 iterations, timeStep = 2.5E-6
node 11 unconnected
node 21 unconnected
node 23 unconnected
converged after 9 iterations, timeStep = 2.5E-6
node 11 unconnected
converged after 25 iterations, timeStep = 5.0E-6
converged after 6 iterations, timeStep = 5.0E-6
node 11 unconnected
node 11 unconnected
converged after 16 iterations, timeStep = 5.0E-6
node 11 unconnected
converged after 19 iterations, timeStep = 5.0E-6
node 11 unconnected
converged after 19 iterations, timeStep = 5.0E-6
node 11 unconnected
converged after 10 iterations, timeStep = 5.0E-6
node 11 unconnected
node 20 unconnected
converged after 17 iterations, timeStep = 5.0E-6
converged after 10 iterations, timeStep = 5.0E-6
node 11 unconnected
node 20 unconnected
node 11 unconnected
node 20 unconnected
node 11 unconnected
node 20 unconnected
node 11 unconnected
node 20 unconnected
node 11 unconnected
node 20 unconnected
node 11 unconnected
node 20 unconnected
node 11 unconnected
node 20 unconnected
node 11 unconnected
node 20 unconnected
node 11 unconnected
node 20 unconnected
node 11 unconnected
node 20 unconnected
node 11 unconnected
node 20 unconnected
node 11 unconnected
node 20 unconnected
node 11 unconnected
node 20 unconnected
node 11 unconnected
node 20 unconnected
node 11 unconnected
node 20 unconnected
node 21 unconnected
node 23 unconnected
node 11 unconnected
node 20 unconnected
node 11 unconnected
node 20 unconnected
converged after 6 iterations, timeStep = 5.0E-6
node 11 unconnected
node 20 unconnected
node 11 unconnected
node 20 unconnected
node 11 unconnected
node 20 unconnected
node 11 unconnected
node 20 unconnected
node 11 unconnected
node 20 unconnected
node 11 unconnected
node 20 unconnected
node 11 unconnected
node 20 unconnected
node 11 unconnected
node 20 unconnected
node 11 unconnected
node 20 unconnected
node 11 unconnected
node 20 unconnected
node 11 unconnected
node 20 unconnected
node 21 unconnected
node 23 unconnected
node 11 unconnected
node 21 unconnected
node 23 unconnected
converged after 13 iterations, timeStep = 5.0E-6
node 11 unconnected
node 21 unconnected
node 23 unconnected
converged after 16 iterations, timeStep = 5.0E-6
converged after 7 iterations, timeStep = 5.0E-6
node 11 unconnected
node 21 unconnected
node 23 unconnected
converged after 9 iterations, timeStep = 5.0E-6
node 11 unconnected
node 21 unconnected
node 23 unconnected
converged after 16 iterations, timeStep = 5.0E-6
node 11 unconnected
node 21 unconnected
node 23 unconnected
converged after 19 iterations, timeStep = 5.0E-6
node 11 unconnected
node 21 unconnected
node 23 unconnected
converged after 19 iterations, timeStep = 5.0E-6

Q30_SENSITIVITY_CASE seed=7 fault=SENSOR_A_OPEN exit=0 termination=True qualified=True
Q30_STEP_PROFILE seed=7 fault=SENSOR_A_OPEN profile=initial-electrical-settle boundary=BEGIN stepRole=FINER_2_5_US_REFERENCE declaredMaximumStepSeconds=2.50000000e-06 configuredMaximumStepSeconds=2.50000000e-06 actualCurrentStepSeconds=2.50000000e-06 observedMinimumStepSeconds=2.50000000e-06 observedMaximumStepSeconds=2.50000000e-06 minimumTimeStepSeconds=5.00000000e-11 adaptive=true
Q30_STEP_PROFILE seed=7 fault=SENSOR_A_OPEN profile=initial-electrical-settle boundary=END stepRole=FINER_2_5_US_REFERENCE declaredMaximumStepSeconds=2.50000000e-06 configuredMaximumStepSeconds=2.50000000e-06 actualCurrentStepSeconds=2.50000000e-06 observedMinimumStepSeconds=2.50000000e-06 observedMaximumStepSeconds=2.50000000e-06 minimumTimeStepSeconds=5.00000000e-11 adaptive=true
Q30_STEP_PROFILE seed=7 fault=SENSOR_A_OPEN profile=healthy-preparation boundary=BEGIN stepRole=FINER_2_5_US_REFERENCE declaredMaximumStepSeconds=2.50000000e-06 configuredMaximumStepSeconds=2.50000000e-06 actualCurrentStepSeconds=2.50000000e-06 observedMinimumStepSeconds=2.50000000e-06 observedMaximumStepSeconds=2.50000000e-06 minimumTimeStepSeconds=5.00000000e-11 adaptive=true
Q30_STEP_PROFILE seed=7 fault=SENSOR_A_OPEN profile=healthy-preparation boundary=END stepRole=FINER_2_5_US_REFERENCE declaredMaximumStepSeconds=2.50000000e-06 configuredMaximumStepSeconds=2.50000000e-06 actualCurrentStepSeconds=2.50000000e-06 observedMinimumStepSeconds=2.50000000e-06 observedMaximumStepSeconds=2.50000000e-06 minimumTimeStepSeconds=5.00000000e-11 adaptive=true
Q30_STEP_PROFILE seed=7 fault=SENSOR_A_OPEN profile=fault-profile-preparation boundary=BEGIN stepRole=FINER_2_5_US_REFERENCE declaredMaximumStepSeconds=2.50000000e-06 configuredMaximumStepSeconds=2.50000000e-06 actualCurrentStepSeconds=2.50000000e-06 observedMinimumStepSeconds=2.50000000e-06 observedMaximumStepSeconds=2.50000000e-06 minimumTimeStepSeconds=5.00000000e-11 adaptive=true
Q30_STEP_PROFILE seed=7 fault=SENSOR_A_OPEN profile=fault-profile-preparation boundary=END stepRole=FINER_2_5_US_REFERENCE declaredMaximumStepSeconds=2.50000000e-06 configuredMaximumStepSeconds=2.50000000e-06 actualCurrentStepSeconds=2.50000000e-06 observedMinimumStepSeconds=2.50000000e-06 observedMaximumStepSeconds=2.50000000e-06 minimumTimeStepSeconds=5.00000000e-11 adaptive=true
Q30_STEP_PROFILE seed=7 fault=SENSOR_A_OPEN profile=faulted-four-input-profile boundary=BEGIN stepRole=FINER_2_5_US_REFERENCE declaredMaximumStepSeconds=2.50000000e-06 configuredMaximumStepSeconds=2.50000000e-06 actualCurrentStepSeconds=2.50000000e-06 observedMinimumStepSeconds=2.50000000e-06 observedMaximumStepSeconds=2.50000000e-06 minimumTimeStepSeconds=5.00000000e-11 adaptive=true
Q30_STEP_PROFILE seed=7 fault=SENSOR_A_OPEN profile=faulted-four-input-profile boundary=END stepRole=FINER_2_5_US_REFERENCE declaredMaximumStepSeconds=2.50000000e-06 configuredMaximumStepSeconds=2.50000000e-06 actualCurrentStepSeconds=2.50000000e-06 observedMinimumStepSeconds=2.50000000e-06 observedMaximumStepSeconds=2.50000000e-06 minimumTimeStepSeconds=5.00000000e-11 adaptive=true
Q30_STEP_PROFILE seed=7 fault=SENSOR_A_OPEN profile=unrepaired-customer-retest boundary=BEGIN stepRole=FINER_2_5_US_REFERENCE declaredMaximumStepSeconds=2.50000000e-06 configuredMaximumStepSeconds=2.50000000e-06 actualCurrentStepSeconds=2.50000000e-06 observedMinimumStepSeconds=2.50000000e-06 observedMaximumStepSeconds=2.50000000e-06 minimumTimeStepSeconds=5.00000000e-11 adaptive=true
Q30_STEP_PROFILE seed=7 fault=SENSOR_A_OPEN profile=unrepaired-customer-retest boundary=END stepRole=FINER_2_5_US_REFERENCE declaredMaximumStepSeconds=2.50000000e-06 configuredMaximumStepSeconds=2.50000000e-06 actualCurrentStepSeconds=2.50000000e-06 observedMinimumStepSeconds=2.50000000e-06 observedMaximumStepSeconds=2.50000000e-06 minimumTimeStepSeconds=5.00000000e-11 adaptive=true
Q30_STEP_PROFILE seed=7 fault=SENSOR_A_OPEN profile=service-power-off-wait boundary=BEGIN stepRole=FINER_2_5_US_REFERENCE declaredMaximumStepSeconds=2.50000000e-06 configuredMaximumStepSeconds=2.50000000e-06 actualCurrentStepSeconds=2.50000000e-06 observedMinimumStepSeconds=2.50000000e-06 observedMaximumStepSeconds=2.50000000e-06 minimumTimeStepSeconds=5.00000000e-11 adaptive=true
Q30_STEP_PROFILE seed=7 fault=SENSOR_A_OPEN profile=service-power-off-wait boundary=END stepRole=FINER_2_5_US_REFERENCE declaredMaximumStepSeconds=2.50000000e-06 configuredMaximumStepSeconds=2.50000000e-06 actualCurrentStepSeconds=2.50000000e-06 observedMinimumStepSeconds=2.50000000e-06 observedMaximumStepSeconds=2.50000000e-06 minimumTimeStepSeconds=5.00000000e-11 adaptive=true
Q30_STEP_PROFILE seed=7 fault=SENSOR_A_OPEN profile=reinstalled-original-customer-retest boundary=BEGIN stepRole=FINER_2_5_US_REFERENCE declaredMaximumStepSeconds=2.50000000e-06 configuredMaximumStepSeconds=2.50000000e-06 actualCurrentStepSeconds=2.50000000e-06 observedMinimumStepSeconds=2.50000000e-06 observedMaximumStepSeconds=2.50000000e-06 minimumTimeStepSeconds=5.00000000e-11 adaptive=true
Q30_STEP_PROFILE seed=7 fault=SENSOR_A_OPEN profile=reinstalled-original-customer-retest boundary=END stepRole=FINER_2_5_US_REFERENCE declaredMaximumStepSeconds=2.50000000e-06 configuredMaximumStepSeconds=2.50000000e-06 actualCurrentStepSeconds=2.50000000e-06 observedMinimumStepSeconds=2.50000000e-06 observedMaximumStepSeconds=2.50000000e-06 minimumTimeStepSeconds=5.00000000e-11 adaptive=true
Q30_STEP_PROFILE seed=7 fault=SENSOR_A_OPEN profile=service-power-off-wait boundary=BEGIN stepRole=FINER_2_5_US_REFERENCE declaredMaximumStepSeconds=2.50000000e-06 configuredMaximumStepSeconds=2.50000000e-06 actualCurrentStepSeconds=2.50000000e-06 observedMinimumStepSeconds=2.50000000e-06 observedMaximumStepSeconds=2.50000000e-06 minimumTimeStepSeconds=5.00000000e-11 adaptive=true
Q30_STEP_PROFILE seed=7 fault=SENSOR_A_OPEN profile=service-power-off-wait boundary=END stepRole=FINER_2_5_US_REFERENCE declaredMaximumStepSeconds=2.50000000e-06 configuredMaximumStepSeconds=2.50000000e-06 actualCurrentStepSeconds=2.50000000e-06 observedMinimumStepSeconds=2.50000000e-06 observedMaximumStepSeconds=2.50000000e-06 minimumTimeStepSeconds=5.00000000e-11 adaptive=true
Q30_STEP_PROFILE seed=7 fault=SENSOR_A_OPEN profile=repaired-customer-retest boundary=BEGIN stepRole=FINER_2_5_US_REFERENCE declaredMaximumStepSeconds=2.50000000e-06 configuredMaximumStepSeconds=2.50000000e-06 actualCurrentStepSeconds=2.50000000e-06 observedMinimumStepSeconds=2.50000000e-06 observedMaximumStepSeconds=2.50000000e-06 minimumTimeStepSeconds=5.00000000e-11 adaptive=true
Q30_STEP_PROFILE seed=7 fault=SENSOR_A_OPEN profile=repaired-customer-retest boundary=END stepRole=FINER_2_5_US_REFERENCE declaredMaximumStepSeconds=2.50000000e-06 configuredMaximumStepSeconds=2.50000000e-06 actualCurrentStepSeconds=2.50000000e-06 observedMinimumStepSeconds=2.50000000e-06 observedMaximumStepSeconds=2.50000000e-06 minimumTimeStepSeconds=5.00000000e-11 adaptive=true
Q30_STEP_OWNER_CLEANUP seed=7 fault=SENSOR_A_OPEN declaredMaximumStepSeconds=2.50000000e-06 stepRole=FINER_2_5_US_REFERENCE cleanup=true elapsedMillis=0
Q30_STEP_PROFILE seed=7 fault=SENSOR_A_OPEN profile=initial-electrical-settle boundary=BEGIN stepRole=PRODUCTION_5_US declaredMaximumStepSeconds=5.00000000e-06 configuredMaximumStepSeconds=5.00000000e-06 actualCurrentStepSeconds=5.00000000e-06 observedMinimumStepSeconds=5.00000000e-06 observedMaximumStepSeconds=5.00000000e-06 minimumTimeStepSeconds=5.00000000e-11 adaptive=true
Q30_STEP_PROFILE seed=7 fault=SENSOR_A_OPEN profile=initial-electrical-settle boundary=END stepRole=PRODUCTION_5_US declaredMaximumStepSeconds=5.00000000e-06 configuredMaximumStepSeconds=5.00000000e-06 actualCurrentStepSeconds=5.00000000e-06 observedMinimumStepSeconds=5.00000000e-06 observedMaximumStepSeconds=5.00000000e-06 minimumTimeStepSeconds=5.00000000e-11 adaptive=true
Q30_STEP_PROFILE seed=7 fault=SENSOR_A_OPEN profile=healthy-preparation boundary=BEGIN stepRole=PRODUCTION_5_US declaredMaximumStepSeconds=5.00000000e-06 configuredMaximumStepSeconds=5.00000000e-06 actualCurrentStepSeconds=5.00000000e-06 observedMinimumStepSeconds=5.00000000e-06 observedMaximumStepSeconds=5.00000000e-06 minimumTimeStepSeconds=5.00000000e-11 adaptive=true
Q30_STEP_PROFILE seed=7 fault=SENSOR_A_OPEN profile=healthy-preparation boundary=END stepRole=PRODUCTION_5_US declaredMaximumStepSeconds=5.00000000e-06 configuredMaximumStepSeconds=5.00000000e-06 actualCurrentStepSeconds=5.00000000e-06 observedMinimumStepSeconds=5.00000000e-06 observedMaximumStepSeconds=5.00000000e-06 minimumTimeStepSeconds=5.00000000e-11 adaptive=true
Q30_STEP_PROFILE seed=7 fault=SENSOR_A_OPEN profile=fault-profile-preparation boundary=BEGIN stepRole=PRODUCTION_5_US declaredMaximumStepSeconds=5.00000000e-06 configuredMaximumStepSeconds=5.00000000e-06 actualCurrentStepSeconds=5.00000000e-06 observedMinimumStepSeconds=5.00000000e-06 observedMaximumStepSeconds=5.00000000e-06 minimumTimeStepSeconds=5.00000000e-11 adaptive=true
Q30_STEP_PROFILE seed=7 fault=SENSOR_A_OPEN profile=fault-profile-preparation boundary=END stepRole=PRODUCTION_5_US declaredMaximumStepSeconds=5.00000000e-06 configuredMaximumStepSeconds=5.00000000e-06 actualCurrentStepSeconds=5.00000000e-06 observedMinimumStepSeconds=5.00000000e-06 observedMaximumStepSeconds=5.00000000e-06 minimumTimeStepSeconds=5.00000000e-11 adaptive=true
Q30_STEP_PROFILE seed=7 fault=SENSOR_A_OPEN profile=faulted-four-input-profile boundary=BEGIN stepRole=PRODUCTION_5_US declaredMaximumStepSeconds=5.00000000e-06 configuredMaximumStepSeconds=5.00000000e-06 actualCurrentStepSeconds=5.00000000e-06 observedMinimumStepSeconds=5.00000000e-06 observedMaximumStepSeconds=5.00000000e-06 minimumTimeStepSeconds=5.00000000e-11 adaptive=true
Q30_STEP_PROFILE seed=7 fault=SENSOR_A_OPEN profile=faulted-four-input-profile boundary=END stepRole=PRODUCTION_5_US declaredMaximumStepSeconds=5.00000000e-06 configuredMaximumStepSeconds=5.00000000e-06 actualCurrentStepSeconds=5.00000000e-06 observedMinimumStepSeconds=5.00000000e-06 observedMaximumStepSeconds=5.00000000e-06 minimumTimeStepSeconds=5.00000000e-11 adaptive=true
Q30_STEP_PROFILE seed=7 fault=SENSOR_A_OPEN profile=unrepaired-customer-retest boundary=BEGIN stepRole=PRODUCTION_5_US declaredMaximumStepSeconds=5.00000000e-06 configuredMaximumStepSeconds=5.00000000e-06 actualCurrentStepSeconds=5.00000000e-06 observedMinimumStepSeconds=5.00000000e-06 observedMaximumStepSeconds=5.00000000e-06 minimumTimeStepSeconds=5.00000000e-11 adaptive=true
Q30_STEP_PROFILE seed=7 fault=SENSOR_A_OPEN profile=unrepaired-customer-retest boundary=END stepRole=PRODUCTION_5_US declaredMaximumStepSeconds=5.00000000e-06 configuredMaximumStepSeconds=5.00000000e-06 actualCurrentStepSeconds=5.00000000e-06 observedMinimumStepSeconds=5.00000000e-06 observedMaximumStepSeconds=5.00000000e-06 minimumTimeStepSeconds=5.00000000e-11 adaptive=true
Q30_STEP_PROFILE seed=7 fault=SENSOR_A_OPEN profile=service-power-off-wait boundary=BEGIN stepRole=PRODUCTION_5_US declaredMaximumStepSeconds=5.00000000e-06 configuredMaximumStepSeconds=5.00000000e-06 actualCurrentStepSeconds=5.00000000e-06 observedMinimumStepSeconds=5.00000000e-06 observedMaximumStepSeconds=5.00000000e-06 minimumTimeStepSeconds=5.00000000e-11 adaptive=true
Q30_STEP_PROFILE seed=7 fault=SENSOR_A_OPEN profile=service-power-off-wait boundary=END stepRole=PRODUCTION_5_US declaredMaximumStepSeconds=5.00000000e-06 configuredMaximumStepSeconds=5.00000000e-06 actualCurrentStepSeconds=5.00000000e-06 observedMinimumStepSeconds=5.00000000e-06 observedMaximumStepSeconds=5.00000000e-06 minimumTimeStepSeconds=5.00000000e-11 adaptive=true
Q30_STEP_PROFILE seed=7 fault=SENSOR_A_OPEN profile=reinstalled-original-customer-retest boundary=BEGIN stepRole=PRODUCTION_5_US declaredMaximumStepSeconds=5.00000000e-06 configuredMaximumStepSeconds=5.00000000e-06 actualCurrentStepSeconds=5.00000000e-06 observedMinimumStepSeconds=5.00000000e-06 observedMaximumStepSeconds=5.00000000e-06 minimumTimeStepSeconds=5.00000000e-11 adaptive=true
Q30_STEP_PROFILE seed=7 fault=SENSOR_A_OPEN profile=reinstalled-original-customer-retest boundary=END stepRole=PRODUCTION_5_US declaredMaximumStepSeconds=5.00000000e-06 configuredMaximumStepSeconds=5.00000000e-06 actualCurrentStepSeconds=5.00000000e-06 observedMinimumStepSeconds=5.00000000e-06 observedMaximumStepSeconds=5.00000000e-06 minimumTimeStepSeconds=5.00000000e-11 adaptive=true
Q30_STEP_PROFILE seed=7 fault=SENSOR_A_OPEN profile=service-power-off-wait boundary=BEGIN stepRole=PRODUCTION_5_US declaredMaximumStepSeconds=5.00000000e-06 configuredMaximumStepSeconds=5.00000000e-06 actualCurrentStepSeconds=5.00000000e-06 observedMinimumStepSeconds=5.00000000e-06 observedMaximumStepSeconds=5.00000000e-06 minimumTimeStepSeconds=5.00000000e-11 adaptive=true
Q30_STEP_PROFILE seed=7 fault=SENSOR_A_OPEN profile=service-power-off-wait boundary=END stepRole=PRODUCTION_5_US declaredMaximumStepSeconds=5.00000000e-06 configuredMaximumStepSeconds=5.00000000e-06 actualCurrentStepSeconds=5.00000000e-06 observedMinimumStepSeconds=5.00000000e-06 observedMaximumStepSeconds=5.00000000e-06 minimumTimeStepSeconds=5.00000000e-11 adaptive=true
Q30_STEP_PROFILE seed=7 fault=SENSOR_A_OPEN profile=repaired-customer-retest boundary=BEGIN stepRole=PRODUCTION_5_US declaredMaximumStepSeconds=5.00000000e-06 configuredMaximumStepSeconds=5.00000000e-06 actualCurrentStepSeconds=5.00000000e-06 observedMinimumStepSeconds=5.00000000e-06 observedMaximumStepSeconds=5.00000000e-06 minimumTimeStepSeconds=5.00000000e-11 adaptive=true
Q30_STEP_PROFILE seed=7 fault=SENSOR_A_OPEN profile=repaired-customer-retest boundary=END stepRole=PRODUCTION_5_US declaredMaximumStepSeconds=5.00000000e-06 configuredMaximumStepSeconds=5.00000000e-06 actualCurrentStepSeconds=5.00000000e-06 observedMinimumStepSeconds=5.00000000e-06 observedMaximumStepSeconds=5.00000000e-06 minimumTimeStepSeconds=5.00000000e-11 adaptive=true
Q30_STEP_OWNER_CLEANUP seed=7 fault=SENSOR_A_OPEN declaredMaximumStepSeconds=5.00000000e-06 stepRole=PRODUCTION_5_US cleanup=true elapsedMillis=0
Q30_STEP_PAIR seed=7 support=COMPACT_33 fault=SENSOR_A_OPEN referenceMaximumStepSeconds=2.50000000e-06 productionCandidateMaximumStepSeconds=5.00000000e-06 candidateKind=PRODUCTION_5_US maxDeltaVolts=4.94253527e-11 toleranceVolts=0.120012275 phase=customer-retest sample=SENSORS_HIGH/REN.2-J1.2 referenceElapsedMillis=15264 productionCandidateElapsedMillis=8079 referenceSimSeconds=1.16019250 productionCandidateSimSeconds=1.16036000 referenceCleanupMillis=0 productionCandidateCleanupMillis=0 cleanup=true
Q30_STEP_SEED seed=7 support=COMPACT_33 referenceMaximumStepSeconds=2.50000000e-06 productionCandidateMaximumStepSeconds=5.00000000e-06 candidateKind=PRODUCTION_5_US routeTopology=RB30_SEPARATE_DIRECT_A_BJT_B_BJT_COMPACT_33 routeAndPairsElapsedMillis=27819
Q30_STEP_OWNER_CLEANUP seed=7 fault=DREV_OPEN declaredMaximumStepSeconds=2.50000000e-06 stepRole=FINER_2_5_US_REFERENCE cleanup=true elapsedMillis=0
Q30_STEP_SEED_CLEANUP seed=7 cleanup=true elapsedMillis=0
PASS: Q30 production solver step sensitivity assertions=1704 seed=7 support=COMPACT_33 faults=1 referenceMaximumStepSeconds=2.50000000e-06 productionCandidateMaximumStepSeconds=5.00000000e-06 candidateKind=PRODUCTION_5_US elapsedMillis=27820

node 11 unconnected
converged after 25 iterations, timeStep = 2.5E-6
converged after 9 iterations, timeStep = 2.5E-6
node 11 unconnected
node 11 unconnected
converged after 10 iterations, timeStep = 2.5E-6
node 11 unconnected
converged after 10 iterations, timeStep = 2.5E-6
node 11 unconnected
converged after 9 iterations, timeStep = 2.5E-6
node 11 unconnected
converged after 10 iterations, timeStep = 2.5E-6
node 11 unconnected
converged after 10 iterations, timeStep = 2.5E-6
node 11 unconnected
converged after 10 iterations, timeStep = 2.5E-6
node 11 unconnected
node 11 unconnected
converged after 10 iterations, timeStep = 2.5E-6
node 11 unconnected
node 11 unconnected
converged after 10 iterations, timeStep = 2.5E-6
node 11 unconnected
node 11 unconnected
converged after 10 iterations, timeStep = 2.5E-6
node 11 unconnected
node 11 unconnected
converged after 10 iterations, timeStep = 2.5E-6
node 11 unconnected
node 11 unconnected
node 11 unconnected
node 11 unconnected
node 11 unconnected
node 11 unconnected
node 29 unconnected
node 31 unconnected
node 11 unconnected
node 11 unconnected
converged after 23 iterations, timeStep = 2.5E-6
converged after 7 iterations, timeStep = 2.5E-6
node 11 unconnected
node 11 unconnected
node 11 unconnected
converged after 10 iterations, timeStep = 2.5E-6
node 11 unconnected
node 11 unconnected
converged after 10 iterations, timeStep = 2.5E-6
node 11 unconnected
node 11 unconnected
node 11 unconnected
node 11 unconnected
node 11 unconnected
node 11 unconnected
node 29 unconnected
node 31 unconnected
node 11 unconnected
node 29 unconnected
node 31 unconnected
node 11 unconnected
node 29 unconnected
node 31 unconnected
converged after 23 iterations, timeStep = 2.5E-6
converged after 7 iterations, timeStep = 2.5E-6
node 11 unconnected
node 29 unconnected
node 31 unconnected
node 11 unconnected
node 29 unconnected
node 31 unconnected
converged after 10 iterations, timeStep = 2.5E-6
node 11 unconnected
node 29 unconnected
node 31 unconnected
converged after 10 iterations, timeStep = 2.5E-6
node 11 unconnected
node 29 unconnected
node 31 unconnected
converged after 9 iterations, timeStep = 2.5E-6
node 11 unconnected
converged after 25 iterations, timeStep = 5.0E-6
converged after 6 iterations, timeStep = 5.0E-6
node 11 unconnected
node 11 unconnected
converged after 16 iterations, timeStep = 5.0E-6
node 11 unconnected
converged after 19 iterations, timeStep = 5.0E-6
node 11 unconnected
converged after 19 iterations, timeStep = 5.0E-6
node 11 unconnected
converged after 10 iterations, timeStep = 5.0E-6
node 11 unconnected
converged after 16 iterations, timeStep = 5.0E-6
node 11 unconnected
converged after 10 iterations, timeStep = 5.0E-6
node 11 unconnected
node 11 unconnected
converged after 16 iterations, timeStep = 5.0E-6
node 11 unconnected
node 11 unconnected
converged after 10 iterations, timeStep = 5.0E-6
node 11 unconnected
node 11 unconnected
converged after 16 iterations, timeStep = 5.0E-6
node 11 unconnected
node 11 unconnected
converged after 10 iterations, timeStep = 5.0E-6
node 11 unconnected
node 11 unconnected
node 11 unconnected
node 11 unconnected
node 11 unconnected
node 11 unconnected
node 29 unconnected
node 31 unconnected
node 11 unconnected
node 11 unconnected
converged after 23 iterations, timeStep = 5.0E-6
node 11 unconnected
node 11 unconnected
node 11 unconnected
converged after 16 iterations, timeStep = 5.0E-6
node 11 unconnected
node 11 unconnected
converged after 10 iterations, timeStep = 5.0E-6
node 11 unconnected
node 11 unconnected
node 11 unconnected
node 11 unconnected
node 11 unconnected
node 11 unconnected
node 29 unconnected
node 31 unconnected
node 11 unconnected
node 29 unconnected
node 31 unconnected
node 11 unconnected
node 29 unconnected
node 31 unconnected
converged after 23 iterations, timeStep = 5.0E-6
node 11 unconnected
node 29 unconnected
node 31 unconnected
node 11 unconnected
node 29 unconnected
node 31 unconnected
converged after 16 iterations, timeStep = 5.0E-6
node 11 unconnected
node 29 unconnected
node 31 unconnected
converged after 19 iterations, timeStep = 5.0E-6
node 11 unconnected
node 29 unconnected
node 31 unconnected
converged after 19 iterations, timeStep = 5.0E-6

Q30_SENSITIVITY_CASE seed=7 fault=DRIVE_A_OPEN exit=0 termination=True qualified=True
Q30_STEP_PROFILE seed=7 fault=DRIVE_A_OPEN profile=initial-electrical-settle boundary=BEGIN stepRole=FINER_2_5_US_REFERENCE declaredMaximumStepSeconds=2.50000000e-06 configuredMaximumStepSeconds=2.50000000e-06 actualCurrentStepSeconds=2.50000000e-06 observedMinimumStepSeconds=2.50000000e-06 observedMaximumStepSeconds=2.50000000e-06 minimumTimeStepSeconds=5.00000000e-11 adaptive=true
Q30_STEP_PROFILE seed=7 fault=DRIVE_A_OPEN profile=initial-electrical-settle boundary=END stepRole=FINER_2_5_US_REFERENCE declaredMaximumStepSeconds=2.50000000e-06 configuredMaximumStepSeconds=2.50000000e-06 actualCurrentStepSeconds=2.50000000e-06 observedMinimumStepSeconds=2.50000000e-06 observedMaximumStepSeconds=2.50000000e-06 minimumTimeStepSeconds=5.00000000e-11 adaptive=true
Q30_STEP_PROFILE seed=7 fault=DRIVE_A_OPEN profile=healthy-preparation boundary=BEGIN stepRole=FINER_2_5_US_REFERENCE declaredMaximumStepSeconds=2.50000000e-06 configuredMaximumStepSeconds=2.50000000e-06 actualCurrentStepSeconds=2.50000000e-06 observedMinimumStepSeconds=2.50000000e-06 observedMaximumStepSeconds=2.50000000e-06 minimumTimeStepSeconds=5.00000000e-11 adaptive=true
Q30_STEP_PROFILE seed=7 fault=DRIVE_A_OPEN profile=healthy-preparation boundary=END stepRole=FINER_2_5_US_REFERENCE declaredMaximumStepSeconds=2.50000000e-06 configuredMaximumStepSeconds=2.50000000e-06 actualCurrentStepSeconds=2.50000000e-06 observedMinimumStepSeconds=2.50000000e-06 observedMaximumStepSeconds=2.50000000e-06 minimumTimeStepSeconds=5.00000000e-11 adaptive=true
Q30_STEP_PROFILE seed=7 fault=DRIVE_A_OPEN profile=fault-profile-preparation boundary=BEGIN stepRole=FINER_2_5_US_REFERENCE declaredMaximumStepSeconds=2.50000000e-06 configuredMaximumStepSeconds=2.50000000e-06 actualCurrentStepSeconds=2.50000000e-06 observedMinimumStepSeconds=2.50000000e-06 observedMaximumStepSeconds=2.50000000e-06 minimumTimeStepSeconds=5.00000000e-11 adaptive=true
Q30_STEP_PROFILE seed=7 fault=DRIVE_A_OPEN profile=fault-profile-preparation boundary=END stepRole=FINER_2_5_US_REFERENCE declaredMaximumStepSeconds=2.50000000e-06 configuredMaximumStepSeconds=2.50000000e-06 actualCurrentStepSeconds=2.50000000e-06 observedMinimumStepSeconds=2.50000000e-06 observedMaximumStepSeconds=2.50000000e-06 minimumTimeStepSeconds=5.00000000e-11 adaptive=true
Q30_STEP_PROFILE seed=7 fault=DRIVE_A_OPEN profile=faulted-four-input-profile boundary=BEGIN stepRole=FINER_2_5_US_REFERENCE declaredMaximumStepSeconds=2.50000000e-06 configuredMaximumStepSeconds=2.50000000e-06 actualCurrentStepSeconds=2.50000000e-06 observedMinimumStepSeconds=2.50000000e-06 observedMaximumStepSeconds=2.50000000e-06 minimumTimeStepSeconds=5.00000000e-11 adaptive=true
Q30_STEP_PROFILE seed=7 fault=DRIVE_A_OPEN profile=faulted-four-input-profile boundary=END stepRole=FINER_2_5_US_REFERENCE declaredMaximumStepSeconds=2.50000000e-06 configuredMaximumStepSeconds=2.50000000e-06 actualCurrentStepSeconds=2.50000000e-06 observedMinimumStepSeconds=2.50000000e-06 observedMaximumStepSeconds=2.50000000e-06 minimumTimeStepSeconds=5.00000000e-11 adaptive=true
Q30_STEP_PROFILE seed=7 fault=DRIVE_A_OPEN profile=unrepaired-customer-retest boundary=BEGIN stepRole=FINER_2_5_US_REFERENCE declaredMaximumStepSeconds=2.50000000e-06 configuredMaximumStepSeconds=2.50000000e-06 actualCurrentStepSeconds=2.50000000e-06 observedMinimumStepSeconds=2.50000000e-06 observedMaximumStepSeconds=2.50000000e-06 minimumTimeStepSeconds=5.00000000e-11 adaptive=true
Q30_STEP_PROFILE seed=7 fault=DRIVE_A_OPEN profile=unrepaired-customer-retest boundary=END stepRole=FINER_2_5_US_REFERENCE declaredMaximumStepSeconds=2.50000000e-06 configuredMaximumStepSeconds=2.50000000e-06 actualCurrentStepSeconds=2.50000000e-06 observedMinimumStepSeconds=2.50000000e-06 observedMaximumStepSeconds=2.50000000e-06 minimumTimeStepSeconds=5.00000000e-11 adaptive=true
Q30_STEP_PROFILE seed=7 fault=DRIVE_A_OPEN profile=service-power-off-wait boundary=BEGIN stepRole=FINER_2_5_US_REFERENCE declaredMaximumStepSeconds=2.50000000e-06 configuredMaximumStepSeconds=2.50000000e-06 actualCurrentStepSeconds=2.50000000e-06 observedMinimumStepSeconds=2.50000000e-06 observedMaximumStepSeconds=2.50000000e-06 minimumTimeStepSeconds=5.00000000e-11 adaptive=true
Q30_STEP_PROFILE seed=7 fault=DRIVE_A_OPEN profile=service-power-off-wait boundary=END stepRole=FINER_2_5_US_REFERENCE declaredMaximumStepSeconds=2.50000000e-06 configuredMaximumStepSeconds=2.50000000e-06 actualCurrentStepSeconds=2.50000000e-06 observedMinimumStepSeconds=2.50000000e-06 observedMaximumStepSeconds=2.50000000e-06 minimumTimeStepSeconds=5.00000000e-11 adaptive=true
Q30_STEP_PROFILE seed=7 fault=DRIVE_A_OPEN profile=reinstalled-original-customer-retest boundary=BEGIN stepRole=FINER_2_5_US_REFERENCE declaredMaximumStepSeconds=2.50000000e-06 configuredMaximumStepSeconds=2.50000000e-06 actualCurrentStepSeconds=2.50000000e-06 observedMinimumStepSeconds=2.50000000e-06 observedMaximumStepSeconds=2.50000000e-06 minimumTimeStepSeconds=5.00000000e-11 adaptive=true
Q30_STEP_PROFILE seed=7 fault=DRIVE_A_OPEN profile=reinstalled-original-customer-retest boundary=END stepRole=FINER_2_5_US_REFERENCE declaredMaximumStepSeconds=2.50000000e-06 configuredMaximumStepSeconds=2.50000000e-06 actualCurrentStepSeconds=2.50000000e-06 observedMinimumStepSeconds=2.50000000e-06 observedMaximumStepSeconds=2.50000000e-06 minimumTimeStepSeconds=5.00000000e-11 adaptive=true
Q30_STEP_PROFILE seed=7 fault=DRIVE_A_OPEN profile=service-power-off-wait boundary=BEGIN stepRole=FINER_2_5_US_REFERENCE declaredMaximumStepSeconds=2.50000000e-06 configuredMaximumStepSeconds=2.50000000e-06 actualCurrentStepSeconds=2.50000000e-06 observedMinimumStepSeconds=2.50000000e-06 observedMaximumStepSeconds=2.50000000e-06 minimumTimeStepSeconds=5.00000000e-11 adaptive=true
Q30_STEP_PROFILE seed=7 fault=DRIVE_A_OPEN profile=service-power-off-wait boundary=END stepRole=FINER_2_5_US_REFERENCE declaredMaximumStepSeconds=2.50000000e-06 configuredMaximumStepSeconds=2.50000000e-06 actualCurrentStepSeconds=2.50000000e-06 observedMinimumStepSeconds=2.50000000e-06 observedMaximumStepSeconds=2.50000000e-06 minimumTimeStepSeconds=5.00000000e-11 adaptive=true
Q30_STEP_PROFILE seed=7 fault=DRIVE_A_OPEN profile=repaired-customer-retest boundary=BEGIN stepRole=FINER_2_5_US_REFERENCE declaredMaximumStepSeconds=2.50000000e-06 configuredMaximumStepSeconds=2.50000000e-06 actualCurrentStepSeconds=2.50000000e-06 observedMinimumStepSeconds=2.50000000e-06 observedMaximumStepSeconds=2.50000000e-06 minimumTimeStepSeconds=5.00000000e-11 adaptive=true
Q30_STEP_PROFILE seed=7 fault=DRIVE_A_OPEN profile=repaired-customer-retest boundary=END stepRole=FINER_2_5_US_REFERENCE declaredMaximumStepSeconds=2.50000000e-06 configuredMaximumStepSeconds=2.50000000e-06 actualCurrentStepSeconds=2.50000000e-06 observedMinimumStepSeconds=2.50000000e-06 observedMaximumStepSeconds=2.50000000e-06 minimumTimeStepSeconds=5.00000000e-11 adaptive=true
Q30_STEP_OWNER_CLEANUP seed=7 fault=DRIVE_A_OPEN declaredMaximumStepSeconds=2.50000000e-06 stepRole=FINER_2_5_US_REFERENCE cleanup=true elapsedMillis=0
Q30_STEP_PROFILE seed=7 fault=DRIVE_A_OPEN profile=initial-electrical-settle boundary=BEGIN stepRole=PRODUCTION_5_US declaredMaximumStepSeconds=5.00000000e-06 configuredMaximumStepSeconds=5.00000000e-06 actualCurrentStepSeconds=5.00000000e-06 observedMinimumStepSeconds=5.00000000e-06 observedMaximumStepSeconds=5.00000000e-06 minimumTimeStepSeconds=5.00000000e-11 adaptive=true
Q30_STEP_PROFILE seed=7 fault=DRIVE_A_OPEN profile=initial-electrical-settle boundary=END stepRole=PRODUCTION_5_US declaredMaximumStepSeconds=5.00000000e-06 configuredMaximumStepSeconds=5.00000000e-06 actualCurrentStepSeconds=5.00000000e-06 observedMinimumStepSeconds=5.00000000e-06 observedMaximumStepSeconds=5.00000000e-06 minimumTimeStepSeconds=5.00000000e-11 adaptive=true
Q30_STEP_PROFILE seed=7 fault=DRIVE_A_OPEN profile=healthy-preparation boundary=BEGIN stepRole=PRODUCTION_5_US declaredMaximumStepSeconds=5.00000000e-06 configuredMaximumStepSeconds=5.00000000e-06 actualCurrentStepSeconds=5.00000000e-06 observedMinimumStepSeconds=5.00000000e-06 observedMaximumStepSeconds=5.00000000e-06 minimumTimeStepSeconds=5.00000000e-11 adaptive=true
Q30_STEP_PROFILE seed=7 fault=DRIVE_A_OPEN profile=healthy-preparation boundary=END stepRole=PRODUCTION_5_US declaredMaximumStepSeconds=5.00000000e-06 configuredMaximumStepSeconds=5.00000000e-06 actualCurrentStepSeconds=5.00000000e-06 observedMinimumStepSeconds=5.00000000e-06 observedMaximumStepSeconds=5.00000000e-06 minimumTimeStepSeconds=5.00000000e-11 adaptive=true
Q30_STEP_PROFILE seed=7 fault=DRIVE_A_OPEN profile=fault-profile-preparation boundary=BEGIN stepRole=PRODUCTION_5_US declaredMaximumStepSeconds=5.00000000e-06 configuredMaximumStepSeconds=5.00000000e-06 actualCurrentStepSeconds=5.00000000e-06 observedMinimumStepSeconds=5.00000000e-06 observedMaximumStepSeconds=5.00000000e-06 minimumTimeStepSeconds=5.00000000e-11 adaptive=true
Q30_STEP_PROFILE seed=7 fault=DRIVE_A_OPEN profile=fault-profile-preparation boundary=END stepRole=PRODUCTION_5_US declaredMaximumStepSeconds=5.00000000e-06 configuredMaximumStepSeconds=5.00000000e-06 actualCurrentStepSeconds=5.00000000e-06 observedMinimumStepSeconds=5.00000000e-06 observedMaximumStepSeconds=5.00000000e-06 minimumTimeStepSeconds=5.00000000e-11 adaptive=true
Q30_STEP_PROFILE seed=7 fault=DRIVE_A_OPEN profile=faulted-four-input-profile boundary=BEGIN stepRole=PRODUCTION_5_US declaredMaximumStepSeconds=5.00000000e-06 configuredMaximumStepSeconds=5.00000000e-06 actualCurrentStepSeconds=5.00000000e-06 observedMinimumStepSeconds=5.00000000e-06 observedMaximumStepSeconds=5.00000000e-06 minimumTimeStepSeconds=5.00000000e-11 adaptive=true
Q30_STEP_PROFILE seed=7 fault=DRIVE_A_OPEN profile=faulted-four-input-profile boundary=END stepRole=PRODUCTION_5_US declaredMaximumStepSeconds=5.00000000e-06 configuredMaximumStepSeconds=5.00000000e-06 actualCurrentStepSeconds=5.00000000e-06 observedMinimumStepSeconds=5.00000000e-06 observedMaximumStepSeconds=5.00000000e-06 minimumTimeStepSeconds=5.00000000e-11 adaptive=true
Q30_STEP_PROFILE seed=7 fault=DRIVE_A_OPEN profile=unrepaired-customer-retest boundary=BEGIN stepRole=PRODUCTION_5_US declaredMaximumStepSeconds=5.00000000e-06 configuredMaximumStepSeconds=5.00000000e-06 actualCurrentStepSeconds=5.00000000e-06 observedMinimumStepSeconds=5.00000000e-06 observedMaximumStepSeconds=5.00000000e-06 minimumTimeStepSeconds=5.00000000e-11 adaptive=true
Q30_STEP_PROFILE seed=7 fault=DRIVE_A_OPEN profile=unrepaired-customer-retest boundary=END stepRole=PRODUCTION_5_US declaredMaximumStepSeconds=5.00000000e-06 configuredMaximumStepSeconds=5.00000000e-06 actualCurrentStepSeconds=5.00000000e-06 observedMinimumStepSeconds=5.00000000e-06 observedMaximumStepSeconds=5.00000000e-06 minimumTimeStepSeconds=5.00000000e-11 adaptive=true
Q30_STEP_PROFILE seed=7 fault=DRIVE_A_OPEN profile=service-power-off-wait boundary=BEGIN stepRole=PRODUCTION_5_US declaredMaximumStepSeconds=5.00000000e-06 configuredMaximumStepSeconds=5.00000000e-06 actualCurrentStepSeconds=5.00000000e-06 observedMinimumStepSeconds=5.00000000e-06 observedMaximumStepSeconds=5.00000000e-06 minimumTimeStepSeconds=5.00000000e-11 adaptive=true
Q30_STEP_PROFILE seed=7 fault=DRIVE_A_OPEN profile=service-power-off-wait boundary=END stepRole=PRODUCTION_5_US declaredMaximumStepSeconds=5.00000000e-06 configuredMaximumStepSeconds=5.00000000e-06 actualCurrentStepSeconds=5.00000000e-06 observedMinimumStepSeconds=5.00000000e-06 observedMaximumStepSeconds=5.00000000e-06 minimumTimeStepSeconds=5.00000000e-11 adaptive=true
Q30_STEP_PROFILE seed=7 fault=DRIVE_A_OPEN profile=reinstalled-original-customer-retest boundary=BEGIN stepRole=PRODUCTION_5_US declaredMaximumStepSeconds=5.00000000e-06 configuredMaximumStepSeconds=5.00000000e-06 actualCurrentStepSeconds=5.00000000e-06 observedMinimumStepSeconds=5.00000000e-06 observedMaximumStepSeconds=5.00000000e-06 minimumTimeStepSeconds=5.00000000e-11 adaptive=true
Q30_STEP_PROFILE seed=7 fault=DRIVE_A_OPEN profile=reinstalled-original-customer-retest boundary=END stepRole=PRODUCTION_5_US declaredMaximumStepSeconds=5.00000000e-06 configuredMaximumStepSeconds=5.00000000e-06 actualCurrentStepSeconds=5.00000000e-06 observedMinimumStepSeconds=5.00000000e-06 observedMaximumStepSeconds=5.00000000e-06 minimumTimeStepSeconds=5.00000000e-11 adaptive=true
Q30_STEP_PROFILE seed=7 fault=DRIVE_A_OPEN profile=service-power-off-wait boundary=BEGIN stepRole=PRODUCTION_5_US declaredMaximumStepSeconds=5.00000000e-06 configuredMaximumStepSeconds=5.00000000e-06 actualCurrentStepSeconds=5.00000000e-06 observedMinimumStepSeconds=5.00000000e-06 observedMaximumStepSeconds=5.00000000e-06 minimumTimeStepSeconds=5.00000000e-11 adaptive=true
Q30_STEP_PROFILE seed=7 fault=DRIVE_A_OPEN profile=service-power-off-wait boundary=END stepRole=PRODUCTION_5_US declaredMaximumStepSeconds=5.00000000e-06 configuredMaximumStepSeconds=5.00000000e-06 actualCurrentStepSeconds=5.00000000e-06 observedMinimumStepSeconds=5.00000000e-06 observedMaximumStepSeconds=5.00000000e-06 minimumTimeStepSeconds=5.00000000e-11 adaptive=true
Q30_STEP_PROFILE seed=7 fault=DRIVE_A_OPEN profile=repaired-customer-retest boundary=BEGIN stepRole=PRODUCTION_5_US declaredMaximumStepSeconds=5.00000000e-06 configuredMaximumStepSeconds=5.00000000e-06 actualCurrentStepSeconds=5.00000000e-06 observedMinimumStepSeconds=5.00000000e-06 observedMaximumStepSeconds=5.00000000e-06 minimumTimeStepSeconds=5.00000000e-11 adaptive=true
Q30_STEP_PROFILE seed=7 fault=DRIVE_A_OPEN profile=repaired-customer-retest boundary=END stepRole=PRODUCTION_5_US declaredMaximumStepSeconds=5.00000000e-06 configuredMaximumStepSeconds=5.00000000e-06 actualCurrentStepSeconds=5.00000000e-06 observedMinimumStepSeconds=5.00000000e-06 observedMaximumStepSeconds=5.00000000e-06 minimumTimeStepSeconds=5.00000000e-11 adaptive=true
Q30_STEP_OWNER_CLEANUP seed=7 fault=DRIVE_A_OPEN declaredMaximumStepSeconds=5.00000000e-06 stepRole=PRODUCTION_5_US cleanup=true elapsedMillis=0
Q30_STEP_PAIR seed=7 support=COMPACT_33 fault=DRIVE_A_OPEN referenceMaximumStepSeconds=2.50000000e-06 productionCandidateMaximumStepSeconds=5.00000000e-06 candidateKind=PRODUCTION_5_US maxDeltaVolts=2.71977996e-11 toleranceVolts=0.120012275 phase=customer-retest sample=SENSORS_HIGH/REN.2-J1.2 referenceElapsedMillis=15794 productionCandidateElapsedMillis=8184 referenceSimSeconds=1.16019250 productionCandidateSimSeconds=1.16036000 referenceCleanupMillis=0 productionCandidateCleanupMillis=0 cleanup=true
Q30_STEP_SEED seed=7 support=COMPACT_33 referenceMaximumStepSeconds=2.50000000e-06 productionCandidateMaximumStepSeconds=5.00000000e-06 candidateKind=PRODUCTION_5_US routeTopology=RB30_SEPARATE_DIRECT_A_BJT_B_BJT_COMPACT_33 routeAndPairsElapsedMillis=28503
Q30_STEP_OWNER_CLEANUP seed=7 fault=DREV_OPEN declaredMaximumStepSeconds=2.50000000e-06 stepRole=FINER_2_5_US_REFERENCE cleanup=true elapsedMillis=0
Q30_STEP_SEED_CLEANUP seed=7 cleanup=true elapsedMillis=0
PASS: Q30 production solver step sensitivity assertions=1704 seed=7 support=COMPACT_33 faults=1 referenceMaximumStepSeconds=2.50000000e-06 productionCandidateMaximumStepSeconds=5.00000000e-06 candidateKind=PRODUCTION_5_US elapsedMillis=28503

node 11 unconnected
converged after 25 iterations, timeStep = 2.5E-6
converged after 9 iterations, timeStep = 2.5E-6
node 11 unconnected
node 11 unconnected
converged after 10 iterations, timeStep = 2.5E-6
node 11 unconnected
converged after 10 iterations, timeStep = 2.5E-6
node 11 unconnected
converged after 9 iterations, timeStep = 2.5E-6
node 11 unconnected
converged after 10 iterations, timeStep = 2.5E-6
node 11 unconnected
converged after 10 iterations, timeStep = 2.5E-6
node 11 unconnected
converged after 10 iterations, timeStep = 2.5E-6
node 11 unconnected
node 11 unconnected
converged after 10 iterations, timeStep = 2.5E-6
node 11 unconnected
node 11 unconnected
converged after 10 iterations, timeStep = 2.5E-6
node 11 unconnected
node 11 unconnected
converged after 10 iterations, timeStep = 2.5E-6
node 11 unconnected
node 11 unconnected
converged after 10 iterations, timeStep = 2.5E-6
node 11 unconnected
node 11 unconnected
node 11 unconnected
node 11 unconnected
node 11 unconnected
node 11 unconnected
node 38 unconnected
node 41 unconnected
node 11 unconnected
node 11 unconnected
converged after 23 iterations, timeStep = 2.5E-6
converged after 7 iterations, timeStep = 2.5E-6
node 11 unconnected
node 11 unconnected
node 11 unconnected
converged after 10 iterations, timeStep = 2.5E-6
node 11 unconnected
node 11 unconnected
converged after 10 iterations, timeStep = 2.5E-6
node 11 unconnected
node 11 unconnected
node 11 unconnected
node 11 unconnected
node 11 unconnected
node 11 unconnected
node 38 unconnected
node 41 unconnected
node 11 unconnected
node 38 unconnected
node 41 unconnected
node 11 unconnected
node 38 unconnected
node 41 unconnected
converged after 23 iterations, timeStep = 2.5E-6
converged after 7 iterations, timeStep = 2.5E-6
node 11 unconnected
node 38 unconnected
node 41 unconnected
node 11 unconnected
node 38 unconnected
node 41 unconnected
converged after 10 iterations, timeStep = 2.5E-6
node 11 unconnected
node 38 unconnected
node 41 unconnected
converged after 10 iterations, timeStep = 2.5E-6
node 11 unconnected
node 38 unconnected
node 41 unconnected
converged after 9 iterations, timeStep = 2.5E-6
node 11 unconnected
converged after 25 iterations, timeStep = 5.0E-6
converged after 6 iterations, timeStep = 5.0E-6
node 11 unconnected
node 11 unconnected
converged after 16 iterations, timeStep = 5.0E-6
node 11 unconnected
converged after 19 iterations, timeStep = 5.0E-6
node 11 unconnected
converged after 19 iterations, timeStep = 5.0E-6
node 11 unconnected
converged after 10 iterations, timeStep = 5.0E-6
node 11 unconnected
converged after 16 iterations, timeStep = 5.0E-6
node 11 unconnected
converged after 10 iterations, timeStep = 5.0E-6
node 11 unconnected
node 11 unconnected
converged after 16 iterations, timeStep = 5.0E-6
node 11 unconnected
node 11 unconnected
converged after 10 iterations, timeStep = 5.0E-6
node 11 unconnected
node 11 unconnected
converged after 16 iterations, timeStep = 5.0E-6
node 11 unconnected
node 11 unconnected
converged after 10 iterations, timeStep = 5.0E-6
node 11 unconnected
node 11 unconnected
node 11 unconnected
node 11 unconnected
node 11 unconnected
node 11 unconnected
node 38 unconnected
node 41 unconnected
node 11 unconnected
node 11 unconnected
converged after 23 iterations, timeStep = 5.0E-6
node 11 unconnected
node 11 unconnected
node 11 unconnected
converged after 16 iterations, timeStep = 5.0E-6
node 11 unconnected
node 11 unconnected
converged after 10 iterations, timeStep = 5.0E-6
node 11 unconnected
node 11 unconnected
node 11 unconnected
node 11 unconnected
node 11 unconnected
node 11 unconnected
node 38 unconnected
node 41 unconnected
node 11 unconnected
node 38 unconnected
node 41 unconnected
node 11 unconnected
node 38 unconnected
node 41 unconnected
converged after 23 iterations, timeStep = 5.0E-6
node 11 unconnected
node 38 unconnected
node 41 unconnected
node 11 unconnected
node 38 unconnected
node 41 unconnected
converged after 16 iterations, timeStep = 5.0E-6
node 11 unconnected
node 38 unconnected
node 41 unconnected
converged after 19 iterations, timeStep = 5.0E-6
node 11 unconnected
node 38 unconnected
node 41 unconnected
converged after 19 iterations, timeStep = 5.0E-6

Q30_SENSITIVITY_CASE seed=7 fault=RELAY_B_COIL_OPEN exit=0 termination=True qualified=True
Q30_STEP_PROFILE seed=7 fault=RELAY_B_COIL_OPEN profile=initial-electrical-settle boundary=BEGIN stepRole=FINER_2_5_US_REFERENCE declaredMaximumStepSeconds=2.50000000e-06 configuredMaximumStepSeconds=2.50000000e-06 actualCurrentStepSeconds=2.50000000e-06 observedMinimumStepSeconds=2.50000000e-06 observedMaximumStepSeconds=2.50000000e-06 minimumTimeStepSeconds=5.00000000e-11 adaptive=true
Q30_STEP_PROFILE seed=7 fault=RELAY_B_COIL_OPEN profile=initial-electrical-settle boundary=END stepRole=FINER_2_5_US_REFERENCE declaredMaximumStepSeconds=2.50000000e-06 configuredMaximumStepSeconds=2.50000000e-06 actualCurrentStepSeconds=2.50000000e-06 observedMinimumStepSeconds=2.50000000e-06 observedMaximumStepSeconds=2.50000000e-06 minimumTimeStepSeconds=5.00000000e-11 adaptive=true
Q30_STEP_PROFILE seed=7 fault=RELAY_B_COIL_OPEN profile=healthy-preparation boundary=BEGIN stepRole=FINER_2_5_US_REFERENCE declaredMaximumStepSeconds=2.50000000e-06 configuredMaximumStepSeconds=2.50000000e-06 actualCurrentStepSeconds=2.50000000e-06 observedMinimumStepSeconds=2.50000000e-06 observedMaximumStepSeconds=2.50000000e-06 minimumTimeStepSeconds=5.00000000e-11 adaptive=true
Q30_STEP_PROFILE seed=7 fault=RELAY_B_COIL_OPEN profile=healthy-preparation boundary=END stepRole=FINER_2_5_US_REFERENCE declaredMaximumStepSeconds=2.50000000e-06 configuredMaximumStepSeconds=2.50000000e-06 actualCurrentStepSeconds=2.50000000e-06 observedMinimumStepSeconds=2.50000000e-06 observedMaximumStepSeconds=2.50000000e-06 minimumTimeStepSeconds=5.00000000e-11 adaptive=true
Q30_STEP_PROFILE seed=7 fault=RELAY_B_COIL_OPEN profile=fault-profile-preparation boundary=BEGIN stepRole=FINER_2_5_US_REFERENCE declaredMaximumStepSeconds=2.50000000e-06 configuredMaximumStepSeconds=2.50000000e-06 actualCurrentStepSeconds=2.50000000e-06 observedMinimumStepSeconds=2.50000000e-06 observedMaximumStepSeconds=2.50000000e-06 minimumTimeStepSeconds=5.00000000e-11 adaptive=true
Q30_STEP_PROFILE seed=7 fault=RELAY_B_COIL_OPEN profile=fault-profile-preparation boundary=END stepRole=FINER_2_5_US_REFERENCE declaredMaximumStepSeconds=2.50000000e-06 configuredMaximumStepSeconds=2.50000000e-06 actualCurrentStepSeconds=2.50000000e-06 observedMinimumStepSeconds=2.50000000e-06 observedMaximumStepSeconds=2.50000000e-06 minimumTimeStepSeconds=5.00000000e-11 adaptive=true
Q30_STEP_PROFILE seed=7 fault=RELAY_B_COIL_OPEN profile=faulted-four-input-profile boundary=BEGIN stepRole=FINER_2_5_US_REFERENCE declaredMaximumStepSeconds=2.50000000e-06 configuredMaximumStepSeconds=2.50000000e-06 actualCurrentStepSeconds=2.50000000e-06 observedMinimumStepSeconds=2.50000000e-06 observedMaximumStepSeconds=2.50000000e-06 minimumTimeStepSeconds=5.00000000e-11 adaptive=true
Q30_STEP_PROFILE seed=7 fault=RELAY_B_COIL_OPEN profile=faulted-four-input-profile boundary=END stepRole=FINER_2_5_US_REFERENCE declaredMaximumStepSeconds=2.50000000e-06 configuredMaximumStepSeconds=2.50000000e-06 actualCurrentStepSeconds=2.50000000e-06 observedMinimumStepSeconds=2.50000000e-06 observedMaximumStepSeconds=2.50000000e-06 minimumTimeStepSeconds=5.00000000e-11 adaptive=true
Q30_STEP_PROFILE seed=7 fault=RELAY_B_COIL_OPEN profile=unrepaired-customer-retest boundary=BEGIN stepRole=FINER_2_5_US_REFERENCE declaredMaximumStepSeconds=2.50000000e-06 configuredMaximumStepSeconds=2.50000000e-06 actualCurrentStepSeconds=2.50000000e-06 observedMinimumStepSeconds=2.50000000e-06 observedMaximumStepSeconds=2.50000000e-06 minimumTimeStepSeconds=5.00000000e-11 adaptive=true
Q30_STEP_PROFILE seed=7 fault=RELAY_B_COIL_OPEN profile=unrepaired-customer-retest boundary=END stepRole=FINER_2_5_US_REFERENCE declaredMaximumStepSeconds=2.50000000e-06 configuredMaximumStepSeconds=2.50000000e-06 actualCurrentStepSeconds=2.50000000e-06 observedMinimumStepSeconds=2.50000000e-06 observedMaximumStepSeconds=2.50000000e-06 minimumTimeStepSeconds=5.00000000e-11 adaptive=true
Q30_STEP_PROFILE seed=7 fault=RELAY_B_COIL_OPEN profile=service-power-off-wait boundary=BEGIN stepRole=FINER_2_5_US_REFERENCE declaredMaximumStepSeconds=2.50000000e-06 configuredMaximumStepSeconds=2.50000000e-06 actualCurrentStepSeconds=2.50000000e-06 observedMinimumStepSeconds=2.50000000e-06 observedMaximumStepSeconds=2.50000000e-06 minimumTimeStepSeconds=5.00000000e-11 adaptive=true
Q30_STEP_PROFILE seed=7 fault=RELAY_B_COIL_OPEN profile=service-power-off-wait boundary=END stepRole=FINER_2_5_US_REFERENCE declaredMaximumStepSeconds=2.50000000e-06 configuredMaximumStepSeconds=2.50000000e-06 actualCurrentStepSeconds=2.50000000e-06 observedMinimumStepSeconds=2.50000000e-06 observedMaximumStepSeconds=2.50000000e-06 minimumTimeStepSeconds=5.00000000e-11 adaptive=true
Q30_STEP_PROFILE seed=7 fault=RELAY_B_COIL_OPEN profile=reinstalled-original-customer-retest boundary=BEGIN stepRole=FINER_2_5_US_REFERENCE declaredMaximumStepSeconds=2.50000000e-06 configuredMaximumStepSeconds=2.50000000e-06 actualCurrentStepSeconds=2.50000000e-06 observedMinimumStepSeconds=2.50000000e-06 observedMaximumStepSeconds=2.50000000e-06 minimumTimeStepSeconds=5.00000000e-11 adaptive=true
Q30_STEP_PROFILE seed=7 fault=RELAY_B_COIL_OPEN profile=reinstalled-original-customer-retest boundary=END stepRole=FINER_2_5_US_REFERENCE declaredMaximumStepSeconds=2.50000000e-06 configuredMaximumStepSeconds=2.50000000e-06 actualCurrentStepSeconds=2.50000000e-06 observedMinimumStepSeconds=2.50000000e-06 observedMaximumStepSeconds=2.50000000e-06 minimumTimeStepSeconds=5.00000000e-11 adaptive=true
Q30_STEP_PROFILE seed=7 fault=RELAY_B_COIL_OPEN profile=service-power-off-wait boundary=BEGIN stepRole=FINER_2_5_US_REFERENCE declaredMaximumStepSeconds=2.50000000e-06 configuredMaximumStepSeconds=2.50000000e-06 actualCurrentStepSeconds=2.50000000e-06 observedMinimumStepSeconds=2.50000000e-06 observedMaximumStepSeconds=2.50000000e-06 minimumTimeStepSeconds=5.00000000e-11 adaptive=true
Q30_STEP_PROFILE seed=7 fault=RELAY_B_COIL_OPEN profile=service-power-off-wait boundary=END stepRole=FINER_2_5_US_REFERENCE declaredMaximumStepSeconds=2.50000000e-06 configuredMaximumStepSeconds=2.50000000e-06 actualCurrentStepSeconds=2.50000000e-06 observedMinimumStepSeconds=2.50000000e-06 observedMaximumStepSeconds=2.50000000e-06 minimumTimeStepSeconds=5.00000000e-11 adaptive=true
Q30_STEP_PROFILE seed=7 fault=RELAY_B_COIL_OPEN profile=repaired-customer-retest boundary=BEGIN stepRole=FINER_2_5_US_REFERENCE declaredMaximumStepSeconds=2.50000000e-06 configuredMaximumStepSeconds=2.50000000e-06 actualCurrentStepSeconds=2.50000000e-06 observedMinimumStepSeconds=2.50000000e-06 observedMaximumStepSeconds=2.50000000e-06 minimumTimeStepSeconds=5.00000000e-11 adaptive=true
Q30_STEP_PROFILE seed=7 fault=RELAY_B_COIL_OPEN profile=repaired-customer-retest boundary=END stepRole=FINER_2_5_US_REFERENCE declaredMaximumStepSeconds=2.50000000e-06 configuredMaximumStepSeconds=2.50000000e-06 actualCurrentStepSeconds=2.50000000e-06 observedMinimumStepSeconds=2.50000000e-06 observedMaximumStepSeconds=2.50000000e-06 minimumTimeStepSeconds=5.00000000e-11 adaptive=true
Q30_STEP_OWNER_CLEANUP seed=7 fault=RELAY_B_COIL_OPEN declaredMaximumStepSeconds=2.50000000e-06 stepRole=FINER_2_5_US_REFERENCE cleanup=true elapsedMillis=0
Q30_STEP_PROFILE seed=7 fault=RELAY_B_COIL_OPEN profile=initial-electrical-settle boundary=BEGIN stepRole=PRODUCTION_5_US declaredMaximumStepSeconds=5.00000000e-06 configuredMaximumStepSeconds=5.00000000e-06 actualCurrentStepSeconds=5.00000000e-06 observedMinimumStepSeconds=5.00000000e-06 observedMaximumStepSeconds=5.00000000e-06 minimumTimeStepSeconds=5.00000000e-11 adaptive=true
Q30_STEP_PROFILE seed=7 fault=RELAY_B_COIL_OPEN profile=initial-electrical-settle boundary=END stepRole=PRODUCTION_5_US declaredMaximumStepSeconds=5.00000000e-06 configuredMaximumStepSeconds=5.00000000e-06 actualCurrentStepSeconds=5.00000000e-06 observedMinimumStepSeconds=5.00000000e-06 observedMaximumStepSeconds=5.00000000e-06 minimumTimeStepSeconds=5.00000000e-11 adaptive=true
Q30_STEP_PROFILE seed=7 fault=RELAY_B_COIL_OPEN profile=healthy-preparation boundary=BEGIN stepRole=PRODUCTION_5_US declaredMaximumStepSeconds=5.00000000e-06 configuredMaximumStepSeconds=5.00000000e-06 actualCurrentStepSeconds=5.00000000e-06 observedMinimumStepSeconds=5.00000000e-06 observedMaximumStepSeconds=5.00000000e-06 minimumTimeStepSeconds=5.00000000e-11 adaptive=true
Q30_STEP_PROFILE seed=7 fault=RELAY_B_COIL_OPEN profile=healthy-preparation boundary=END stepRole=PRODUCTION_5_US declaredMaximumStepSeconds=5.00000000e-06 configuredMaximumStepSeconds=5.00000000e-06 actualCurrentStepSeconds=5.00000000e-06 observedMinimumStepSeconds=5.00000000e-06 observedMaximumStepSeconds=5.00000000e-06 minimumTimeStepSeconds=5.00000000e-11 adaptive=true
Q30_STEP_PROFILE seed=7 fault=RELAY_B_COIL_OPEN profile=fault-profile-preparation boundary=BEGIN stepRole=PRODUCTION_5_US declaredMaximumStepSeconds=5.00000000e-06 configuredMaximumStepSeconds=5.00000000e-06 actualCurrentStepSeconds=5.00000000e-06 observedMinimumStepSeconds=5.00000000e-06 observedMaximumStepSeconds=5.00000000e-06 minimumTimeStepSeconds=5.00000000e-11 adaptive=true
Q30_STEP_PROFILE seed=7 fault=RELAY_B_COIL_OPEN profile=fault-profile-preparation boundary=END stepRole=PRODUCTION_5_US declaredMaximumStepSeconds=5.00000000e-06 configuredMaximumStepSeconds=5.00000000e-06 actualCurrentStepSeconds=5.00000000e-06 observedMinimumStepSeconds=5.00000000e-06 observedMaximumStepSeconds=5.00000000e-06 minimumTimeStepSeconds=5.00000000e-11 adaptive=true
Q30_STEP_PROFILE seed=7 fault=RELAY_B_COIL_OPEN profile=faulted-four-input-profile boundary=BEGIN stepRole=PRODUCTION_5_US declaredMaximumStepSeconds=5.00000000e-06 configuredMaximumStepSeconds=5.00000000e-06 actualCurrentStepSeconds=5.00000000e-06 observedMinimumStepSeconds=5.00000000e-06 observedMaximumStepSeconds=5.00000000e-06 minimumTimeStepSeconds=5.00000000e-11 adaptive=true
Q30_STEP_PROFILE seed=7 fault=RELAY_B_COIL_OPEN profile=faulted-four-input-profile boundary=END stepRole=PRODUCTION_5_US declaredMaximumStepSeconds=5.00000000e-06 configuredMaximumStepSeconds=5.00000000e-06 actualCurrentStepSeconds=5.00000000e-06 observedMinimumStepSeconds=5.00000000e-06 observedMaximumStepSeconds=5.00000000e-06 minimumTimeStepSeconds=5.00000000e-11 adaptive=true
Q30_STEP_PROFILE seed=7 fault=RELAY_B_COIL_OPEN profile=unrepaired-customer-retest boundary=BEGIN stepRole=PRODUCTION_5_US declaredMaximumStepSeconds=5.00000000e-06 configuredMaximumStepSeconds=5.00000000e-06 actualCurrentStepSeconds=5.00000000e-06 observedMinimumStepSeconds=5.00000000e-06 observedMaximumStepSeconds=5.00000000e-06 minimumTimeStepSeconds=5.00000000e-11 adaptive=true
Q30_STEP_PROFILE seed=7 fault=RELAY_B_COIL_OPEN profile=unrepaired-customer-retest boundary=END stepRole=PRODUCTION_5_US declaredMaximumStepSeconds=5.00000000e-06 configuredMaximumStepSeconds=5.00000000e-06 actualCurrentStepSeconds=5.00000000e-06 observedMinimumStepSeconds=5.00000000e-06 observedMaximumStepSeconds=5.00000000e-06 minimumTimeStepSeconds=5.00000000e-11 adaptive=true
Q30_STEP_PROFILE seed=7 fault=RELAY_B_COIL_OPEN profile=service-power-off-wait boundary=BEGIN stepRole=PRODUCTION_5_US declaredMaximumStepSeconds=5.00000000e-06 configuredMaximumStepSeconds=5.00000000e-06 actualCurrentStepSeconds=5.00000000e-06 observedMinimumStepSeconds=5.00000000e-06 observedMaximumStepSeconds=5.00000000e-06 minimumTimeStepSeconds=5.00000000e-11 adaptive=true
Q30_STEP_PROFILE seed=7 fault=RELAY_B_COIL_OPEN profile=service-power-off-wait boundary=END stepRole=PRODUCTION_5_US declaredMaximumStepSeconds=5.00000000e-06 configuredMaximumStepSeconds=5.00000000e-06 actualCurrentStepSeconds=5.00000000e-06 observedMinimumStepSeconds=5.00000000e-06 observedMaximumStepSeconds=5.00000000e-06 minimumTimeStepSeconds=5.00000000e-11 adaptive=true
Q30_STEP_PROFILE seed=7 fault=RELAY_B_COIL_OPEN profile=reinstalled-original-customer-retest boundary=BEGIN stepRole=PRODUCTION_5_US declaredMaximumStepSeconds=5.00000000e-06 configuredMaximumStepSeconds=5.00000000e-06 actualCurrentStepSeconds=5.00000000e-06 observedMinimumStepSeconds=5.00000000e-06 observedMaximumStepSeconds=5.00000000e-06 minimumTimeStepSeconds=5.00000000e-11 adaptive=true
Q30_STEP_PROFILE seed=7 fault=RELAY_B_COIL_OPEN profile=reinstalled-original-customer-retest boundary=END stepRole=PRODUCTION_5_US declaredMaximumStepSeconds=5.00000000e-06 configuredMaximumStepSeconds=5.00000000e-06 actualCurrentStepSeconds=5.00000000e-06 observedMinimumStepSeconds=5.00000000e-06 observedMaximumStepSeconds=5.00000000e-06 minimumTimeStepSeconds=5.00000000e-11 adaptive=true
Q30_STEP_PROFILE seed=7 fault=RELAY_B_COIL_OPEN profile=service-power-off-wait boundary=BEGIN stepRole=PRODUCTION_5_US declaredMaximumStepSeconds=5.00000000e-06 configuredMaximumStepSeconds=5.00000000e-06 actualCurrentStepSeconds=5.00000000e-06 observedMinimumStepSeconds=5.00000000e-06 observedMaximumStepSeconds=5.00000000e-06 minimumTimeStepSeconds=5.00000000e-11 adaptive=true
Q30_STEP_PROFILE seed=7 fault=RELAY_B_COIL_OPEN profile=service-power-off-wait boundary=END stepRole=PRODUCTION_5_US declaredMaximumStepSeconds=5.00000000e-06 configuredMaximumStepSeconds=5.00000000e-06 actualCurrentStepSeconds=5.00000000e-06 observedMinimumStepSeconds=5.00000000e-06 observedMaximumStepSeconds=5.00000000e-06 minimumTimeStepSeconds=5.00000000e-11 adaptive=true
Q30_STEP_PROFILE seed=7 fault=RELAY_B_COIL_OPEN profile=repaired-customer-retest boundary=BEGIN stepRole=PRODUCTION_5_US declaredMaximumStepSeconds=5.00000000e-06 configuredMaximumStepSeconds=5.00000000e-06 actualCurrentStepSeconds=5.00000000e-06 observedMinimumStepSeconds=5.00000000e-06 observedMaximumStepSeconds=5.00000000e-06 minimumTimeStepSeconds=5.00000000e-11 adaptive=true
Q30_STEP_PROFILE seed=7 fault=RELAY_B_COIL_OPEN profile=repaired-customer-retest boundary=END stepRole=PRODUCTION_5_US declaredMaximumStepSeconds=5.00000000e-06 configuredMaximumStepSeconds=5.00000000e-06 actualCurrentStepSeconds=5.00000000e-06 observedMinimumStepSeconds=5.00000000e-06 observedMaximumStepSeconds=5.00000000e-06 minimumTimeStepSeconds=5.00000000e-11 adaptive=true
Q30_STEP_OWNER_CLEANUP seed=7 fault=RELAY_B_COIL_OPEN declaredMaximumStepSeconds=5.00000000e-06 stepRole=PRODUCTION_5_US cleanup=true elapsedMillis=0
Q30_STEP_PAIR seed=7 support=COMPACT_33 fault=RELAY_B_COIL_OPEN referenceMaximumStepSeconds=2.50000000e-06 productionCandidateMaximumStepSeconds=5.00000000e-06 candidateKind=PRODUCTION_5_US maxDeltaVolts=3.95292687e-11 toleranceVolts=0.120012275 phase=customer-retest sample=SENSORS_HIGH/REN.2-J1.2 referenceElapsedMillis=17286 productionCandidateElapsedMillis=9145 referenceSimSeconds=1.16019250 productionCandidateSimSeconds=1.16036000 referenceCleanupMillis=0 productionCandidateCleanupMillis=0 cleanup=true
Q30_STEP_SEED seed=7 support=COMPACT_33 referenceMaximumStepSeconds=2.50000000e-06 productionCandidateMaximumStepSeconds=5.00000000e-06 candidateKind=PRODUCTION_5_US routeTopology=RB30_SEPARATE_DIRECT_A_BJT_B_BJT_COMPACT_33 routeAndPairsElapsedMillis=30842
Q30_STEP_OWNER_CLEANUP seed=7 fault=DREV_OPEN declaredMaximumStepSeconds=2.50000000e-06 stepRole=FINER_2_5_US_REFERENCE cleanup=true elapsedMillis=0
Q30_STEP_SEED_CLEANUP seed=7 cleanup=true elapsedMillis=0
PASS: Q30 production solver step sensitivity assertions=1704 seed=7 support=COMPACT_33 faults=1 referenceMaximumStepSeconds=2.50000000e-06 productionCandidateMaximumStepSeconds=5.00000000e-06 candidateKind=PRODUCTION_5_US elapsedMillis=30842

node 11 unconnected
converged after 25 iterations, timeStep = 2.5E-6
converged after 9 iterations, timeStep = 2.5E-6
node 11 unconnected
node 11 unconnected
converged after 10 iterations, timeStep = 2.5E-6
node 11 unconnected
converged after 10 iterations, timeStep = 2.5E-6
node 11 unconnected
converged after 9 iterations, timeStep = 2.5E-6
node 11 unconnected
converged after 10 iterations, timeStep = 2.5E-6
node 11 unconnected
converged after 13 iterations, timeStep = 2.5E-6
node 11 unconnected
converged after 13 iterations, timeStep = 2.5E-6
node 11 unconnected
converged after 10 iterations, timeStep = 2.5E-6
node 11 unconnected
converged after 13 iterations, timeStep = 2.5E-6
node 11 unconnected
converged after 10 iterations, timeStep = 2.5E-6
node 11 unconnected
converged after 13 iterations, timeStep = 2.5E-6
node 11 unconnected
converged after 10 iterations, timeStep = 2.5E-6
node 11 unconnected
converged after 13 iterations, timeStep = 2.5E-6
node 11 unconnected
converged after 10 iterations, timeStep = 2.5E-6
node 11 unconnected
converged after 13 iterations, timeStep = 2.5E-6
node 11 unconnected
node 11 unconnected
node 11 unconnected
node 11 unconnected
node 11 unconnected
node 11 unconnected
node 52 unconnected
node 55 unconnected
node 58 unconnected
node 11 unconnected
node 11 unconnected
converged after 23 iterations, timeStep = 2.5E-6
converged after 7 iterations, timeStep = 2.5E-6
node 11 unconnected
node 11 unconnected
converged after 10 iterations, timeStep = 2.5E-6
node 11 unconnected
converged after 13 iterations, timeStep = 2.5E-6
node 11 unconnected
converged after 10 iterations, timeStep = 2.5E-6
node 11 unconnected
converged after 13 iterations, timeStep = 2.5E-6
node 11 unconnected
node 11 unconnected
node 11 unconnected
node 11 unconnected
node 11 unconnected
node 11 unconnected
node 52 unconnected
node 55 unconnected
node 58 unconnected
node 11 unconnected
node 52 unconnected
node 55 unconnected
node 11 unconnected
node 52 unconnected
node 55 unconnected
converged after 23 iterations, timeStep = 2.5E-6
converged after 7 iterations, timeStep = 2.5E-6
node 11 unconnected
node 52 unconnected
node 55 unconnected
node 11 unconnected
node 52 unconnected
node 55 unconnected
converged after 10 iterations, timeStep = 2.5E-6
node 11 unconnected
node 52 unconnected
node 55 unconnected
converged after 10 iterations, timeStep = 2.5E-6
node 11 unconnected
node 52 unconnected
node 55 unconnected
converged after 9 iterations, timeStep = 2.5E-6
node 11 unconnected
converged after 25 iterations, timeStep = 5.0E-6
converged after 6 iterations, timeStep = 5.0E-6
node 11 unconnected
node 11 unconnected
converged after 16 iterations, timeStep = 5.0E-6
node 11 unconnected
converged after 19 iterations, timeStep = 5.0E-6
node 11 unconnected
converged after 19 iterations, timeStep = 5.0E-6
node 11 unconnected
converged after 10 iterations, timeStep = 5.0E-6
node 11 unconnected
converged after 16 iterations, timeStep = 5.0E-6
node 11 unconnected
converged after 13 iterations, timeStep = 5.0E-6
node 11 unconnected
converged after 16 iterations, timeStep = 5.0E-6
node 11 unconnected
converged after 13 iterations, timeStep = 5.0E-6
node 11 unconnected
converged after 16 iterations, timeStep = 5.0E-6
node 11 unconnected
converged after 13 iterations, timeStep = 5.0E-6
node 11 unconnected
converged after 16 iterations, timeStep = 5.0E-6
node 11 unconnected
converged after 13 iterations, timeStep = 5.0E-6
node 11 unconnected
converged after 16 iterations, timeStep = 5.0E-6
node 11 unconnected
converged after 13 iterations, timeStep = 5.0E-6
node 11 unconnected
node 11 unconnected
node 11 unconnected
node 11 unconnected
node 11 unconnected
node 11 unconnected
node 52 unconnected
node 55 unconnected
node 58 unconnected
node 11 unconnected
node 11 unconnected
converged after 23 iterations, timeStep = 5.0E-6
node 11 unconnected
node 11 unconnected
converged after 16 iterations, timeStep = 5.0E-6
node 11 unconnected
converged after 13 iterations, timeStep = 5.0E-6
node 11 unconnected
converged after 16 iterations, timeStep = 5.0E-6
node 11 unconnected
converged after 13 iterations, timeStep = 5.0E-6
node 11 unconnected
node 11 unconnected
node 11 unconnected
node 11 unconnected
node 11 unconnected
node 11 unconnected
node 52 unconnected
node 55 unconnected
node 58 unconnected
node 11 unconnected
node 52 unconnected
node 55 unconnected
node 11 unconnected
node 52 unconnected
node 55 unconnected
converged after 23 iterations, timeStep = 5.0E-6
node 11 unconnected
node 52 unconnected
node 55 unconnected
node 11 unconnected
node 52 unconnected
node 55 unconnected
converged after 16 iterations, timeStep = 5.0E-6
node 11 unconnected
node 52 unconnected
node 55 unconnected
converged after 19 iterations, timeStep = 5.0E-6
node 11 unconnected
node 52 unconnected
node 55 unconnected
converged after 19 iterations, timeStep = 5.0E-6

Q30_SENSITIVITY_CENSUS attempted=5 passed=5 failed=0 childBudgetMs=60000