WARNING: The names of some imported commands from the module 'VerifierIsolation' include unapproved verbs that might
make them less discoverable. To find the commands with unapproved verbs, run the Import-Module command again with the
Verbose parameter. For a list of approved verbs, type Get-Verb.
JDK: javac 1.8.0_502

warning: [options] bootstrap class path not set in conjunction with -source 1.7
Note: Some input files use unchecked or unsafe operations.
Note: Recompile with -Xlint:unchecked for details.
1 warning

TASK46_PARITY_BEGIN
descriptor.current=tsj-challenge/2\nconstraints=tsj-constraints/1;blocks=~;components=~;diagnostic-depth=~;domains=~;input-transitions=~;instruments=~;isolation-actions=~;parallel-ambiguity=~;plausible-owners=~;purposeful-auxiliaries=~;temporal-evidence=~;temporal-samples=~\ndevice-intent=LED_INDICATOR@1\ndifficulty-profile=quick-play@1\ngenerator=leaf@1\ngeometry=3\nroot-seed=0
descriptor.full=tsj-challenge/2\nconstraints=tsj-constraints/1;blocks=1:3;components=2:2;diagnostic-depth=5:10;domains=~;input-transitions=2:3;instruments=[DC_VOLTAGE,DIODE];isolation-actions=1:2;parallel-ambiguity=required;plausible-owners=1:2;purposeful-auxiliaries=0:1;temporal-evidence=forbidden;temporal-samples=0:0\ndevice-intent=intent-x@2\ndifficulty-profile=profile-x@9\ngenerator=generator-x@4\ngeometry=3\nroot-seed=9007199254740993
descriptor.permutation=PASS
constraints.unspecified=tsj-constraints/1;blocks=~;components=~;diagnostic-depth=~;domains=~;input-transitions=~;instruments=~;isolation-actions=~;parallel-ambiguity=~;plausible-owners=~;purposeful-auxiliaries=~;temporal-evidence=~;temporal-samples=~
constraints.empty-instruments=tsj-constraints/1;blocks=~;components=~;diagnostic-depth=~;domains=~;input-transitions=~;instruments=[];isolation-actions=~;parallel-ambiguity=~;plausible-owners=~;purposeful-auxiliaries=~;temporal-evidence=~;temporal-samples=~
constraints.custom=tsj-constraints/1;blocks=1:3;components=2:2;diagnostic-depth=5:10;domains=~;input-transitions=2:3;instruments=[DC_VOLTAGE,DIODE];isolation-actions=1:2;parallel-ambiguity=required;plausible-owners=1:2;purposeful-auxiliaries=0:1;temporal-evidence=forbidden;temporal-samples=0:0
descriptor.negative-cases=PASS
constraints.negative-cases=PASS
vector=v01;seed=8570236341297704927;draw0=-5613160340344259904;draw1=562147381039080573;draw2=-1651943333461123239;selection=z
vector=v02;seed=6337562364839608619;draw0=-3237827904353353348;draw1=-3049239734774576325;draw2=-1515037864869433993;selection=fault-a
vector=v03;seed=-5298837036835246541;draw0=-8037170020178081904;draw1=-7423339811986283159;draw2=-2242743429263401076;selection=a
vector=v04;seed=-1798547587849950301;draw0=102376090273450860;draw1=-1659430842634320502;draw2=-8526770894255543878;selection=a
vector=v05;seed=-1200053360302739405;draw0=8543060877636774311;draw1=-3016262376503941390;draw2=1560371412356762136;selection=z
vector=v06;seed=-2045790159163994747;draw0=8211966871246329396;draw1=-2398394531992769265;draw2=-1986651965535285088;selection=a
vector=v07;seed=-6008527564801839889;draw0=8041298604081853177;draw1=1289206149367017148;draw2=-5288393764281962931;selection=a
vector=v08;seed=-2226046595912817952;draw0=7655041952411213880;draw1=-5593755259723266222;draw2=4108463340920184297;selection=a
vector=v09;seed=6271561374429723782;draw0=-3373283146513270237;draw1=8497903215730333039;draw2=9011515020966163393;selection=m
vector=v10;seed=-334251481619539588;draw0=-2100202218193579875;draw1=-762143448244481869;draw2=7301849698641160794;selection=a
vector=v11;seed=-3094510703452759904;draw0=8358893635254138790;draw1=7808667535097850211;draw2=7573175840079606994;selection=z
vector=v12;seed=-50758082439090755;draw0=6615030607717450623;draw1=1182380295102644326;draw2=1204454696574536019;selection=z
vector=v13;seed=6630750756334465380;draw0=6921762708106584533;draw1=7505222276996859999;draw2=-5032064761907128827;selection=a
vector=v14;seed=7272437860146722519;draw0=2901135016747937879;draw1=3884970152904213561;draw2=9052944476641955008;selection=z
vector=v15;seed=4145853259584522761;draw0=-3884088889783320539;draw1=1065920275542782060;draw2=-4901645473175228410;selection=z
vector=v16;seed=-4692680285126695607;draw0=7272131541421749114;draw1=-6263064287916086660;draw2=5368932409380408342;selection=a
vector=v17;seed=5192710939162357368;draw0=-4724655445728942666;draw1=4542539997451859703;draw2=-6966554157572112529;selection=z
vector=v18;seed=5854855275889787184;draw0=1748067723613948065;draw1=2485666070263485421;draw2=-1882184660117201825;selection=m
vector=v19;seed=-7667775977373133820;draw0=1484644488741857165;draw1=4850536707747874647;draw2=-6083429828837541300;selection=z
vector=v20;seed=-956605820455377178;draw0=140750540366832964;draw1=-8797531607480999741;draw2=-8685341857797510736;selection=z
vector=v21;seed=1485869843608203979;draw0=-4226399413377501654;draw1=-8517577157193434458;draw2=-6621381696860287298;selection=z
vector=v22;seed=-1222531781087577344;draw0=7485315352703764242;draw1=-1781180077158910303;draw2=4717470744343766429;selection=a
named.vectors=22
named.fixture=PASS
named.fixture-cases=baseline,insertion,deletion,permutation,candidate-reorder
named.isolation=PASS
named.changed-eligibility=allowed
assertions=410
negative-cases=36
TASK46_PARITY_END
PASS: Task46 410 assertions, 36 negative cases; pure descriptor/constraints/named-stream corpus

PASS: Task44 9 groups, 247 assertions; no simulator dependency

PASS: Task45 202 assertions

seed=0;source-ohms=100.0;load-ohms=1000.0;fault=load-high-resistance
seed=1;source-ohms=220.0;load-ohms=2200.0;fault=load-high-resistance
seed=2;source-ohms=100.0;load-ohms=2200.0;fault=source-high-resistance
seed=3;source-ohms=100.0;load-ohms=1000.0;fault=source-high-resistance
seed=-9223372036854775808;source-ohms=220.0;load-ohms=1000.0;fault=source-high-resistance
seed=9223372036854775807;source-ohms=100.0;load-ohms=2200.0;fault=source-high-resistance
seed=-9007199254740993;source-ohms=100.0;load-ohms=2200.0;fault=source-high-resistance
seed=9007199254740993;source-ohms=220.0;load-ohms=2200.0;fault=load-high-resistance
PASS: current resistive assembly contracts 241 assertions

seed=0;fault=channel-a-load-RLOAD-OPEN;a=npn-low-side-driver;b=nmos-low-side-driver
seed=1;fault=channel-b-driver-RG-OPEN;a=nmos-low-side-driver;b=nmos-low-side-driver
seed=2;fault=channel-a-load-RLOAD-OPEN;a=nmos-low-side-driver;b=nmos-low-side-driver
seed=3;fault=channel-a-load-RLOAD-OPEN;a=npn-low-side-driver;b=nmos-low-side-driver
seed=-9223372036854775808;fault=channel-b-driver-RB-OPEN;a=nmos-low-side-driver;b=npn-low-side-driver
seed=9223372036854775807;fault=channel-b-driver-RG-OPEN;a=nmos-low-side-driver;b=nmos-low-side-driver
seed=-9007199254740993;fault=channel-b-load-RLOAD-OPEN;a=nmos-low-side-driver;b=nmos-low-side-driver
seed=9007199254740993;fault=channel-b-load-RLOAD-OPEN;a=npn-low-side-driver;b=nmos-low-side-driver
PASS: current controlled-indicator contracts 201 assertions

PASS: current switched-low-side compatibility 16 assertions

CURRENT_VALUE_RECEIPT_BEGIN
seed=-1;catalog-a=R_CATALOG_330;resistance-a=330.0;rmin-a=313.5;rmax-a=346.5;imin-a=0.005627705627705627;imax-a=0.01164274322169059;pguard-a=0.08791866028708134;catalog-b=R_CATALOG_270;resistance-b=270.0;rmin-b=256.5;rmax-b=283.5;imin-b=0.0068783068783068784;imax-b=0.014230019493177388;pguard-b=0.1074561403508772;fault=channel-a-load-RLOAD-OPEN;descriptor=tsj-challenge/2|constraints=tsj-constraints/1;blocks=~;components=~;diagnostic-depth=~;domains=~;input-transitions=~;instruments=~;isolation-actions=~;parallel-ambiguity=~;plausible-owners=~;purposeful-auxiliaries=~;temporal-evidence=~;temporal-samples=~|device-intent=controlled-indicator@1|difficulty-profile=controlled-indicator@1|generator=bounded-assembler@5|geometry=3|root-seed=-1
seed=0;catalog-a=R_CATALOG_330;resistance-a=330.0;rmin-a=313.5;rmax-a=346.5;imin-a=0.005627705627705627;imax-a=0.01164274322169059;pguard-a=0.08791866028708134;catalog-b=R_CATALOG_330;resistance-b=330.0;rmin-b=313.5;rmax-b=346.5;imin-b=0.005627705627705627;imax-b=0.01164274322169059;pguard-b=0.08791866028708134;fault=channel-a-load-RLOAD-OPEN;descriptor=tsj-challenge/2|constraints=tsj-constraints/1;blocks=~;components=~;diagnostic-depth=~;domains=~;input-transitions=~;instruments=~;isolation-actions=~;parallel-ambiguity=~;plausible-owners=~;purposeful-auxiliaries=~;temporal-evidence=~;temporal-samples=~|device-intent=controlled-indicator@1|difficulty-profile=controlled-indicator@1|generator=bounded-assembler@5|geometry=3|root-seed=0
seed=1;catalog-a=R_CATALOG_330;resistance-a=330.0;rmin-a=313.5;rmax-a=346.5;imin-a=0.005627705627705627;imax-a=0.01164274322169059;pguard-a=0.08791866028708134;catalog-b=R_CATALOG_330;resistance-b=330.0;rmin-b=313.5;rmax-b=346.5;imin-b=0.005627705627705627;imax-b=0.01164274322169059;pguard-b=0.08791866028708134;fault=channel-b-driver-RG-OPEN;descriptor=tsj-challenge/2|constraints=tsj-constraints/1;blocks=~;components=~;diagnostic-depth=~;domains=~;input-transitions=~;instruments=~;isolation-actions=~;parallel-ambiguity=~;plausible-owners=~;purposeful-auxiliaries=~;temporal-evidence=~;temporal-samples=~|device-intent=controlled-indicator@1|difficulty-profile=controlled-indicator@1|generator=bounded-assembler@5|geometry=3|root-seed=1
seed=2;catalog-a=R_CATALOG_330;resistance-a=330.0;rmin-a=313.5;rmax-a=346.5;imin-a=0.005627705627705627;imax-a=0.01164274322169059;pguard-a=0.08791866028708134;catalog-b=R_CATALOG_330;resistance-b=330.0;rmin-b=313.5;rmax-b=346.5;imin-b=0.005627705627705627;imax-b=0.01164274322169059;pguard-b=0.08791866028708134;fault=channel-a-load-RLOAD-OPEN;descriptor=tsj-challenge/2|constraints=tsj-constraints/1;blocks=~;components=~;diagnostic-depth=~;domains=~;input-transitions=~;instruments=~;isolation-actions=~;parallel-ambiguity=~;plausible-owners=~;purposeful-auxiliaries=~;temporal-evidence=~;temporal-samples=~|device-intent=controlled-indicator@1|difficulty-profile=controlled-indicator@1|generator=bounded-assembler@5|geometry=3|root-seed=2
seed=3;catalog-a=R_CATALOG_330;resistance-a=330.0;rmin-a=313.5;rmax-a=346.5;imin-a=0.005627705627705627;imax-a=0.01164274322169059;pguard-a=0.08791866028708134;catalog-b=R_CATALOG_330;resistance-b=330.0;rmin-b=313.5;rmax-b=346.5;imin-b=0.005627705627705627;imax-b=0.01164274322169059;pguard-b=0.08791866028708134;fault=channel-a-load-RLOAD-OPEN;descriptor=tsj-challenge/2|constraints=tsj-constraints/1;blocks=~;components=~;diagnostic-depth=~;domains=~;input-transitions=~;instruments=~;isolation-actions=~;parallel-ambiguity=~;plausible-owners=~;purposeful-auxiliaries=~;temporal-evidence=~;temporal-samples=~|device-intent=controlled-indicator@1|difficulty-profile=controlled-indicator@1|generator=bounded-assembler@5|geometry=3|root-seed=3
seed=-9223372036854775808;catalog-a=R_CATALOG_270;resistance-a=270.0;rmin-a=256.5;rmax-a=283.5;imin-a=0.0068783068783068784;imax-a=0.014230019493177388;pguard-a=0.1074561403508772;catalog-b=R_CATALOG_330;resistance-b=330.0;rmin-b=313.5;rmax-b=346.5;imin-b=0.005627705627705627;imax-b=0.01164274322169059;pguard-b=0.08791866028708134;fault=channel-b-driver-RB-OPEN;descriptor=tsj-challenge/2|constraints=tsj-constraints/1;blocks=~;components=~;diagnostic-depth=~;domains=~;input-transitions=~;instruments=~;isolation-actions=~;parallel-ambiguity=~;plausible-owners=~;purposeful-auxiliaries=~;temporal-evidence=~;temporal-samples=~|device-intent=controlled-indicator@1|difficulty-profile=controlled-indicator@1|generator=bounded-assembler@5|geometry=3|root-seed=-9223372036854775808
seed=9223372036854775807;catalog-a=R_CATALOG_330;resistance-a=330.0;rmin-a=313.5;rmax-a=346.5;imin-a=0.005627705627705627;imax-a=0.01164274322169059;pguard-a=0.08791866028708134;catalog-b=R_CATALOG_330;resistance-b=330.0;rmin-b=313.5;rmax-b=346.5;imin-b=0.005627705627705627;imax-b=0.01164274322169059;pguard-b=0.08791866028708134;fault=channel-b-driver-RG-OPEN;descriptor=tsj-challenge/2|constraints=tsj-constraints/1;blocks=~;components=~;diagnostic-depth=~;domains=~;input-transitions=~;instruments=~;isolation-actions=~;parallel-ambiguity=~;plausible-owners=~;purposeful-auxiliaries=~;temporal-evidence=~;temporal-samples=~|device-intent=controlled-indicator@1|difficulty-profile=controlled-indicator@1|generator=bounded-assembler@5|geometry=3|root-seed=9223372036854775807
seed=9007199254740993;catalog-a=R_CATALOG_330;resistance-a=330.0;rmin-a=313.5;rmax-a=346.5;imin-a=0.005627705627705627;imax-a=0.01164274322169059;pguard-a=0.08791866028708134;catalog-b=R_CATALOG_270;resistance-b=270.0;rmin-b=256.5;rmax-b=283.5;imin-b=0.0068783068783068784;imax-b=0.014230019493177388;pguard-b=0.1074561403508772;fault=channel-b-load-RLOAD-OPEN;descriptor=tsj-challenge/2|constraints=tsj-constraints/1;blocks=~;components=~;diagnostic-depth=~;domains=~;input-transitions=~;instruments=~;isolation-actions=~;parallel-ambiguity=~;plausible-owners=~;purposeful-auxiliaries=~;temporal-evidence=~;temporal-samples=~|device-intent=controlled-indicator@1|difficulty-profile=controlled-indicator@1|generator=bounded-assembler@5|geometry=3|root-seed=9007199254740993
seed=-9007199254740993;catalog-a=R_CATALOG_270;resistance-a=270.0;rmin-a=256.5;rmax-a=283.5;imin-a=0.0068783068783068784;imax-a=0.014230019493177388;pguard-a=0.1074561403508772;catalog-b=R_CATALOG_330;resistance-b=330.0;rmin-b=313.5;rmax-b=346.5;imin-b=0.005627705627705627;imax-b=0.01164274322169059;pguard-b=0.08791866028708134;fault=channel-b-load-RLOAD-OPEN;descriptor=tsj-challenge/2|constraints=tsj-constraints/1;blocks=~;components=~;diagnostic-depth=~;domains=~;input-transitions=~;instruments=~;isolation-actions=~;parallel-ambiguity=~;plausible-owners=~;purposeful-auxiliaries=~;temporal-evidence=~;temporal-samples=~|device-intent=controlled-indicator@1|difficulty-profile=controlled-indicator@1|generator=bounded-assembler@5|geometry=3|root-seed=-9007199254740993
CURRENT_VALUE_RECEIPT_END
PASS: current value synthesis 188 assertions

A05_ROLE_VECTOR seed=-1;a=npn-low-side-driver;b=npn-low-side-driver;fault=channel-a-load-RLOAD-OPEN
A05_ROLE_VECTOR seed=0;a=npn-low-side-driver;b=nmos-low-side-driver;fault=channel-a-load-RLOAD-OPEN
A05_ROLE_VECTOR seed=1;a=nmos-low-side-driver;b=nmos-low-side-driver;fault=channel-b-driver-RG-OPEN
A05_ROLE_VECTOR seed=2;a=nmos-low-side-driver;b=nmos-low-side-driver;fault=channel-a-load-RLOAD-OPEN
A05_ROLE_VECTOR seed=-9223372036854775808;a=nmos-low-side-driver;b=npn-low-side-driver;fault=channel-b-driver-RB-OPEN
A05_ROLE_VECTOR seed=9223372036854775807;a=nmos-low-side-driver;b=nmos-low-side-driver;fault=channel-b-driver-RG-OPEN
PASS: A05 role providers 246 assertions

A06_VECTORS_BEGIN
A06-POWER-VECTORS-1;partial:PARTIAL=PASS;backfed:BACKFED=PASS;backfed-not-ready:POWER_OFF=PASS;disabled-is-connected:CONNECTED=PASS;disabled-backfed:BACKFED=PASS;isolated-not-discharged:ALL_SOURCES_ISOLATED=PASS;residual:DISCHARGE=PASS;stored-rail:RESIDUAL=PASS;threshold:READY=PASS;negative-residual:DISCHARGE=PASS;stale:WAITING=PASS;nonfinite:UNKNOWN=PASS;nonfinite:UNKNOWN=PASS;nonfinite:UNKNOWN=PASS;missing-rail:UNKNOWN=PASS;missing-source:UNKNOWN=PASS;storage-unknown:UNKNOWN=PASS;unexplained-energy:UNKNOWN=PASS;forbidden-path-not-hidden=PASS;equal-voltage-contention=PASS;LOW-is-a-drive:DRIVEN=PASS;LOW-is-not-isolation:POWER_OFF=PASS;source-order:power-domain/1;10:two-source;9:reference;3:GND;20:isolated-low-voltage;-1:;5:false;4:rail;1:A;3:GND;4:NONE;4:rail;1:B;3:GND;20:OBSERVATION_REQUIRED;6:source;2:SA;1:A;24:KNOWN:0:4014000000000000;22:KNOWN:3fa999999999999a;7:KNOWN:0;14:NOT_APPLICABLE;13:STIFF_VOLTAGE;6:source;2:SB;1:B;24:KNOWN:0:4014000000000000;22:KNOWN:3fa999999999999a;7:KNOWN:0;14:NOT_APPLICABLE;13:STIFF_VOLTAGE;8:backfeed;2:AB;1:A;1:B;22:KNOWN:3f747ae147ae147b;4:true;=PASS;differential-no-earth:ADMITTED=PASS;numeric-ground-not-earth:UNPROVEN=PASS;isolation:REJECTED=PASS;labels-not-joins:UNPROVEN=PASS;scope-return-short:REJECTED=PASS;earth-needs-connection:CONNECTION_REQUIRED=PASS;no-fake-earth-readout=PASS;provider-live:OPERABLE=PASS;provider-off:UNPOWERED=PASS;brownout:BROWNOUT=PASS;overvoltage:OUT_OF_ENVELOPE=PASS;reset:RESET_HELD=PASS;clock:CLOCK_MISSING=PASS;reset-unknown:UNKNOWN=PASS;partial-provider:UNKNOWN=PASS;provider-NaN:UNKNOWN=PASS;drive-shortfall=PASS;drive-unknown=PASS;drive-boundary=PASS;supply-envelope=PASS;unknown-reference-is-not-ready:UNKNOWN=PASS;unknown-reference-rail:UNKNOWN=PASS;unknown-reference-diagnostic=PASS;bounds-do-not-rewrite-contact-state:PARTIAL=PASS;outside-source-envelope:UNKNOWN=PASS;outside-envelope-diagnostic=PASS;unknown-source-envelope:UNKNOWN=PASS;unknown-envelope-diagnostic=PASS;unknown-brownout-is-not-absent:UNKNOWN=PASS;explicit-no-brownout-consumer:OPERABLE=PASS;policy-order:READY=PASS;policy-order:POWER_OFF=PASS;policy-order:WAITING=PASS;policy-order:DISCHARGE=PASS;policy-order:UNKNOWN=PASS;policy-order:POWER_OFF=PASS;policy-order:POWER_OFF=PASS;policy-order:POWER_OFF=PASS;policy-order:POWER_OFF=PASS;policy-order:POWER_OFF=PASS;policy-order:WAITING=PASS;policy-order:POWER_OFF=PASS;policy-order:WAITING=PASS;policy-order:DISCHARGE=PASS;policy-order:UNKNOWN=PASS;policy-order:DISCHARGE=PASS;policy-order:POWER_OFF=PASS;policy-order:DISCHARGE=PASS;policy-order:DISCHARGE=PASS;policy-order:UNKNOWN=PASS;policy-order:UNKNOWN=PASS;policy-order:POWER_OFF=PASS;policy-order:UNKNOWN=PASS;policy-order:UNKNOWN=PASS;policy-order:UNKNOWN=PASS;null-policy:UNKNOWN=PASS;RC-NaN:UNKNOWN=PASS;RC-infinity:UNKNOWN=PASS;RC-threshold:READY=PASS;
A06_VECTORS_END
PASS: A06 power contracts assertions=140

PASS: A07 execution contracts assertions=38

A03_IDENTITY_VECTORS_BEGIN
namespace.instance=tsj-realization-v1/a03-device@7/u1/nmos-provider@1/nmos-low-side-driver@1/role/control
namespace.component=tsj-realization-v1/a03-device@7/u1/nmos-provider@1/nmos-low-side-driver@1/component/Q1
namespace.terminal=tsj-realization-v1/a03-device@7/u1/nmos-provider@1/nmos-low-side-driver@1/terminal/Q1.G
case=namespace PASS
bus.id=tsj-bus-v1/a03-device@7/shared-load
bus.aliases=[tsj-realization-v1/a03-device@7/u2/nmos-provider@1/nmos-low-side-driver@1/net/load, tsj-realization-v1/a03-device@7/u3/led-provider@1/resistor-led-indicator@1/net/supply]
case=bus PASS
manifest.identity=tsj-realization/2
descriptor=380:tsj-challenge/2
constraints=tsj-constraints/1;blocks=~;components=~;diagnostic-depth=~;domains=~;input-transitions=~;instruments=~;isolation-actions=~;parallel-ambiguity=~;plausible-owners=~;purposeful-auxiliaries=~;temporal-evidence=~;temporal-samples=~
device-intent=resistive-coupling@1
difficulty-profile=developer-canary@1
generator=bounded-assembler@5
geometry=3
root-seed=0
block=69:tsj-realization-v1|u1|driver@1|nmos-provider@1|nmos-low-side-driver@1
block=69:tsj-realization-v1|u2|driver@1|nmos-provider@1|nmos-low-side-driver@1
block=73:tsj-realization-v1|u3|indicator@1|led-provider@1|resistor-led-indicator@1
version=45:diagnostic|generated-diagnostic-solvability@1
version=23:geometry|pcb-geometry@3
version=19:layout|pcb-layout@4
version=26:models|bounded-assembler@5
version=36:named-streams|named-random-streams@1
version=28:packages|bounded-assembler@5
version=27:routing|bounded-assembler@5
version=26:values|bounded-assembler@5
choice=16:blocks|ids|u1,u2
choice=34:resistance|number|4074a00000000000
choice=19:root-seed|integer|0
choice=21:topology|token|series
net=169:tsj-realization-v1/a03-device@7/u1/nmos-provider@1/nmos-low-side-driver@1/net/return|tsj-realization-v1/a03-device@7/u1/nmos-provider@1/nmos-low-side-driver@1/net/return
net=118:tsj-realization-v1/a03-device@7/u2/nmos-provider@1/nmos-low-side-driver@1/net/load|tsj-bus-v1/a03-device@7/shared-load
target=35:tsj-bus-v1/a03-device@7/shared-load
target=86:tsj-realization-v1/a03-device@7/u1/nmos-provider@1/nmos-low-side-driver@1/component/Q1
target=87:tsj-realization-v1/a03-device@7/u1/nmos-provider@1/nmos-low-side-driver@1/component/RPD
target=87:tsj-realization-v1/a03-device@7/u1/nmos-provider@1/nmos-low-side-driver@1/endpoint/Q1.D
target=87:tsj-realization-v1/a03-device@7/u1/nmos-provider@1/nmos-low-side-driver@1/endpoint/Q1.G
target=87:tsj-realization-v1/a03-device@7/u1/nmos-provider@1/nmos-low-side-driver@1/endpoint/Q1.S
target=88:tsj-realization-v1/a03-device@7/u1/nmos-provider@1/nmos-low-side-driver@1/endpoint/RPD.1
target=88:tsj-realization-v1/a03-device@7/u1/nmos-provider@1/nmos-low-side-driver@1/endpoint/RPD.2
target=85:tsj-realization-v1/a03-device@7/u1/nmos-provider@1/nmos-low-side-driver@1/net/control
target=82:tsj-realization-v1/a03-device@7/u1/nmos-provider@1/nmos-low-side-driver@1/net/load
target=84:tsj-realization-v1/a03-device@7/u1/nmos-provider@1/nmos-low-side-driver@1/net/return
target=82:tsj-realization-v1/a03-device@7/u1/nmos-provider@1/nmos-low-side-driver@1/pad/Q1.D
target=82:tsj-realization-v1/a03-device@7/u1/nmos-provider@1/nmos-low-side-driver@1/pad/Q1.G
target=82:tsj-realization-v1/a03-device@7/u1/nmos-provider@1/nmos-low-side-driver@1/pad/Q1.S
target=83:tsj-realization-v1/a03-device@7/u1/nmos-provider@1/nmos-low-side-driver@1/pad/RPD.1
target=83:tsj-realization-v1/a03-device@7/u1/nmos-provider@1/nmos-low-side-driver@1/pad/RPD.2
target=86:tsj-realization-v1/a03-device@7/u1/nmos-provider@1/nmos-low-side-driver@1/port/control
target=83:tsj-realization-v1/a03-device@7/u1/nmos-provider@1/nmos-low-side-driver@1/port/load
target=85:tsj-realization-v1/a03-device@7/u1/nmos-provider@1/nmos-low-side-driver@1/port/return
target=86:tsj-realization-v1/a03-device@7/u1/nmos-provider@1/nmos-low-side-driver@1/role/control
target=83:tsj-realization-v1/a03-device@7/u1/nmos-provider@1/nmos-low-side-driver@1/role/load
target=85:tsj-realization-v1/a03-device@7/u1/nmos-provider@1/nmos-low-side-driver@1/role/return
target=84:tsj-realization-v1/a03-device@7/u1/nmos-provider@1/nmos-low-side-driver@1/role/sense
target=87:tsj-realization-v1/a03-device@7/u1/nmos-provider@1/nmos-low-side-driver@1/terminal/Q1.D
target=87:tsj-realization-v1/a03-device@7/u1/nmos-provider@1/nmos-low-side-driver@1/terminal/Q1.G
target=87:tsj-realization-v1/a03-device@7/u1/nmos-provider@1/nmos-low-side-driver@1/terminal/Q1.S
target=88:tsj-realization-v1/a03-device@7/u1/nmos-provider@1/nmos-low-side-driver@1/terminal/RPD.1
target=88:tsj-realization-v1/a03-device@7/u1/nmos-provider@1/nmos-low-side-driver@1/terminal/RPD.2
target=86:tsj-realization-v1/a03-device@7/u2/nmos-provider@1/nmos-low-side-driver@1/component/Q1
target=87:tsj-realization-v1/a03-device@7/u2/nmos-provider@1/nmos-low-side-driver@1/component/RPD
target=87:tsj-realization-v1/a03-device@7/u2/nmos-provider@1/nmos-low-side-driver@1/endpoint/Q1.D
target=87:tsj-realization-v1/a03-device@7/u2/nmos-provider@1/nmos-low-side-driver@1/endpoint/Q1.G
target=87:tsj-realization-v1/a03-device@7/u2/nmos-provider@1/nmos-low-side-driver@1/endpoint/Q1.S
target=88:tsj-realization-v1/a03-device@7/u2/nmos-provider@1/nmos-low-side-driver@1/endpoint/RPD.1
target=88:tsj-realization-v1/a03-device@7/u2/nmos-provider@1/nmos-low-side-driver@1/endpoint/RPD.2
target=85:tsj-realization-v1/a03-device@7/u2/nmos-provider@1/nmos-low-side-driver@1/net/control
target=82:tsj-realization-v1/a03-device@7/u2/nmos-provider@1/nmos-low-side-driver@1/net/load
target=84:tsj-realization-v1/a03-device@7/u2/nmos-provider@1/nmos-low-side-driver@1/net/return
target=82:tsj-realization-v1/a03-device@7/u2/nmos-provider@1/nmos-low-side-driver@1/pad/Q1.D
target=82:tsj-realization-v1/a03-device@7/u2/nmos-provider@1/nmos-low-side-driver@1/pad/Q1.G
target=82:tsj-realization-v1/a03-device@7/u2/nmos-provider@1/nmos-low-side-driver@1/pad/Q1.S
target=83:tsj-realization-v1/a03-device@7/u2/nmos-provider@1/nmos-low-side-driver@1/pad/RPD.1
target=83:tsj-realization-v1/a03-device@7/u2/nmos-provider@1/nmos-low-side-driver@1/pad/RPD.2
target=86:tsj-realization-v1/a03-device@7/u2/nmos-provider@1/nmos-low-side-driver@1/port/control
target=83:tsj-realization-v1/a03-device@7/u2/nmos-provider@1/nmos-low-side-driver@1/port/load
target=85:tsj-realization-v1/a03-device@7/u2/nmos-provider@1/nmos-low-side-driver@1/port/return
target=86:tsj-realization-v1/a03-device@7/u2/nmos-provider@1/nmos-low-side-driver@1/role/control
target=83:tsj-realization-v1/a03-device@7/u2/nmos-provider@1/nmos-low-side-driver@1/role/load
target=85:tsj-realization-v1/a03-device@7/u2/nmos-provider@1/nmos-low-side-driver@1/role/return
target=84:tsj-realization-v1/a03-device@7/u2/nmos-provider@1/nmos-low-side-driver@1/role/sense
target=87:tsj-realization-v1/a03-device@7/u2/nmos-provider@1/nmos-low-side-driver@1/terminal/Q1.D
target=87:tsj-realization-v1/a03-device@7/u2/nmos-provider@1/nmos-low-side-driver@1/terminal/Q1.G
target=87:tsj-realization-v1/a03-device@7/u2/nmos-provider@1/nmos-low-side-driver@1/terminal/Q1.S
target=88:tsj-realization-v1/a03-device@7/u2/nmos-provider@1/nmos-low-side-driver@1/terminal/RPD.1
target=88:tsj-realization-v1/a03-device@7/u2/nmos-provider@1/nmos-low-side-driver@1/terminal/RPD.2
target=89:tsj-realization-v1/a03-device@7/u3/led-provider@1/resistor-led-indicator@1/component/LED1
target=87:tsj-realization-v1/a03-device@7/u3/led-provider@1/resistor-led-indicator@1/component/R1
target=90:tsj-realization-v1/a03-device@7/u3/led-provider@1/resistor-led-indicator@1/endpoint/LED1.A
target=90:tsj-realization-v1/a03-device@7/u3/led-provider@1/resistor-led-indicator@1/endpoint/LED1.K
target=88:tsj-realization-v1/a03-device@7/u3/led-provider@1/resistor-led-indicator@1/endpoint/R1.1
target=88:tsj-realization-v1/a03-device@7/u3/led-provider@1/resistor-led-indicator@1/endpoint/R1.2
target=86:tsj-realization-v1/a03-device@7/u3/led-provider@1/resistor-led-indicator@1/net/ledNode
target=85:tsj-realization-v1/a03-device@7/u3/led-provider@1/resistor-led-indicator@1/net/return
target=85:tsj-realization-v1/a03-device@7/u3/led-provider@1/resistor-led-indicator@1/net/supply
target=85:tsj-realization-v1/a03-device@7/u3/led-provider@1/resistor-led-indicator@1/pad/LED1.A
target=85:tsj-realization-v1/a03-device@7/u3/led-provider@1/resistor-led-indicator@1/pad/LED1.K
target=83:tsj-realization-v1/a03-device@7/u3/led-provider@1/resistor-led-indicator@1/pad/R1.1
target=83:tsj-realization-v1/a03-device@7/u3/led-provider@1/resistor-led-indicator@1/pad/R1.2
target=86:tsj-realization-v1/a03-device@7/u3/led-provider@1/resistor-led-indicator@1/port/return
target=86:tsj-realization-v1/a03-device@7/u3/led-provider@1/resistor-led-indicator@1/port/supply
target=87:tsj-realization-v1/a03-device@7/u3/led-provider@1/resistor-led-indicator@1/role/ledNode
target=86:tsj-realization-v1/a03-device@7/u3/led-provider@1/resistor-led-indicator@1/role/return
target=85:tsj-realization-v1/a03-device@7/u3/led-provider@1/resistor-led-indicator@1/role/sense
target=86:tsj-realization-v1/a03-device@7/u3/led-provider@1/resistor-led-indicator@1/role/supply
target=90:tsj-realization-v1/a03-device@7/u3/led-provider@1/resistor-led-indicator@1/terminal/LED1.A
target=90:tsj-realization-v1/a03-device@7/u3/led-provider@1/resistor-led-indicator@1/terminal/LED1.K
target=88:tsj-realization-v1/a03-device@7/u3/led-provider@1/resistor-led-indicator@1/terminal/R1.1
target=88:tsj-realization-v1/a03-device@7/u3/led-provider@1/resistor-led-indicator@1/terminal/R1.2
manifest.missing-version=MISSING_FIELD:versions
manifest.unknown-version=UNSUPPORTED_VERSION:version.owner
manifest.canonical=tsj-realization/2
descriptor=380:tsj-challenge/2
constraints=tsj-constraints/1;blocks=~;components=~;diagnostic-depth=~;domains=~;input-transitions=~;instruments=~;isolation-actions=~;parallel-ambiguity=~;plausible-owners=~;purposeful-auxiliaries=~;temporal-evidence=~;temporal-samples=~
device-intent=resistive-coupling@1
difficulty-profile=developer-canary@1
generator=bounded-assembler@5
geometry=3
root-seed=0
block=69:tsj-realization-v1|u1|driver@1|nmos-provider@1|nmos-low-side-driver@1
block=69:tsj-realization-v1|u2|driver@1|nmos-provider@1|nmos-low-side-driver@1
block=73:tsj-realization-v1|u3|indicator@1|led-provider@1|resistor-led-indicator@1
version=45:diagnostic|generated-diagnostic-solvability@1
version=23:geometry|pcb-geometry@3
version=19:layout|pcb-layout@4
version=26:models|bounded-assembler@5
version=36:named-streams|named-random-streams@1
version=28:packages|bounded-assembler@5
version=27:routing|bounded-assembler@5
version=26:values|bounded-assembler@5
choice=16:blocks|ids|u1,u2
choice=34:resistance|number|4074a00000000000
choice=19:root-seed|integer|0
choice=21:topology|token|series
net=169:tsj-realization-v1/a03-device@7/u1/nmos-provider@1/nmos-low-side-driver@1/net/return|tsj-realization-v1/a03-device@7/u1/nmos-provider@1/nmos-low-side-driver@1/net/return
net=118:tsj-realization-v1/a03-device@7/u2/nmos-provider@1/nmos-low-side-driver@1/net/load|tsj-bus-v1/a03-device@7/shared-load
target=35:tsj-bus-v1/a03-device@7/shared-load
target=86:tsj-realization-v1/a03-device@7/u1/nmos-provider@1/nmos-low-side-driver@1/component/Q1
target=87:tsj-realization-v1/a03-device@7/u1/nmos-provider@1/nmos-low-side-driver@1/component/RPD
target=87:tsj-realization-v1/a03-device@7/u1/nmos-provider@1/nmos-low-side-driver@1/endpoint/Q1.D
target=87:tsj-realization-v1/a03-device@7/u1/nmos-provider@1/nmos-low-side-driver@1/endpoint/Q1.G
target=87:tsj-realization-v1/a03-device@7/u1/nmos-provider@1/nmos-low-side-driver@1/endpoint/Q1.S
target=88:tsj-realization-v1/a03-device@7/u1/nmos-provider@1/nmos-low-side-driver@1/endpoint/RPD.1
target=88:tsj-realization-v1/a03-device@7/u1/nmos-provider@1/nmos-low-side-driver@1/endpoint/RPD.2
target=85:tsj-realization-v1/a03-device@7/u1/nmos-provider@1/nmos-low-side-driver@1/net/control
target=82:tsj-realization-v1/a03-device@7/u1/nmos-provider@1/nmos-low-side-driver@1/net/load
target=84:tsj-realization-v1/a03-device@7/u1/nmos-provider@1/nmos-low-side-driver@1/net/return
target=82:tsj-realization-v1/a03-device@7/u1/nmos-provider@1/nmos-low-side-driver@1/pad/Q1.D
target=82:tsj-realization-v1/a03-device@7/u1/nmos-provider@1/nmos-low-side-driver@1/pad/Q1.G
target=82:tsj-realization-v1/a03-device@7/u1/nmos-provider@1/nmos-low-side-driver@1/pad/Q1.S
target=83:tsj-realization-v1/a03-device@7/u1/nmos-provider@1/nmos-low-side-driver@1/pad/RPD.1
target=83:tsj-realization-v1/a03-device@7/u1/nmos-provider@1/nmos-low-side-driver@1/pad/RPD.2
target=86:tsj-realization-v1/a03-device@7/u1/nmos-provider@1/nmos-low-side-driver@1/port/control
target=83:tsj-realization-v1/a03-device@7/u1/nmos-provider@1/nmos-low-side-driver@1/port/load
target=85:tsj-realization-v1/a03-device@7/u1/nmos-provider@1/nmos-low-side-driver@1/port/return
target=86:tsj-realization-v1/a03-device@7/u1/nmos-provider@1/nmos-low-side-driver@1/role/control
target=83:tsj-realization-v1/a03-device@7/u1/nmos-provider@1/nmos-low-side-driver@1/role/load
target=85:tsj-realization-v1/a03-device@7/u1/nmos-provider@1/nmos-low-side-driver@1/role/return
target=84:tsj-realization-v1/a03-device@7/u1/nmos-provider@1/nmos-low-side-driver@1/role/sense
target=87:tsj-realization-v1/a03-device@7/u1/nmos-provider@1/nmos-low-side-driver@1/terminal/Q1.D
target=87:tsj-realization-v1/a03-device@7/u1/nmos-provider@1/nmos-low-side-driver@1/terminal/Q1.G
target=87:tsj-realization-v1/a03-device@7/u1/nmos-provider@1/nmos-low-side-driver@1/terminal/Q1.S
target=88:tsj-realization-v1/a03-device@7/u1/nmos-provider@1/nmos-low-side-driver@1/terminal/RPD.1
target=88:tsj-realization-v1/a03-device@7/u1/nmos-provider@1/nmos-low-side-driver@1/terminal/RPD.2
target=86:tsj-realization-v1/a03-device@7/u2/nmos-provider@1/nmos-low-side-driver@1/component/Q1
target=87:tsj-realization-v1/a03-device@7/u2/nmos-provider@1/nmos-low-side-driver@1/component/RPD
target=87:tsj-realization-v1/a03-device@7/u2/nmos-provider@1/nmos-low-side-driver@1/endpoint/Q1.D
target=87:tsj-realization-v1/a03-device@7/u2/nmos-provider@1/nmos-low-side-driver@1/endpoint/Q1.G
target=87:tsj-realization-v1/a03-device@7/u2/nmos-provider@1/nmos-low-side-driver@1/endpoint/Q1.S
target=88:tsj-realization-v1/a03-device@7/u2/nmos-provider@1/nmos-low-side-driver@1/endpoint/RPD.1
target=88:tsj-realization-v1/a03-device@7/u2/nmos-provider@1/nmos-low-side-driver@1/endpoint/RPD.2
target=85:tsj-realization-v1/a03-device@7/u2/nmos-provider@1/nmos-low-side-driver@1/net/control
target=82:tsj-realization-v1/a03-device@7/u2/nmos-provider@1/nmos-low-side-driver@1/net/load
target=84:tsj-realization-v1/a03-device@7/u2/nmos-provider@1/nmos-low-side-driver@1/net/return
target=82:tsj-realization-v1/a03-device@7/u2/nmos-provider@1/nmos-low-side-driver@1/pad/Q1.D
target=82:tsj-realization-v1/a03-device@7/u2/nmos-provider@1/nmos-low-side-driver@1/pad/Q1.G
target=82:tsj-realization-v1/a03-device@7/u2/nmos-provider@1/nmos-low-side-driver@1/pad/Q1.S
target=83:tsj-realization-v1/a03-device@7/u2/nmos-provider@1/nmos-low-side-driver@1/pad/RPD.1
target=83:tsj-realization-v1/a03-device@7/u2/nmos-provider@1/nmos-low-side-driver@1/pad/RPD.2
target=86:tsj-realization-v1/a03-device@7/u2/nmos-provider@1/nmos-low-side-driver@1/port/control
target=83:tsj-realization-v1/a03-device@7/u2/nmos-provider@1/nmos-low-side-driver@1/port/load
target=85:tsj-realization-v1/a03-device@7/u2/nmos-provider@1/nmos-low-side-driver@1/port/return
target=86:tsj-realization-v1/a03-device@7/u2/nmos-provider@1/nmos-low-side-driver@1/role/control
target=83:tsj-realization-v1/a03-device@7/u2/nmos-provider@1/nmos-low-side-driver@1/role/load
target=85:tsj-realization-v1/a03-device@7/u2/nmos-provider@1/nmos-low-side-driver@1/role/return
target=84:tsj-realization-v1/a03-device@7/u2/nmos-provider@1/nmos-low-side-driver@1/role/sense
target=87:tsj-realization-v1/a03-device@7/u2/nmos-provider@1/nmos-low-side-driver@1/terminal/Q1.D
target=87:tsj-realization-v1/a03-device@7/u2/nmos-provider@1/nmos-low-side-driver@1/terminal/Q1.G
target=87:tsj-realization-v1/a03-device@7/u2/nmos-provider@1/nmos-low-side-driver@1/terminal/Q1.S
target=88:tsj-realization-v1/a03-device@7/u2/nmos-provider@1/nmos-low-side-driver@1/terminal/RPD.1
target=88:tsj-realization-v1/a03-device@7/u2/nmos-provider@1/nmos-low-side-driver@1/terminal/RPD.2
target=89:tsj-realization-v1/a03-device@7/u3/led-provider@1/resistor-led-indicator@1/component/LED1
target=87:tsj-realization-v1/a03-device@7/u3/led-provider@1/resistor-led-indicator@1/component/R1
target=90:tsj-realization-v1/a03-device@7/u3/led-provider@1/resistor-led-indicator@1/endpoint/LED1.A
target=90:tsj-realization-v1/a03-device@7/u3/led-provider@1/resistor-led-indicator@1/endpoint/LED1.K
target=88:tsj-realization-v1/a03-device@7/u3/led-provider@1/resistor-led-indicator@1/endpoint/R1.1
target=88:tsj-realization-v1/a03-device@7/u3/led-provider@1/resistor-led-indicator@1/endpoint/R1.2
target=86:tsj-realization-v1/a03-device@7/u3/led-provider@1/resistor-led-indicator@1/net/ledNode
target=85:tsj-realization-v1/a03-device@7/u3/led-provider@1/resistor-led-indicator@1/net/return
target=85:tsj-realization-v1/a03-device@7/u3/led-provider@1/resistor-led-indicator@1/net/supply
target=85:tsj-realization-v1/a03-device@7/u3/led-provider@1/resistor-led-indicator@1/pad/LED1.A
target=85:tsj-realization-v1/a03-device@7/u3/led-provider@1/resistor-led-indicator@1/pad/LED1.K
target=83:tsj-realization-v1/a03-device@7/u3/led-provider@1/resistor-led-indicator@1/pad/R1.1
target=83:tsj-realization-v1/a03-device@7/u3/led-provider@1/resistor-led-indicator@1/pad/R1.2
target=86:tsj-realization-v1/a03-device@7/u3/led-provider@1/resistor-led-indicator@1/port/return
target=86:tsj-realization-v1/a03-device@7/u3/led-provider@1/resistor-led-indicator@1/port/supply
target=87:tsj-realization-v1/a03-device@7/u3/led-provider@1/resistor-led-indicator@1/role/ledNode
target=86:tsj-realization-v1/a03-device@7/u3/led-provider@1/resistor-led-indicator@1/role/return
target=85:tsj-realization-v1/a03-device@7/u3/led-provider@1/resistor-led-indicator@1/role/sense
target=86:tsj-realization-v1/a03-device@7/u3/led-provider@1/resistor-led-indicator@1/role/supply
target=90:tsj-realization-v1/a03-device@7/u3/led-provider@1/resistor-led-indicator@1/terminal/LED1.A
target=90:tsj-realization-v1/a03-device@7/u3/led-provider@1/resistor-led-indicator@1/terminal/LED1.K
target=88:tsj-realization-v1/a03-device@7/u3/led-provider@1/resistor-led-indicator@1/terminal/R1.1
target=88:tsj-realization-v1/a03-device@7/u3/led-provider@1/resistor-led-indicator@1/terminal/R1.2
case=manifest PASS
seeds=0,1,-1,9223372036854775807,-9223372036854775808,9007199254740993,-9007199254740993
case=seeds PASS
current-schema=2 leaf-generator=1 geometry=3
case=replay-version PASS
assertions=93
A03_IDENTITY_VECTORS_END
A03_REPLAY_MANIFEST=5|1|27763
tsj-realization/2
descriptor=380:tsj-challenge/2
constraints=tsj-constraints/1;blocks=~;components=~;diagnostic-depth=~;domains=~;input-transitions=~;instruments=~;isolation-actions=~;parallel-ambiguity=~;plausible-owners=~;purposeful-auxiliaries=~;temporal-evidence=~;temporal-samples=~
device-intent=resistive-coupling@1
difficulty-profile=developer-canary@1
generator=bounded-assembler@5
geometry=3
root-seed=1
block=74:tsj-realization-v1|load|resistive-load@1|resistive-load@1|resistive-load@1
block=82:tsj-realization-v1|source|resistive-source@1|resistive-source@1|resistive-source@1
version=45:diagnostic|generated-diagnostic-solvability@1
version=23:geometry|pcb-geometry@3
version=19:layout|pcb-layout@4
version=26:models|bounded-assembler@5
version=36:named-streams|named-random-streams@1
version=28:packages|bounded-assembler@5
version=27:routing|bounded-assembler@5
version=26:values|bounded-assembler@5
choice=223:block.load.component.R1.terminals|ids|tsj-realization-v1/resistive-coupling@1/load/resistive-load@1/resistive-load@1/terminal/R1.1,tsj-realization-v1/resistive-coupling@1/load/resistive-load@1/resistive-load@1/terminal/R1.2
choice=43:block.load.component.R1.type|token|RESISTOR
choice=117:block.load.components|ids|tsj-realization-v1/resistive-coupling@1/load/resistive-load@1/resistive-load@1/component/R1
choice=132:block.load.endpoint.R1_1.component|token|tsj-realization-v1/resistive-coupling@1/load/resistive-load@1/resistive-load@1/component/R1
choice=132:block.load.endpoint.R1_1.terminal|token|tsj-realization-v1/resistive-coupling@1/load/resistive-load@1/resistive-load@1/terminal/R1.1
choice=132:block.load.endpoint.R1_2.component|token|tsj-realization-v1/resistive-coupling@1/load/resistive-load@1/resistive-load@1/component/R1
choice=132:block.load.endpoint.R1_2.terminal|token|tsj-realization-v1/resistive-coupling@1/load/resistive-load@1/resistive-load@1/terminal/R1.2
choice=210:block.load.endpoints|ids|tsj-realization-v1/resistive-coupling@1/load/resistive-load@1/resistive-load@1/endpoint/R1_1,tsj-realization-v1/resistive-coupling@1/load/resistive-load@1/resistive-load@1/endpoint/R1_2
choice=82:block.load.net.RETURN.conductor|token|tsj-bus-v1/resistive-coupling@1/power-return
choice=76:block.load.net.SUPPLY.conductor|token|tsj-bus-v1/resistive-coupling@1/signal
choice=199:block.load.nets|ids|tsj-realization-v1/resistive-coupling@1/load/resistive-load@1/resistive-load@1/net/RETURN,tsj-realization-v1/resistive-coupling@1/load/resistive-load@1/resistive-load@1/net/SUPPLY
choice=127:block.load.pad.R1.1.endpoint|token|tsj-realization-v1/resistive-coupling@1/load/resistive-load@1/resistive-load@1/endpoint/R1_1
choice=68:block.load.pad.R1.1.net|token|tsj-bus-v1/resistive-coupling@1/signal
choice=127:block.load.pad.R1.2.endpoint|token|tsj-realization-v1/resistive-coupling@1/load/resistive-load@1/resistive-load@1/endpoint/R1_2
choice=74:block.load.pad.R1.2.net|token|tsj-bus-v1/resistive-coupling@1/power-return
choice=195:block.load.pads|ids|tsj-realization-v1/resistive-coupling@1/load/resistive-load@1/resistive-load@1/pad/R1.1,tsj-realization-v1/resistive-coupling@1/load/resistive-load@1/resistive-load@1/pad/R1.2
choice=49:block.load.parameter.resistance-ohms|integer|2200
choice=123:block.load.port.IN.attachment|token|tsj-realization-v1/resistive-coupling@1/load/resistive-load@1/resistive-load@1/pad/R1.1
choice=118:block.load.port.IN.role|token|tsj-realization-v1/resistive-coupling@1/load/resistive-load@1/resistive-load@1/role/load
choice=129:block.load.port.RETURN.attachment|token|tsj-realization-v1/resistive-coupling@1/load/resistive-load@1/resistive-load@1/net/RETURN
choice=127:block.load.port.RETURN.role|token|tsj-realization-v1/resistive-coupling@1/load/resistive-load@1/resistive-load@1/role/reference
choice=198:block.load.ports|ids|tsj-realization-v1/resistive-coupling@1/load/resistive-load@1/resistive-load@1/port/IN,tsj-realization-v1/resistive-coupling@1/load/resistive-load@1/resistive-load@1/port/RETURN
choice=303:block.load.role.load.members|ids|tsj-realization-v1/resistive-coupling@1/load/resistive-load@1/resistive-load@1/endpoint/R1_1,tsj-realization-v1/resistive-coupling@1/load/resistive-load@1/resistive-load@1/net/SUPPLY,tsj-realization-v1/resistive-coupling@1/load/resistive-load@1/resistive-load@1/pad/R1.1
choice=47:block.load.role.load.requirement|token|REQUIRED
choice=127:block.load.role.reference.members|ids|tsj-realization-v1/resistive-coupling@1/load/resistive-load@1/resistive-load@1/net/RETURN
choice=52:block.load.role.reference.requirement|token|REQUIRED
choice=203:block.load.roles|ids|tsj-realization-v1/resistive-coupling@1/load/resistive-load@1/resistive-load@1/role/load,tsj-realization-v1/resistive-coupling@1/load/resistive-load@1/resistive-load@1/role/reference
choice=38:block.load.type|token|resistive-load@1
choice=237:block.source.component.R1.terminals|ids|tsj-realization-v1/resistive-coupling@1/source/resistive-source@1/resistive-source@1/terminal/R1.1,tsj-realization-v1/resistive-coupling@1/source/resistive-source@1/resistive-source@1/terminal/R1.2
choice=45:block.source.component.R1.type|token|RESISTOR
choice=125:block.source.components|ids|tsj-realization-v1/resistive-coupling@1/source/resistive-source@1/resistive-source@1/component/R1
choice=140:block.source.endpoint.R1_1.component|token|tsj-realization-v1/resistive-coupling@1/source/resistive-source@1/resistive-source@1/component/R1
choice=140:block.source.endpoint.R1_1.terminal|token|tsj-realization-v1/resistive-coupling@1/source/resistive-source@1/resistive-source@1/terminal/R1.1
choice=140:block.source.endpoint.R1_2.component|token|tsj-realization-v1/resistive-coupling@1/source/resistive-source@1/resistive-source@1/component/R1
choice=140:block.source.endpoint.R1_2.terminal|token|tsj-realization-v1/resistive-coupling@1/source/resistive-source@1/resistive-source@1/terminal/R1.2
choice=224:block.source.endpoints|ids|tsj-realization-v1/resistive-coupling@1/source/resistive-source@1/resistive-source@1/endpoint/R1_1,tsj-realization-v1/resistive-coupling@1/source/resistive-source@1/resistive-source@1/endpoint/R1_2
choice=75:block.source.net.OUT.conductor|token|tsj-bus-v1/resistive-coupling@1/signal
choice=84:block.source.net.RETURN.conductor|token|tsj-bus-v1/resistive-coupling@1/power-return
choice=84:block.source.net.SUPPLY.conductor|token|tsj-bus-v1/resistive-coupling@1/power-supply
choice=306:block.source.nets|ids|tsj-realization-v1/resistive-coupling@1/source/resistive-source@1/resistive-source@1/net/OUT,tsj-realization-v1/resistive-coupling@1/source/resistive-source@1/resistive-source@1/net/RETURN,tsj-realization-v1/resistive-coupling@1/source/resistive-source@1/resistive-source@1/net/SUPPLY
choice=135:block.source.pad.R1.1.endpoint|token|tsj-realization-v1/resistive-coupling@1/source/resistive-source@1/resistive-source@1/endpoint/R1_1
choice=76:block.source.pad.R1.1.net|token|tsj-bus-v1/resistive-coupling@1/power-supply
choice=135:block.source.pad.R1.2.endpoint|token|tsj-realization-v1/resistive-coupling@1/source/resistive-source@1/resistive-source@1/endpoint/R1_2
choice=70:block.source.pad.R1.2.net|token|tsj-bus-v1/resistive-coupling@1/signal
choice=209:block.source.pads|ids|tsj-realization-v1/resistive-coupling@1/source/resistive-source@1/resistive-source@1/pad/R1.1,tsj-realization-v1/resistive-coupling@1/source/resistive-source@1/resistive-source@1/pad/R1.2
choice=50:block.source.parameter.resistance-ohms|integer|220
choice=137:block.source.port.OUT.attachment|token|tsj-realization-v1/resistive-coupling@1/source/resistive-source@1/resistive-source@1/endpoint/R1_2
choice=127:block.source.port.OUT.role|token|tsj-realization-v1/resistive-coupling@1/source/resistive-source@1/resistive-source@1/role/rail
choice=137:block.source.port.RETURN.attachment|token|tsj-realization-v1/resistive-coupling@1/source/resistive-source@1/resistive-source@1/net/RETURN
choice=135:block.source.port.RETURN.role|token|tsj-realization-v1/resistive-coupling@1/source/resistive-source@1/resistive-source@1/role/reference
choice=213:block.source.ports|ids|tsj-realization-v1/resistive-coupling@1/source/resistive-source@1/resistive-source@1/port/OUT,tsj-realization-v1/resistive-coupling@1/source/resistive-source@1/resistive-source@1/port/RETURN
choice=320:block.source.role.rail.members|ids|tsj-realization-v1/resistive-coupling@1/source/resistive-source@1/resistive-source@1/endpoint/R1_2,tsj-realization-v1/resistive-coupling@1/source/resistive-source@1/resistive-source@1/net/OUT,tsj-realization-v1/resistive-coupling@1/source/resistive-source@1/resistive-source@1/pad/R1.2
choice=49:block.source.role.rail.requirement|token|REQUIRED
choice=135:block.source.role.reference.members|ids|tsj-realization-v1/resistive-coupling@1/source/resistive-source@1/resistive-source@1/net/RETURN
choice=54:block.source.role.reference.requirement|token|REQUIRED
choice=217:block.source.roles|ids|tsj-realization-v1/resistive-coupling@1/source/resistive-source@1/resistive-source@1/role/rail,tsj-realization-v1/resistive-coupling@1/source/resistive-source@1/resistive-source@1/role/reference
choice=42:block.source.type|token|resistive-source@1
choice=226:bus.declaration.power-return.anchors|ids|tsj-realization-v1/resistive-coupling@1/load/resistive-load@1/resistive-load@1/net/RETURN,tsj-realization-v1/resistive-coupling@1/source/resistive-source@1/resistive-source@1/net/RETURN
choice=86:bus.declaration.power-return.bus-id|token|tsj-bus-v1/resistive-coupling@1/power-return
choice=57:bus.declaration.power-return.external-ref-count|integer|1
choice=66:bus.declaration.power-return.external-ref.0|token|VIN_INPUT/return
choice=60:bus.declaration.power-return.semantic-key|token|power-return
choice=136:bus.declaration.power-supply.anchors|ids|tsj-realization-v1/resistive-coupling@1/source/resistive-source@1/resistive-source@1/net/SUPPLY
choice=86:bus.declaration.power-supply.bus-id|token|tsj-bus-v1/resistive-coupling@1/power-supply
choice=57:bus.declaration.power-supply.external-ref-count|integer|1
choice=68:bus.declaration.power-supply.external-ref.0|token|VIN_INPUT/positive
choice=60:bus.declaration.power-supply.semantic-key|token|power-supply
choice=217:bus.declaration.signal.anchors|ids|tsj-realization-v1/resistive-coupling@1/load/resistive-load@1/resistive-load@1/net/SUPPLY,tsj-realization-v1/resistive-coupling@1/source/resistive-source@1/resistive-source@1/net/OUT
choice=74:bus.declaration.signal.bus-id|token|tsj-bus-v1/resistive-coupling@1/signal
choice=51:bus.declaration.signal.external-ref-count|integer|0
choice=48:bus.declaration.signal.semantic-key|token|signal
choice=246:bus.tsj-bus-v1/resistive-coupling@1/power-return.aliases|ids|tsj-realization-v1/resistive-coupling@1/load/resistive-load@1/resistive-load@1/net/RETURN,tsj-realization-v1/resistive-coupling@1/source/resistive-source@1/resistive-source@1/net/RETURN
choice=156:bus.tsj-bus-v1/resistive-coupling@1/power-supply.aliases|ids|tsj-realization-v1/resistive-coupling@1/source/resistive-source@1/resistive-source@1/net/SUPPLY
choice=237:bus.tsj-bus-v1/resistive-coupling@1/signal.aliases|ids|tsj-realization-v1/resistive-coupling@1/load/resistive-load@1/resistive-load@1/net/SUPPLY,tsj-realization-v1/resistive-coupling@1/source/resistive-source@1/resistive-source@1/net/OUT
choice=39:connection.return.kind|token|CONDUCTIVE
choice=215:connection.return.ports|ids|tsj-realization-v1/resistive-coupling@1/load/resistive-load@1/resistive-load@1/port/RETURN,tsj-realization-v1/resistive-coupling@1/source/resistive-source@1/resistive-source@1/port/RETURN
choice=39:connection.signal.kind|token|CONDUCTIVE
choice=208:connection.signal.ports|ids|tsj-realization-v1/resistive-coupling@1/load/resistive-load@1/resistive-load@1/port/IN,tsj-realization-v1/resistive-coupling@1/source/resistive-source@1/resistive-source@1/port/OUT
choice=75:construction.bridge.LOAD_FIRST_ATTACHMENT.first|token|device/OUTPUT_TRACE.2
choice=59:construction.bridge.LOAD_FIRST_ATTACHMENT.join|token|signal
choice=64:construction.bridge.LOAD_FIRST_ATTACHMENT.second|token|load/R1.1
choice=74:construction.bridge.LOAD_SECOND_ATTACHMENT.first|token|load/R1_SECONDARY.2
choice=60:construction.bridge.LOAD_SECOND_ATTACHMENT.join|token|return
choice=77:construction.bridge.LOAD_SECOND_ATTACHMENT.second|token|device/RETURN_TRACE.1
choice=77:construction.bridge.SOURCE_FIRST_ATTACHMENT.first|token|device/SUPPLY_TRACE.2
choice=65:construction.bridge.SOURCE_FIRST_ATTACHMENT.input|token|VIN_INPUT
choice=68:construction.bridge.SOURCE_FIRST_ATTACHMENT.second|token|source/R1.1
choice=78:construction.bridge.SOURCE_SECOND_ATTACHMENT.first|token|source/R1_SECONDARY.2
choice=62:construction.bridge.SOURCE_SECOND_ATTACHMENT.join|token|signal
choice=79:construction.bridge.SOURCE_SECOND_ATTACHMENT.second|token|device/OUTPUT_TRACE.1
choice=66:construction.terminal.device/J1/1.backing|token|device/CONNECTOR.1
choice=88:construction.terminal.device/J1/1.net|token|tsj-bus-v1/resistive-coupling@1/power-supply
choice=66:construction.terminal.device/J1/2.backing|token|device/CONNECTOR.2
choice=88:construction.terminal.device/J1/2.net|token|tsj-bus-v1/resistive-coupling@1/power-return
choice=55:construction.terminal.load/R1/1.backing|token|load/R1.1
choice=80:construction.terminal.load/R1/1.net|token|tsj-bus-v1/resistive-coupling@1/signal
choice=65:construction.terminal.load/R1/2.backing|token|load/R1_SECONDARY.2
choice=86:construction.terminal.load/R1/2.net|token|tsj-bus-v1/resistive-coupling@1/power-return
choice=59:construction.terminal.source/R1/1.backing|token|source/R1.1
choice=88:construction.terminal.source/R1/1.net|token|tsj-bus-v1/resistive-coupling@1/power-supply
choice=69:construction.terminal.source/R1/2.backing|token|source/R1_SECONDARY.2
choice=82:construction.terminal.source/R1/2.net|token|tsj-bus-v1/resistive-coupling@1/signal
choice=46:construction.unit.device/J1.component|token|J1
choice=66:construction.unit.device/J1.package|token|THROUGH_HOLE_CONNECTOR_2
choice=46:construction.unit.device/J1.terminal.1|token|1
choice=46:construction.unit.device/J1.terminal.2|token|2
choice=133:construction.unit.load/R1.component|token|tsj-realization-v1/resistive-coupling@1/load/resistive-load@1/resistive-load@1/component/R1
choice=54:construction.unit.load/R1.package|token|AXIAL_RESISTOR
choice=44:construction.unit.load/R1.terminal.1|token|1
choice=44:construction.unit.load/R1.terminal.2|token|2
choice=141:construction.unit.source/R1.component|token|tsj-realization-v1/resistive-coupling@1/source/resistive-source@1/resistive-source@1/component/R1
choice=56:construction.unit.source/R1.package|token|AXIAL_RESISTOR
choice=46:construction.unit.source/R1.terminal.1|token|1
choice=46:construction.unit.source/R1.terminal.2|token|2
choice=30:construction.version|integer|2
choice=22:fault.block|token|load
choice=41:fault.decision|token|load-high-resistance
choice=130:fault.owner.load-high-resistance|token|tsj-realization-v1/resistive-coupling@1/load/resistive-load@1/resistive-load@1/component/R1
choice=138:fault.owner.source-high-resistance|token|tsj-realization-v1/resistive-coupling@1/source/resistive-source@1/resistive-source@1/component/R1
choice=110:physical.input.tsj-device-v1/resistive-coupling@1/component/J1/input/VIN_INPUT.voltage|number|4014000000000000
choice=33:physical.layout-version|integer|4
choice=91:physical.package.tsj-device-v1/resistive-coupling@1/component/J1.geometry-version|integer|3
choice=103:physical.package.tsj-device-v1/resistive-coupling@1/component/J1.package|token|THROUGH_HOLE_CONNECTOR_2
choice=89:physical.package.tsj-device-v1/resistive-coupling@1/component/J1.transform|token|MIRROR_X
choice=97:physical.package.tsj-device-v1/resistive-coupling@1/component/J1.variant|token|DEFAULT_MIRRORED_X
choice=135:physical.package.tsj-realization-v1/resistive-coupling@1/load/resistive-load@1/resistive-load@1/component/R1.geometry-version|integer|3
choice=137:physical.package.tsj-realization-v1/resistive-coupling@1/load/resistive-load@1/resistive-load@1/component/R1.package|token|AXIAL_RESISTOR
choice=133:physical.package.tsj-realization-v1/resistive-coupling@1/load/resistive-load@1/resistive-load@1/component/R1.transform|token|IDENTITY
choice=131:physical.package.tsj-realization-v1/resistive-coupling@1/load/resistive-load@1/resistive-load@1/component/R1.variant|token|SPAN_260
choice=141:physical.package.tsj-realization-v1/resistive-coupling@1/source/resistive-source@1/resistive-source@1/component/R1.geometry-version|integer|3
choice=143:physical.package.tsj-realization-v1/resistive-coupling@1/source/resistive-source@1/resistive-source@1/component/R1.package|token|AXIAL_RESISTOR
choice=139:physical.package.tsj-realization-v1/resistive-coupling@1/source/resistive-source@1/resistive-source@1/component/R1.transform|token|IDENTITY
choice=137:physical.package.tsj-realization-v1/resistive-coupling@1/source/resistive-source@1/resistive-source@1/component/R1.variant|token|SPAN_240
choice=32:power.contract-version|integer|1
choice=39:power.design|token|resistive-coupling@1
choice=116:power.rail.tsj-bus-v1/resistive-coupling@1/power-supply.reference|token|tsj-bus-v1/resistive-coupling@1/power-return
choice=74:power.rail.tsj-bus-v1/resistive-coupling@1/power-supply.storage|token|NONE
choice=110:power.rail.tsj-bus-v1/resistive-coupling@1/signal.reference|token|tsj-bus-v1/resistive-coupling@1/power-return
choice=68:power.rail.tsj-bus-v1/resistive-coupling@1/signal.storage|token|NONE
choice=87:power.reference.tsj-bus-v1/resistive-coupling@1/power-return.bond-permitted|token|false
choice=87:power.reference.tsj-bus-v1/resistive-coupling@1/power-return.earth-declared|token|false
choice=100:power.reference.tsj-bus-v1/resistive-coupling@1/power-return.isolation|token|current-resolved-return
choice=45:power.source.VIN_INPUT.capacity|token|UNKNOWN
choice=48:power.source.VIN_INPUT.drive|token|STIFF_VOLTAGE
choice=61:power.source.VIN_INPUT.implemented-limit|token|NOT_APPLICABLE
choice=78:power.source.VIN_INPUT.rail|token|tsj-bus-v1/resistive-coupling@1/power-supply
choice=47:power.source.VIN_INPUT.resistance|token|KNOWN:0
choice=76:power.source.VIN_INPUT.voltage|token|KNOWN:4014000000000000:4014000000000000
choice=50:recipe.device.element.CONNECTOR.component|token|J1
choice=49:recipe.device.element.CONNECTOR.kind|token|SWITCH
choice=48:recipe.device.element.CONNECTOR.post.1|integer|0
choice=48:recipe.device.element.CONNECTOR.post.2|integer|1
choice=46:recipe.device.element.GROUND.kind|token|GROUND
choice=45:recipe.device.element.GROUND.post.1|integer|0
choice=49:recipe.device.element.ISOLATION.kind|token|SWITCH
choice=48:recipe.device.element.ISOLATION.post.1|integer|0
choice=48:recipe.device.element.ISOLATION.post.2|integer|1
choice=59:recipe.device.element.LOAD_FIRST_ATTACHMENT.kind|token|WIRE
choice=60:recipe.device.element.LOAD_FIRST_ATTACHMENT.post.1|integer|0
choice=60:recipe.device.element.LOAD_FIRST_ATTACHMENT.post.2|integer|1
choice=60:recipe.device.element.LOAD_SECOND_ATTACHMENT.kind|token|WIRE
choice=61:recipe.device.element.LOAD_SECOND_ATTACHMENT.post.1|integer|0
choice=61:recipe.device.element.LOAD_SECOND_ATTACHMENT.post.2|integer|1
choice=50:recipe.device.element.OUTPUT_TRACE.kind|token|WIRE
choice=51:recipe.device.element.OUTPUT_TRACE.post.1|integer|0
choice=51:recipe.device.element.OUTPUT_TRACE.post.2|integer|1
choice=51:recipe.device.element.RETURN_BOTTOM.kind|token|WIRE
choice=52:recipe.device.element.RETURN_BOTTOM.post.1|integer|0
choice=52:recipe.device.element.RETURN_BOTTOM.post.2|integer|1
choice=50:recipe.device.element.RETURN_TRACE.kind|token|WIRE
choice=51:recipe.device.element.RETURN_TRACE.post.1|integer|0
choice=51:recipe.device.element.RETURN_TRACE.post.2|integer|1
choice=61:recipe.device.element.SOURCE_FIRST_ATTACHMENT.kind|token|WIRE
choice=62:recipe.device.element.SOURCE_FIRST_ATTACHMENT.post.1|integer|0
choice=62:recipe.device.element.SOURCE_FIRST_ATTACHMENT.post.2|integer|1
choice=62:recipe.device.element.SOURCE_SECOND_ATTACHMENT.kind|token|WIRE
choice=63:recipe.device.element.SOURCE_SECOND_ATTACHMENT.post.1|integer|0
choice=63:recipe.device.element.SOURCE_SECOND_ATTACHMENT.post.2|integer|1
choice=47:recipe.device.element.SUPPLY.kind|token|VOLTAGE
choice=70:recipe.device.element.SUPPLY.parameter.voltage|number|4014000000000000
choice=45:recipe.device.element.SUPPLY.post.+|integer|1
choice=45:recipe.device.element.SUPPLY.post.-|integer|0
choice=50:recipe.device.element.SUPPLY_TRACE.kind|token|WIRE
choice=51:recipe.device.element.SUPPLY_TRACE.post.1|integer|0
choice=51:recipe.device.element.SUPPLY_TRACE.post.2|integer|1
choice=52:recipe.device.provider|token|resistive-device-join@1
choice=40:recipe.load.choice.R1.mutable|token|true
choice=57:recipe.load.choice.R1.rated-watts|number|3fd0000000000000
choice=63:recipe.load.choice.R1.tolerance-percent|number|4014000000000000
choice=58:recipe.load.choice.descriptor.resistance-ohms|integer|2200
choice=130:recipe.load.element.R1.component|token|tsj-realization-v1/resistive-coupling@1/load/resistive-load@1/resistive-load@1/component/R1
choice=42:recipe.load.element.R1.kind|token|RESISTOR
choice=67:recipe.load.element.R1.parameter.resistance|number|40a1300000000000
choice=39:recipe.load.element.R1.post.1|integer|0
choice=39:recipe.load.element.R1.post.2|integer|1
choice=140:recipe.load.element.R1_SECONDARY.component|token|tsj-realization-v1/resistive-coupling@1/load/resistive-load@1/resistive-load@1/component/R1
choice=56:recipe.load.element.R1_SECONDARY.kind|token|FAULT_HELPER
choice=49:recipe.load.element.R1_SECONDARY.post.1|integer|0
choice=49:recipe.load.element.R1_SECONDARY.post.2|integer|1
choice=51:recipe.load.fault-effective|number|40f86a0000000000
choice=49:recipe.load.fault-kind|token|INCORRECT_RESISTANCE
choice=122:recipe.load.fault-target|token|tsj-realization-v1/resistive-coupling@1/load/resistive-load@1/resistive-load@1/component/R1
choice=34:recipe.load.inputs|ids|BOARD_POWER
choice=43:recipe.load.provider|token|resistive-load@1
choice=116:recipe.load.repair|token|tsj-realization-v1/resistive-coupling@1/load/resistive-load@1/resistive-load@1/component/R1
choice=41:recipe.load.retests|ids|STEADY_DC_POWERED
choice=42:recipe.source.choice.R1.mutable|token|true
choice=59:recipe.source.choice.R1.rated-watts|number|3fd0000000000000
choice=65:recipe.source.choice.R1.tolerance-percent|number|4014000000000000
choice=59:recipe.source.choice.descriptor.resistance-ohms|integer|220
choice=138:recipe.source.element.R1.component|token|tsj-realization-v1/resistive-coupling@1/source/resistive-source@1/resistive-source@1/component/R1
choice=44:recipe.source.element.R1.kind|token|RESISTOR
choice=69:recipe.source.element.R1.parameter.resistance|number|406b800000000000
choice=41:recipe.source.element.R1.post.1|integer|0
choice=41:recipe.source.element.R1.post.2|integer|1
choice=148:recipe.source.element.R1_SECONDARY.component|token|tsj-realization-v1/resistive-coupling@1/source/resistive-source@1/resistive-source@1/component/R1
choice=58:recipe.source.element.R1_SECONDARY.kind|token|FAULT_HELPER
choice=51:recipe.source.element.R1_SECONDARY.post.1|integer|0
choice=51:recipe.source.element.R1_SECONDARY.post.2|integer|1
choice=53:recipe.source.fault-effective|number|40f86a0000000000
choice=51:recipe.source.fault-kind|token|INCORRECT_RESISTANCE
choice=130:recipe.source.fault-target|token|tsj-realization-v1/resistive-coupling@1/source/resistive-source@1/resistive-source@1/component/R1
choice=36:recipe.source.inputs|ids|BOARD_POWER
choice=47:recipe.source.provider|token|resistive-source@1
choice=124:recipe.source.repair|token|tsj-realization-v1/resistive-coupling@1/source/resistive-source@1/resistive-source@1/component/R1
choice=43:recipe.source.retests|ids|STEADY_DC_POWERED
net=134:tsj-realization-v1/resistive-coupling@1/load/resistive-load@1/resistive-load@1/net/RETURN|tsj-bus-v1/resistive-coupling@1/power-return
net=128:tsj-realization-v1/resistive-coupling@1/load/resistive-load@1/resistive-load@1/net/SUPPLY|tsj-bus-v1/resistive-coupling@1/signal
net=131:tsj-realization-v1/resistive-coupling@1/source/resistive-source@1/resistive-source@1/net/OUT|tsj-bus-v1/resistive-coupling@1/signal
net=140:tsj-realization-v1/resistive-coupling@1/source/resistive-source@1/resistive-source@1/net/RETURN|tsj-bus-v1/resistive-coupling@1/power-return
net=140:tsj-realization-v1/resistive-coupling@1/source/resistive-source@1/resistive-source@1/net/SUPPLY|tsj-bus-v1/resistive-coupling@1/power-supply
target=44:tsj-bus-v1/resistive-coupling@1/power-return
target=44:tsj-bus-v1/resistive-coupling@1/power-supply
target=38:tsj-bus-v1/resistive-coupling@1/signal
target=47:tsj-device-v1/resistive-coupling@1/component/J1
target=63:tsj-device-v1/resistive-coupling@1/component/J1/input/VIN_INPUT
target=53:tsj-device-v1/resistive-coupling@1/component/J1/pad/1
target=53:tsj-device-v1/resistive-coupling@1/component/J1/pad/2
target=58:tsj-device-v1/resistive-coupling@1/component/J1/terminal/1
target=58:tsj-device-v1/resistive-coupling@1/component/J1/terminal/2
target=91:tsj-realization-v1/resistive-coupling@1/load/resistive-load@1/resistive-load@1/component/R1
target=92:tsj-realization-v1/resistive-coupling@1/load/resistive-load@1/resistive-load@1/endpoint/R1_1
target=92:tsj-realization-v1/resistive-coupling@1/load/resistive-load@1/resistive-load@1/endpoint/R1_2
target=89:tsj-realization-v1/resistive-coupling@1/load/resistive-load@1/resistive-load@1/net/RETURN
target=89:tsj-realization-v1/resistive-coupling@1/load/resistive-load@1/resistive-load@1/net/SUPPLY
target=87:tsj-realization-v1/resistive-coupling@1/load/resistive-load@1/resistive-load@1/pad/R1.1
target=87:tsj-realization-v1/resistive-coupling@1/load/resistive-load@1/resistive-load@1/pad/R1.2
target=86:tsj-realization-v1/resistive-coupling@1/load/resistive-load@1/resistive-load@1/port/IN
target=90:tsj-realization-v1/resistive-coupling@1/load/resistive-load@1/resistive-load@1/port/RETURN
target=88:tsj-realization-v1/resistive-coupling@1/load/resistive-load@1/resistive-load@1/role/load
target=93:tsj-realization-v1/resistive-coupling@1/load/resistive-load@1/resistive-load@1/role/reference
target=92:tsj-realization-v1/resistive-coupling@1/load/resistive-load@1/resistive-load@1/terminal/R1.1
target=92:tsj-realization-v1/resistive-coupling@1/load/resistive-load@1/resistive-load@1/terminal/R1.2
target=97:tsj-realization-v1/resistive-coupling@1/source/resistive-source@1/resistive-source@1/component/R1
target=98:tsj-realization-v1/resistive-coupling@1/source/resistive-source@1/resistive-source@1/endpoint/R1_1
target=98:tsj-realization-v1/resistive-coupling@1/source/resistive-source@1/resistive-source@1/endpoint/R1_2
target=92:tsj-realization-v1/resistive-coupling@1/source/resistive-source@1/resistive-source@1/net/OUT
target=95:tsj-realization-v1/resistive-coupling@1/source/resistive-source@1/resistive-source@1/net/RETURN
target=95:tsj-realization-v1/resistive-coupling@1/source/resistive-source@1/resistive-source@1/net/SUPPLY
target=93:tsj-realization-v1/resistive-coupling@1/source/resistive-source@1/resistive-source@1/pad/R1.1
target=93:tsj-realization-v1/resistive-coupling@1/source/resistive-source@1/resistive-source@1/pad/R1.2
target=93:tsj-realization-v1/resistive-coupling@1/source/resistive-source@1/resistive-source@1/port/OUT
target=96:tsj-realization-v1/resistive-coupling@1/source/resistive-source@1/resistive-source@1/port/RETURN
target=94:tsj-realization-v1/resistive-coupling@1/source/resistive-source@1/resistive-source@1/role/rail
target=99:tsj-realization-v1/resistive-coupling@1/source/resistive-source@1/resistive-source@1/role/reference
target=98:tsj-realization-v1/resistive-coupling@1/source/resistive-source@1/resistive-source@1/terminal/R1.1
target=98:tsj-realization-v1/resistive-coupling@1/source/resistive-source@1/resistive-source@1/terminal/R1.2
A03_REPLAY_MANIFEST=5|2|196962
tsj-realization/2
descriptor=386:tsj-challenge/2
constraints=tsj-constraints/1;blocks=~;components=~;diagnostic-depth=~;domains=~;input-transitions=~;instruments=~;isolation-actions=~;parallel-ambiguity=~;plausible-owners=~;purposeful-auxiliaries=~;temporal-evidence=~;temporal-samples=~
device-intent=controlled-indicator@1
difficulty-profile=controlled-indicator@1
generator=bounded-assembler@5
geometry=3
root-seed=2
block=90:tsj-realization-v1|channel-a-control|control-input@1|external-adapter@1|external-adapter@1
block=99:tsj-realization-v1|channel-a-driver|low-side-driver@1|nmos-low-side-driver@1|nmos-low-side-driver@1
block=90:tsj-realization-v1|channel-a-load|indicator-load@1|resistor-led-load@2|resistor-led-load@2
block=90:tsj-realization-v1|channel-b-control|control-input@1|external-adapter@1|external-adapter@1
block=99:tsj-realization-v1|channel-b-driver|low-side-driver@1|nmos-low-side-driver@1|nmos-low-side-driver@1
block=90:tsj-realization-v1|channel-b-load|indicator-load@1|resistor-led-load@2|resistor-led-load@2
block=84:tsj-realization-v1|power-adapter|power-input@1|external-adapter@1|external-adapter@1
block=108:tsj-realization-v1|supply-indicator|supply-indicator@1|supply-present-indicator@1|supply-present-indicator@1
version=45:diagnostic|generated-diagnostic-solvability@1
version=23:geometry|pcb-geometry@3
version=19:layout|pcb-layout@4
version=26:models|bounded-assembler@5
version=36:named-streams|named-random-streams@1
version=28:packages|bounded-assembler@5
version=27:routing|bounded-assembler@5
version=32:values|controlled-led-load-e12@1
choice=152:adapter.channel-a-control.component|token|tsj-realization-v1/controlled-indicator@1/channel-a-control/external-adapter@1/external-adapter@1/component/J2
choice=70:adapter.channel-a-control.external-input|token|channel-a-control-power
choice=158:adapter.channel-a-control.output-port|token|tsj-realization-v1/controlled-indicator@1/channel-a-control/external-adapter@1/external-adapter@1/port/CONTROL_OUT
choice=153:adapter.channel-a-control.return-port|token|tsj-realization-v1/controlled-indicator@1/channel-a-control/external-adapter@1/external-adapter@1/port/RETURN
choice=43:adapter.channel-a-control.version|integer|1
choice=152:adapter.channel-b-control.component|token|tsj-realization-v1/controlled-indicator@1/channel-b-control/external-adapter@1/external-adapter@1/component/J3
choice=70:adapter.channel-b-control.external-input|token|channel-b-control-power
choice=158:adapter.channel-b-control.output-port|token|tsj-realization-v1/controlled-indicator@1/channel-b-control/external-adapter@1/external-adapter@1/port/CONTROL_OUT
choice=153:adapter.channel-b-control.return-port|token|tsj-realization-v1/controlled-indicator@1/channel-b-control/external-adapter@1/external-adapter@1/port/RETURN
choice=43:adapter.channel-b-control.version|integer|1
choice=144:adapter.power-adapter.component|token|tsj-realization-v1/controlled-indicator@1/power-adapter/external-adapter@1/external-adapter@1/component/J1
choice=57:adapter.power-adapter.external-input|token|LOAD_VIN_INPUT
choice=148:adapter.power-adapter.output-port|token|tsj-realization-v1/controlled-indicator@1/power-adapter/external-adapter@1/external-adapter@1/port/POWER_OUT
choice=145:adapter.power-adapter.return-port|token|tsj-realization-v1/controlled-indicator@1/power-adapter/external-adapter@1/external-adapter@1/port/RETURN
choice=39:adapter.power-adapter.version|integer|1
choice=274:block.channel-a-control.component.J2.terminals|ids|tsj-realization-v1/controlled-indicator@1/channel-a-control/external-adapter@1/external-adapter@1/terminal/J2.1,tsj-realization-v1/controlled-indicator@1/channel-a-control/external-adapter@1/external-adapter@1/terminal/J2.2
choice=59:block.channel-a-control.component.J2.type|token|CONNECTOR_2
choice=149:block.channel-a-control.components|ids|tsj-realization-v1/controlled-indicator@1/channel-a-control/external-adapter@1/external-adapter@1/component/J2
choice=164:block.channel-a-control.endpoint.J2_1.component|token|tsj-realization-v1/controlled-indicator@1/channel-a-control/external-adapter@1/external-adapter@1/component/J2
choice=164:block.channel-a-control.endpoint.J2_1.terminal|token|tsj-realization-v1/controlled-indicator@1/channel-a-control/external-adapter@1/external-adapter@1/terminal/J2.1
choice=164:block.channel-a-control.endpoint.J2_2.component|token|tsj-realization-v1/controlled-indicator@1/channel-a-control/external-adapter@1/external-adapter@1/component/J2
choice=164:block.channel-a-control.endpoint.J2_2.terminal|token|tsj-realization-v1/controlled-indicator@1/channel-a-control/external-adapter@1/external-adapter@1/terminal/J2.2
choice=261:block.channel-a-control.endpoints|ids|tsj-realization-v1/controlled-indicator@1/channel-a-control/external-adapter@1/external-adapter@1/endpoint/J2_1,tsj-realization-v1/controlled-indicator@1/channel-a-control/external-adapter@1/external-adapter@1/endpoint/J2_2
choice=108:block.channel-a-control.net.OUTPUT.conductor|token|tsj-bus-v1/controlled-indicator@1/channel-a-control-input
choice=98:block.channel-a-control.net.RETURN.conductor|token|tsj-bus-v1/controlled-indicator@1/common-return
choice=250:block.channel-a-control.nets|ids|tsj-realization-v1/controlled-indicator@1/channel-a-control/external-adapter@1/external-adapter@1/net/OUTPUT,tsj-realization-v1/controlled-indicator@1/channel-a-control/external-adapter@1/external-adapter@1/net/RETURN
choice=159:block.channel-a-control.pad.J2.1.endpoint|token|tsj-realization-v1/controlled-indicator@1/channel-a-control/external-adapter@1/external-adapter@1/endpoint/J2_1
choice=100:block.channel-a-control.pad.J2.1.net|token|tsj-bus-v1/controlled-indicator@1/channel-a-control-input
choice=159:block.channel-a-control.pad.J2.2.endpoint|token|tsj-realization-v1/controlled-indicator@1/channel-a-control/external-adapter@1/external-adapter@1/endpoint/J2_2
choice=90:block.channel-a-control.pad.J2.2.net|token|tsj-bus-v1/controlled-indicator@1/common-return
choice=246:block.channel-a-control.pads|ids|tsj-realization-v1/controlled-indicator@1/channel-a-control/external-adapter@1/external-adapter@1/pad/J2.1,tsj-realization-v1/controlled-indicator@1/channel-a-control/external-adapter@1/external-adapter@1/pad/J2.2
choice=78:block.channel-a-control.parameter.external-input|token|channel-a-control-power
choice=164:block.channel-a-control.port.CONTROL_OUT.attachment|token|tsj-realization-v1/controlled-indicator@1/channel-a-control/external-adapter@1/external-adapter@1/pad/J2.1
choice=161:block.channel-a-control.port.CONTROL_OUT.role|token|tsj-realization-v1/controlled-indicator@1/channel-a-control/external-adapter@1/external-adapter@1/role/output
choice=161:block.channel-a-control.port.RETURN.attachment|token|tsj-realization-v1/controlled-indicator@1/channel-a-control/external-adapter@1/external-adapter@1/net/RETURN
choice=156:block.channel-a-control.port.RETURN.role|token|tsj-realization-v1/controlled-indicator@1/channel-a-control/external-adapter@1/external-adapter@1/role/return
choice=258:block.channel-a-control.ports|ids|tsj-realization-v1/controlled-indicator@1/channel-a-control/external-adapter@1/external-adapter@1/port/CONTROL_OUT,tsj-realization-v1/controlled-indicator@1/channel-a-control/external-adapter@1/external-adapter@1/port/RETURN
choice=375:block.channel-a-control.role.output.members|ids|tsj-realization-v1/controlled-indicator@1/channel-a-control/external-adapter@1/external-adapter@1/endpoint/J2_1,tsj-realization-v1/controlled-indicator@1/channel-a-control/external-adapter@1/external-adapter@1/net/OUTPUT,tsj-realization-v1/controlled-indicator@1/channel-a-control/external-adapter@1/external-adapter@1/pad/J2.1
choice=62:block.channel-a-control.role.output.requirement|token|REQUIRED
choice=375:block.channel-a-control.role.return.members|ids|tsj-realization-v1/controlled-indicator@1/channel-a-control/external-adapter@1/external-adapter@1/endpoint/J2_2,tsj-realization-v1/controlled-indicator@1/channel-a-control/external-adapter@1/external-adapter@1/net/RETURN,tsj-realization-v1/controlled-indicator@1/channel-a-control/external-adapter@1/external-adapter@1/pad/J2.2
choice=62:block.channel-a-control.role.return.requirement|token|REQUIRED
choice=253:block.channel-a-control.roles|ids|tsj-realization-v1/controlled-indicator@1/channel-a-control/external-adapter@1/external-adapter@1/role/output,tsj-realization-v1/controlled-indicator@1/channel-a-control/external-adapter@1/external-adapter@1/role/return
choice=53:block.channel-a-control.type|token|external-adapter@1
choice=406:block.channel-a-driver.component.Q1.terminals|ids|tsj-realization-v1/controlled-indicator@1/channel-a-driver/nmos-low-side-driver@1/nmos-low-side-driver@1/terminal/Q1.D,tsj-realization-v1/controlled-indicator@1/channel-a-driver/nmos-low-side-driver@1/nmos-low-side-driver@1/terminal/Q1.G,tsj-realization-v1/controlled-indicator@1/channel-a-driver/nmos-low-side-driver@1/nmos-low-side-driver@1/terminal/Q1.S
choice=51:block.channel-a-driver.component.Q1.type|token|NMOS
choice=287:block.channel-a-driver.component.RG.terminals|ids|tsj-realization-v1/controlled-indicator@1/channel-a-driver/nmos-low-side-driver@1/nmos-low-side-driver@1/terminal/RG.1,tsj-realization-v1/controlled-indicator@1/channel-a-driver/nmos-low-side-driver@1/nmos-low-side-driver@1/terminal/RG.2
choice=55:block.channel-a-driver.component.RG.type|token|RESISTOR
choice=290:block.channel-a-driver.component.RPD.terminals|ids|tsj-realization-v1/controlled-indicator@1/channel-a-driver/nmos-low-side-driver@1/nmos-low-side-driver@1/terminal/RPD.1,tsj-realization-v1/controlled-indicator@1/channel-a-driver/nmos-low-side-driver@1/nmos-low-side-driver@1/terminal/RPD.2
choice=56:block.channel-a-driver.component.RPD.type|token|RESISTOR
choice=392:block.channel-a-driver.components|ids|tsj-realization-v1/controlled-indicator@1/channel-a-driver/nmos-low-side-driver@1/nmos-low-side-driver@1/component/Q1,tsj-realization-v1/controlled-indicator@1/channel-a-driver/nmos-low-side-driver@1/nmos-low-side-driver@1/component/RG,tsj-realization-v1/controlled-indicator@1/channel-a-driver/nmos-low-side-driver@1/nmos-low-side-driver@1/component/RPD
choice=170:block.channel-a-driver.endpoint.Q1_D.component|token|tsj-realization-v1/controlled-indicator@1/channel-a-driver/nmos-low-side-driver@1/nmos-low-side-driver@1/component/Q1
choice=170:block.channel-a-driver.endpoint.Q1_D.terminal|token|tsj-realization-v1/controlled-indicator@1/channel-a-driver/nmos-low-side-driver@1/nmos-low-side-driver@1/terminal/Q1.D
choice=170:block.channel-a-driver.endpoint.Q1_G.component|token|tsj-realization-v1/controlled-indicator@1/channel-a-driver/nmos-low-side-driver@1/nmos-low-side-driver@1/component/Q1
choice=170:block.channel-a-driver.endpoint.Q1_G.terminal|token|tsj-realization-v1/controlled-indicator@1/channel-a-driver/nmos-low-side-driver@1/nmos-low-side-driver@1/terminal/Q1.G
choice=170:block.channel-a-driver.endpoint.Q1_S.component|token|tsj-realization-v1/controlled-indicator@1/channel-a-driver/nmos-low-side-driver@1/nmos-low-side-driver@1/component/Q1
choice=170:block.channel-a-driver.endpoint.Q1_S.terminal|token|tsj-realization-v1/controlled-indicator@1/channel-a-driver/nmos-low-side-driver@1/nmos-low-side-driver@1/terminal/Q1.S
choice=170:block.channel-a-driver.endpoint.RG_1.component|token|tsj-realization-v1/controlled-indicator@1/channel-a-driver/nmos-low-side-driver@1/nmos-low-side-driver@1/component/RG
choice=170:block.channel-a-driver.endpoint.RG_1.terminal|token|tsj-realization-v1/controlled-indicator@1/channel-a-driver/nmos-low-side-driver@1/nmos-low-side-driver@1/terminal/RG.1
choice=170:block.channel-a-driver.endpoint.RG_2.component|token|tsj-realization-v1/controlled-indicator@1/channel-a-driver/nmos-low-side-driver@1/nmos-low-side-driver@1/component/RG
choice=170:block.channel-a-driver.endpoint.RG_2.terminal|token|tsj-realization-v1/controlled-indicator@1/channel-a-driver/nmos-low-side-driver@1/nmos-low-side-driver@1/terminal/RG.2
choice=172:block.channel-a-driver.endpoint.RPD_1.component|token|tsj-realization-v1/controlled-indicator@1/channel-a-driver/nmos-low-side-driver@1/nmos-low-side-driver@1/component/RPD
choice=172:block.channel-a-driver.endpoint.RPD_1.terminal|token|tsj-realization-v1/controlled-indicator@1/channel-a-driver/nmos-low-side-driver@1/nmos-low-side-driver@1/terminal/RPD.1
choice=172:block.channel-a-driver.endpoint.RPD_2.component|token|tsj-realization-v1/controlled-indicator@1/channel-a-driver/nmos-low-side-driver@1/nmos-low-side-driver@1/component/RPD
choice=172:block.channel-a-driver.endpoint.RPD_2.terminal|token|tsj-realization-v1/controlled-indicator@1/channel-a-driver/nmos-low-side-driver@1/nmos-low-side-driver@1/terminal/RPD.2
choice=871:block.channel-a-driver.endpoints|ids|tsj-realization-v1/controlled-indicator@1/channel-a-driver/nmos-low-side-driver@1/nmos-low-side-driver@1/endpoint/Q1_D,tsj-realization-v1/controlled-indicator@1/channel-a-driver/nmos-low-side-driver@1/nmos-low-side-driver@1/endpoint/Q1_G,tsj-realization-v1/controlled-indicator@1/channel-a-driver/nmos-low-side-driver@1/nmos-low-side-driver@1/endpoint/Q1_S,tsj-realization-v1/controlled-indicator@1/channel-a-driver/nmos-low-side-driver@1/nmos-low-side-driver@1/endpoint/RG_1,tsj-realization-v1/controlled-indicator@1/channel-a-driver/nmos-low-side-driver@1/nmos-low-side-driver@1/endpoint/RG_2,tsj-realization-v1/controlled-indicator@1/channel-a-driver/nmos-low-side-driver@1/nmos-low-side-driver@1/endpoint/RPD_1,tsj-realization-v1/controlled-indicator@1/channel-a-driver/nmos-low-side-driver@1/nmos-low-side-driver@1/endpoint/RPD_2
choice=108:block.channel-a-driver.net.CONTROL.conductor|token|tsj-bus-v1/controlled-indicator@1/channel-a-control-input
choice=161:block.channel-a-driver.net.GATE.conductor|token|tsj-realization-v1/controlled-indicator@1/channel-a-driver/nmos-low-side-driver@1/nmos-low-side-driver@1/net/GATE
choice=97:block.channel-a-driver.net.RETURN.conductor|token|tsj-bus-v1/controlled-indicator@1/common-return
choice=116:block.channel-a-driver.net.SWITCHED_SINK.conductor|token|tsj-bus-v1/controlled-indicator@1/channel-a-switched-output
choice=501:block.channel-a-driver.nets|ids|tsj-realization-v1/controlled-indicator@1/channel-a-driver/nmos-low-side-driver@1/nmos-low-side-driver@1/net/CONTROL,tsj-realization-v1/controlled-indicator@1/channel-a-driver/nmos-low-side-driver@1/nmos-low-side-driver@1/net/GATE,tsj-realization-v1/controlled-indicator@1/channel-a-driver/nmos-low-side-driver@1/nmos-low-side-driver@1/net/RETURN,tsj-realization-v1/controlled-indicator@1/channel-a-driver/nmos-low-side-driver@1/nmos-low-side-driver@1/net/SWITCHED_SINK
choice=165:block.channel-a-driver.pad.Q1.D.endpoint|token|tsj-realization-v1/controlled-indicator@1/channel-a-driver/nmos-low-side-driver@1/nmos-low-side-driver@1/endpoint/Q1_D
choice=101:block.channel-a-driver.pad.Q1.D.net|token|tsj-bus-v1/controlled-indicator@1/channel-a-switched-output
choice=165:block.channel-a-driver.pad.Q1.G.endpoint|token|tsj-realization-v1/controlled-indicator@1/channel-a-driver/nmos-low-side-driver@1/nmos-low-side-driver@1/endpoint/Q1_G
choice=155:block.channel-a-driver.pad.Q1.G.net|token|tsj-realization-v1/controlled-indicator@1/channel-a-driver/nmos-low-side-driver@1/nmos-low-side-driver@1/net/GATE
choice=165:block.channel-a-driver.pad.Q1.S.endpoint|token|tsj-realization-v1/controlled-indicator@1/channel-a-driver/nmos-low-side-driver@1/nmos-low-side-driver@1/endpoint/Q1_S
choice=89:block.channel-a-driver.pad.Q1.S.net|token|tsj-bus-v1/controlled-indicator@1/common-return
choice=165:block.channel-a-driver.pad.RG.1.endpoint|token|tsj-realization-v1/controlled-indicator@1/channel-a-driver/nmos-low-side-driver@1/nmos-low-side-driver@1/endpoint/RG_1
choice=99:block.channel-a-driver.pad.RG.1.net|token|tsj-bus-v1/controlled-indicator@1/channel-a-control-input
choice=165:block.channel-a-driver.pad.RG.2.endpoint|token|tsj-realization-v1/controlled-indicator@1/channel-a-driver/nmos-low-side-driver@1/nmos-low-side-driver@1/endpoint/RG_2
choice=155:block.channel-a-driver.pad.RG.2.net|token|tsj-realization-v1/controlled-indicator@1/channel-a-driver/nmos-low-side-driver@1/nmos-low-side-driver@1/net/GATE
choice=167:block.channel-a-driver.pad.RPD.1.endpoint|token|tsj-realization-v1/controlled-indicator@1/channel-a-driver/nmos-low-side-driver@1/nmos-low-side-driver@1/endpoint/RPD_1
choice=156:block.channel-a-driver.pad.RPD.1.net|token|tsj-realization-v1/controlled-indicator@1/channel-a-driver/nmos-low-side-driver@1/nmos-low-side-driver@1/net/GATE
choice=167:block.channel-a-driver.pad.RPD.2.endpoint|token|tsj-realization-v1/controlled-indicator@1/channel-a-driver/nmos-low-side-driver@1/nmos-low-side-driver@1/endpoint/RPD_2
choice=90:block.channel-a-driver.pad.RPD.2.net|token|tsj-bus-v1/controlled-indicator@1/common-return
choice=831:block.channel-a-driver.pads|ids|tsj-realization-v1/controlled-indicator@1/channel-a-driver/nmos-low-side-driver@1/nmos-low-side-driver@1/pad/Q1.D,tsj-realization-v1/controlled-indicator@1/channel-a-driver/nmos-low-side-driver@1/nmos-low-side-driver@1/pad/Q1.G,tsj-realization-v1/controlled-indicator@1/channel-a-driver/nmos-low-side-driver@1/nmos-low-side-driver@1/pad/Q1.S,tsj-realization-v1/controlled-indicator@1/channel-a-driver/nmos-low-side-driver@1/nmos-low-side-driver@1/pad/RG.1,tsj-realization-v1/controlled-indicator@1/channel-a-driver/nmos-low-side-driver@1/nmos-low-side-driver@1/pad/RG.2,tsj-realization-v1/controlled-indicator@1/channel-a-driver/nmos-low-side-driver@1/nmos-low-side-driver@1/pad/RPD.1,tsj-realization-v1/controlled-indicator@1/channel-a-driver/nmos-low-side-driver@1/nmos-low-side-driver@1/pad/RPD.2
choice=48:block.channel-a-driver.parameter.beta|integer|10
choice=76:block.channel-a-driver.parameter.control-demand-amps|number|3f0cf94ba58b06e1
choice=70:block.channel-a-driver.parameter.functional-role|token|low-side-driver
choice=77:block.channel-a-driver.parameter.gate-resistance-ohms|number|408f400000000000
choice=73:block.channel-a-driver.parameter.load-demand-amps|number|3f90624dd2f1a9fc
choice=49:block.channel-a-driver.parameter.model|token|NMOS
choice=77:block.channel-a-driver.parameter.off-leakage-max-amps|number|3eb0c6f7a0b5ed8d
choice=75:block.channel-a-driver.parameter.on-clamp-max-volts|number|3fe999999999999a
choice=71:block.channel-a-driver.parameter.pull-down-ohms|number|40f86a0000000000
choice=75:block.channel-a-driver.parameter.sink-capacity-amps|number|3f947ae147ae147b
choice=72:block.channel-a-driver.parameter.threshold-volts|number|3ff8000000000000
choice=166:block.channel-a-driver.port.CONTROL.attachment|token|tsj-realization-v1/controlled-indicator@1/channel-a-driver/nmos-low-side-driver@1/nmos-low-side-driver@1/pad/RG.1
choice=164:block.channel-a-driver.port.CONTROL.role|token|tsj-realization-v1/controlled-indicator@1/channel-a-driver/nmos-low-side-driver@1/nmos-low-side-driver@1/role/control
choice=167:block.channel-a-driver.port.RETURN.attachment|token|tsj-realization-v1/controlled-indicator@1/channel-a-driver/nmos-low-side-driver@1/nmos-low-side-driver@1/net/RETURN
choice=162:block.channel-a-driver.port.RETURN.role|token|tsj-realization-v1/controlled-indicator@1/channel-a-driver/nmos-low-side-driver@1/nmos-low-side-driver@1/role/return
choice=172:block.channel-a-driver.port.SWITCHED_SINK.attachment|token|tsj-realization-v1/controlled-indicator@1/channel-a-driver/nmos-low-side-driver@1/nmos-low-side-driver@1/pad/Q1.D
choice=171:block.channel-a-driver.port.SWITCHED_SINK.role|token|tsj-realization-v1/controlled-indicator@1/channel-a-driver/nmos-low-side-driver@1/nmos-low-side-driver@1/role/switched
choice=391:block.channel-a-driver.ports|ids|tsj-realization-v1/controlled-indicator@1/channel-a-driver/nmos-low-side-driver@1/nmos-low-side-driver@1/port/CONTROL,tsj-realization-v1/controlled-indicator@1/channel-a-driver/nmos-low-side-driver@1/nmos-low-side-driver@1/port/RETURN,tsj-realization-v1/controlled-indicator@1/channel-a-driver/nmos-low-side-driver@1/nmos-low-side-driver@1/port/SWITCHED_SINK
choice=278:block.channel-a-driver.role.control.members|ids|tsj-realization-v1/controlled-indicator@1/channel-a-driver/nmos-low-side-driver@1/nmos-low-side-driver@1/net/CONTROL,tsj-realization-v1/controlled-indicator@1/channel-a-driver/nmos-low-side-driver@1/nmos-low-side-driver@1/pad/RG.1
choice=62:block.channel-a-driver.role.control.requirement|token|REQUIRED
choice=501:block.channel-a-driver.role.gate.members|ids|tsj-realization-v1/controlled-indicator@1/channel-a-driver/nmos-low-side-driver@1/nmos-low-side-driver@1/net/GATE,tsj-realization-v1/controlled-indicator@1/channel-a-driver/nmos-low-side-driver@1/nmos-low-side-driver@1/pad/Q1.G,tsj-realization-v1/controlled-indicator@1/channel-a-driver/nmos-low-side-driver@1/nmos-low-side-driver@1/pad/RG.2,tsj-realization-v1/controlled-indicator@1/channel-a-driver/nmos-low-side-driver@1/nmos-low-side-driver@1/pad/RPD.1
choice=59:block.channel-a-driver.role.gate.requirement|token|REQUIRED
choice=391:block.channel-a-driver.role.return.members|ids|tsj-realization-v1/controlled-indicator@1/channel-a-driver/nmos-low-side-driver@1/nmos-low-side-driver@1/net/RETURN,tsj-realization-v1/controlled-indicator@1/channel-a-driver/nmos-low-side-driver@1/nmos-low-side-driver@1/pad/Q1.S,tsj-realization-v1/controlled-indicator@1/channel-a-driver/nmos-low-side-driver@1/nmos-low-side-driver@1/pad/RPD.2
choice=61:block.channel-a-driver.role.return.requirement|token|REQUIRED
choice=285:block.channel-a-driver.role.switched.members|ids|tsj-realization-v1/controlled-indicator@1/channel-a-driver/nmos-low-side-driver@1/nmos-low-side-driver@1/net/SWITCHED_SINK,tsj-realization-v1/controlled-indicator@1/channel-a-driver/nmos-low-side-driver@1/nmos-low-side-driver@1/pad/Q1.D
choice=63:block.channel-a-driver.role.switched.requirement|token|REQUIRED
choice=501:block.channel-a-driver.roles|ids|tsj-realization-v1/controlled-indicator@1/channel-a-driver/nmos-low-side-driver@1/nmos-low-side-driver@1/role/control,tsj-realization-v1/controlled-indicator@1/channel-a-driver/nmos-low-side-driver@1/nmos-low-side-driver@1/role/gate,tsj-realization-v1/controlled-indicator@1/channel-a-driver/nmos-low-side-driver@1/nmos-low-side-driver@1/role/return,tsj-realization-v1/controlled-indicator@1/channel-a-driver/nmos-low-side-driver@1/nmos-low-side-driver@1/role/switched
choice=56:block.channel-a-driver.type|token|nmos-low-side-driver@1
choice=275:block.channel-a-load.component.LED1.terminals|ids|tsj-realization-v1/controlled-indicator@1/channel-a-load/resistor-led-load@2/resistor-led-load@2/terminal/LED1.A,tsj-realization-v1/controlled-indicator@1/channel-a-load/resistor-led-load@2/resistor-led-load@2/terminal/LED1.K
choice=50:block.channel-a-load.component.LED1.type|token|LED
choice=278:block.channel-a-load.component.RLOAD.terminals|ids|tsj-realization-v1/controlled-indicator@1/channel-a-load/resistor-led-load@2/resistor-led-load@2/terminal/RLOAD.1,tsj-realization-v1/controlled-indicator@1/channel-a-load/resistor-led-load@2/resistor-led-load@2/terminal/RLOAD.2
choice=56:block.channel-a-load.component.RLOAD.type|token|RESISTOR
choice=260:block.channel-a-load.components|ids|tsj-realization-v1/controlled-indicator@1/channel-a-load/resistor-led-load@2/resistor-led-load@2/component/LED1,tsj-realization-v1/controlled-indicator@1/channel-a-load/resistor-led-load@2/resistor-led-load@2/component/RLOAD
choice=164:block.channel-a-load.endpoint.LED1_A.component|token|tsj-realization-v1/controlled-indicator@1/channel-a-load/resistor-led-load@2/resistor-led-load@2/component/LED1
choice=164:block.channel-a-load.endpoint.LED1_A.terminal|token|tsj-realization-v1/controlled-indicator@1/channel-a-load/resistor-led-load@2/resistor-led-load@2/terminal/LED1.A
choice=164:block.channel-a-load.endpoint.LED1_K.component|token|tsj-realization-v1/controlled-indicator@1/channel-a-load/resistor-led-load@2/resistor-led-load@2/component/LED1
choice=164:block.channel-a-load.endpoint.LED1_K.terminal|token|tsj-realization-v1/controlled-indicator@1/channel-a-load/resistor-led-load@2/resistor-led-load@2/terminal/LED1.K
choice=166:block.channel-a-load.endpoint.RLOAD_1.component|token|tsj-realization-v1/controlled-indicator@1/channel-a-load/resistor-led-load@2/resistor-led-load@2/component/RLOAD
choice=166:block.channel-a-load.endpoint.RLOAD_1.terminal|token|tsj-realization-v1/controlled-indicator@1/channel-a-load/resistor-led-load@2/resistor-led-load@2/terminal/RLOAD.1
choice=166:block.channel-a-load.endpoint.RLOAD_2.component|token|tsj-realization-v1/controlled-indicator@1/channel-a-load/resistor-led-load@2/resistor-led-load@2/component/RLOAD
choice=166:block.channel-a-load.endpoint.RLOAD_2.terminal|token|tsj-realization-v1/controlled-indicator@1/channel-a-load/resistor-led-load@2/resistor-led-load@2/terminal/RLOAD.2
choice=488:block.channel-a-load.endpoints|ids|tsj-realization-v1/controlled-indicator@1/channel-a-load/resistor-led-load@2/resistor-led-load@2/endpoint/LED1_A,tsj-realization-v1/controlled-indicator@1/channel-a-load/resistor-led-load@2/resistor-led-load@2/endpoint/LED1_K,tsj-realization-v1/controlled-indicator@1/channel-a-load/resistor-led-load@2/resistor-led-load@2/endpoint/RLOAD_1,tsj-realization-v1/controlled-indicator@1/channel-a-load/resistor-led-load@2/resistor-led-load@2/endpoint/RLOAD_2
choice=159:block.channel-a-load.net.LED_NODE.conductor|token|tsj-realization-v1/controlled-indicator@1/channel-a-load/resistor-led-load@2/resistor-led-load@2/net/LED_NODE
choice=95:block.channel-a-load.net.RETURN.conductor|token|tsj-bus-v1/controlled-indicator@1/common-return
choice=94:block.channel-a-load.net.SUPPLY.conductor|token|tsj-bus-v1/controlled-indicator@1/power-supply
choice=114:block.channel-a-load.net.SWITCHED_LOAD.conductor|token|tsj-bus-v1/controlled-indicator@1/channel-a-switched-output
choice=470:block.channel-a-load.nets|ids|tsj-realization-v1/controlled-indicator@1/channel-a-load/resistor-led-load@2/resistor-led-load@2/net/LED_NODE,tsj-realization-v1/controlled-indicator@1/channel-a-load/resistor-led-load@2/resistor-led-load@2/net/RETURN,tsj-realization-v1/controlled-indicator@1/channel-a-load/resistor-led-load@2/resistor-led-load@2/net/SUPPLY,tsj-realization-v1/controlled-indicator@1/channel-a-load/resistor-led-load@2/resistor-led-load@2/net/SWITCHED_LOAD
choice=159:block.channel-a-load.pad.LED1.A.endpoint|token|tsj-realization-v1/controlled-indicator@1/channel-a-load/resistor-led-load@2/resistor-led-load@2/endpoint/LED1_A
choice=151:block.channel-a-load.pad.LED1.A.net|token|tsj-realization-v1/controlled-indicator@1/channel-a-load/resistor-led-load@2/resistor-led-load@2/net/LED_NODE
choice=159:block.channel-a-load.pad.LED1.K.endpoint|token|tsj-realization-v1/controlled-indicator@1/channel-a-load/resistor-led-load@2/resistor-led-load@2/endpoint/LED1_K
choice=101:block.channel-a-load.pad.LED1.K.net|token|tsj-bus-v1/controlled-indicator@1/channel-a-switched-output
choice=161:block.channel-a-load.pad.RLOAD.1.endpoint|token|tsj-realization-v1/controlled-indicator@1/channel-a-load/resistor-led-load@2/resistor-led-load@2/endpoint/RLOAD_1
choice=89:block.channel-a-load.pad.RLOAD.1.net|token|tsj-bus-v1/controlled-indicator@1/power-supply
choice=161:block.channel-a-load.pad.RLOAD.2.endpoint|token|tsj-realization-v1/controlled-indicator@1/channel-a-load/resistor-led-load@2/resistor-led-load@2/endpoint/RLOAD_2
choice=152:block.channel-a-load.pad.RLOAD.2.net|token|tsj-realization-v1/controlled-indicator@1/channel-a-load/resistor-led-load@2/resistor-led-load@2/net/LED_NODE
choice=463:block.channel-a-load.pads|ids|tsj-realization-v1/controlled-indicator@1/channel-a-load/resistor-led-load@2/resistor-led-load@2/pad/LED1.A,tsj-realization-v1/controlled-indicator@1/channel-a-load/resistor-led-load@2/resistor-led-load@2/pad/LED1.K,tsj-realization-v1/controlled-indicator@1/channel-a-load/resistor-led-load@2/resistor-led-load@2/pad/RLOAD.1,tsj-realization-v1/controlled-indicator@1/channel-a-load/resistor-led-load@2/resistor-led-load@2/pad/RLOAD.2
choice=67:block.channel-a-load.parameter.functional-role|token|indicator-load
choice=71:block.channel-a-load.parameter.led-vf-max-volts|number|4000000000000000
choice=71:block.channel-a-load.parameter.led-vf-min-volts|number|3ff999999999999a
choice=54:block.channel-a-load.parameter.model|token|default-led
choice=59:block.channel-a-load.parameter.package|token|AXIAL_RESISTOR
choice=69:block.channel-a-load.parameter.policy|token|controlled-led-load-e12@1
choice=76:block.channel-a-load.parameter.power-headroom-factor|number|4000000000000000
choice=75:block.channel-a-load.parameter.sink-headroom-factor|number|3ff4000000000000
choice=78:block.channel-a-load.parameter.target-min-current-amps|number|3f747ae147ae147b
choice=73:block.channel-a-load.parameter.tolerance-fraction|number|3fa999999999999a
choice=157:block.channel-a-load.port.RETURN.attachment|token|tsj-realization-v1/controlled-indicator@1/channel-a-load/resistor-led-load@2/resistor-led-load@2/net/RETURN
choice=152:block.channel-a-load.port.RETURN.role|token|tsj-realization-v1/controlled-indicator@1/channel-a-load/resistor-led-load@2/resistor-led-load@2/role/return
choice=158:block.channel-a-load.port.SUPPLY.attachment|token|tsj-realization-v1/controlled-indicator@1/channel-a-load/resistor-led-load@2/resistor-led-load@2/pad/RLOAD.1
choice=152:block.channel-a-load.port.SUPPLY.role|token|tsj-realization-v1/controlled-indicator@1/channel-a-load/resistor-led-load@2/resistor-led-load@2/role/supply
choice=164:block.channel-a-load.port.SWITCHED_LOAD.attachment|token|tsj-realization-v1/controlled-indicator@1/channel-a-load/resistor-led-load@2/resistor-led-load@2/pad/LED1.K
choice=161:block.channel-a-load.port.SWITCHED_LOAD.role|token|tsj-realization-v1/controlled-indicator@1/channel-a-load/resistor-led-load@2/resistor-led-load@2/role/switched
choice=364:block.channel-a-load.ports|ids|tsj-realization-v1/controlled-indicator@1/channel-a-load/resistor-led-load@2/resistor-led-load@2/port/RETURN,tsj-realization-v1/controlled-indicator@1/channel-a-load/resistor-led-load@2/resistor-led-load@2/port/SUPPLY,tsj-realization-v1/controlled-indicator@1/channel-a-load/resistor-led-load@2/resistor-led-load@2/port/SWITCHED_LOAD
choice=372:block.channel-a-load.role.ledNode.members|ids|tsj-realization-v1/controlled-indicator@1/channel-a-load/resistor-led-load@2/resistor-led-load@2/net/LED_NODE,tsj-realization-v1/controlled-indicator@1/channel-a-load/resistor-led-load@2/resistor-led-load@2/pad/LED1.A,tsj-realization-v1/controlled-indicator@1/channel-a-load/resistor-led-load@2/resistor-led-load@2/pad/RLOAD.2
choice=60:block.channel-a-load.role.ledNode.requirement|token|REQUIRED
choice=152:block.channel-a-load.role.return.members|ids|tsj-realization-v1/controlled-indicator@1/channel-a-load/resistor-led-load@2/resistor-led-load@2/net/RETURN
choice=59:block.channel-a-load.role.return.requirement|token|REQUIRED
choice=261:block.channel-a-load.role.supply.members|ids|tsj-realization-v1/controlled-indicator@1/channel-a-load/resistor-led-load@2/resistor-led-load@2/net/SUPPLY,tsj-realization-v1/controlled-indicator@1/channel-a-load/resistor-led-load@2/resistor-led-load@2/pad/RLOAD.1
choice=59:block.channel-a-load.role.supply.requirement|token|REQUIRED
choice=269:block.channel-a-load.role.switched.members|ids|tsj-realization-v1/controlled-indicator@1/channel-a-load/resistor-led-load@2/resistor-led-load@2/net/SWITCHED_LOAD,tsj-realization-v1/controlled-indicator@1/channel-a-load/resistor-led-load@2/resistor-led-load@2/pad/LED1.K
choice=61:block.channel-a-load.role.switched.requirement|token|REQUIRED
choice=469:block.channel-a-load.roles|ids|tsj-realization-v1/controlled-indicator@1/channel-a-load/resistor-led-load@2/resistor-led-load@2/role/ledNode,tsj-realization-v1/controlled-indicator@1/channel-a-load/resistor-led-load@2/resistor-led-load@2/role/return,tsj-realization-v1/controlled-indicator@1/channel-a-load/resistor-led-load@2/resistor-led-load@2/role/supply,tsj-realization-v1/controlled-indicator@1/channel-a-load/resistor-led-load@2/resistor-led-load@2/role/switched
choice=51:block.channel-a-load.type|token|resistor-led-load@2
choice=274:block.channel-b-control.component.J3.terminals|ids|tsj-realization-v1/controlled-indicator@1/channel-b-control/external-adapter@1/external-adapter@1/terminal/J3.1,tsj-realization-v1/controlled-indicator@1/channel-b-control/external-adapter@1/external-adapter@1/terminal/J3.2
choice=59:block.channel-b-control.component.J3.type|token|CONNECTOR_2
choice=149:block.channel-b-control.components|ids|tsj-realization-v1/controlled-indicator@1/channel-b-control/external-adapter@1/external-adapter@1/component/J3
choice=164:block.channel-b-control.endpoint.J3_1.component|token|tsj-realization-v1/controlled-indicator@1/channel-b-control/external-adapter@1/external-adapter@1/component/J3
choice=164:block.channel-b-control.endpoint.J3_1.terminal|token|tsj-realization-v1/controlled-indicator@1/channel-b-control/external-adapter@1/external-adapter@1/terminal/J3.1
choice=164:block.channel-b-control.endpoint.J3_2.component|token|tsj-realization-v1/controlled-indicator@1/channel-b-control/external-adapter@1/external-adapter@1/component/J3
choice=164:block.channel-b-control.endpoint.J3_2.terminal|token|tsj-realization-v1/controlled-indicator@1/channel-b-control/external-adapter@1/external-adapter@1/terminal/J3.2
choice=261:block.channel-b-control.endpoints|ids|tsj-realization-v1/controlled-indicator@1/channel-b-control/external-adapter@1/external-adapter@1/endpoint/J3_1,tsj-realization-v1/controlled-indicator@1/channel-b-control/external-adapter@1/external-adapter@1/endpoint/J3_2
choice=108:block.channel-b-control.net.OUTPUT.conductor|token|tsj-bus-v1/controlled-indicator@1/channel-b-control-input
choice=98:block.channel-b-control.net.RETURN.conductor|token|tsj-bus-v1/controlled-indicator@1/common-return
choice=250:block.channel-b-control.nets|ids|tsj-realization-v1/controlled-indicator@1/channel-b-control/external-adapter@1/external-adapter@1/net/OUTPUT,tsj-realization-v1/controlled-indicator@1/channel-b-control/external-adapter@1/external-adapter@1/net/RETURN
choice=159:block.channel-b-control.pad.J3.1.endpoint|token|tsj-realization-v1/controlled-indicator@1/channel-b-control/external-adapter@1/external-adapter@1/endpoint/J3_1
choice=100:block.channel-b-control.pad.J3.1.net|token|tsj-bus-v1/controlled-indicator@1/channel-b-control-input
choice=159:block.channel-b-control.pad.J3.2.endpoint|token|tsj-realization-v1/controlled-indicator@1/channel-b-control/external-adapter@1/external-adapter@1/endpoint/J3_2
choice=90:block.channel-b-control.pad.J3.2.net|token|tsj-bus-v1/controlled-indicator@1/common-return
choice=246:block.channel-b-control.pads|ids|tsj-realization-v1/controlled-indicator@1/channel-b-control/external-adapter@1/external-adapter@1/pad/J3.1,tsj-realization-v1/controlled-indicator@1/channel-b-control/external-adapter@1/external-adapter@1/pad/J3.2
choice=78:block.channel-b-control.parameter.external-input|token|channel-b-control-power
choice=164:block.channel-b-control.port.CONTROL_OUT.attachment|token|tsj-realization-v1/controlled-indicator@1/channel-b-control/external-adapter@1/external-adapter@1/pad/J3.1
choice=161:block.channel-b-control.port.CONTROL_OUT.role|token|tsj-realization-v1/controlled-indicator@1/channel-b-control/external-adapter@1/external-adapter@1/role/output
choice=161:block.channel-b-control.port.RETURN.attachment|token|tsj-realization-v1/controlled-indicator@1/channel-b-control/external-adapter@1/external-adapter@1/net/RETURN
choice=156:block.channel-b-control.port.RETURN.role|token|tsj-realization-v1/controlled-indicator@1/channel-b-control/external-adapter@1/external-adapter@1/role/return
choice=258:block.channel-b-control.ports|ids|tsj-realization-v1/controlled-indicator@1/channel-b-control/external-adapter@1/external-adapter@1/port/CONTROL_OUT,tsj-realization-v1/controlled-indicator@1/channel-b-control/external-adapter@1/external-adapter@1/port/RETURN
choice=375:block.channel-b-control.role.output.members|ids|tsj-realization-v1/controlled-indicator@1/channel-b-control/external-adapter@1/external-adapter@1/endpoint/J3_1,tsj-realization-v1/controlled-indicator@1/channel-b-control/external-adapter@1/external-adapter@1/net/OUTPUT,tsj-realization-v1/controlled-indicator@1/channel-b-control/external-adapter@1/external-adapter@1/pad/J3.1
choice=62:block.channel-b-control.role.output.requirement|token|REQUIRED
choice=375:block.channel-b-control.role.return.members|ids|tsj-realization-v1/controlled-indicator@1/channel-b-control/external-adapter@1/external-adapter@1/endpoint/J3_2,tsj-realization-v1/controlled-indicator@1/channel-b-control/external-adapter@1/external-adapter@1/net/RETURN,tsj-realization-v1/controlled-indicator@1/channel-b-control/external-adapter@1/external-adapter@1/pad/J3.2
choice=62:block.channel-b-control.role.return.requirement|token|REQUIRED
choice=253:block.channel-b-control.roles|ids|tsj-realization-v1/controlled-indicator@1/channel-b-control/external-adapter@1/external-adapter@1/role/output,tsj-realization-v1/controlled-indicator@1/channel-b-control/external-adapter@1/external-adapter@1/role/return
choice=53:block.channel-b-control.type|token|external-adapter@1
choice=406:block.channel-b-driver.component.Q1.terminals|ids|tsj-realization-v1/controlled-indicator@1/channel-b-driver/nmos-low-side-driver@1/nmos-low-side-driver@1/terminal/Q1.D,tsj-realization-v1/controlled-indicator@1/channel-b-driver/nmos-low-side-driver@1/nmos-low-side-driver@1/terminal/Q1.G,tsj-realization-v1/controlled-indicator@1/channel-b-driver/nmos-low-side-driver@1/nmos-low-side-driver@1/terminal/Q1.S
choice=51:block.channel-b-driver.component.Q1.type|token|NMOS
choice=287:block.channel-b-driver.component.RG.terminals|ids|tsj-realization-v1/controlled-indicator@1/channel-b-driver/nmos-low-side-driver@1/nmos-low-side-driver@1/terminal/RG.1,tsj-realization-v1/controlled-indicator@1/channel-b-driver/nmos-low-side-driver@1/nmos-low-side-driver@1/terminal/RG.2
choice=55:block.channel-b-driver.component.RG.type|token|RESISTOR
choice=290:block.channel-b-driver.component.RPD.terminals|ids|tsj-realization-v1/controlled-indicator@1/channel-b-driver/nmos-low-side-driver@1/nmos-low-side-driver@1/terminal/RPD.1,tsj-realization-v1/controlled-indicator@1/channel-b-driver/nmos-low-side-driver@1/nmos-low-side-driver@1/terminal/RPD.2
choice=56:block.channel-b-driver.component.RPD.type|token|RESISTOR
choice=392:block.channel-b-driver.components|ids|tsj-realization-v1/controlled-indicator@1/channel-b-driver/nmos-low-side-driver@1/nmos-low-side-driver@1/component/Q1,tsj-realization-v1/controlled-indicator@1/channel-b-driver/nmos-low-side-driver@1/nmos-low-side-driver@1/component/RG,tsj-realization-v1/controlled-indicator@1/channel-b-driver/nmos-low-side-driver@1/nmos-low-side-driver@1/component/RPD
choice=170:block.channel-b-driver.endpoint.Q1_D.component|token|tsj-realization-v1/controlled-indicator@1/channel-b-driver/nmos-low-side-driver@1/nmos-low-side-driver@1/component/Q1
choice=170:block.channel-b-driver.endpoint.Q1_D.terminal|token|tsj-realization-v1/controlled-indicator@1/channel-b-driver/nmos-low-side-driver@1/nmos-low-side-driver@1/terminal/Q1.D
choice=170:block.channel-b-driver.endpoint.Q1_G.component|token|tsj-realization-v1/controlled-indicator@1/channel-b-driver/nmos-low-side-driver@1/nmos-low-side-driver@1/component/Q1
choice=170:block.channel-b-driver.endpoint.Q1_G.terminal|token|tsj-realization-v1/controlled-indicator@1/channel-b-driver/nmos-low-side-driver@1/nmos-low-side-driver@1/terminal/Q1.G
choice=170:block.channel-b-driver.endpoint.Q1_S.component|token|tsj-realization-v1/controlled-indicator@1/channel-b-driver/nmos-low-side-driver@1/nmos-low-side-driver@1/component/Q1
choice=170:block.channel-b-driver.endpoint.Q1_S.terminal|token|tsj-realization-v1/controlled-indicator@1/channel-b-driver/nmos-low-side-driver@1/nmos-low-side-driver@1/terminal/Q1.S
choice=170:block.channel-b-driver.endpoint.RG_1.component|token|tsj-realization-v1/controlled-indicator@1/channel-b-driver/nmos-low-side-driver@1/nmos-low-side-driver@1/component/RG
choice=170:block.channel-b-driver.endpoint.RG_1.terminal|token|tsj-realization-v1/controlled-indicator@1/channel-b-driver/nmos-low-side-driver@1/nmos-low-side-driver@1/terminal/RG.1
choice=170:block.channel-b-driver.endpoint.RG_2.component|token|tsj-realization-v1/controlled-indicator@1/channel-b-driver/nmos-low-side-driver@1/nmos-low-side-driver@1/component/RG
choice=170:block.channel-b-driver.endpoint.RG_2.terminal|token|tsj-realization-v1/controlled-indicator@1/channel-b-driver/nmos-low-side-driver@1/nmos-low-side-driver@1/terminal/RG.2
choice=172:block.channel-b-driver.endpoint.RPD_1.component|token|tsj-realization-v1/controlled-indicator@1/channel-b-driver/nmos-low-side-driver@1/nmos-low-side-driver@1/component/RPD
choice=172:block.channel-b-driver.endpoint.RPD_1.terminal|token|tsj-realization-v1/controlled-indicator@1/channel-b-driver/nmos-low-side-driver@1/nmos-low-side-driver@1/terminal/RPD.1
choice=172:block.channel-b-driver.endpoint.RPD_2.component|token|tsj-realization-v1/controlled-indicator@1/channel-b-driver/nmos-low-side-driver@1/nmos-low-side-driver@1/component/RPD
choice=172:block.channel-b-driver.endpoint.RPD_2.terminal|token|tsj-realization-v1/controlled-indicator@1/channel-b-driver/nmos-low-side-driver@1/nmos-low-side-driver@1/terminal/RPD.2
choice=871:block.channel-b-driver.endpoints|ids|tsj-realization-v1/controlled-indicator@1/channel-b-driver/nmos-low-side-driver@1/nmos-low-side-driver@1/endpoint/Q1_D,tsj-realization-v1/controlled-indicator@1/channel-b-driver/nmos-low-side-driver@1/nmos-low-side-driver@1/endpoint/Q1_G,tsj-realization-v1/controlled-indicator@1/channel-b-driver/nmos-low-side-driver@1/nmos-low-side-driver@1/endpoint/Q1_S,tsj-realization-v1/controlled-indicator@1/channel-b-driver/nmos-low-side-driver@1/nmos-low-side-driver@1/endpoint/RG_1,tsj-realization-v1/controlled-indicator@1/channel-b-driver/nmos-low-side-driver@1/nmos-low-side-driver@1/endpoint/RG_2,tsj-realization-v1/controlled-indicator@1/channel-b-driver/nmos-low-side-driver@1/nmos-low-side-driver@1/endpoint/RPD_1,tsj-realization-v1/controlled-indicator@1/channel-b-driver/nmos-low-side-driver@1/nmos-low-side-driver@1/endpoint/RPD_2
choice=108:block.channel-b-driver.net.CONTROL.conductor|token|tsj-bus-v1/controlled-indicator@1/channel-b-control-input
choice=161:block.channel-b-driver.net.GATE.conductor|token|tsj-realization-v1/controlled-indicator@1/channel-b-driver/nmos-low-side-driver@1/nmos-low-side-driver@1/net/GATE
choice=97:block.channel-b-driver.net.RETURN.conductor|token|tsj-bus-v1/controlled-indicator@1/common-return
choice=116:block.channel-b-driver.net.SWITCHED_SINK.conductor|token|tsj-bus-v1/controlled-indicator@1/channel-b-switched-output
choice=501:block.channel-b-driver.nets|ids|tsj-realization-v1/controlled-indicator@1/channel-b-driver/nmos-low-side-driver@1/nmos-low-side-driver@1/net/CONTROL,tsj-realization-v1/controlled-indicator@1/channel-b-driver/nmos-low-side-driver@1/nmos-low-side-driver@1/net/GATE,tsj-realization-v1/controlled-indicator@1/channel-b-driver/nmos-low-side-driver@1/nmos-low-side-driver@1/net/RETURN,tsj-realization-v1/controlled-indicator@1/channel-b-driver/nmos-low-side-driver@1/nmos-low-side-driver@1/net/SWITCHED_SINK
choice=165:block.channel-b-driver.pad.Q1.D.endpoint|token|tsj-realization-v1/controlled-indicator@1/channel-b-driver/nmos-low-side-driver@1/nmos-low-side-driver@1/endpoint/Q1_D
choice=101:block.channel-b-driver.pad.Q1.D.net|token|tsj-bus-v1/controlled-indicator@1/channel-b-switched-output
choice=165:block.channel-b-driver.pad.Q1.G.endpoint|token|tsj-realization-v1/controlled-indicator@1/channel-b-driver/nmos-low-side-driver@1/nmos-low-side-driver@1/endpoint/Q1_G
choice=155:block.channel-b-driver.pad.Q1.G.net|token|tsj-realization-v1/controlled-indicator@1/channel-b-driver/nmos-low-side-driver@1/nmos-low-side-driver@1/net/GATE
choice=165:block.channel-b-driver.pad.Q1.S.endpoint|token|tsj-realization-v1/controlled-indicator@1/channel-b-driver/nmos-low-side-driver@1/nmos-low-side-driver@1/endpoint/Q1_S
choice=89:block.channel-b-driver.pad.Q1.S.net|token|tsj-bus-v1/controlled-indicator@1/common-return
choice=165:block.channel-b-driver.pad.RG.1.endpoint|token|tsj-realization-v1/controlled-indicator@1/channel-b-driver/nmos-low-side-driver@1/nmos-low-side-driver@1/endpoint/RG_1
choice=99:block.channel-b-driver.pad.RG.1.net|token|tsj-bus-v1/controlled-indicator@1/channel-b-control-input
choice=165:block.channel-b-driver.pad.RG.2.endpoint|token|tsj-realization-v1/controlled-indicator@1/channel-b-driver/nmos-low-side-driver@1/nmos-low-side-driver@1/endpoint/RG_2
choice=155:block.channel-b-driver.pad.RG.2.net|token|tsj-realization-v1/controlled-indicator@1/channel-b-driver/nmos-low-side-driver@1/nmos-low-side-driver@1/net/GATE
choice=167:block.channel-b-driver.pad.RPD.1.endpoint|token|tsj-realization-v1/controlled-indicator@1/channel-b-driver/nmos-low-side-driver@1/nmos-low-side-driver@1/endpoint/RPD_1
choice=156:block.channel-b-driver.pad.RPD.1.net|token|tsj-realization-v1/controlled-indicator@1/channel-b-driver/nmos-low-side-driver@1/nmos-low-side-driver@1/net/GATE
choice=167:block.channel-b-driver.pad.RPD.2.endpoint|token|tsj-realization-v1/controlled-indicator@1/channel-b-driver/nmos-low-side-driver@1/nmos-low-side-driver@1/endpoint/RPD_2
choice=90:block.channel-b-driver.pad.RPD.2.net|token|tsj-bus-v1/controlled-indicator@1/common-return
choice=831:block.channel-b-driver.pads|ids|tsj-realization-v1/controlled-indicator@1/channel-b-driver/nmos-low-side-driver@1/nmos-low-side-driver@1/pad/Q1.D,tsj-realization-v1/controlled-indicator@1/channel-b-driver/nmos-low-side-driver@1/nmos-low-side-driver@1/pad/Q1.G,tsj-realization-v1/controlled-indicator@1/channel-b-driver/nmos-low-side-driver@1/nmos-low-side-driver@1/pad/Q1.S,tsj-realization-v1/controlled-indicator@1/channel-b-driver/nmos-low-side-driver@1/nmos-low-side-driver@1/pad/RG.1,tsj-realization-v1/controlled-indicator@1/channel-b-driver/nmos-low-side-driver@1/nmos-low-side-driver@1/pad/RG.2,tsj-realization-v1/controlled-indicator@1/channel-b-driver/nmos-low-side-driver@1/nmos-low-side-driver@1/pad/RPD.1,tsj-realization-v1/controlled-indicator@1/channel-b-driver/nmos-low-side-driver@1/nmos-low-side-driver@1/pad/RPD.2
choice=48:block.channel-b-driver.parameter.beta|integer|10
choice=76:block.channel-b-driver.parameter.control-demand-amps|number|3f0cf94ba58b06e1
choice=70:block.channel-b-driver.parameter.functional-role|token|low-side-driver
choice=77:block.channel-b-driver.parameter.gate-resistance-ohms|number|408f400000000000
choice=73:block.channel-b-driver.parameter.load-demand-amps|number|3f90624dd2f1a9fc
choice=49:block.channel-b-driver.parameter.model|token|NMOS
choice=77:block.channel-b-driver.parameter.off-leakage-max-amps|number|3eb0c6f7a0b5ed8d
choice=75:block.channel-b-driver.parameter.on-clamp-max-volts|number|3fe999999999999a
choice=71:block.channel-b-driver.parameter.pull-down-ohms|number|40f86a0000000000
choice=75:block.channel-b-driver.parameter.sink-capacity-amps|number|3f947ae147ae147b
choice=72:block.channel-b-driver.parameter.threshold-volts|number|3ff8000000000000
choice=166:block.channel-b-driver.port.CONTROL.attachment|token|tsj-realization-v1/controlled-indicator@1/channel-b-driver/nmos-low-side-driver@1/nmos-low-side-driver@1/pad/RG.1
choice=164:block.channel-b-driver.port.CONTROL.role|token|tsj-realization-v1/controlled-indicator@1/channel-b-driver/nmos-low-side-driver@1/nmos-low-side-driver@1/role/control
choice=167:block.channel-b-driver.port.RETURN.attachment|token|tsj-realization-v1/controlled-indicator@1/channel-b-driver/nmos-low-side-driver@1/nmos-low-side-driver@1/net/RETURN
choice=162:block.channel-b-driver.port.RETURN.role|token|tsj-realization-v1/controlled-indicator@1/channel-b-driver/nmos-low-side-driver@1/nmos-low-side-driver@1/role/return
choice=172:block.channel-b-driver.port.SWITCHED_SINK.attachment|token|tsj-realization-v1/controlled-indicator@1/channel-b-driver/nmos-low-side-driver@1/nmos-low-side-driver@1/pad/Q1.D
choice=171:block.channel-b-driver.port.SWITCHED_SINK.role|token|tsj-realization-v1/controlled-indicator@1/channel-b-driver/nmos-low-side-driver@1/nmos-low-side-driver@1/role/switched
choice=391:block.channel-b-driver.ports|ids|tsj-realization-v1/controlled-indicator@1/channel-b-driver/nmos-low-side-driver@1/nmos-low-side-driver@1/port/CONTROL,tsj-realization-v1/controlled-indicator@1/channel-b-driver/nmos-low-side-driver@1/nmos-low-side-driver@1/port/RETURN,tsj-realization-v1/controlled-indicator@1/channel-b-driver/nmos-low-side-driver@1/nmos-low-side-driver@1/port/SWITCHED_SINK
choice=278:block.channel-b-driver.role.control.members|ids|tsj-realization-v1/controlled-indicator@1/channel-b-driver/nmos-low-side-driver@1/nmos-low-side-driver@1/net/CONTROL,tsj-realization-v1/controlled-indicator@1/channel-b-driver/nmos-low-side-driver@1/nmos-low-side-driver@1/pad/RG.1
choice=62:block.channel-b-driver.role.control.requirement|token|REQUIRED
choice=501:block.channel-b-driver.role.gate.members|ids|tsj-realization-v1/controlled-indicator@1/channel-b-driver/nmos-low-side-driver@1/nmos-low-side-driver@1/net/GATE,tsj-realization-v1/controlled-indicator@1/channel-b-driver/nmos-low-side-driver@1/nmos-low-side-driver@1/pad/Q1.G,tsj-realization-v1/controlled-indicator@1/channel-b-driver/nmos-low-side-driver@1/nmos-low-side-driver@1/pad/RG.2,tsj-realization-v1/controlled-indicator@1/channel-b-driver/nmos-low-side-driver@1/nmos-low-side-driver@1/pad/RPD.1
choice=59:block.channel-b-driver.role.gate.requirement|token|REQUIRED
choice=391:block.channel-b-driver.role.return.members|ids|tsj-realization-v1/controlled-indicator@1/channel-b-driver/nmos-low-side-driver@1/nmos-low-side-driver@1/net/RETURN,tsj-realization-v1/controlled-indicator@1/channel-b-driver/nmos-low-side-driver@1/nmos-low-side-driver@1/pad/Q1.S,tsj-realization-v1/controlled-indicator@1/channel-b-driver/nmos-low-side-driver@1/nmos-low-side-driver@1/pad/RPD.2
choice=61:block.channel-b-driver.role.return.requirement|token|REQUIRED
choice=285:block.channel-b-driver.role.switched.members|ids|tsj-realization-v1/controlled-indicator@1/channel-b-driver/nmos-low-side-driver@1/nmos-low-side-driver@1/net/SWITCHED_SINK,tsj-realization-v1/controlled-indicator@1/channel-b-driver/nmos-low-side-driver@1/nmos-low-side-driver@1/pad/Q1.D
choice=63:block.channel-b-driver.role.switched.requirement|token|REQUIRED
choice=501:block.channel-b-driver.roles|ids|tsj-realization-v1/controlled-indicator@1/channel-b-driver/nmos-low-side-driver@1/nmos-low-side-driver@1/role/control,tsj-realization-v1/controlled-indicator@1/channel-b-driver/nmos-low-side-driver@1/nmos-low-side-driver@1/role/gate,tsj-realization-v1/controlled-indicator@1/channel-b-driver/nmos-low-side-driver@1/nmos-low-side-driver@1/role/return,tsj-realization-v1/controlled-indicator@1/channel-b-driver/nmos-low-side-driver@1/nmos-low-side-driver@1/role/switched
choice=56:block.channel-b-driver.type|token|nmos-low-side-driver@1
choice=275:block.channel-b-load.component.LED1.terminals|ids|tsj-realization-v1/controlled-indicator@1/channel-b-load/resistor-led-load@2/resistor-led-load@2/terminal/LED1.A,tsj-realization-v1/controlled-indicator@1/channel-b-load/resistor-led-load@2/resistor-led-load@2/terminal/LED1.K
choice=50:block.channel-b-load.component.LED1.type|token|LED
choice=278:block.channel-b-load.component.RLOAD.terminals|ids|tsj-realization-v1/controlled-indicator@1/channel-b-load/resistor-led-load@2/resistor-led-load@2/terminal/RLOAD.1,tsj-realization-v1/controlled-indicator@1/channel-b-load/resistor-led-load@2/resistor-led-load@2/terminal/RLOAD.2
choice=56:block.channel-b-load.component.RLOAD.type|token|RESISTOR
choice=260:block.channel-b-load.components|ids|tsj-realization-v1/controlled-indicator@1/channel-b-load/resistor-led-load@2/resistor-led-load@2/component/LED1,tsj-realization-v1/controlled-indicator@1/channel-b-load/resistor-led-load@2/resistor-led-load@2/component/RLOAD
choice=164:block.channel-b-load.endpoint.LED1_A.component|token|tsj-realization-v1/controlled-indicator@1/channel-b-load/resistor-led-load@2/resistor-led-load@2/component/LED1
choice=164:block.channel-b-load.endpoint.LED1_A.terminal|token|tsj-realization-v1/controlled-indicator@1/channel-b-load/resistor-led-load@2/resistor-led-load@2/terminal/LED1.A
choice=164:block.channel-b-load.endpoint.LED1_K.component|token|tsj-realization-v1/controlled-indicator@1/channel-b-load/resistor-led-load@2/resistor-led-load@2/component/LED1
choice=164:block.channel-b-load.endpoint.LED1_K.terminal|token|tsj-realization-v1/controlled-indicator@1/channel-b-load/resistor-led-load@2/resistor-led-load@2/terminal/LED1.K
choice=166:block.channel-b-load.endpoint.RLOAD_1.component|token|tsj-realization-v1/controlled-indicator@1/channel-b-load/resistor-led-load@2/resistor-led-load@2/component/RLOAD
choice=166:block.channel-b-load.endpoint.RLOAD_1.terminal|token|tsj-realization-v1/controlled-indicator@1/channel-b-load/resistor-led-load@2/resistor-led-load@2/terminal/RLOAD.1
choice=166:block.channel-b-load.endpoint.RLOAD_2.component|token|tsj-realization-v1/controlled-indicator@1/channel-b-load/resistor-led-load@2/resistor-led-load@2/component/RLOAD
choice=166:block.channel-b-load.endpoint.RLOAD_2.terminal|token|tsj-realization-v1/controlled-indicator@1/channel-b-load/resistor-led-load@2/resistor-led-load@2/terminal/RLOAD.2
choice=488:block.channel-b-load.endpoints|ids|tsj-realization-v1/controlled-indicator@1/channel-b-load/resistor-led-load@2/resistor-led-load@2/endpoint/LED1_A,tsj-realization-v1/controlled-indicator@1/channel-b-load/resistor-led-load@2/resistor-led-load@2/endpoint/LED1_K,tsj-realization-v1/controlled-indicator@1/channel-b-load/resistor-led-load@2/resistor-led-load@2/endpoint/RLOAD_1,tsj-realization-v1/controlled-indicator@1/channel-b-load/resistor-led-load@2/resistor-led-load@2/endpoint/RLOAD_2
choice=159:block.channel-b-load.net.LED_NODE.conductor|token|tsj-realization-v1/controlled-indicator@1/channel-b-load/resistor-led-load@2/resistor-led-load@2/net/LED_NODE
choice=95:block.channel-b-load.net.RETURN.conductor|token|tsj-bus-v1/controlled-indicator@1/common-return
choice=94:block.channel-b-load.net.SUPPLY.conductor|token|tsj-bus-v1/controlled-indicator@1/power-supply
choice=114:block.channel-b-load.net.SWITCHED_LOAD.conductor|token|tsj-bus-v1/controlled-indicator@1/channel-b-switched-output
choice=470:block.channel-b-load.nets|ids|tsj-realization-v1/controlled-indicator@1/channel-b-load/resistor-led-load@2/resistor-led-load@2/net/LED_NODE,tsj-realization-v1/controlled-indicator@1/channel-b-load/resistor-led-load@2/resistor-led-load@2/net/RETURN,tsj-realization-v1/controlled-indicator@1/channel-b-load/resistor-led-load@2/resistor-led-load@2/net/SUPPLY,tsj-realization-v1/controlled-indicator@1/channel-b-load/resistor-led-load@2/resistor-led-load@2/net/SWITCHED_LOAD
choice=159:block.channel-b-load.pad.LED1.A.endpoint|token|tsj-realization-v1/controlled-indicator@1/channel-b-load/resistor-led-load@2/resistor-led-load@2/endpoint/LED1_A
choice=151:block.channel-b-load.pad.LED1.A.net|token|tsj-realization-v1/controlled-indicator@1/channel-b-load/resistor-led-load@2/resistor-led-load@2/net/LED_NODE
choice=159:block.channel-b-load.pad.LED1.K.endpoint|token|tsj-realization-v1/controlled-indicator@1/channel-b-load/resistor-led-load@2/resistor-led-load@2/endpoint/LED1_K
choice=101:block.channel-b-load.pad.LED1.K.net|token|tsj-bus-v1/controlled-indicator@1/channel-b-switched-output
choice=161:block.channel-b-load.pad.RLOAD.1.endpoint|token|tsj-realization-v1/controlled-indicator@1/channel-b-load/resistor-led-load@2/resistor-led-load@2/endpoint/RLOAD_1
choice=89:block.channel-b-load.pad.RLOAD.1.net|token|tsj-bus-v1/controlled-indicator@1/power-supply
choice=161:block.channel-b-load.pad.RLOAD.2.endpoint|token|tsj-realization-v1/controlled-indicator@1/channel-b-load/resistor-led-load@2/resistor-led-load@2/endpoint/RLOAD_2
choice=152:block.channel-b-load.pad.RLOAD.2.net|token|tsj-realization-v1/controlled-indicator@1/channel-b-load/resistor-led-load@2/resistor-led-load@2/net/LED_NODE
choice=463:block.channel-b-load.pads|ids|tsj-realization-v1/controlled-indicator@1/channel-b-load/resistor-led-load@2/resistor-led-load@2/pad/LED1.A,tsj-realization-v1/controlled-indicator@1/channel-b-load/resistor-led-load@2/resistor-led-load@2/pad/LED1.K,tsj-realization-v1/controlled-indicator@1/channel-b-load/resistor-led-load@2/resistor-led-load@2/pad/RLOAD.1,tsj-realization-v1/controlled-indicator@1/channel-b-load/resistor-led-load@2/resistor-led-load@2/pad/RLOAD.2
choice=67:block.channel-b-load.parameter.functional-role|token|indicator-load
choice=71:block.channel-b-load.parameter.led-vf-max-volts|number|4000000000000000
choice=71:block.channel-b-load.parameter.led-vf-min-volts|number|3ff999999999999a
choice=54:block.channel-b-load.parameter.model|token|default-led
choice=59:block.channel-b-load.parameter.package|token|AXIAL_RESISTOR
choice=69:block.channel-b-load.parameter.policy|token|controlled-led-load-e12@1
choice=76:block.channel-b-load.parameter.power-headroom-factor|number|4000000000000000
choice=75:block.channel-b-load.parameter.sink-headroom-factor|number|3ff4000000000000
choice=78:block.channel-b-load.parameter.target-min-current-amps|number|3f747ae147ae147b
choice=73:block.channel-b-load.parameter.tolerance-fraction|number|3fa999999999999a
choice=157:block.channel-b-load.port.RETURN.attachment|token|tsj-realization-v1/controlled-indicator@1/channel-b-load/resistor-led-load@2/resistor-led-load@2/net/RETURN
choice=152:block.channel-b-load.port.RETURN.role|token|tsj-realization-v1/controlled-indicator@1/channel-b-load/resistor-led-load@2/resistor-led-load@2/role/return
choice=158:block.channel-b-load.port.SUPPLY.attachment|token|tsj-realization-v1/controlled-indicator@1/channel-b-load/resistor-led-load@2/resistor-led-load@2/pad/RLOAD.1
choice=152:block.channel-b-load.port.SUPPLY.role|token|tsj-realization-v1/controlled-indicator@1/channel-b-load/resistor-led-load@2/resistor-led-load@2/role/supply
choice=164:block.channel-b-load.port.SWITCHED_LOAD.attachment|token|tsj-realization-v1/controlled-indicator@1/channel-b-load/resistor-led-load@2/resistor-led-load@2/pad/LED1.K
choice=161:block.channel-b-load.port.SWITCHED_LOAD.role|token|tsj-realization-v1/controlled-indicator@1/channel-b-load/resistor-led-load@2/resistor-led-load@2/role/switched
choice=364:block.channel-b-load.ports|ids|tsj-realization-v1/controlled-indicator@1/channel-b-load/resistor-led-load@2/resistor-led-load@2/port/RETURN,tsj-realization-v1/controlled-indicator@1/channel-b-load/resistor-led-load@2/resistor-led-load@2/port/SUPPLY,tsj-realization-v1/controlled-indicator@1/channel-b-load/resistor-led-load@2/resistor-led-load@2/port/SWITCHED_LOAD
choice=372:block.channel-b-load.role.ledNode.members|ids|tsj-realization-v1/controlled-indicator@1/channel-b-load/resistor-led-load@2/resistor-led-load@2/net/LED_NODE,tsj-realization-v1/controlled-indicator@1/channel-b-load/resistor-led-load@2/resistor-led-load@2/pad/LED1.A,tsj-realization-v1/controlled-indicator@1/channel-b-load/resistor-led-load@2/resistor-led-load@2/pad/RLOAD.2
choice=60:block.channel-b-load.role.ledNode.requirement|token|REQUIRED
choice=152:block.channel-b-load.role.return.members|ids|tsj-realization-v1/controlled-indicator@1/channel-b-load/resistor-led-load@2/resistor-led-load@2/net/RETURN
choice=59:block.channel-b-load.role.return.requirement|token|REQUIRED
choice=261:block.channel-b-load.role.supply.members|ids|tsj-realization-v1/controlled-indicator@1/channel-b-load/resistor-led-load@2/resistor-led-load@2/net/SUPPLY,tsj-realization-v1/controlled-indicator@1/channel-b-load/resistor-led-load@2/resistor-led-load@2/pad/RLOAD.1
choice=59:block.channel-b-load.role.supply.requirement|token|REQUIRED
choice=269:block.channel-b-load.role.switched.members|ids|tsj-realization-v1/controlled-indicator@1/channel-b-load/resistor-led-load@2/resistor-led-load@2/net/SWITCHED_LOAD,tsj-realization-v1/controlled-indicator@1/channel-b-load/resistor-led-load@2/resistor-led-load@2/pad/LED1.K
choice=61:block.channel-b-load.role.switched.requirement|token|REQUIRED
choice=469:block.channel-b-load.roles|ids|tsj-realization-v1/controlled-indicator@1/channel-b-load/resistor-led-load@2/resistor-led-load@2/role/ledNode,tsj-realization-v1/controlled-indicator@1/channel-b-load/resistor-led-load@2/resistor-led-load@2/role/return,tsj-realization-v1/controlled-indicator@1/channel-b-load/resistor-led-load@2/resistor-led-load@2/role/supply,tsj-realization-v1/controlled-indicator@1/channel-b-load/resistor-led-load@2/resistor-led-load@2/role/switched
choice=51:block.channel-b-load.type|token|resistor-led-load@2
choice=262:block.power-adapter.component.J1.terminals|ids|tsj-realization-v1/controlled-indicator@1/power-adapter/external-adapter@1/external-adapter@1/terminal/J1.1,tsj-realization-v1/controlled-indicator@1/power-adapter/external-adapter@1/external-adapter@1/terminal/J1.2
choice=55:block.power-adapter.component.J1.type|token|CONNECTOR_2
choice=141:block.power-adapter.components|ids|tsj-realization-v1/controlled-indicator@1/power-adapter/external-adapter@1/external-adapter@1/component/J1
choice=156:block.power-adapter.endpoint.J1_1.component|token|tsj-realization-v1/controlled-indicator@1/power-adapter/external-adapter@1/external-adapter@1/component/J1
choice=156:block.power-adapter.endpoint.J1_1.terminal|token|tsj-realization-v1/controlled-indicator@1/power-adapter/external-adapter@1/external-adapter@1/terminal/J1.1
choice=156:block.power-adapter.endpoint.J1_2.component|token|tsj-realization-v1/controlled-indicator@1/power-adapter/external-adapter@1/external-adapter@1/component/J1
choice=156:block.power-adapter.endpoint.J1_2.terminal|token|tsj-realization-v1/controlled-indicator@1/power-adapter/external-adapter@1/external-adapter@1/terminal/J1.2
choice=249:block.power-adapter.endpoints|ids|tsj-realization-v1/controlled-indicator@1/power-adapter/external-adapter@1/external-adapter@1/endpoint/J1_1,tsj-realization-v1/controlled-indicator@1/power-adapter/external-adapter@1/external-adapter@1/endpoint/J1_2
choice=93:block.power-adapter.net.OUTPUT.conductor|token|tsj-bus-v1/controlled-indicator@1/power-supply
choice=94:block.power-adapter.net.RETURN.conductor|token|tsj-bus-v1/controlled-indicator@1/common-return
choice=238:block.power-adapter.nets|ids|tsj-realization-v1/controlled-indicator@1/power-adapter/external-adapter@1/external-adapter@1/net/OUTPUT,tsj-realization-v1/controlled-indicator@1/power-adapter/external-adapter@1/external-adapter@1/net/RETURN
choice=151:block.power-adapter.pad.J1.1.endpoint|token|tsj-realization-v1/controlled-indicator@1/power-adapter/external-adapter@1/external-adapter@1/endpoint/J1_1
choice=85:block.power-adapter.pad.J1.1.net|token|tsj-bus-v1/controlled-indicator@1/power-supply
choice=151:block.power-adapter.pad.J1.2.endpoint|token|tsj-realization-v1/controlled-indicator@1/power-adapter/external-adapter@1/external-adapter@1/endpoint/J1_2
choice=86:block.power-adapter.pad.J1.2.net|token|tsj-bus-v1/controlled-indicator@1/common-return
choice=234:block.power-adapter.pads|ids|tsj-realization-v1/controlled-indicator@1/power-adapter/external-adapter@1/external-adapter@1/pad/J1.1,tsj-realization-v1/controlled-indicator@1/power-adapter/external-adapter@1/external-adapter@1/pad/J1.2
choice=65:block.power-adapter.parameter.external-input|token|LOAD_VIN_INPUT
choice=154:block.power-adapter.port.POWER_OUT.attachment|token|tsj-realization-v1/controlled-indicator@1/power-adapter/external-adapter@1/external-adapter@1/pad/J1.1
choice=151:block.power-adapter.port.POWER_OUT.role|token|tsj-realization-v1/controlled-indicator@1/power-adapter/external-adapter@1/external-adapter@1/role/output
choice=153:block.power-adapter.port.RETURN.attachment|token|tsj-realization-v1/controlled-indicator@1/power-adapter/external-adapter@1/external-adapter@1/net/RETURN
choice=148:block.power-adapter.port.RETURN.role|token|tsj-realization-v1/controlled-indicator@1/power-adapter/external-adapter@1/external-adapter@1/role/return
choice=244:block.power-adapter.ports|ids|tsj-realization-v1/controlled-indicator@1/power-adapter/external-adapter@1/external-adapter@1/port/POWER_OUT,tsj-realization-v1/controlled-indicator@1/power-adapter/external-adapter@1/external-adapter@1/port/RETURN
choice=359:block.power-adapter.role.output.members|ids|tsj-realization-v1/controlled-indicator@1/power-adapter/external-adapter@1/external-adapter@1/endpoint/J1_1,tsj-realization-v1/controlled-indicator@1/power-adapter/external-adapter@1/external-adapter@1/net/OUTPUT,tsj-realization-v1/controlled-indicator@1/power-adapter/external-adapter@1/external-adapter@1/pad/J1.1
choice=58:block.power-adapter.role.output.requirement|token|REQUIRED
choice=359:block.power-adapter.role.return.members|ids|tsj-realization-v1/controlled-indicator@1/power-adapter/external-adapter@1/external-adapter@1/endpoint/J1_2,tsj-realization-v1/controlled-indicator@1/power-adapter/external-adapter@1/external-adapter@1/net/RETURN,tsj-realization-v1/controlled-indicator@1/power-adapter/external-adapter@1/external-adapter@1/pad/J1.2
choice=58:block.power-adapter.role.return.requirement|token|REQUIRED
choice=241:block.power-adapter.roles|ids|tsj-realization-v1/controlled-indicator@1/power-adapter/external-adapter@1/external-adapter@1/role/output,tsj-realization-v1/controlled-indicator@1/power-adapter/external-adapter@1/external-adapter@1/role/return
choice=49:block.power-adapter.type|token|external-adapter@1
choice=309:block.supply-indicator.component.LED1.terminals|ids|tsj-realization-v1/controlled-indicator@1/supply-indicator/supply-present-indicator@1/supply-present-indicator@1/terminal/LED1.A,tsj-realization-v1/controlled-indicator@1/supply-indicator/supply-present-indicator@1/supply-present-indicator@1/terminal/LED1.K
choice=52:block.supply-indicator.component.LED1.type|token|LED
choice=309:block.supply-indicator.component.RSUP.terminals|ids|tsj-realization-v1/controlled-indicator@1/supply-indicator/supply-present-indicator@1/supply-present-indicator@1/terminal/RSUP.1,tsj-realization-v1/controlled-indicator@1/supply-indicator/supply-present-indicator@1/supply-present-indicator@1/terminal/RSUP.2
choice=57:block.supply-indicator.component.RSUP.type|token|RESISTOR
choice=293:block.supply-indicator.components|ids|tsj-realization-v1/controlled-indicator@1/supply-indicator/supply-present-indicator@1/supply-present-indicator@1/component/LED1,tsj-realization-v1/controlled-indicator@1/supply-indicator/supply-present-indicator@1/supply-present-indicator@1/component/RSUP
choice=182:block.supply-indicator.endpoint.LED1_A.component|token|tsj-realization-v1/controlled-indicator@1/supply-indicator/supply-present-indicator@1/supply-present-indicator@1/component/LED1
choice=182:block.supply-indicator.endpoint.LED1_A.terminal|token|tsj-realization-v1/controlled-indicator@1/supply-indicator/supply-present-indicator@1/supply-present-indicator@1/terminal/LED1.A
choice=182:block.supply-indicator.endpoint.LED1_K.component|token|tsj-realization-v1/controlled-indicator@1/supply-indicator/supply-present-indicator@1/supply-present-indicator@1/component/LED1
choice=182:block.supply-indicator.endpoint.LED1_K.terminal|token|tsj-realization-v1/controlled-indicator@1/supply-indicator/supply-present-indicator@1/supply-present-indicator@1/terminal/LED1.K
choice=182:block.supply-indicator.endpoint.RSUP_1.component|token|tsj-realization-v1/controlled-indicator@1/supply-indicator/supply-present-indicator@1/supply-present-indicator@1/component/RSUP
choice=182:block.supply-indicator.endpoint.RSUP_1.terminal|token|tsj-realization-v1/controlled-indicator@1/supply-indicator/supply-present-indicator@1/supply-present-indicator@1/terminal/RSUP.1
choice=182:block.supply-indicator.endpoint.RSUP_2.component|token|tsj-realization-v1/controlled-indicator@1/supply-indicator/supply-present-indicator@1/supply-present-indicator@1/component/RSUP
choice=182:block.supply-indicator.endpoint.RSUP_2.terminal|token|tsj-realization-v1/controlled-indicator@1/supply-indicator/supply-present-indicator@1/supply-present-indicator@1/terminal/RSUP.2
choice=552:block.supply-indicator.endpoints|ids|tsj-realization-v1/controlled-indicator@1/supply-indicator/supply-present-indicator@1/supply-present-indicator@1/endpoint/LED1_A,tsj-realization-v1/controlled-indicator@1/supply-indicator/supply-present-indicator@1/supply-present-indicator@1/endpoint/LED1_K,tsj-realization-v1/controlled-indicator@1/supply-indicator/supply-present-indicator@1/supply-present-indicator@1/endpoint/RSUP_1,tsj-realization-v1/controlled-indicator@1/supply-indicator/supply-present-indicator@1/supply-present-indicator@1/endpoint/RSUP_2
choice=177:block.supply-indicator.net.LED_NODE.conductor|token|tsj-realization-v1/controlled-indicator@1/supply-indicator/supply-present-indicator@1/supply-present-indicator@1/net/LED_NODE
choice=97:block.supply-indicator.net.RETURN.conductor|token|tsj-bus-v1/controlled-indicator@1/common-return
choice=96:block.supply-indicator.net.SUPPLY.conductor|token|tsj-bus-v1/controlled-indicator@1/power-supply
choice=405:block.supply-indicator.nets|ids|tsj-realization-v1/controlled-indicator@1/supply-indicator/supply-present-indicator@1/supply-present-indicator@1/net/LED_NODE,tsj-realization-v1/controlled-indicator@1/supply-indicator/supply-present-indicator@1/supply-present-indicator@1/net/RETURN,tsj-realization-v1/controlled-indicator@1/supply-indicator/supply-present-indicator@1/supply-present-indicator@1/net/SUPPLY
choice=177:block.supply-indicator.pad.LED1.A.endpoint|token|tsj-realization-v1/controlled-indicator@1/supply-indicator/supply-present-indicator@1/supply-present-indicator@1/endpoint/LED1_A
choice=169:block.supply-indicator.pad.LED1.A.net|token|tsj-realization-v1/controlled-indicator@1/supply-indicator/supply-present-indicator@1/supply-present-indicator@1/net/LED_NODE
choice=177:block.supply-indicator.pad.LED1.K.endpoint|token|tsj-realization-v1/controlled-indicator@1/supply-indicator/supply-present-indicator@1/supply-present-indicator@1/endpoint/LED1_K
choice=91:block.supply-indicator.pad.LED1.K.net|token|tsj-bus-v1/controlled-indicator@1/common-return
choice=177:block.supply-indicator.pad.RSUP.1.endpoint|token|tsj-realization-v1/controlled-indicator@1/supply-indicator/supply-present-indicator@1/supply-present-indicator@1/endpoint/RSUP_1
choice=90:block.supply-indicator.pad.RSUP.1.net|token|tsj-bus-v1/controlled-indicator@1/power-supply
choice=177:block.supply-indicator.pad.RSUP.2.endpoint|token|tsj-realization-v1/controlled-indicator@1/supply-indicator/supply-present-indicator@1/supply-present-indicator@1/endpoint/RSUP_2
choice=169:block.supply-indicator.pad.RSUP.2.net|token|tsj-realization-v1/controlled-indicator@1/supply-indicator/supply-present-indicator@1/supply-present-indicator@1/net/LED_NODE
choice=527:block.supply-indicator.pads|ids|tsj-realization-v1/controlled-indicator@1/supply-indicator/supply-present-indicator@1/supply-present-indicator@1/pad/LED1.A,tsj-realization-v1/controlled-indicator@1/supply-indicator/supply-present-indicator@1/supply-present-indicator@1/pad/LED1.K,tsj-realization-v1/controlled-indicator@1/supply-indicator/supply-present-indicator@1/supply-present-indicator@1/pad/RSUP.1,tsj-realization-v1/controlled-indicator@1/supply-indicator/supply-present-indicator@1/supply-present-indicator@1/pad/RSUP.2
choice=71:block.supply-indicator.parameter.functional-role|token|supply-indicator
choice=81:block.supply-indicator.parameter.healthy-current-max-amps|number|3f70624dd2f1a9fc
choice=81:block.supply-indicator.parameter.healthy-current-min-amps|number|3f60624dd2f1a9fc
choice=56:block.supply-indicator.parameter.model|token|default-led
choice=79:block.supply-indicator.parameter.series-resistance-ohms|number|408f400000000000
choice=79:block.supply-indicator.parameter.supply-demand-max-amps|number|3f747ae147ae147b
choice=175:block.supply-indicator.port.RETURN.attachment|token|tsj-realization-v1/controlled-indicator@1/supply-indicator/supply-present-indicator@1/supply-present-indicator@1/net/RETURN
choice=170:block.supply-indicator.port.RETURN.role|token|tsj-realization-v1/controlled-indicator@1/supply-indicator/supply-present-indicator@1/supply-present-indicator@1/role/return
choice=175:block.supply-indicator.port.SUPPLY.attachment|token|tsj-realization-v1/controlled-indicator@1/supply-indicator/supply-present-indicator@1/supply-present-indicator@1/pad/RSUP.1
choice=170:block.supply-indicator.port.SUPPLY.role|token|tsj-realization-v1/controlled-indicator@1/supply-indicator/supply-present-indicator@1/supply-present-indicator@1/role/supply
choice=282:block.supply-indicator.ports|ids|tsj-realization-v1/controlled-indicator@1/supply-indicator/supply-present-indicator@1/supply-present-indicator@1/port/RETURN,tsj-realization-v1/controlled-indicator@1/supply-indicator/supply-present-indicator@1/supply-present-indicator@1/port/SUPPLY
choice=421:block.supply-indicator.role.ledNode.members|ids|tsj-realization-v1/controlled-indicator@1/supply-indicator/supply-present-indicator@1/supply-present-indicator@1/net/LED_NODE,tsj-realization-v1/controlled-indicator@1/supply-indicator/supply-present-indicator@1/supply-present-indicator@1/pad/LED1.A,tsj-realization-v1/controlled-indicator@1/supply-indicator/supply-present-indicator@1/supply-present-indicator@1/pad/RSUP.2
choice=62:block.supply-indicator.role.ledNode.requirement|token|REQUIRED
choice=294:block.supply-indicator.role.return.members|ids|tsj-realization-v1/controlled-indicator@1/supply-indicator/supply-present-indicator@1/supply-present-indicator@1/net/RETURN,tsj-realization-v1/controlled-indicator@1/supply-indicator/supply-present-indicator@1/supply-present-indicator@1/pad/LED1.K
choice=61:block.supply-indicator.role.return.requirement|token|REQUIRED
choice=294:block.supply-indicator.role.supply.members|ids|tsj-realization-v1/controlled-indicator@1/supply-indicator/supply-present-indicator@1/supply-present-indicator@1/net/SUPPLY,tsj-realization-v1/controlled-indicator@1/supply-indicator/supply-present-indicator@1/supply-present-indicator@1/pad/RSUP.1
choice=61:block.supply-indicator.role.supply.requirement|token|REQUIRED
choice=408:block.supply-indicator.roles|ids|tsj-realization-v1/controlled-indicator@1/supply-indicator/supply-present-indicator@1/supply-present-indicator@1/role/ledNode,tsj-realization-v1/controlled-indicator@1/supply-indicator/supply-present-indicator@1/supply-present-indicator@1/role/return,tsj-realization-v1/controlled-indicator@1/supply-indicator/supply-present-indicator@1/supply-present-indicator@1/role/supply
choice=60:block.supply-indicator.type|token|supply-present-indicator@1
choice=277:bus.declaration.channel-a-control-input.anchors|ids|tsj-realization-v1/controlled-indicator@1/channel-a-control/external-adapter@1/external-adapter@1/net/OUTPUT,tsj-realization-v1/controlled-indicator@1/channel-a-driver/nmos-low-side-driver@1/nmos-low-side-driver@1/net/CONTROL
choice=110:bus.declaration.channel-a-control-input.bus-id|token|tsj-bus-v1/controlled-indicator@1/channel-a-control-input
choice=68:bus.declaration.channel-a-control-input.external-ref-count|integer|1
choice=93:bus.declaration.channel-a-control-input.external-ref.0|token|channel-a-control-power/positive
choice=82:bus.declaration.channel-a-control-input.semantic-key|token|channel-a-control-input
choice=291:bus.declaration.channel-a-switched-output.anchors|ids|tsj-realization-v1/controlled-indicator@1/channel-a-driver/nmos-low-side-driver@1/nmos-low-side-driver@1/net/SWITCHED_SINK,tsj-realization-v1/controlled-indicator@1/channel-a-load/resistor-led-load@2/resistor-led-load@2/net/SWITCHED_LOAD
choice=114:bus.declaration.channel-a-switched-output.bus-id|token|tsj-bus-v1/controlled-indicator@1/channel-a-switched-output
choice=70:bus.declaration.channel-a-switched-output.external-ref-count|integer|0
choice=86:bus.declaration.channel-a-switched-output.semantic-key|token|channel-a-switched-output
choice=277:bus.declaration.channel-b-control-input.anchors|ids|tsj-realization-v1/controlled-indicator@1/channel-b-control/external-adapter@1/external-adapter@1/net/OUTPUT,tsj-realization-v1/controlled-indicator@1/channel-b-driver/nmos-low-side-driver@1/nmos-low-side-driver@1/net/CONTROL
choice=110:bus.declaration.channel-b-control-input.bus-id|token|tsj-bus-v1/controlled-indicator@1/channel-b-control-input
choice=68:bus.declaration.channel-b-control-input.external-ref-count|integer|1
choice=93:bus.declaration.channel-b-control-input.external-ref.0|token|channel-b-control-power/positive
choice=82:bus.declaration.channel-b-control-input.semantic-key|token|channel-b-control-input
choice=291:bus.declaration.channel-b-switched-output.anchors|ids|tsj-realization-v1/controlled-indicator@1/channel-b-driver/nmos-low-side-driver@1/nmos-low-side-driver@1/net/SWITCHED_SINK,tsj-realization-v1/controlled-indicator@1/channel-b-load/resistor-led-load@2/resistor-led-load@2/net/SWITCHED_LOAD
choice=114:bus.declaration.channel-b-switched-output.bus-id|token|tsj-bus-v1/controlled-indicator@1/channel-b-switched-output
choice=70:bus.declaration.channel-b-switched-output.external-ref-count|integer|0
choice=86:bus.declaration.channel-b-switched-output.semantic-key|token|channel-b-switched-output
choice=936:bus.declaration.common-return.anchors|ids|tsj-realization-v1/controlled-indicator@1/channel-a-control/external-adapter@1/external-adapter@1/net/RETURN,tsj-realization-v1/controlled-indicator@1/channel-a-driver/nmos-low-side-driver@1/nmos-low-side-driver@1/net/RETURN,tsj-realization-v1/controlled-indicator@1/channel-a-load/resistor-led-load@2/resistor-led-load@2/net/RETURN,tsj-realization-v1/controlled-indicator@1/channel-b-control/external-adapter@1/external-adapter@1/net/RETURN,tsj-realization-v1/controlled-indicator@1/channel-b-driver/nmos-low-side-driver@1/nmos-low-side-driver@1/net/RETURN,tsj-realization-v1/controlled-indicator@1/channel-b-load/resistor-led-load@2/resistor-led-load@2/net/RETURN,tsj-realization-v1/controlled-indicator@1/power-adapter/external-adapter@1/external-adapter@1/net/RETURN,tsj-realization-v1/controlled-indicator@1/supply-indicator/supply-present-indicator@1/supply-present-indicator@1/net/RETURN
choice=90:bus.declaration.common-return.bus-id|token|tsj-bus-v1/controlled-indicator@1/common-return
choice=58:bus.declaration.common-return.external-ref-count|integer|3
choice=72:bus.declaration.common-return.external-ref.0|token|LOAD_VIN_INPUT/return
choice=81:bus.declaration.common-return.external-ref.1|token|channel-a-control-power/return
choice=81:bus.declaration.common-return.external-ref.2|token|channel-b-control-power/return
choice=62:bus.declaration.common-return.semantic-key|token|common-return
choice=485:bus.declaration.power-supply.anchors|ids|tsj-realization-v1/controlled-indicator@1/channel-a-load/resistor-led-load@2/resistor-led-load@2/net/SUPPLY,tsj-realization-v1/controlled-indicator@1/channel-b-load/resistor-led-load@2/resistor-led-load@2/net/SUPPLY,tsj-realization-v1/controlled-indicator@1/power-adapter/external-adapter@1/external-adapter@1/net/OUTPUT,tsj-realization-v1/controlled-indicator@1/supply-indicator/supply-present-indicator@1/supply-present-indicator@1/net/SUPPLY
choice=88:bus.declaration.power-supply.bus-id|token|tsj-bus-v1/controlled-indicator@1/power-supply
choice=57:bus.declaration.power-supply.external-ref-count|integer|1
choice=73:bus.declaration.power-supply.external-ref.0|token|LOAD_VIN_INPUT/positive
choice=60:bus.declaration.power-supply.semantic-key|token|power-supply
choice=299:bus.tsj-bus-v1/controlled-indicator@1/channel-a-control-input.aliases|ids|tsj-realization-v1/controlled-indicator@1/channel-a-control/external-adapter@1/external-adapter@1/net/OUTPUT,tsj-realization-v1/controlled-indicator@1/channel-a-driver/nmos-low-side-driver@1/nmos-low-side-driver@1/net/CONTROL
choice=313:bus.tsj-bus-v1/controlled-indicator@1/channel-a-switched-output.aliases|ids|tsj-realization-v1/controlled-indicator@1/channel-a-driver/nmos-low-side-driver@1/nmos-low-side-driver@1/net/SWITCHED_SINK,tsj-realization-v1/controlled-indicator@1/channel-a-load/resistor-led-load@2/resistor-led-load@2/net/SWITCHED_LOAD
choice=299:bus.tsj-bus-v1/controlled-indicator@1/channel-b-control-input.aliases|ids|tsj-realization-v1/controlled-indicator@1/channel-b-control/external-adapter@1/external-adapter@1/net/OUTPUT,tsj-realization-v1/controlled-indicator@1/channel-b-driver/nmos-low-side-driver@1/nmos-low-side-driver@1/net/CONTROL
choice=313:bus.tsj-bus-v1/controlled-indicator@1/channel-b-switched-output.aliases|ids|tsj-realization-v1/controlled-indicator@1/channel-b-driver/nmos-low-side-driver@1/nmos-low-side-driver@1/net/SWITCHED_SINK,tsj-realization-v1/controlled-indicator@1/channel-b-load/resistor-led-load@2/resistor-led-load@2/net/SWITCHED_LOAD
choice=958:bus.tsj-bus-v1/controlled-indicator@1/common-return.aliases|ids|tsj-realization-v1/controlled-indicator@1/channel-a-control/external-adapter@1/external-adapter@1/net/RETURN,tsj-realization-v1/controlled-indicator@1/channel-a-driver/nmos-low-side-driver@1/nmos-low-side-driver@1/net/RETURN,tsj-realization-v1/controlled-indicator@1/channel-a-load/resistor-led-load@2/resistor-led-load@2/net/RETURN,tsj-realization-v1/controlled-indicator@1/channel-b-control/external-adapter@1/external-adapter@1/net/RETURN,tsj-realization-v1/controlled-indicator@1/channel-b-driver/nmos-low-side-driver@1/nmos-low-side-driver@1/net/RETURN,tsj-realization-v1/controlled-indicator@1/channel-b-load/resistor-led-load@2/resistor-led-load@2/net/RETURN,tsj-realization-v1/controlled-indicator@1/power-adapter/external-adapter@1/external-adapter@1/net/RETURN,tsj-realization-v1/controlled-indicator@1/supply-indicator/supply-present-indicator@1/supply-present-indicator@1/net/RETURN
choice=507:bus.tsj-bus-v1/controlled-indicator@1/power-supply.aliases|ids|tsj-realization-v1/controlled-indicator@1/channel-a-load/resistor-led-load@2/resistor-led-load@2/net/SUPPLY,tsj-realization-v1/controlled-indicator@1/channel-b-load/resistor-led-load@2/resistor-led-load@2/net/SUPPLY,tsj-realization-v1/controlled-indicator@1/power-adapter/external-adapter@1/external-adapter@1/net/OUTPUT,tsj-realization-v1/controlled-indicator@1/supply-indicator/supply-present-indicator@1/supply-present-indicator@1/net/SUPPLY
choice=56:connection.channel-a-control-input.kind|token|CONDUCTIVE
choice=277:connection.channel-a-control-input.ports|ids|tsj-realization-v1/controlled-indicator@1/channel-a-control/external-adapter@1/external-adapter@1/port/CONTROL_OUT,tsj-realization-v1/controlled-indicator@1/channel-a-driver/nmos-low-side-driver@1/nmos-low-side-driver@1/port/CONTROL
choice=65:connection.channel-a-switched-output.kind|token|LOW_SIDE_SWITCHED
choice=286:connection.channel-a-switched-output.ports|ids|tsj-realization-v1/controlled-indicator@1/channel-a-driver/nmos-low-side-driver@1/nmos-low-side-driver@1/port/SWITCHED_SINK,tsj-realization-v1/controlled-indicator@1/channel-a-load/resistor-led-load@2/resistor-led-load@2/port/SWITCHED_LOAD
choice=68:connection.channel-a-switched-output.switched.active-high|token|true
choice=82:connection.channel-a-switched-output.switched.control-high|number|4013000000000000
choice=81:connection.channel-a-switched-output.switched.control-low|number|3fb999999999999a
choice=179:connection.channel-a-switched-output.switched.control-port|token|tsj-realization-v1/controlled-indicator@1/channel-a-control/external-adapter@1/external-adapter@1/port/CONTROL_OUT
choice=189:connection.channel-a-switched-output.switched.driver-control-port|token|tsj-realization-v1/controlled-indicator@1/channel-a-driver/nmos-low-side-driver@1/nmos-low-side-driver@1/port/CONTROL
choice=80:connection.channel-a-switched-output.switched.input-high|number|4010000000000000
choice=79:connection.channel-a-switched-output.switched.input-low|number|3fc999999999999a
choice=75:connection.channel-a-switched-output.switched.isolation|token|shared-return
choice=81:connection.channel-a-switched-output.switched.load-demand|number|3f90624dd2f1a9fc
choice=78:connection.channel-a-switched-output.switched.load-max|number|4016000000000000
choice=78:connection.channel-a-switched-output.switched.load-min|number|4012000000000000
choice=177:connection.channel-a-switched-output.switched.load-port|token|tsj-realization-v1/controlled-indicator@1/channel-a-load/resistor-led-load@2/resistor-led-load@2/port/SWITCHED_LOAD
choice=177:connection.channel-a-switched-output.switched.load-supply-port|token|tsj-realization-v1/controlled-indicator@1/channel-a-load/resistor-led-load@2/resistor-led-load@2/port/SUPPLY
choice=77:connection.channel-a-switched-output.switched.off-max|number|4016000000000000
choice=77:connection.channel-a-switched-output.switched.off-min|number|0000000000000000
choice=76:connection.channel-a-switched-output.switched.on-max|number|3fe999999999999a
choice=76:connection.channel-a-switched-output.switched.on-min|number|0000000000000000
choice=72:connection.channel-a-switched-output.switched.reference-net|token|RETURN
choice=504:connection.channel-a-switched-output.switched.return-ports|ids|tsj-realization-v1/controlled-indicator@1/channel-a-control/external-adapter@1/external-adapter@1/port/RETURN,tsj-realization-v1/controlled-indicator@1/channel-a-driver/nmos-low-side-driver@1/nmos-low-side-driver@1/port/RETURN,tsj-realization-v1/controlled-indicator@1/channel-a-load/resistor-led-load@2/resistor-led-load@2/port/RETURN,tsj-realization-v1/controlled-indicator@1/power-adapter/external-adapter@1/external-adapter@1/port/RETURN
choice=83:connection.channel-a-switched-output.switched.sink-capacity|number|3f947ae147ae147b
choice=185:connection.channel-a-switched-output.switched.sink-port|token|tsj-realization-v1/controlled-indicator@1/channel-a-driver/nmos-low-side-driver@1/nmos-low-side-driver@1/port/SWITCHED_SINK
choice=80:connection.channel-a-switched-output.switched.supply-max|number|4015000000000000
choice=80:connection.channel-a-switched-output.switched.supply-min|number|4013000000000000
choice=172:connection.channel-a-switched-output.switched.supply-port|token|tsj-realization-v1/controlled-indicator@1/power-adapter/external-adapter@1/external-adapter@1/port/POWER_OUT
choice=63:connection.channel-a-switched-output.switched.version|integer|2
choice=56:connection.channel-b-control-input.kind|token|CONDUCTIVE
choice=277:connection.channel-b-control-input.ports|ids|tsj-realization-v1/controlled-indicator@1/channel-b-control/external-adapter@1/external-adapter@1/port/CONTROL_OUT,tsj-realization-v1/controlled-indicator@1/channel-b-driver/nmos-low-side-driver@1/nmos-low-side-driver@1/port/CONTROL
choice=65:connection.channel-b-switched-output.kind|token|LOW_SIDE_SWITCHED
choice=286:connection.channel-b-switched-output.ports|ids|tsj-realization-v1/controlled-indicator@1/channel-b-driver/nmos-low-side-driver@1/nmos-low-side-driver@1/port/SWITCHED_SINK,tsj-realization-v1/controlled-indicator@1/channel-b-load/resistor-led-load@2/resistor-led-load@2/port/SWITCHED_LOAD
choice=68:connection.channel-b-switched-output.switched.active-high|token|true
choice=82:connection.channel-b-switched-output.switched.control-high|number|4013000000000000
choice=81:connection.channel-b-switched-output.switched.control-low|number|3fb999999999999a
choice=179:connection.channel-b-switched-output.switched.control-port|token|tsj-realization-v1/controlled-indicator@1/channel-b-control/external-adapter@1/external-adapter@1/port/CONTROL_OUT
choice=189:connection.channel-b-switched-output.switched.driver-control-port|token|tsj-realization-v1/controlled-indicator@1/channel-b-driver/nmos-low-side-driver@1/nmos-low-side-driver@1/port/CONTROL
choice=80:connection.channel-b-switched-output.switched.input-high|number|4010000000000000
choice=79:connection.channel-b-switched-output.switched.input-low|number|3fc999999999999a
choice=75:connection.channel-b-switched-output.switched.isolation|token|shared-return
choice=81:connection.channel-b-switched-output.switched.load-demand|number|3f90624dd2f1a9fc
choice=78:connection.channel-b-switched-output.switched.load-max|number|4016000000000000
choice=78:connection.channel-b-switched-output.switched.load-min|number|4012000000000000
choice=177:connection.channel-b-switched-output.switched.load-port|token|tsj-realization-v1/controlled-indicator@1/channel-b-load/resistor-led-load@2/resistor-led-load@2/port/SWITCHED_LOAD
choice=177:connection.channel-b-switched-output.switched.load-supply-port|token|tsj-realization-v1/controlled-indicator@1/channel-b-load/resistor-led-load@2/resistor-led-load@2/port/SUPPLY
choice=77:connection.channel-b-switched-output.switched.off-max|number|4016000000000000
choice=77:connection.channel-b-switched-output.switched.off-min|number|0000000000000000
choice=76:connection.channel-b-switched-output.switched.on-max|number|3fe999999999999a
choice=76:connection.channel-b-switched-output.switched.on-min|number|0000000000000000
choice=72:connection.channel-b-switched-output.switched.reference-net|token|RETURN
choice=504:connection.channel-b-switched-output.switched.return-ports|ids|tsj-realization-v1/controlled-indicator@1/channel-b-control/external-adapter@1/external-adapter@1/port/RETURN,tsj-realization-v1/controlled-indicator@1/channel-b-driver/nmos-low-side-driver@1/nmos-low-side-driver@1/port/RETURN,tsj-realization-v1/controlled-indicator@1/channel-b-load/resistor-led-load@2/resistor-led-load@2/port/RETURN,tsj-realization-v1/controlled-indicator@1/power-adapter/external-adapter@1/external-adapter@1/port/RETURN
choice=83:connection.channel-b-switched-output.switched.sink-capacity|number|3f947ae147ae147b
choice=185:connection.channel-b-switched-output.switched.sink-port|token|tsj-realization-v1/controlled-indicator@1/channel-b-driver/nmos-low-side-driver@1/nmos-low-side-driver@1/port/SWITCHED_SINK
choice=80:connection.channel-b-switched-output.switched.supply-max|number|4015000000000000
choice=80:connection.channel-b-switched-output.switched.supply-min|number|4013000000000000
choice=172:connection.channel-b-switched-output.switched.supply-port|token|tsj-realization-v1/controlled-indicator@1/power-adapter/external-adapter@1/external-adapter@1/port/POWER_OUT
choice=63:connection.channel-b-switched-output.switched.version|integer|2
choice=46:connection.common-return.kind|token|CONDUCTIVE
choice=937:connection.common-return.ports|ids|tsj-realization-v1/controlled-indicator@1/channel-a-control/external-adapter@1/external-adapter@1/port/RETURN,tsj-realization-v1/controlled-indicator@1/channel-a-driver/nmos-low-side-driver@1/nmos-low-side-driver@1/port/RETURN,tsj-realization-v1/controlled-indicator@1/channel-a-load/resistor-led-load@2/resistor-led-load@2/port/RETURN,tsj-realization-v1/controlled-indicator@1/channel-b-control/external-adapter@1/external-adapter@1/port/RETURN,tsj-realization-v1/controlled-indicator@1/channel-b-driver/nmos-low-side-driver@1/nmos-low-side-driver@1/port/RETURN,tsj-realization-v1/controlled-indicator@1/channel-b-load/resistor-led-load@2/resistor-led-load@2/port/RETURN,tsj-realization-v1/controlled-indicator@1/power-adapter/external-adapter@1/external-adapter@1/port/RETURN,tsj-realization-v1/controlled-indicator@1/supply-indicator/supply-present-indicator@1/supply-present-indicator@1/port/RETURN
choice=45:connection.power-supply.kind|token|CONDUCTIVE
choice=485:connection.power-supply.ports|ids|tsj-realization-v1/controlled-indicator@1/channel-a-load/resistor-led-load@2/resistor-led-load@2/port/SUPPLY,tsj-realization-v1/controlled-indicator@1/channel-b-load/resistor-led-load@2/resistor-led-load@2/port/SUPPLY,tsj-realization-v1/controlled-indicator@1/power-adapter/external-adapter@1/external-adapter@1/port/POWER_OUT,tsj-realization-v1/controlled-indicator@1/supply-indicator/supply-present-indicator@1/supply-present-indicator@1/port/SUPPLY
choice=109:construction.bridge.channel-a-control-input.channel-a-driver.first|token|device/channel-a-control.CONNECTOR.2
choice=95:construction.bridge.channel-a-control-input.channel-a-driver.join|token|channel-a-control-input
choice=107:construction.bridge.channel-a-control-input.channel-a-driver.second|token|channel-a-driver/RG_INPUT_TRACE.2
choice=94:construction.bridge.channel-a-switched-output.channel-a-load.first|token|channel-a-driver/Q1.D
choice=97:construction.bridge.channel-a-switched-output.channel-a-load.join|token|channel-a-switched-output
choice=95:construction.bridge.channel-a-switched-output.channel-a-load.second|token|channel-a-load/LED1.K
choice=109:construction.bridge.channel-b-control-input.channel-b-driver.first|token|device/channel-b-control.CONNECTOR.2
choice=95:construction.bridge.channel-b-control-input.channel-b-driver.join|token|channel-b-control-input
choice=107:construction.bridge.channel-b-control-input.channel-b-driver.second|token|channel-b-driver/RG_INPUT_TRACE.2
choice=94:construction.bridge.channel-b-switched-output.channel-b-load.first|token|channel-b-driver/Q1.D
choice=97:construction.bridge.channel-b-switched-output.channel-b-load.join|token|channel-b-switched-output
choice=95:construction.bridge.channel-b-switched-output.channel-b-load.second|token|channel-b-load/LED1.K
choice=78:construction.bridge.common-return.channel-a-driver.first|token|device/GROUND.1
choice=75:construction.bridge.common-return.channel-a-driver.join|token|common-return
choice=85:construction.bridge.common-return.channel-a-driver.second|token|channel-a-driver/Q1.S
choice=78:construction.bridge.common-return.channel-b-driver.first|token|device/GROUND.1
choice=75:construction.bridge.common-return.channel-b-driver.join|token|common-return
choice=85:construction.bridge.common-return.channel-b-driver.second|token|channel-b-driver/Q1.S
choice=78:construction.bridge.common-return.supply-indicator.first|token|device/GROUND.1
choice=75:construction.bridge.common-return.supply-indicator.join|token|common-return
choice=87:construction.bridge.common-return.supply-indicator.second|token|supply-indicator/LED1.K
choice=94:construction.bridge.power-supply.channel-b-load.first|token|channel-a-load/RLOAD_INPUT_TRACE.2
choice=71:construction.bridge.power-supply.channel-b-load.join|token|power-supply
choice=95:construction.bridge.power-supply.channel-b-load.second|token|channel-b-load/RLOAD_INPUT_TRACE.2
choice=93:construction.bridge.power-supply.power-adapter.first|token|channel-a-load/RLOAD_INPUT_TRACE.2
choice=70:construction.bridge.power-supply.power-adapter.join|token|power-supply
choice=92:construction.bridge.power-supply.power-adapter.second|token|device/power-adapter.CONNECTOR.2
choice=96:construction.bridge.power-supply.supply-indicator.first|token|channel-a-load/RLOAD_INPUT_TRACE.2
choice=73:construction.bridge.power-supply.supply-indicator.join|token|power-supply
choice=86:construction.bridge.power-supply.supply-indicator.second|token|supply-indicator/RSUP.1
choice=174:construction.pad.tsj-realization-v1/controlled-indicator@1/channel-a-control/external-adapter@1/external-adapter@1/pad/J2.1.backing|token|device/channel-a-control.CONNECTOR.2
choice=153:construction.pad.tsj-realization-v1/controlled-indicator@1/channel-a-control/external-adapter@1/external-adapter@1/pad/J2.2.backing|token|device/GROUND.1
choice=166:construction.pad.tsj-realization-v1/controlled-indicator@1/channel-a-driver/nmos-low-side-driver@1/nmos-low-side-driver@1/pad/Q1.D.backing|token|channel-a-driver/Q1.D
choice=166:construction.pad.tsj-realization-v1/controlled-indicator@1/channel-a-driver/nmos-low-side-driver@1/nmos-low-side-driver@1/pad/Q1.G.backing|token|channel-a-driver/Q1.G
choice=166:construction.pad.tsj-realization-v1/controlled-indicator@1/channel-a-driver/nmos-low-side-driver@1/nmos-low-side-driver@1/pad/Q1.S.backing|token|channel-a-driver/Q1.S
choice=167:construction.pad.tsj-realization-v1/controlled-indicator@1/channel-a-driver/nmos-low-side-driver@1/nmos-low-side-driver@1/pad/RG.1.attachment|token|RG_FIRST_ATTACHMENT
choice=178:construction.pad.tsj-realization-v1/controlled-indicator@1/channel-a-driver/nmos-low-side-driver@1/nmos-low-side-driver@1/pad/RG.1.backing|token|channel-a-driver/RG_INPUT_TRACE.2
choice=168:construction.pad.tsj-realization-v1/controlled-indicator@1/channel-a-driver/nmos-low-side-driver@1/nmos-low-side-driver@1/pad/RG.2.attachment|token|RG_SECOND_ATTACHMENT
choice=182:construction.pad.tsj-realization-v1/controlled-indicator@1/channel-a-driver/nmos-low-side-driver@1/nmos-low-side-driver@1/pad/RG.2.backing|token|channel-a-driver/CONTROL_NODE_TRACE.1
choice=168:construction.pad.tsj-realization-v1/controlled-indicator@1/channel-a-driver/nmos-low-side-driver@1/nmos-low-side-driver@1/pad/RPD.1.backing|token|channel-a-driver/RPD.1
choice=168:construction.pad.tsj-realization-v1/controlled-indicator@1/channel-a-driver/nmos-low-side-driver@1/nmos-low-side-driver@1/pad/RPD.2.backing|token|channel-a-driver/RPD.2
choice=160:construction.pad.tsj-realization-v1/controlled-indicator@1/channel-a-load/resistor-led-load@2/resistor-led-load@2/pad/LED1.A.backing|token|channel-a-load/LED1.A
choice=160:construction.pad.tsj-realization-v1/controlled-indicator@1/channel-a-load/resistor-led-load@2/resistor-led-load@2/pad/LED1.K.backing|token|channel-a-load/LED1.K
choice=165:construction.pad.tsj-realization-v1/controlled-indicator@1/channel-a-load/resistor-led-load@2/resistor-led-load@2/pad/RLOAD.1.attachment|token|RLOAD_FIRST_ATTACHMENT
choice=174:construction.pad.tsj-realization-v1/controlled-indicator@1/channel-a-load/resistor-led-load@2/resistor-led-load@2/pad/RLOAD.1.backing|token|channel-a-load/RLOAD_INPUT_TRACE.2
choice=166:construction.pad.tsj-realization-v1/controlled-indicator@1/channel-a-load/resistor-led-load@2/resistor-led-load@2/pad/RLOAD.2.attachment|token|RLOAD_SECOND_ATTACHMENT
choice=176:construction.pad.tsj-realization-v1/controlled-indicator@1/channel-a-load/resistor-led-load@2/resistor-led-load@2/pad/RLOAD.2.backing|token|channel-a-load/LOAD_LED_NODE_TRACE.1
choice=174:construction.pad.tsj-realization-v1/controlled-indicator@1/channel-b-control/external-adapter@1/external-adapter@1/pad/J3.1.backing|token|device/channel-b-control.CONNECTOR.2
choice=153:construction.pad.tsj-realization-v1/controlled-indicator@1/channel-b-control/external-adapter@1/external-adapter@1/pad/J3.2.backing|token|device/GROUND.1
choice=166:construction.pad.tsj-realization-v1/controlled-indicator@1/channel-b-driver/nmos-low-side-driver@1/nmos-low-side-driver@1/pad/Q1.D.backing|token|channel-b-driver/Q1.D
choice=166:construction.pad.tsj-realization-v1/controlled-indicator@1/channel-b-driver/nmos-low-side-driver@1/nmos-low-side-driver@1/pad/Q1.G.backing|token|channel-b-driver/Q1.G
choice=166:construction.pad.tsj-realization-v1/controlled-indicator@1/channel-b-driver/nmos-low-side-driver@1/nmos-low-side-driver@1/pad/Q1.S.backing|token|channel-b-driver/Q1.S
choice=167:construction.pad.tsj-realization-v1/controlled-indicator@1/channel-b-driver/nmos-low-side-driver@1/nmos-low-side-driver@1/pad/RG.1.attachment|token|RG_FIRST_ATTACHMENT
choice=178:construction.pad.tsj-realization-v1/controlled-indicator@1/channel-b-driver/nmos-low-side-driver@1/nmos-low-side-driver@1/pad/RG.1.backing|token|channel-b-driver/RG_INPUT_TRACE.2
choice=168:construction.pad.tsj-realization-v1/controlled-indicator@1/channel-b-driver/nmos-low-side-driver@1/nmos-low-side-driver@1/pad/RG.2.attachment|token|RG_SECOND_ATTACHMENT
choice=182:construction.pad.tsj-realization-v1/controlled-indicator@1/channel-b-driver/nmos-low-side-driver@1/nmos-low-side-driver@1/pad/RG.2.backing|token|channel-b-driver/CONTROL_NODE_TRACE.1
choice=168:construction.pad.tsj-realization-v1/controlled-indicator@1/channel-b-driver/nmos-low-side-driver@1/nmos-low-side-driver@1/pad/RPD.1.backing|token|channel-b-driver/RPD.1
choice=168:construction.pad.tsj-realization-v1/controlled-indicator@1/channel-b-driver/nmos-low-side-driver@1/nmos-low-side-driver@1/pad/RPD.2.backing|token|channel-b-driver/RPD.2
choice=160:construction.pad.tsj-realization-v1/controlled-indicator@1/channel-b-load/resistor-led-load@2/resistor-led-load@2/pad/LED1.A.backing|token|channel-b-load/LED1.A
choice=160:construction.pad.tsj-realization-v1/controlled-indicator@1/channel-b-load/resistor-led-load@2/resistor-led-load@2/pad/LED1.K.backing|token|channel-b-load/LED1.K
choice=165:construction.pad.tsj-realization-v1/controlled-indicator@1/channel-b-load/resistor-led-load@2/resistor-led-load@2/pad/RLOAD.1.attachment|token|RLOAD_FIRST_ATTACHMENT
choice=174:construction.pad.tsj-realization-v1/controlled-indicator@1/channel-b-load/resistor-led-load@2/resistor-led-load@2/pad/RLOAD.1.backing|token|channel-b-load/RLOAD_INPUT_TRACE.2
choice=166:construction.pad.tsj-realization-v1/controlled-indicator@1/channel-b-load/resistor-led-load@2/resistor-led-load@2/pad/RLOAD.2.attachment|token|RLOAD_SECOND_ATTACHMENT
choice=176:construction.pad.tsj-realization-v1/controlled-indicator@1/channel-b-load/resistor-led-load@2/resistor-led-load@2/pad/RLOAD.2.backing|token|channel-b-load/LOAD_LED_NODE_TRACE.1
choice=166:construction.pad.tsj-realization-v1/controlled-indicator@1/power-adapter/external-adapter@1/external-adapter@1/pad/J1.1.backing|token|device/power-adapter.CONNECTOR.2
choice=149:construction.pad.tsj-realization-v1/controlled-indicator@1/power-adapter/external-adapter@1/external-adapter@1/pad/J1.2.backing|token|device/GROUND.1
choice=178:construction.pad.tsj-realization-v1/controlled-indicator@1/supply-indicator/supply-present-indicator@1/supply-present-indicator@1/pad/LED1.A.backing|token|supply-indicator/LED1.A
choice=178:construction.pad.tsj-realization-v1/controlled-indicator@1/supply-indicator/supply-present-indicator@1/supply-present-indicator@1/pad/LED1.K.backing|token|supply-indicator/LED1.K
choice=178:construction.pad.tsj-realization-v1/controlled-indicator@1/supply-indicator/supply-present-indicator@1/supply-present-indicator@1/pad/RSUP.1.backing|token|supply-indicator/RSUP.1
choice=178:construction.pad.tsj-realization-v1/controlled-indicator@1/supply-indicator/supply-present-indicator@1/supply-present-indicator@1/pad/RSUP.2.backing|token|supply-indicator/RSUP.2
choice=95:construction.terminal.channel-a-control/J2/1.backing|token|device/channel-a-control.CONNECTOR.2
choice=112:construction.terminal.channel-a-control/J2/1.net|token|tsj-bus-v1/controlled-indicator@1/channel-a-control-input
choice=74:construction.terminal.channel-a-control/J2/2.backing|token|device/GROUND.1
choice=102:construction.terminal.channel-a-control/J2/2.net|token|tsj-bus-v1/controlled-indicator@1/common-return
choice=79:construction.terminal.channel-a-driver/Q1/D.backing|token|channel-a-driver/Q1.D
choice=113:construction.terminal.channel-a-driver/Q1/D.net|token|tsj-bus-v1/controlled-indicator@1/channel-a-switched-output
choice=79:construction.terminal.channel-a-driver/Q1/G.backing|token|channel-a-driver/Q1.G
choice=167:construction.terminal.channel-a-driver/Q1/G.net|token|tsj-realization-v1/controlled-indicator@1/channel-a-driver/nmos-low-side-driver@1/nmos-low-side-driver@1/net/GATE
choice=79:construction.terminal.channel-a-driver/Q1/S.backing|token|channel-a-driver/Q1.S
choice=101:construction.terminal.channel-a-driver/Q1/S.net|token|tsj-bus-v1/controlled-indicator@1/common-return
choice=79:construction.terminal.channel-a-driver/RG/1.backing|token|channel-a-driver/RG.1
choice=111:construction.terminal.channel-a-driver/RG/1.net|token|tsj-bus-v1/controlled-indicator@1/channel-a-control-input
choice=89:construction.terminal.channel-a-driver/RG/2.backing|token|channel-a-driver/RG_SECONDARY.2
choice=167:construction.terminal.channel-a-driver/RG/2.net|token|tsj-realization-v1/controlled-indicator@1/channel-a-driver/nmos-low-side-driver@1/nmos-low-side-driver@1/net/GATE
choice=81:construction.terminal.channel-a-driver/RPD/1.backing|token|channel-a-driver/RPD.1
choice=168:construction.terminal.channel-a-driver/RPD/1.net|token|tsj-realization-v1/controlled-indicator@1/channel-a-driver/nmos-low-side-driver@1/nmos-low-side-driver@1/net/GATE
choice=81:construction.terminal.channel-a-driver/RPD/2.backing|token|channel-a-driver/RPD.2
choice=102:construction.terminal.channel-a-driver/RPD/2.net|token|tsj-bus-v1/controlled-indicator@1/common-return
choice=79:construction.terminal.channel-a-load/LED1/A.backing|token|channel-a-load/LED1.A
choice=163:construction.terminal.channel-a-load/LED1/A.net|token|tsj-realization-v1/controlled-indicator@1/channel-a-load/resistor-led-load@2/resistor-led-load@2/net/LED_NODE
choice=79:construction.terminal.channel-a-load/LED1/K.backing|token|channel-a-load/LED1.K
choice=113:construction.terminal.channel-a-load/LED1/K.net|token|tsj-bus-v1/controlled-indicator@1/channel-a-switched-output
choice=81:construction.terminal.channel-a-load/RLOAD/1.backing|token|channel-a-load/RLOAD.1
choice=101:construction.terminal.channel-a-load/RLOAD/1.net|token|tsj-bus-v1/controlled-indicator@1/power-supply
choice=91:construction.terminal.channel-a-load/RLOAD/2.backing|token|channel-a-load/RLOAD_SECONDARY.2
choice=164:construction.terminal.channel-a-load/RLOAD/2.net|token|tsj-realization-v1/controlled-indicator@1/channel-a-load/resistor-led-load@2/resistor-led-load@2/net/LED_NODE
choice=95:construction.terminal.channel-b-control/J3/1.backing|token|device/channel-b-control.CONNECTOR.2
choice=112:construction.terminal.channel-b-control/J3/1.net|token|tsj-bus-v1/controlled-indicator@1/channel-b-control-input
choice=74:construction.terminal.channel-b-control/J3/2.backing|token|device/GROUND.1
choice=102:construction.terminal.channel-b-control/J3/2.net|token|tsj-bus-v1/controlled-indicator@1/common-return
choice=79:construction.terminal.channel-b-driver/Q1/D.backing|token|channel-b-driver/Q1.D
choice=113:construction.terminal.channel-b-driver/Q1/D.net|token|tsj-bus-v1/controlled-indicator@1/channel-b-switched-output
choice=79:construction.terminal.channel-b-driver/Q1/G.backing|token|channel-b-driver/Q1.G
choice=167:construction.terminal.channel-b-driver/Q1/G.net|token|tsj-realization-v1/controlled-indicator@1/channel-b-driver/nmos-low-side-driver@1/nmos-low-side-driver@1/net/GATE
choice=79:construction.terminal.channel-b-driver/Q1/S.backing|token|channel-b-driver/Q1.S
choice=101:construction.terminal.channel-b-driver/Q1/S.net|token|tsj-bus-v1/controlled-indicator@1/common-return
choice=79:construction.terminal.channel-b-driver/RG/1.backing|token|channel-b-driver/RG.1
choice=111:construction.terminal.channel-b-driver/RG/1.net|token|tsj-bus-v1/controlled-indicator@1/channel-b-control-input
choice=89:construction.terminal.channel-b-driver/RG/2.backing|token|channel-b-driver/RG_SECONDARY.2
choice=167:construction.terminal.channel-b-driver/RG/2.net|token|tsj-realization-v1/controlled-indicator@1/channel-b-driver/nmos-low-side-driver@1/nmos-low-side-driver@1/net/GATE
choice=81:construction.terminal.channel-b-driver/RPD/1.backing|token|channel-b-driver/RPD.1
choice=168:construction.terminal.channel-b-driver/RPD/1.net|token|tsj-realization-v1/controlled-indicator@1/channel-b-driver/nmos-low-side-driver@1/nmos-low-side-driver@1/net/GATE
choice=81:construction.terminal.channel-b-driver/RPD/2.backing|token|channel-b-driver/RPD.2
choice=102:construction.terminal.channel-b-driver/RPD/2.net|token|tsj-bus-v1/controlled-indicator@1/common-return
choice=79:construction.terminal.channel-b-load/LED1/A.backing|token|channel-b-load/LED1.A
choice=163:construction.terminal.channel-b-load/LED1/A.net|token|tsj-realization-v1/controlled-indicator@1/channel-b-load/resistor-led-load@2/resistor-led-load@2/net/LED_NODE
choice=79:construction.terminal.channel-b-load/LED1/K.backing|token|channel-b-load/LED1.K
choice=113:construction.terminal.channel-b-load/LED1/K.net|token|tsj-bus-v1/controlled-indicator@1/channel-b-switched-output
choice=81:construction.terminal.channel-b-load/RLOAD/1.backing|token|channel-b-load/RLOAD.1
choice=101:construction.terminal.channel-b-load/RLOAD/1.net|token|tsj-bus-v1/controlled-indicator@1/power-supply
choice=91:construction.terminal.channel-b-load/RLOAD/2.backing|token|channel-b-load/RLOAD_SECONDARY.2
choice=164:construction.terminal.channel-b-load/RLOAD/2.net|token|tsj-realization-v1/controlled-indicator@1/channel-b-load/resistor-led-load@2/resistor-led-load@2/net/LED_NODE
choice=87:construction.terminal.power-adapter/J1/1.backing|token|device/power-adapter.CONNECTOR.2
choice=97:construction.terminal.power-adapter/J1/1.net|token|tsj-bus-v1/controlled-indicator@1/power-supply
choice=70:construction.terminal.power-adapter/J1/2.backing|token|device/GROUND.1
choice=98:construction.terminal.power-adapter/J1/2.net|token|tsj-bus-v1/controlled-indicator@1/common-return
choice=83:construction.terminal.supply-indicator/LED1/A.backing|token|supply-indicator/LED1.A
choice=181:construction.terminal.supply-indicator/LED1/A.net|token|tsj-realization-v1/controlled-indicator@1/supply-indicator/supply-present-indicator@1/supply-present-indicator@1/net/LED_NODE
choice=83:construction.terminal.supply-indicator/LED1/K.backing|token|supply-indicator/LED1.K
choice=103:construction.terminal.supply-indicator/LED1/K.net|token|tsj-bus-v1/controlled-indicator@1/common-return
choice=83:construction.terminal.supply-indicator/RSUP/1.backing|token|supply-indicator/RSUP.1
choice=102:construction.terminal.supply-indicator/RSUP/1.net|token|tsj-bus-v1/controlled-indicator@1/power-supply
choice=83:construction.terminal.supply-indicator/RSUP/2.backing|token|supply-indicator/RSUP.2
choice=181:construction.terminal.supply-indicator/RSUP/2.net|token|tsj-realization-v1/controlled-indicator@1/supply-indicator/supply-present-indicator@1/supply-present-indicator@1/net/LED_NODE
choice=171:construction.unit.channel-a-driver/Q1.component|token|tsj-realization-v1/controlled-indicator@1/channel-a-driver/nmos-low-side-driver@1/nmos-low-side-driver@1/component/Q1
choice=61:construction.unit.channel-a-driver/Q1.package|token|TO92_NMOS
choice=56:construction.unit.channel-a-driver/Q1.terminal.D|token|D
choice=56:construction.unit.channel-a-driver/Q1.terminal.G|token|G
choice=56:construction.unit.channel-a-driver/Q1.terminal.S|token|S
choice=171:construction.unit.channel-a-driver/RG.component|token|tsj-realization-v1/controlled-indicator@1/channel-a-driver/nmos-low-side-driver@1/nmos-low-side-driver@1/component/RG
choice=66:construction.unit.channel-a-driver/RG.package|token|AXIAL_RESISTOR
choice=56:construction.unit.channel-a-driver/RG.terminal.1|token|1
choice=56:construction.unit.channel-a-driver/RG.terminal.2|token|2
choice=173:construction.unit.channel-a-driver/RPD.component|token|tsj-realization-v1/controlled-indicator@1/channel-a-driver/nmos-low-side-driver@1/nmos-low-side-driver@1/component/RPD
choice=67:construction.unit.channel-a-driver/RPD.package|token|AXIAL_RESISTOR
choice=57:construction.unit.channel-a-driver/RPD.terminal.1|token|1
choice=57:construction.unit.channel-a-driver/RPD.terminal.2|token|2
choice=165:construction.unit.channel-a-load/LED1.component|token|tsj-realization-v1/controlled-indicator@1/channel-a-load/resistor-led-load@2/resistor-led-load@2/component/LED1
choice=68:construction.unit.channel-a-load/LED1.package|token|THROUGH_HOLE_LED
choice=56:construction.unit.channel-a-load/LED1.terminal.A|token|A
choice=56:construction.unit.channel-a-load/LED1.terminal.K|token|K
choice=167:construction.unit.channel-a-load/RLOAD.component|token|tsj-realization-v1/controlled-indicator@1/channel-a-load/resistor-led-load@2/resistor-led-load@2/component/RLOAD
choice=67:construction.unit.channel-a-load/RLOAD.package|token|AXIAL_RESISTOR
choice=57:construction.unit.channel-a-load/RLOAD.terminal.1|token|1
choice=57:construction.unit.channel-a-load/RLOAD.terminal.2|token|2
choice=171:construction.unit.channel-b-driver/Q1.component|token|tsj-realization-v1/controlled-indicator@1/channel-b-driver/nmos-low-side-driver@1/nmos-low-side-driver@1/component/Q1
choice=61:construction.unit.channel-b-driver/Q1.package|token|TO92_NMOS
choice=56:construction.unit.channel-b-driver/Q1.terminal.D|token|D
choice=56:construction.unit.channel-b-driver/Q1.terminal.G|token|G
choice=56:construction.unit.channel-b-driver/Q1.terminal.S|token|S
choice=171:construction.unit.channel-b-driver/RG.component|token|tsj-realization-v1/controlled-indicator@1/channel-b-driver/nmos-low-side-driver@1/nmos-low-side-driver@1/component/RG
choice=66:construction.unit.channel-b-driver/RG.package|token|AXIAL_RESISTOR
choice=56:construction.unit.channel-b-driver/RG.terminal.1|token|1
choice=56:construction.unit.channel-b-driver/RG.terminal.2|token|2
choice=173:construction.unit.channel-b-driver/RPD.component|token|tsj-realization-v1/controlled-indicator@1/channel-b-driver/nmos-low-side-driver@1/nmos-low-side-driver@1/component/RPD
choice=67:construction.unit.channel-b-driver/RPD.package|token|AXIAL_RESISTOR
choice=57:construction.unit.channel-b-driver/RPD.terminal.1|token|1
choice=57:construction.unit.channel-b-driver/RPD.terminal.2|token|2
choice=165:construction.unit.channel-b-load/LED1.component|token|tsj-realization-v1/controlled-indicator@1/channel-b-load/resistor-led-load@2/resistor-led-load@2/component/LED1
choice=68:construction.unit.channel-b-load/LED1.package|token|THROUGH_HOLE_LED
choice=56:construction.unit.channel-b-load/LED1.terminal.A|token|A
choice=56:construction.unit.channel-b-load/LED1.terminal.K|token|K
choice=167:construction.unit.channel-b-load/RLOAD.component|token|tsj-realization-v1/controlled-indicator@1/channel-b-load/resistor-led-load@2/resistor-led-load@2/component/RLOAD
choice=67:construction.unit.channel-b-load/RLOAD.package|token|AXIAL_RESISTOR
choice=57:construction.unit.channel-b-load/RLOAD.terminal.1|token|1
choice=57:construction.unit.channel-b-load/RLOAD.terminal.2|token|2
choice=150:construction.unit.device/J1.component|token|tsj-realization-v1/controlled-indicator@1/power-adapter/external-adapter@1/external-adapter@1/component/J1
choice=66:construction.unit.device/J1.package|token|THROUGH_HOLE_CONNECTOR_2
choice=46:construction.unit.device/J1.terminal.1|token|1
choice=46:construction.unit.device/J1.terminal.2|token|2
choice=154:construction.unit.device/J2.component|token|tsj-realization-v1/controlled-indicator@1/channel-a-control/external-adapter@1/external-adapter@1/component/J2
choice=66:construction.unit.device/J2.package|token|THROUGH_HOLE_CONNECTOR_2
choice=46:construction.unit.device/J2.terminal.1|token|1
choice=46:construction.unit.device/J2.terminal.2|token|2
choice=154:construction.unit.device/J3.component|token|tsj-realization-v1/controlled-indicator@1/channel-b-control/external-adapter@1/external-adapter@1/component/J3
choice=66:construction.unit.device/J3.package|token|THROUGH_HOLE_CONNECTOR_2
choice=46:construction.unit.device/J3.terminal.1|token|1
choice=46:construction.unit.device/J3.terminal.2|token|2
choice=183:construction.unit.supply-indicator/LED1.component|token|tsj-realization-v1/controlled-indicator@1/supply-indicator/supply-present-indicator@1/supply-present-indicator@1/component/LED1
choice=70:construction.unit.supply-indicator/LED1.package|token|THROUGH_HOLE_LED
choice=58:construction.unit.supply-indicator/LED1.terminal.A|token|A
choice=58:construction.unit.supply-indicator/LED1.terminal.K|token|K
choice=183:construction.unit.supply-indicator/RSUP.component|token|tsj-realization-v1/controlled-indicator@1/supply-indicator/supply-present-indicator@1/supply-present-indicator@1/component/RSUP
choice=68:construction.unit.supply-indicator/RSUP.package|token|AXIAL_RESISTOR
choice=58:construction.unit.supply-indicator/RSUP.terminal.1|token|1
choice=58:construction.unit.supply-indicator/RSUP.terminal.2|token|2
choice=30:construction.version|integer|2
choice=32:fault.block|token|channel-a-load
choice=46:fault.decision|token|channel-a-load-RLOAD-OPEN
choice=160:fault.owner.channel-a-driver-RG-OPEN|token|tsj-realization-v1/controlled-indicator@1/channel-a-driver/nmos-low-side-driver@1/nmos-low-side-driver@1/component/RG
choice=156:fault.owner.channel-a-load-RLOAD-OPEN|token|tsj-realization-v1/controlled-indicator@1/channel-a-load/resistor-led-load@2/resistor-led-load@2/component/RLOAD
choice=160:fault.owner.channel-b-driver-RG-OPEN|token|tsj-realization-v1/controlled-indicator@1/channel-b-driver/nmos-low-side-driver@1/nmos-low-side-driver@1/component/RG
choice=156:fault.owner.channel-b-load-RLOAD-OPEN|token|tsj-realization-v1/controlled-indicator@1/channel-b-load/resistor-led-load@2/resistor-led-load@2/component/RLOAD
choice=117:physical.input.tsj-device-v1/controlled-indicator@1/component/J1/input/LOAD_VIN_INPUT.voltage|number|4014000000000000
choice=126:physical.input.tsj-device-v1/controlled-indicator@1/component/J2/input/channel-a-control-power.voltage|number|4014000000000000
choice=126:physical.input.tsj-device-v1/controlled-indicator@1/component/J3/input/channel-b-control-power.voltage|number|4014000000000000
choice=33:physical.layout-version|integer|4
choice=154:physical.package.tsj-realization-v1/controlled-indicator@1/channel-a-control/external-adapter@1/external-adapter@1/component/J2.geometry-version|integer|3
choice=166:physical.package.tsj-realization-v1/controlled-indicator@1/channel-a-control/external-adapter@1/external-adapter@1/component/J2.package|token|THROUGH_HOLE_CONNECTOR_2
choice=152:physical.package.tsj-realization-v1/controlled-indicator@1/channel-a-control/external-adapter@1/external-adapter@1/component/J2.transform|token|IDENTITY
choice=149:physical.package.tsj-realization-v1/controlled-indicator@1/channel-a-control/external-adapter@1/external-adapter@1/component/J2.variant|token|DEFAULT
choice=161:physical.package.tsj-realization-v1/controlled-indicator@1/channel-a-driver/nmos-low-side-driver@1/nmos-low-side-driver@1/component/Q1.geometry-version|integer|3
choice=158:physical.package.tsj-realization-v1/controlled-indicator@1/channel-a-driver/nmos-low-side-driver@1/nmos-low-side-driver@1/component/Q1.package|token|TO92_NMOS
choice=159:physical.package.tsj-realization-v1/controlled-indicator@1/channel-a-driver/nmos-low-side-driver@1/nmos-low-side-driver@1/component/Q1.transform|token|IDENTITY
choice=156:physical.package.tsj-realization-v1/controlled-indicator@1/channel-a-driver/nmos-low-side-driver@1/nmos-low-side-driver@1/component/Q1.variant|token|DEFAULT
choice=161:physical.package.tsj-realization-v1/controlled-indicator@1/channel-a-driver/nmos-low-side-driver@1/nmos-low-side-driver@1/component/RG.geometry-version|integer|3
choice=163:physical.package.tsj-realization-v1/controlled-indicator@1/channel-a-driver/nmos-low-side-driver@1/nmos-low-side-driver@1/component/RG.package|token|AXIAL_RESISTOR
choice=159:physical.package.tsj-realization-v1/controlled-indicator@1/channel-a-driver/nmos-low-side-driver@1/nmos-low-side-driver@1/component/RG.transform|token|IDENTITY
choice=157:physical.package.tsj-realization-v1/controlled-indicator@1/channel-a-driver/nmos-low-side-driver@1/nmos-low-side-driver@1/component/RG.variant|token|SPAN_220
choice=162:physical.package.tsj-realization-v1/controlled-indicator@1/channel-a-driver/nmos-low-side-driver@1/nmos-low-side-driver@1/component/RPD.geometry-version|integer|3
choice=164:physical.package.tsj-realization-v1/controlled-indicator@1/channel-a-driver/nmos-low-side-driver@1/nmos-low-side-driver@1/component/RPD.package|token|AXIAL_RESISTOR
choice=160:physical.package.tsj-realization-v1/controlled-indicator@1/channel-a-driver/nmos-low-side-driver@1/nmos-low-side-driver@1/component/RPD.transform|token|IDENTITY
choice=158:physical.package.tsj-realization-v1/controlled-indicator@1/channel-a-driver/nmos-low-side-driver@1/nmos-low-side-driver@1/component/RPD.variant|token|SPAN_220
choice=155:physical.package.tsj-realization-v1/controlled-indicator@1/channel-a-load/resistor-led-load@2/resistor-led-load@2/component/LED1.geometry-version|integer|3
choice=159:physical.package.tsj-realization-v1/controlled-indicator@1/channel-a-load/resistor-led-load@2/resistor-led-load@2/component/LED1.package|token|THROUGH_HOLE_LED
choice=153:physical.package.tsj-realization-v1/controlled-indicator@1/channel-a-load/resistor-led-load@2/resistor-led-load@2/component/LED1.transform|token|IDENTITY
choice=150:physical.package.tsj-realization-v1/controlled-indicator@1/channel-a-load/resistor-led-load@2/resistor-led-load@2/component/LED1.variant|token|DEFAULT
choice=156:physical.package.tsj-realization-v1/controlled-indicator@1/channel-a-load/resistor-led-load@2/resistor-led-load@2/component/RLOAD.geometry-version|integer|3
choice=158:physical.package.tsj-realization-v1/controlled-indicator@1/channel-a-load/resistor-led-load@2/resistor-led-load@2/component/RLOAD.package|token|AXIAL_RESISTOR
choice=154:physical.package.tsj-realization-v1/controlled-indicator@1/channel-a-load/resistor-led-load@2/resistor-led-load@2/component/RLOAD.transform|token|IDENTITY
choice=152:physical.package.tsj-realization-v1/controlled-indicator@1/channel-a-load/resistor-led-load@2/resistor-led-load@2/component/RLOAD.variant|token|SPAN_220
choice=154:physical.package.tsj-realization-v1/controlled-indicator@1/channel-b-control/external-adapter@1/external-adapter@1/component/J3.geometry-version|integer|3
choice=166:physical.package.tsj-realization-v1/controlled-indicator@1/channel-b-control/external-adapter@1/external-adapter@1/component/J3.package|token|THROUGH_HOLE_CONNECTOR_2
choice=152:physical.package.tsj-realization-v1/controlled-indicator@1/channel-b-control/external-adapter@1/external-adapter@1/component/J3.transform|token|IDENTITY
choice=149:physical.package.tsj-realization-v1/controlled-indicator@1/channel-b-control/external-adapter@1/external-adapter@1/component/J3.variant|token|DEFAULT
choice=161:physical.package.tsj-realization-v1/controlled-indicator@1/channel-b-driver/nmos-low-side-driver@1/nmos-low-side-driver@1/component/Q1.geometry-version|integer|3
choice=158:physical.package.tsj-realization-v1/controlled-indicator@1/channel-b-driver/nmos-low-side-driver@1/nmos-low-side-driver@1/component/Q1.package|token|TO92_NMOS
choice=159:physical.package.tsj-realization-v1/controlled-indicator@1/channel-b-driver/nmos-low-side-driver@1/nmos-low-side-driver@1/component/Q1.transform|token|IDENTITY
choice=156:physical.package.tsj-realization-v1/controlled-indicator@1/channel-b-driver/nmos-low-side-driver@1/nmos-low-side-driver@1/component/Q1.variant|token|DEFAULT
choice=161:physical.package.tsj-realization-v1/controlled-indicator@1/channel-b-driver/nmos-low-side-driver@1/nmos-low-side-driver@1/component/RG.geometry-version|integer|3
choice=163:physical.package.tsj-realization-v1/controlled-indicator@1/channel-b-driver/nmos-low-side-driver@1/nmos-low-side-driver@1/component/RG.package|token|AXIAL_RESISTOR
choice=159:physical.package.tsj-realization-v1/controlled-indicator@1/channel-b-driver/nmos-low-side-driver@1/nmos-low-side-driver@1/component/RG.transform|token|IDENTITY
choice=157:physical.package.tsj-realization-v1/controlled-indicator@1/channel-b-driver/nmos-low-side-driver@1/nmos-low-side-driver@1/component/RG.variant|token|SPAN_220
choice=162:physical.package.tsj-realization-v1/controlled-indicator@1/channel-b-driver/nmos-low-side-driver@1/nmos-low-side-driver@1/component/RPD.geometry-version|integer|3
choice=164:physical.package.tsj-realization-v1/controlled-indicator@1/channel-b-driver/nmos-low-side-driver@1/nmos-low-side-driver@1/component/RPD.package|token|AXIAL_RESISTOR
choice=160:physical.package.tsj-realization-v1/controlled-indicator@1/channel-b-driver/nmos-low-side-driver@1/nmos-low-side-driver@1/component/RPD.transform|token|IDENTITY
choice=158:physical.package.tsj-realization-v1/controlled-indicator@1/channel-b-driver/nmos-low-side-driver@1/nmos-low-side-driver@1/component/RPD.variant|token|SPAN_220
choice=155:physical.package.tsj-realization-v1/controlled-indicator@1/channel-b-load/resistor-led-load@2/resistor-led-load@2/component/LED1.geometry-version|integer|3
choice=159:physical.package.tsj-realization-v1/controlled-indicator@1/channel-b-load/resistor-led-load@2/resistor-led-load@2/component/LED1.package|token|THROUGH_HOLE_LED
choice=153:physical.package.tsj-realization-v1/controlled-indicator@1/channel-b-load/resistor-led-load@2/resistor-led-load@2/component/LED1.transform|token|IDENTITY
choice=150:physical.package.tsj-realization-v1/controlled-indicator@1/channel-b-load/resistor-led-load@2/resistor-led-load@2/component/LED1.variant|token|DEFAULT
choice=156:physical.package.tsj-realization-v1/controlled-indicator@1/channel-b-load/resistor-led-load@2/resistor-led-load@2/component/RLOAD.geometry-version|integer|3
choice=158:physical.package.tsj-realization-v1/controlled-indicator@1/channel-b-load/resistor-led-load@2/resistor-led-load@2/component/RLOAD.package|token|AXIAL_RESISTOR
choice=154:physical.package.tsj-realization-v1/controlled-indicator@1/channel-b-load/resistor-led-load@2/resistor-led-load@2/component/RLOAD.transform|token|IDENTITY
choice=152:physical.package.tsj-realization-v1/controlled-indicator@1/channel-b-load/resistor-led-load@2/resistor-led-load@2/component/RLOAD.variant|token|SPAN_220
choice=150:physical.package.tsj-realization-v1/controlled-indicator@1/power-adapter/external-adapter@1/external-adapter@1/component/J1.geometry-version|integer|3
choice=162:physical.package.tsj-realization-v1/controlled-indicator@1/power-adapter/external-adapter@1/external-adapter@1/component/J1.package|token|THROUGH_HOLE_CONNECTOR_2
choice=148:physical.package.tsj-realization-v1/controlled-indicator@1/power-adapter/external-adapter@1/external-adapter@1/component/J1.transform|token|IDENTITY
choice=145:physical.package.tsj-realization-v1/controlled-indicator@1/power-adapter/external-adapter@1/external-adapter@1/component/J1.variant|token|DEFAULT
choice=171:physical.package.tsj-realization-v1/controlled-indicator@1/supply-indicator/supply-present-indicator@1/supply-present-indicator@1/component/LED1.geometry-version|integer|3
choice=175:physical.package.tsj-realization-v1/controlled-indicator@1/supply-indicator/supply-present-indicator@1/supply-present-indicator@1/component/LED1.package|token|THROUGH_HOLE_LED
choice=169:physical.package.tsj-realization-v1/controlled-indicator@1/supply-indicator/supply-present-indicator@1/supply-present-indicator@1/component/LED1.transform|token|IDENTITY
choice=166:physical.package.tsj-realization-v1/controlled-indicator@1/supply-indicator/supply-present-indicator@1/supply-present-indicator@1/component/LED1.variant|token|DEFAULT
choice=171:physical.package.tsj-realization-v1/controlled-indicator@1/supply-indicator/supply-present-indicator@1/supply-present-indicator@1/component/RSUP.geometry-version|integer|3
choice=173:physical.package.tsj-realization-v1/controlled-indicator@1/supply-indicator/supply-present-indicator@1/supply-present-indicator@1/component/RSUP.package|token|AXIAL_RESISTOR
choice=169:physical.package.tsj-realization-v1/controlled-indicator@1/supply-indicator/supply-present-indicator@1/supply-present-indicator@1/component/RSUP.transform|token|IDENTITY
choice=167:physical.package.tsj-realization-v1/controlled-indicator@1/supply-indicator/supply-present-indicator@1/supply-present-indicator@1/component/RSUP.variant|token|SPAN_220
choice=32:power.contract-version|integer|1
choice=41:power.design|token|controlled-indicator@1
choice=132:power.rail.tsj-bus-v1/controlled-indicator@1/channel-a-control-input.reference|token|tsj-bus-v1/controlled-indicator@1/common-return
choice=87:power.rail.tsj-bus-v1/controlled-indicator@1/channel-a-control-input.storage|token|NONE
choice=134:power.rail.tsj-bus-v1/controlled-indicator@1/channel-a-switched-output.reference|token|tsj-bus-v1/controlled-indicator@1/common-return
choice=89:power.rail.tsj-bus-v1/controlled-indicator@1/channel-a-switched-output.storage|token|NONE
choice=132:power.rail.tsj-bus-v1/controlled-indicator@1/channel-b-control-input.reference|token|tsj-bus-v1/controlled-indicator@1/common-return
choice=87:power.rail.tsj-bus-v1/controlled-indicator@1/channel-b-control-input.storage|token|NONE
choice=134:power.rail.tsj-bus-v1/controlled-indicator@1/channel-b-switched-output.reference|token|tsj-bus-v1/controlled-indicator@1/common-return
choice=89:power.rail.tsj-bus-v1/controlled-indicator@1/channel-b-switched-output.storage|token|NONE
choice=121:power.rail.tsj-bus-v1/controlled-indicator@1/power-supply.reference|token|tsj-bus-v1/controlled-indicator@1/common-return
choice=76:power.rail.tsj-bus-v1/controlled-indicator@1/power-supply.storage|token|NONE
choice=188:power.rail.tsj-realization-v1/controlled-indicator@1/channel-a-driver/nmos-low-side-driver@1/nmos-low-side-driver@1/net/GATE.reference|token|tsj-bus-v1/controlled-indicator@1/common-return
choice=143:power.rail.tsj-realization-v1/controlled-indicator@1/channel-a-driver/nmos-low-side-driver@1/nmos-low-side-driver@1/net/GATE.storage|token|NONE
choice=184:power.rail.tsj-realization-v1/controlled-indicator@1/channel-a-load/resistor-led-load@2/resistor-led-load@2/net/LED_NODE.reference|token|tsj-bus-v1/controlled-indicator@1/common-return
choice=139:power.rail.tsj-realization-v1/controlled-indicator@1/channel-a-load/resistor-led-load@2/resistor-led-load@2/net/LED_NODE.storage|token|NONE
choice=188:power.rail.tsj-realization-v1/controlled-indicator@1/channel-b-driver/nmos-low-side-driver@1/nmos-low-side-driver@1/net/GATE.reference|token|tsj-bus-v1/controlled-indicator@1/common-return
choice=143:power.rail.tsj-realization-v1/controlled-indicator@1/channel-b-driver/nmos-low-side-driver@1/nmos-low-side-driver@1/net/GATE.storage|token|NONE
choice=184:power.rail.tsj-realization-v1/controlled-indicator@1/channel-b-load/resistor-led-load@2/resistor-led-load@2/net/LED_NODE.reference|token|tsj-bus-v1/controlled-indicator@1/common-return
choice=139:power.rail.tsj-realization-v1/controlled-indicator@1/channel-b-load/resistor-led-load@2/resistor-led-load@2/net/LED_NODE.storage|token|NONE
choice=200:power.rail.tsj-realization-v1/controlled-indicator@1/supply-indicator/supply-present-indicator@1/supply-present-indicator@1/net/LED_NODE.reference|token|tsj-bus-v1/controlled-indicator@1/common-return
choice=155:power.rail.tsj-realization-v1/controlled-indicator@1/supply-indicator/supply-present-indicator@1/supply-present-indicator@1/net/LED_NODE.storage|token|NONE
choice=90:power.reference.tsj-bus-v1/controlled-indicator@1/common-return.bond-permitted|token|false
choice=90:power.reference.tsj-bus-v1/controlled-indicator@1/common-return.earth-declared|token|false
choice=103:power.reference.tsj-bus-v1/controlled-indicator@1/common-return.isolation|token|current-resolved-return
choice=65:power.source.LOAD_VIN_INPUT.capacity|token|KNOWN:3fa999999999999a
choice=53:power.source.LOAD_VIN_INPUT.drive|token|STIFF_VOLTAGE
choice=66:power.source.LOAD_VIN_INPUT.implemented-limit|token|NOT_APPLICABLE
choice=85:power.source.LOAD_VIN_INPUT.rail|token|tsj-bus-v1/controlled-indicator@1/power-supply
choice=52:power.source.LOAD_VIN_INPUT.resistance|token|KNOWN:0
choice=81:power.source.LOAD_VIN_INPUT.voltage|token|KNOWN:4013000000000000:4015000000000000
choice=74:power.source.channel-a-control-power.capacity|token|KNOWN:3f60624dd2f1a9fc
choice=58:power.source.channel-a-control-power.drive|token|PUSH_PULL
choice=75:power.source.channel-a-control-power.implemented-limit|token|NOT_APPLICABLE
choice=105:power.source.channel-a-control-power.rail|token|tsj-bus-v1/controlled-indicator@1/channel-a-control-input
choice=61:power.source.channel-a-control-power.resistance|token|KNOWN:0
choice=75:power.source.channel-a-control-power.voltage|token|KNOWN:0:4014000000000000
choice=74:power.source.channel-b-control-power.capacity|token|KNOWN:3f60624dd2f1a9fc
choice=58:power.source.channel-b-control-power.drive|token|PUSH_PULL
choice=75:power.source.channel-b-control-power.implemented-limit|token|NOT_APPLICABLE
choice=105:power.source.channel-b-control-power.rail|token|tsj-bus-v1/controlled-indicator@1/channel-b-control-input
choice=61:power.source.channel-b-control-power.resistance|token|KNOWN:0
choice=75:power.source.channel-b-control-power.voltage|token|KNOWN:0:4014000000000000
choice=52:recipe.channel-a-driver.choice.RG.mutable|token|true
choice=69:recipe.channel-a-driver.choice.RG.rated-watts|number|3fd0000000000000
choice=75:recipe.channel-a-driver.choice.RG.tolerance-percent|number|4014000000000000
choice=54:recipe.channel-a-driver.choice.RPD.mutable|token|false
choice=70:recipe.channel-a-driver.choice.RPD.rated-watts|number|3fd0000000000000
choice=76:recipe.channel-a-driver.choice.RPD.tolerance-percent|number|4014000000000000
choice=57:recipe.channel-a-driver.choice.descriptor.beta|integer|10
choice=85:recipe.channel-a-driver.choice.descriptor.control-demand-amps|number|3f0cf94ba58b06e1
choice=79:recipe.channel-a-driver.choice.descriptor.functional-role|token|low-side-driver
choice=86:recipe.channel-a-driver.choice.descriptor.gate-resistance-ohms|number|408f400000000000
choice=82:recipe.channel-a-driver.choice.descriptor.load-demand-amps|number|3f90624dd2f1a9fc
choice=58:recipe.channel-a-driver.choice.descriptor.model|token|NMOS
choice=86:recipe.channel-a-driver.choice.descriptor.off-leakage-max-amps|number|3eb0c6f7a0b5ed8d
choice=84:recipe.channel-a-driver.choice.descriptor.on-clamp-max-volts|number|3fe999999999999a
choice=80:recipe.channel-a-driver.choice.descriptor.pull-down-ohms|number|40f86a0000000000
choice=84:recipe.channel-a-driver.choice.descriptor.sink-capacity-amps|number|3f947ae147ae147b
choice=81:recipe.channel-a-driver.choice.descriptor.threshold-volts|number|3ff8000000000000
choice=66:recipe.channel-a-driver.element.CONTROL_NODE_TRACE.kind|token|WIRE
choice=67:recipe.channel-a-driver.element.CONTROL_NODE_TRACE.post.1|integer|0
choice=67:recipe.channel-a-driver.element.CONTROL_NODE_TRACE.post.2|integer|1
choice=68:recipe.channel-a-driver.element.CONTROL_RETURN_TRACE.kind|token|WIRE
choice=69:recipe.channel-a-driver.element.CONTROL_RETURN_TRACE.post.1|integer|0
choice=69:recipe.channel-a-driver.element.CONTROL_RETURN_TRACE.post.2|integer|1
choice=168:recipe.channel-a-driver.element.Q1.component|token|tsj-realization-v1/controlled-indicator@1/channel-a-driver/nmos-low-side-driver@1/nmos-low-side-driver@1/component/Q1
choice=50:recipe.channel-a-driver.element.Q1.kind|token|NMOS
choice=51:recipe.channel-a-driver.element.Q1.model|token|NMOS
choice=73:recipe.channel-a-driver.element.Q1.parameter.beta|number|4024000000000000
choice=78:recipe.channel-a-driver.element.Q1.parameter.threshold|number|3ff8000000000000
choice=51:recipe.channel-a-driver.element.Q1.post.D|integer|2
choice=51:recipe.channel-a-driver.element.Q1.post.G|integer|0
choice=51:recipe.channel-a-driver.element.Q1.post.S|integer|1
choice=168:recipe.channel-a-driver.element.RG.component|token|tsj-realization-v1/controlled-indicator@1/channel-a-driver/nmos-low-side-driver@1/nmos-low-side-driver@1/component/RG
choice=54:recipe.channel-a-driver.element.RG.kind|token|RESISTOR
choice=79:recipe.channel-a-driver.element.RG.parameter.resistance|number|408f400000000000
choice=51:recipe.channel-a-driver.element.RG.post.1|integer|0
choice=51:recipe.channel-a-driver.element.RG.post.2|integer|1
choice=181:recipe.channel-a-driver.element.RG_FAULT_SWITCH.component|token|tsj-realization-v1/controlled-indicator@1/channel-a-driver/nmos-low-side-driver@1/nmos-low-side-driver@1/component/RG
choice=65:recipe.channel-a-driver.element.RG_FAULT_SWITCH.kind|token|SWITCH
choice=64:recipe.channel-a-driver.element.RG_FAULT_SWITCH.post.1|integer|0
choice=64:recipe.channel-a-driver.element.RG_FAULT_SWITCH.post.2|integer|1
choice=67:recipe.channel-a-driver.element.RG_FIRST_ATTACHMENT.kind|token|WIRE
choice=68:recipe.channel-a-driver.element.RG_FIRST_ATTACHMENT.post.1|integer|0
choice=68:recipe.channel-a-driver.element.RG_FIRST_ATTACHMENT.post.2|integer|1
choice=62:recipe.channel-a-driver.element.RG_INPUT_TRACE.kind|token|WIRE
choice=63:recipe.channel-a-driver.element.RG_INPUT_TRACE.post.1|integer|0
choice=63:recipe.channel-a-driver.element.RG_INPUT_TRACE.post.2|integer|1
choice=178:recipe.channel-a-driver.element.RG_SECONDARY.component|token|tsj-realization-v1/controlled-indicator@1/channel-a-driver/nmos-low-side-driver@1/nmos-low-side-driver@1/component/RG
choice=68:recipe.channel-a-driver.element.RG_SECONDARY.kind|token|FAULT_HELPER
choice=61:recipe.channel-a-driver.element.RG_SECONDARY.post.1|integer|0
choice=61:recipe.channel-a-driver.element.RG_SECONDARY.post.2|integer|1
choice=68:recipe.channel-a-driver.element.RG_SECOND_ATTACHMENT.kind|token|WIRE
choice=69:recipe.channel-a-driver.element.RG_SECOND_ATTACHMENT.post.1|integer|0
choice=69:recipe.channel-a-driver.element.RG_SECOND_ATTACHMENT.post.2|integer|1
choice=170:recipe.channel-a-driver.element.RPD.component|token|tsj-realization-v1/controlled-indicator@1/channel-a-driver/nmos-low-side-driver@1/nmos-low-side-driver@1/component/RPD
choice=55:recipe.channel-a-driver.element.RPD.kind|token|RESISTOR
choice=80:recipe.channel-a-driver.element.RPD.parameter.resistance|number|40f86a0000000000
choice=52:recipe.channel-a-driver.element.RPD.post.1|integer|0
choice=52:recipe.channel-a-driver.element.RPD.post.2|integer|1
choice=63:recipe.channel-a-driver.fault-effective|number|40f86a0000000000
choice=45:recipe.channel-a-driver.fault-kind|token|OPEN
choice=160:recipe.channel-a-driver.fault-target|token|tsj-realization-v1/controlled-indicator@1/channel-a-driver/nmos-low-side-driver@1/nmos-low-side-driver@1/component/RG
choice=60:recipe.channel-a-driver.inputs|ids|BOARD_POWER,CONTROL_INPUT
choice=61:recipe.channel-a-driver.provider|token|nmos-low-side-driver@1
choice=154:recipe.channel-a-driver.repair|token|tsj-realization-v1/controlled-indicator@1/channel-a-driver/nmos-low-side-driver@1/nmos-low-side-driver@1/component/RG
choice=69:recipe.channel-a-driver.retests|ids|CUSTOMER_RETEST,STEADY_DC_POWERED
choice=62:recipe.channel-a-load.choice.RLOAD.catalog|token|R_CATALOG_330
choice=53:recipe.channel-a-load.choice.RLOAD.mutable|token|true
choice=70:recipe.channel-a-load.choice.RLOAD.rated-watts|number|3fcc28f5c28f5c29
choice=76:recipe.channel-a-load.choice.RLOAD.tolerance-percent|number|4014000000000000
choice=76:recipe.channel-a-load.choice.descriptor.functional-role|token|indicator-load
choice=80:recipe.channel-a-load.choice.descriptor.led-vf-max-volts|number|4000000000000000
choice=80:recipe.channel-a-load.choice.descriptor.led-vf-min-volts|number|3ff999999999999a
choice=63:recipe.channel-a-load.choice.descriptor.model|token|default-led
choice=68:recipe.channel-a-load.choice.descriptor.package|token|AXIAL_RESISTOR
choice=78:recipe.channel-a-load.choice.descriptor.policy|token|controlled-led-load-e12@1
choice=85:recipe.channel-a-load.choice.descriptor.power-headroom-factor|number|4000000000000000
choice=84:recipe.channel-a-load.choice.descriptor.sink-headroom-factor|number|3ff4000000000000
choice=87:recipe.channel-a-load.choice.descriptor.target-min-current-amps|number|3f747ae147ae147b
choice=82:recipe.channel-a-load.choice.descriptor.tolerance-fraction|number|3fa999999999999a
choice=68:recipe.channel-a-load.choice.value.catalog-entry|token|R_CATALOG_330
choice=78:recipe.channel-a-load.choice.value.guarded-power-watts|number|3fb681d65aa4224c
choice=91:recipe.channel-a-load.choice.value.intent.led-maximum-forward-volts|number|4000000000000000
choice=91:recipe.channel-a-load.choice.value.intent.led-minimum-forward-volts|number|3ff999999999999a
choice=84:recipe.channel-a-load.choice.value.intent.load-maximum-volts|number|4016000000000000
choice=84:recipe.channel-a-load.choice.value.intent.load-minimum-volts|number|4012000000000000
choice=65:recipe.channel-a-load.choice.value.intent.model|token|default-led
choice=70:recipe.channel-a-load.choice.value.intent.package|token|AXIAL_RESISTOR
choice=87:recipe.channel-a-load.choice.value.intent.power-headroom-factor|number|4000000000000000
choice=84:recipe.channel-a-load.choice.value.intent.sink-capacity-amps|number|3f947ae147ae147b
choice=86:recipe.channel-a-load.choice.value.intent.sink-headroom-factor|number|3ff4000000000000
choice=84:recipe.channel-a-load.choice.value.intent.sink-maximum-volts|number|3fe999999999999a
choice=84:recipe.channel-a-load.choice.value.intent.sink-minimum-volts|number|0000000000000000
choice=86:recipe.channel-a-load.choice.value.intent.source-maximum-volts|number|4015000000000000
choice=86:recipe.channel-a-load.choice.value.intent.source-minimum-volts|number|4013000000000000
choice=93:recipe.channel-a-load.choice.value.intent.target-minimum-current-amps|number|3f747ae147ae147b
choice=84:recipe.channel-a-load.choice.value.intent.tolerance-fraction|number|3fa999999999999a
choice=83:recipe.channel-a-load.choice.value.intent.typed-demand-amps|number|3f90624dd2f1a9fc
choice=79:recipe.channel-a-load.choice.value.maximum-current-amps|number|3f87d8268afbac0e
choice=79:recipe.channel-a-load.choice.value.minimum-current-amps|number|3f770d13b9f5cde8
choice=63:recipe.channel-a-load.choice.value.package|token|AXIAL_RESISTOR
choice=73:recipe.channel-a-load.choice.value.policy|token|controlled-led-load-e12@1
choice=79:recipe.channel-a-load.choice.value.required-power-watts|number|3fc681d65aa4224c
choice=78:recipe.channel-a-load.choice.value.resistance-max-ohms|number|4075a80000000000
choice=78:recipe.channel-a-load.choice.value.resistance-min-ohms|number|4073980000000000
choice=53:recipe.channel-a-load.choice.value.revision|integer|1
choice=162:recipe.channel-a-load.element.LED1.component|token|tsj-realization-v1/controlled-indicator@1/channel-a-load/resistor-led-load@2/resistor-led-load@2/component/LED1
choice=49:recipe.channel-a-load.element.LED1.kind|token|LED
choice=58:recipe.channel-a-load.element.LED1.model|token|default-led
choice=73:recipe.channel-a-load.element.LED1.parameter.blue|number|0000000000000000
choice=86:recipe.channel-a-load.element.LED1.parameter.breakdown-voltage|number|0000000000000000
choice=89:recipe.channel-a-load.element.LED1.parameter.emission-coefficient|number|400dd70a3d70a3d7
choice=74:recipe.channel-a-load.element.LED1.parameter.flags|number|0000000000000000
choice=81:recipe.channel-a-load.element.LED1.parameter.forward-drop|number|4001d372e1ff9fe1
choice=74:recipe.channel-a-load.element.LED1.parameter.green|number|0000000000000000
choice=72:recipe.channel-a-load.element.LED1.parameter.red|number|3ff0000000000000
choice=87:recipe.channel-a-load.element.LED1.parameter.saturation-current|number|3dd99e5df0eadcdc
choice=86:recipe.channel-a-load.element.LED1.parameter.series-resistance|number|3fa5810624dd2f1b
choice=84:recipe.channel-a-load.element.LED1.parameter.thermal-voltage|number|3f9a7c5ac471b478
choice=75:recipe.channel-a-load.element.LED1.parameter.vdcoef|number|4024bafe9eaa1f98
choice=75:recipe.channel-a-load.element.LED1.parameter.vscale|number|3fb8b2ae3d958cc4
choice=51:recipe.channel-a-load.element.LED1.post.A|integer|0
choice=51:recipe.channel-a-load.element.LED1.post.K|integer|1
choice=65:recipe.channel-a-load.element.LOAD_LED_NODE_TRACE.kind|token|WIRE
choice=66:recipe.channel-a-load.element.LOAD_LED_NODE_TRACE.post.1|integer|0
choice=66:recipe.channel-a-load.element.LOAD_LED_NODE_TRACE.post.2|integer|1
choice=164:recipe.channel-a-load.element.RLOAD.component|token|tsj-realization-v1/controlled-indicator@1/channel-a-load/resistor-led-load@2/resistor-led-load@2/component/RLOAD
choice=55:recipe.channel-a-load.element.RLOAD.kind|token|RESISTOR
choice=80:recipe.channel-a-load.element.RLOAD.parameter.resistance|number|4074a00000000000
choice=52:recipe.channel-a-load.element.RLOAD.post.1|integer|0
choice=52:recipe.channel-a-load.element.RLOAD.post.2|integer|1
choice=177:recipe.channel-a-load.element.RLOAD_FAULT_SWITCH.component|token|tsj-realization-v1/controlled-indicator@1/channel-a-load/resistor-led-load@2/resistor-led-load@2/component/RLOAD
choice=66:recipe.channel-a-load.element.RLOAD_FAULT_SWITCH.kind|token|SWITCH
choice=65:recipe.channel-a-load.element.RLOAD_FAULT_SWITCH.post.1|integer|0
choice=65:recipe.channel-a-load.element.RLOAD_FAULT_SWITCH.post.2|integer|1
choice=68:recipe.channel-a-load.element.RLOAD_FIRST_ATTACHMENT.kind|token|WIRE
choice=69:recipe.channel-a-load.element.RLOAD_FIRST_ATTACHMENT.post.1|integer|0
choice=69:recipe.channel-a-load.element.RLOAD_FIRST_ATTACHMENT.post.2|integer|1
choice=63:recipe.channel-a-load.element.RLOAD_INPUT_TRACE.kind|token|WIRE
choice=64:recipe.channel-a-load.element.RLOAD_INPUT_TRACE.post.1|integer|0
choice=64:recipe.channel-a-load.element.RLOAD_INPUT_TRACE.post.2|integer|1
choice=174:recipe.channel-a-load.element.RLOAD_SECONDARY.component|token|tsj-realization-v1/controlled-indicator@1/channel-a-load/resistor-led-load@2/resistor-led-load@2/component/RLOAD
choice=69:recipe.channel-a-load.element.RLOAD_SECONDARY.kind|token|FAULT_HELPER
choice=62:recipe.channel-a-load.element.RLOAD_SECONDARY.post.1|integer|0
choice=62:recipe.channel-a-load.element.RLOAD_SECONDARY.post.2|integer|1
choice=69:recipe.channel-a-load.element.RLOAD_SECOND_ATTACHMENT.kind|token|WIRE
choice=70:recipe.channel-a-load.element.RLOAD_SECOND_ATTACHMENT.post.1|integer|0
choice=70:recipe.channel-a-load.element.RLOAD_SECOND_ATTACHMENT.post.2|integer|1
choice=61:recipe.channel-a-load.fault-effective|number|40f86a0000000000
choice=43:recipe.channel-a-load.fault-kind|token|OPEN
choice=153:recipe.channel-a-load.fault-target|token|tsj-realization-v1/controlled-indicator@1/channel-a-load/resistor-led-load@2/resistor-led-load@2/component/RLOAD
choice=58:recipe.channel-a-load.inputs|ids|BOARD_POWER,CONTROL_INPUT
choice=56:recipe.channel-a-load.provider|token|resistor-led-load@2
choice=147:recipe.channel-a-load.repair|token|tsj-realization-v1/controlled-indicator@1/channel-a-load/resistor-led-load@2/resistor-led-load@2/component/RLOAD
choice=67:recipe.channel-a-load.retests|ids|CUSTOMER_RETEST,STEADY_DC_POWERED
choice=52:recipe.channel-b-driver.choice.RG.mutable|token|true
choice=69:recipe.channel-b-driver.choice.RG.rated-watts|number|3fd0000000000000
choice=75:recipe.channel-b-driver.choice.RG.tolerance-percent|number|4014000000000000
choice=54:recipe.channel-b-driver.choice.RPD.mutable|token|false
choice=70:recipe.channel-b-driver.choice.RPD.rated-watts|number|3fd0000000000000
choice=76:recipe.channel-b-driver.choice.RPD.tolerance-percent|number|4014000000000000
choice=57:recipe.channel-b-driver.choice.descriptor.beta|integer|10
choice=85:recipe.channel-b-driver.choice.descriptor.control-demand-amps|number|3f0cf94ba58b06e1
choice=79:recipe.channel-b-driver.choice.descriptor.functional-role|token|low-side-driver
choice=86:recipe.channel-b-driver.choice.descriptor.gate-resistance-ohms|number|408f400000000000
choice=82:recipe.channel-b-driver.choice.descriptor.load-demand-amps|number|3f90624dd2f1a9fc
choice=58:recipe.channel-b-driver.choice.descriptor.model|token|NMOS
choice=86:recipe.channel-b-driver.choice.descriptor.off-leakage-max-amps|number|3eb0c6f7a0b5ed8d
choice=84:recipe.channel-b-driver.choice.descriptor.on-clamp-max-volts|number|3fe999999999999a
choice=80:recipe.channel-b-driver.choice.descriptor.pull-down-ohms|number|40f86a0000000000
choice=84:recipe.channel-b-driver.choice.descriptor.sink-capacity-amps|number|3f947ae147ae147b
choice=81:recipe.channel-b-driver.choice.descriptor.threshold-volts|number|3ff8000000000000
choice=66:recipe.channel-b-driver.element.CONTROL_NODE_TRACE.kind|token|WIRE
choice=67:recipe.channel-b-driver.element.CONTROL_NODE_TRACE.post.1|integer|0
choice=67:recipe.channel-b-driver.element.CONTROL_NODE_TRACE.post.2|integer|1
choice=68:recipe.channel-b-driver.element.CONTROL_RETURN_TRACE.kind|token|WIRE
choice=69:recipe.channel-b-driver.element.CONTROL_RETURN_TRACE.post.1|integer|0
choice=69:recipe.channel-b-driver.element.CONTROL_RETURN_TRACE.post.2|integer|1
choice=168:recipe.channel-b-driver.element.Q1.component|token|tsj-realization-v1/controlled-indicator@1/channel-b-driver/nmos-low-side-driver@1/nmos-low-side-driver@1/component/Q1
choice=50:recipe.channel-b-driver.element.Q1.kind|token|NMOS
choice=51:recipe.channel-b-driver.element.Q1.model|token|NMOS
choice=73:recipe.channel-b-driver.element.Q1.parameter.beta|number|4024000000000000
choice=78:recipe.channel-b-driver.element.Q1.parameter.threshold|number|3ff8000000000000
choice=51:recipe.channel-b-driver.element.Q1.post.D|integer|2
choice=51:recipe.channel-b-driver.element.Q1.post.G|integer|0
choice=51:recipe.channel-b-driver.element.Q1.post.S|integer|1
choice=168:recipe.channel-b-driver.element.RG.component|token|tsj-realization-v1/controlled-indicator@1/channel-b-driver/nmos-low-side-driver@1/nmos-low-side-driver@1/component/RG
choice=54:recipe.channel-b-driver.element.RG.kind|token|RESISTOR
choice=79:recipe.channel-b-driver.element.RG.parameter.resistance|number|408f400000000000
choice=51:recipe.channel-b-driver.element.RG.post.1|integer|0
choice=51:recipe.channel-b-driver.element.RG.post.2|integer|1
choice=181:recipe.channel-b-driver.element.RG_FAULT_SWITCH.component|token|tsj-realization-v1/controlled-indicator@1/channel-b-driver/nmos-low-side-driver@1/nmos-low-side-driver@1/component/RG
choice=65:recipe.channel-b-driver.element.RG_FAULT_SWITCH.kind|token|SWITCH
choice=64:recipe.channel-b-driver.element.RG_FAULT_SWITCH.post.1|integer|0
choice=64:recipe.channel-b-driver.element.RG_FAULT_SWITCH.post.2|integer|1
choice=67:recipe.channel-b-driver.element.RG_FIRST_ATTACHMENT.kind|token|WIRE
choice=68:recipe.channel-b-driver.element.RG_FIRST_ATTACHMENT.post.1|integer|0
choice=68:recipe.channel-b-driver.element.RG_FIRST_ATTACHMENT.post.2|integer|1
choice=62:recipe.channel-b-driver.element.RG_INPUT_TRACE.kind|token|WIRE
choice=63:recipe.channel-b-driver.element.RG_INPUT_TRACE.post.1|integer|0
choice=63:recipe.channel-b-driver.element.RG_INPUT_TRACE.post.2|integer|1
choice=178:recipe.channel-b-driver.element.RG_SECONDARY.component|token|tsj-realization-v1/controlled-indicator@1/channel-b-driver/nmos-low-side-driver@1/nmos-low-side-driver@1/component/RG
choice=68:recipe.channel-b-driver.element.RG_SECONDARY.kind|token|FAULT_HELPER
choice=61:recipe.channel-b-driver.element.RG_SECONDARY.post.1|integer|0
choice=61:recipe.channel-b-driver.element.RG_SECONDARY.post.2|integer|1
choice=68:recipe.channel-b-driver.element.RG_SECOND_ATTACHMENT.kind|token|WIRE
choice=69:recipe.channel-b-driver.element.RG_SECOND_ATTACHMENT.post.1|integer|0
choice=69:recipe.channel-b-driver.element.RG_SECOND_ATTACHMENT.post.2|integer|1
choice=170:recipe.channel-b-driver.element.RPD.component|token|tsj-realization-v1/controlled-indicator@1/channel-b-driver/nmos-low-side-driver@1/nmos-low-side-driver@1/component/RPD
choice=55:recipe.channel-b-driver.element.RPD.kind|token|RESISTOR
choice=80:recipe.channel-b-driver.element.RPD.parameter.resistance|number|40f86a0000000000
choice=52:recipe.channel-b-driver.element.RPD.post.1|integer|0
choice=52:recipe.channel-b-driver.element.RPD.post.2|integer|1
choice=63:recipe.channel-b-driver.fault-effective|number|40f86a0000000000
choice=45:recipe.channel-b-driver.fault-kind|token|OPEN
choice=160:recipe.channel-b-driver.fault-target|token|tsj-realization-v1/controlled-indicator@1/channel-b-driver/nmos-low-side-driver@1/nmos-low-side-driver@1/component/RG
choice=60:recipe.channel-b-driver.inputs|ids|BOARD_POWER,CONTROL_INPUT
choice=61:recipe.channel-b-driver.provider|token|nmos-low-side-driver@1
choice=154:recipe.channel-b-driver.repair|token|tsj-realization-v1/controlled-indicator@1/channel-b-driver/nmos-low-side-driver@1/nmos-low-side-driver@1/component/RG
choice=69:recipe.channel-b-driver.retests|ids|CUSTOMER_RETEST,STEADY_DC_POWERED
choice=62:recipe.channel-b-load.choice.RLOAD.catalog|token|R_CATALOG_330
choice=53:recipe.channel-b-load.choice.RLOAD.mutable|token|true
choice=70:recipe.channel-b-load.choice.RLOAD.rated-watts|number|3fcc28f5c28f5c29
choice=76:recipe.channel-b-load.choice.RLOAD.tolerance-percent|number|4014000000000000
choice=76:recipe.channel-b-load.choice.descriptor.functional-role|token|indicator-load
choice=80:recipe.channel-b-load.choice.descriptor.led-vf-max-volts|number|4000000000000000
choice=80:recipe.channel-b-load.choice.descriptor.led-vf-min-volts|number|3ff999999999999a
choice=63:recipe.channel-b-load.choice.descriptor.model|token|default-led
choice=68:recipe.channel-b-load.choice.descriptor.package|token|AXIAL_RESISTOR
choice=78:recipe.channel-b-load.choice.descriptor.policy|token|controlled-led-load-e12@1
choice=85:recipe.channel-b-load.choice.descriptor.power-headroom-factor|number|4000000000000000
choice=84:recipe.channel-b-load.choice.descriptor.sink-headroom-factor|number|3ff4000000000000
choice=87:recipe.channel-b-load.choice.descriptor.target-min-current-amps|number|3f747ae147ae147b
choice=82:recipe.channel-b-load.choice.descriptor.tolerance-fraction|number|3fa999999999999a
choice=68:recipe.channel-b-load.choice.value.catalog-entry|token|R_CATALOG_330
choice=78:recipe.channel-b-load.choice.value.guarded-power-watts|number|3fb681d65aa4224c
choice=91:recipe.channel-b-load.choice.value.intent.led-maximum-forward-volts|number|4000000000000000
choice=91:recipe.channel-b-load.choice.value.intent.led-minimum-forward-volts|number|3ff999999999999a
choice=84:recipe.channel-b-load.choice.value.intent.load-maximum-volts|number|4016000000000000
choice=84:recipe.channel-b-load.choice.value.intent.load-minimum-volts|number|4012000000000000
choice=65:recipe.channel-b-load.choice.value.intent.model|token|default-led
choice=70:recipe.channel-b-load.choice.value.intent.package|token|AXIAL_RESISTOR
choice=87:recipe.channel-b-load.choice.value.intent.power-headroom-factor|number|4000000000000000
choice=84:recipe.channel-b-load.choice.value.intent.sink-capacity-amps|number|3f947ae147ae147b
choice=86:recipe.channel-b-load.choice.value.intent.sink-headroom-factor|number|3ff4000000000000
choice=84:recipe.channel-b-load.choice.value.intent.sink-maximum-volts|number|3fe999999999999a
choice=84:recipe.channel-b-load.choice.value.intent.sink-minimum-volts|number|0000000000000000
choice=86:recipe.channel-b-load.choice.value.intent.source-maximum-volts|number|4015000000000000
choice=86:recipe.channel-b-load.choice.value.intent.source-minimum-volts|number|4013000000000000
choice=93:recipe.channel-b-load.choice.value.intent.target-minimum-current-amps|number|3f747ae147ae147b
choice=84:recipe.channel-b-load.choice.value.intent.tolerance-fraction|number|3fa999999999999a
choice=83:recipe.channel-b-load.choice.value.intent.typed-demand-amps|number|3f90624dd2f1a9fc
choice=79:recipe.channel-b-load.choice.value.maximum-current-amps|number|3f87d8268afbac0e
choice=79:recipe.channel-b-load.choice.value.minimum-current-amps|number|3f770d13b9f5cde8
choice=63:recipe.channel-b-load.choice.value.package|token|AXIAL_RESISTOR
choice=73:recipe.channel-b-load.choice.value.policy|token|controlled-led-load-e12@1
choice=79:recipe.channel-b-load.choice.value.required-power-watts|number|3fc681d65aa4224c
choice=78:recipe.channel-b-load.choice.value.resistance-max-ohms|number|4075a80000000000
choice=78:recipe.channel-b-load.choice.value.resistance-min-ohms|number|4073980000000000
choice=53:recipe.channel-b-load.choice.value.revision|integer|1
choice=162:recipe.channel-b-load.element.LED1.component|token|tsj-realization-v1/controlled-indicator@1/channel-b-load/resistor-led-load@2/resistor-led-load@2/component/LED1
choice=49:recipe.channel-b-load.element.LED1.kind|token|LED
choice=58:recipe.channel-b-load.element.LED1.model|token|default-led
choice=73:recipe.channel-b-load.element.LED1.parameter.blue|number|0000000000000000
choice=86:recipe.channel-b-load.element.LED1.parameter.breakdown-voltage|number|0000000000000000
choice=89:recipe.channel-b-load.element.LED1.parameter.emission-coefficient|number|400dd70a3d70a3d7
choice=74:recipe.channel-b-load.element.LED1.parameter.flags|number|0000000000000000
choice=81:recipe.channel-b-load.element.LED1.parameter.forward-drop|number|4001d372e1ff9fe1
choice=74:recipe.channel-b-load.element.LED1.parameter.green|number|0000000000000000
choice=72:recipe.channel-b-load.element.LED1.parameter.red|number|3ff0000000000000
choice=87:recipe.channel-b-load.element.LED1.parameter.saturation-current|number|3dd99e5df0eadcdc
choice=86:recipe.channel-b-load.element.LED1.parameter.series-resistance|number|3fa5810624dd2f1b
choice=84:recipe.channel-b-load.element.LED1.parameter.thermal-voltage|number|3f9a7c5ac471b478
choice=75:recipe.channel-b-load.element.LED1.parameter.vdcoef|number|4024bafe9eaa1f98
choice=75:recipe.channel-b-load.element.LED1.parameter.vscale|number|3fb8b2ae3d958cc4
choice=51:recipe.channel-b-load.element.LED1.post.A|integer|0
choice=51:recipe.channel-b-load.element.LED1.post.K|integer|1
choice=65:recipe.channel-b-load.element.LOAD_LED_NODE_TRACE.kind|token|WIRE
choice=66:recipe.channel-b-load.element.LOAD_LED_NODE_TRACE.post.1|integer|0
choice=66:recipe.channel-b-load.element.LOAD_LED_NODE_TRACE.post.2|integer|1
choice=164:recipe.channel-b-load.element.RLOAD.component|token|tsj-realization-v1/controlled-indicator@1/channel-b-load/resistor-led-load@2/resistor-led-load@2/component/RLOAD
choice=55:recipe.channel-b-load.element.RLOAD.kind|token|RESISTOR
choice=80:recipe.channel-b-load.element.RLOAD.parameter.resistance|number|4074a00000000000
choice=52:recipe.channel-b-load.element.RLOAD.post.1|integer|0
choice=52:recipe.channel-b-load.element.RLOAD.post.2|integer|1
choice=177:recipe.channel-b-load.element.RLOAD_FAULT_SWITCH.component|token|tsj-realization-v1/controlled-indicator@1/channel-b-load/resistor-led-load@2/resistor-led-load@2/component/RLOAD
choice=66:recipe.channel-b-load.element.RLOAD_FAULT_SWITCH.kind|token|SWITCH
choice=65:recipe.channel-b-load.element.RLOAD_FAULT_SWITCH.post.1|integer|0
choice=65:recipe.channel-b-load.element.RLOAD_FAULT_SWITCH.post.2|integer|1
choice=68:recipe.channel-b-load.element.RLOAD_FIRST_ATTACHMENT.kind|token|WIRE
choice=69:recipe.channel-b-load.element.RLOAD_FIRST_ATTACHMENT.post.1|integer|0
choice=69:recipe.channel-b-load.element.RLOAD_FIRST_ATTACHMENT.post.2|integer|1
choice=63:recipe.channel-b-load.element.RLOAD_INPUT_TRACE.kind|token|WIRE
choice=64:recipe.channel-b-load.element.RLOAD_INPUT_TRACE.post.1|integer|0
choice=64:recipe.channel-b-load.element.RLOAD_INPUT_TRACE.post.2|integer|1
choice=174:recipe.channel-b-load.element.RLOAD_SECONDARY.component|token|tsj-realization-v1/controlled-indicator@1/channel-b-load/resistor-led-load@2/resistor-led-load@2/component/RLOAD
choice=69:recipe.channel-b-load.element.RLOAD_SECONDARY.kind|token|FAULT_HELPER
choice=62:recipe.channel-b-load.element.RLOAD_SECONDARY.post.1|integer|0
choice=62:recipe.channel-b-load.element.RLOAD_SECONDARY.post.2|integer|1
choice=69:recipe.channel-b-load.element.RLOAD_SECOND_ATTACHMENT.kind|token|WIRE
choice=70:recipe.channel-b-load.element.RLOAD_SECOND_ATTACHMENT.post.1|integer|0
choice=70:recipe.channel-b-load.element.RLOAD_SECOND_ATTACHMENT.post.2|integer|1
choice=61:recipe.channel-b-load.fault-effective|number|40f86a0000000000
choice=43:recipe.channel-b-load.fault-kind|token|OPEN
choice=153:recipe.channel-b-load.fault-target|token|tsj-realization-v1/controlled-indicator@1/channel-b-load/resistor-led-load@2/resistor-led-load@2/component/RLOAD
choice=58:recipe.channel-b-load.inputs|ids|BOARD_POWER,CONTROL_INPUT
choice=56:recipe.channel-b-load.provider|token|resistor-led-load@2
choice=147:recipe.channel-b-load.repair|token|tsj-realization-v1/controlled-indicator@1/channel-b-load/resistor-led-load@2/resistor-led-load@2/component/RLOAD
choice=67:recipe.channel-b-load.retests|ids|CUSTOMER_RETEST,STEADY_DC_POWERED
choice=46:recipe.device.element.GROUND.kind|token|GROUND
choice=45:recipe.device.element.GROUND.post.1|integer|0
choice=78:recipe.device.element.channel-a-control-input.channel-a-driver.kind|token|WIRE
choice=79:recipe.device.element.channel-a-control-input.channel-a-driver.post.1|integer|0
choice=79:recipe.device.element.channel-a-control-input.channel-a-driver.post.2|integer|1
choice=176:recipe.device.element.channel-a-control.CONNECTOR.component|token|tsj-realization-v1/controlled-indicator@1/channel-a-control/external-adapter@1/external-adapter@1/component/J2
choice=67:recipe.device.element.channel-a-control.CONNECTOR.kind|token|SWITCH
choice=66:recipe.device.element.channel-a-control.CONNECTOR.post.1|integer|0
choice=66:recipe.device.element.channel-a-control.CONNECTOR.post.2|integer|1
choice=67:recipe.device.element.channel-a-control.ISOLATION.kind|token|SWITCH
choice=66:recipe.device.element.channel-a-control.ISOLATION.post.1|integer|0
choice=66:recipe.device.element.channel-a-control.ISOLATION.post.2|integer|1
choice=62:recipe.device.element.channel-a-control.RETURN.kind|token|WIRE
choice=63:recipe.device.element.channel-a-control.RETURN.post.1|integer|0
choice=63:recipe.device.element.channel-a-control.RETURN.post.2|integer|1
choice=65:recipe.device.element.channel-a-control.SUPPLY.kind|token|VOLTAGE
choice=88:recipe.device.element.channel-a-control.SUPPLY.parameter.voltage|number|4014000000000000
choice=63:recipe.device.element.channel-a-control.SUPPLY.post.+|integer|1
choice=63:recipe.device.element.channel-a-control.SUPPLY.post.-|integer|0
choice=78:recipe.device.element.channel-a-switched-output.channel-a-load.kind|token|WIRE
choice=79:recipe.device.element.channel-a-switched-output.channel-a-load.post.1|integer|0
choice=79:recipe.device.element.channel-a-switched-output.channel-a-load.post.2|integer|1
choice=78:recipe.device.element.channel-b-control-input.channel-b-driver.kind|token|WIRE
choice=79:recipe.device.element.channel-b-control-input.channel-b-driver.post.1|integer|0
choice=79:recipe.device.element.channel-b-control-input.channel-b-driver.post.2|integer|1
choice=176:recipe.device.element.channel-b-control.CONNECTOR.component|token|tsj-realization-v1/controlled-indicator@1/channel-b-control/external-adapter@1/external-adapter@1/component/J3
choice=67:recipe.device.element.channel-b-control.CONNECTOR.kind|token|SWITCH
choice=66:recipe.device.element.channel-b-control.CONNECTOR.post.1|integer|0
choice=66:recipe.device.element.channel-b-control.CONNECTOR.post.2|integer|1
choice=67:recipe.device.element.channel-b-control.ISOLATION.kind|token|SWITCH
choice=66:recipe.device.element.channel-b-control.ISOLATION.post.1|integer|0
choice=66:recipe.device.element.channel-b-control.ISOLATION.post.2|integer|1
choice=62:recipe.device.element.channel-b-control.RETURN.kind|token|WIRE
choice=63:recipe.device.element.channel-b-control.RETURN.post.1|integer|0
choice=63:recipe.device.element.channel-b-control.RETURN.post.2|integer|1
choice=65:recipe.device.element.channel-b-control.SUPPLY.kind|token|VOLTAGE
choice=88:recipe.device.element.channel-b-control.SUPPLY.parameter.voltage|number|4014000000000000
choice=63:recipe.device.element.channel-b-control.SUPPLY.post.+|integer|1
choice=63:recipe.device.element.channel-b-control.SUPPLY.post.-|integer|0
choice=78:recipe.device.element.channel-b-switched-output.channel-b-load.kind|token|WIRE
choice=79:recipe.device.element.channel-b-switched-output.channel-b-load.post.1|integer|0
choice=79:recipe.device.element.channel-b-switched-output.channel-b-load.post.2|integer|1
choice=68:recipe.device.element.common-return.channel-a-driver.kind|token|WIRE
choice=69:recipe.device.element.common-return.channel-a-driver.post.1|integer|0
choice=69:recipe.device.element.common-return.channel-a-driver.post.2|integer|1
choice=68:recipe.device.element.common-return.channel-b-driver.kind|token|WIRE
choice=69:recipe.device.element.common-return.channel-b-driver.post.1|integer|0
choice=69:recipe.device.element.common-return.channel-b-driver.post.2|integer|1
choice=68:recipe.device.element.common-return.supply-indicator.kind|token|WIRE
choice=69:recipe.device.element.common-return.supply-indicator.post.1|integer|0
choice=69:recipe.device.element.common-return.supply-indicator.post.2|integer|1
choice=168:recipe.device.element.power-adapter.CONNECTOR.component|token|tsj-realization-v1/controlled-indicator@1/power-adapter/external-adapter@1/external-adapter@1/component/J1
choice=63:recipe.device.element.power-adapter.CONNECTOR.kind|token|SWITCH
choice=62:recipe.device.element.power-adapter.CONNECTOR.post.1|integer|0
choice=62:recipe.device.element.power-adapter.CONNECTOR.post.2|integer|1
choice=63:recipe.device.element.power-adapter.ISOLATION.kind|token|SWITCH
choice=62:recipe.device.element.power-adapter.ISOLATION.post.1|integer|0
choice=62:recipe.device.element.power-adapter.ISOLATION.post.2|integer|1
choice=58:recipe.device.element.power-adapter.RETURN.kind|token|WIRE
choice=59:recipe.device.element.power-adapter.RETURN.post.1|integer|0
choice=59:recipe.device.element.power-adapter.RETURN.post.2|integer|1
choice=61:recipe.device.element.power-adapter.SUPPLY.kind|token|VOLTAGE
choice=84:recipe.device.element.power-adapter.SUPPLY.parameter.voltage|number|4014000000000000
choice=59:recipe.device.element.power-adapter.SUPPLY.post.+|integer|1
choice=59:recipe.device.element.power-adapter.SUPPLY.post.-|integer|0
choice=65:recipe.device.element.power-supply.channel-b-load.kind|token|WIRE
choice=66:recipe.device.element.power-supply.channel-b-load.post.1|integer|0
choice=66:recipe.device.element.power-supply.channel-b-load.post.2|integer|1
choice=64:recipe.device.element.power-supply.power-adapter.kind|token|WIRE
choice=65:recipe.device.element.power-supply.power-adapter.post.1|integer|0
choice=65:recipe.device.element.power-supply.power-adapter.post.2|integer|1
choice=67:recipe.device.element.power-supply.supply-indicator.kind|token|WIRE
choice=68:recipe.device.element.power-supply.supply-indicator.post.1|integer|0
choice=68:recipe.device.element.power-supply.supply-indicator.post.2|integer|1
choice=53:recipe.device.provider|token|controlled-device-join@1
choice=55:recipe.supply-indicator.choice.RSUP.mutable|token|false
choice=71:recipe.supply-indicator.choice.RSUP.rated-watts|number|3fd0000000000000
choice=77:recipe.supply-indicator.choice.RSUP.tolerance-percent|number|4014000000000000
choice=80:recipe.supply-indicator.choice.descriptor.functional-role|token|supply-indicator
choice=90:recipe.supply-indicator.choice.descriptor.healthy-current-max-amps|number|3f70624dd2f1a9fc
choice=90:recipe.supply-indicator.choice.descriptor.healthy-current-min-amps|number|3f60624dd2f1a9fc
choice=65:recipe.supply-indicator.choice.descriptor.model|token|default-led
choice=88:recipe.supply-indicator.choice.descriptor.series-resistance-ohms|number|408f400000000000
choice=88:recipe.supply-indicator.choice.descriptor.supply-demand-max-amps|number|3f747ae147ae147b
choice=180:recipe.supply-indicator.element.LED1.component|token|tsj-realization-v1/controlled-indicator@1/supply-indicator/supply-present-indicator@1/supply-present-indicator@1/component/LED1
choice=51:recipe.supply-indicator.element.LED1.kind|token|LED
choice=60:recipe.supply-indicator.element.LED1.model|token|default-led
choice=75:recipe.supply-indicator.element.LED1.parameter.blue|number|0000000000000000
choice=88:recipe.supply-indicator.element.LED1.parameter.breakdown-voltage|number|0000000000000000
choice=91:recipe.supply-indicator.element.LED1.parameter.emission-coefficient|number|400dd70a3d70a3d7
choice=76:recipe.supply-indicator.element.LED1.parameter.flags|number|0000000000000000
choice=83:recipe.supply-indicator.element.LED1.parameter.forward-drop|number|4001d372e1ff9fe1
choice=76:recipe.supply-indicator.element.LED1.parameter.green|number|0000000000000000
choice=74:recipe.supply-indicator.element.LED1.parameter.red|number|3ff0000000000000
choice=89:recipe.supply-indicator.element.LED1.parameter.saturation-current|number|3dd99e5df0eadcdc
choice=88:recipe.supply-indicator.element.LED1.parameter.series-resistance|number|3fa5810624dd2f1b
choice=86:recipe.supply-indicator.element.LED1.parameter.thermal-voltage|number|3f9a7c5ac471b478
choice=77:recipe.supply-indicator.element.LED1.parameter.vdcoef|number|4024bafe9eaa1f98
choice=77:recipe.supply-indicator.element.LED1.parameter.vscale|number|3fb8b2ae3d958cc4
choice=53:recipe.supply-indicator.element.LED1.post.A|integer|0
choice=53:recipe.supply-indicator.element.LED1.post.K|integer|1
choice=180:recipe.supply-indicator.element.RSUP.component|token|tsj-realization-v1/controlled-indicator@1/supply-indicator/supply-present-indicator@1/supply-present-indicator@1/component/RSUP
choice=56:recipe.supply-indicator.element.RSUP.kind|token|RESISTOR
choice=81:recipe.supply-indicator.element.RSUP.parameter.resistance|number|408f400000000000
choice=53:recipe.supply-indicator.element.RSUP.post.1|integer|0
choice=53:recipe.supply-indicator.element.RSUP.post.2|integer|1
choice=69:recipe.supply-indicator.element.SUPPLY_LED_NODE_TRACE.kind|token|WIRE
choice=70:recipe.supply-indicator.element.SUPPLY_LED_NODE_TRACE.post.1|integer|0
choice=70:recipe.supply-indicator.element.SUPPLY_LED_NODE_TRACE.post.2|integer|1
choice=46:recipe.supply-indicator.inputs|ids|BOARD_POWER
choice=65:recipe.supply-indicator.provider|token|supply-present-indicator@1
choice=69:recipe.supply-indicator.retests|ids|CUSTOMER_RETEST,STEADY_DC_POWERED
net=166:tsj-realization-v1/controlled-indicator@1/channel-a-control/external-adapter@1/external-adapter@1/net/OUTPUT|tsj-bus-v1/controlled-indicator@1/channel-a-control-input
net=156:tsj-realization-v1/controlled-indicator@1/channel-a-control/external-adapter@1/external-adapter@1/net/RETURN|tsj-bus-v1/controlled-indicator@1/common-return
net=174:tsj-realization-v1/controlled-indicator@1/channel-a-driver/nmos-low-side-driver@1/nmos-low-side-driver@1/net/CONTROL|tsj-bus-v1/controlled-indicator@1/channel-a-control-input
net=227:tsj-realization-v1/controlled-indicator@1/channel-a-driver/nmos-low-side-driver@1/nmos-low-side-driver@1/net/GATE|tsj-realization-v1/controlled-indicator@1/channel-a-driver/nmos-low-side-driver@1/nmos-low-side-driver@1/net/GATE
net=163:tsj-realization-v1/controlled-indicator@1/channel-a-driver/nmos-low-side-driver@1/nmos-low-side-driver@1/net/RETURN|tsj-bus-v1/controlled-indicator@1/common-return
net=182:tsj-realization-v1/controlled-indicator@1/channel-a-driver/nmos-low-side-driver@1/nmos-low-side-driver@1/net/SWITCHED_SINK|tsj-bus-v1/controlled-indicator@1/channel-a-switched-output
net=219:tsj-realization-v1/controlled-indicator@1/channel-a-load/resistor-led-load@2/resistor-led-load@2/net/LED_NODE|tsj-realization-v1/controlled-indicator@1/channel-a-load/resistor-led-load@2/resistor-led-load@2/net/LED_NODE
net=155:tsj-realization-v1/controlled-indicator@1/channel-a-load/resistor-led-load@2/resistor-led-load@2/net/RETURN|tsj-bus-v1/controlled-indicator@1/common-return
net=154:tsj-realization-v1/controlled-indicator@1/channel-a-load/resistor-led-load@2/resistor-led-load@2/net/SUPPLY|tsj-bus-v1/controlled-indicator@1/power-supply
net=174:tsj-realization-v1/controlled-indicator@1/channel-a-load/resistor-led-load@2/resistor-led-load@2/net/SWITCHED_LOAD|tsj-bus-v1/controlled-indicator@1/channel-a-switched-output
net=166:tsj-realization-v1/controlled-indicator@1/channel-b-control/external-adapter@1/external-adapter@1/net/OUTPUT|tsj-bus-v1/controlled-indicator@1/channel-b-control-input
net=156:tsj-realization-v1/controlled-indicator@1/channel-b-control/external-adapter@1/external-adapter@1/net/RETURN|tsj-bus-v1/controlled-indicator@1/common-return
net=174:tsj-realization-v1/controlled-indicator@1/channel-b-driver/nmos-low-side-driver@1/nmos-low-side-driver@1/net/CONTROL|tsj-bus-v1/controlled-indicator@1/channel-b-control-input
net=227:tsj-realization-v1/controlled-indicator@1/channel-b-driver/nmos-low-side-driver@1/nmos-low-side-driver@1/net/GATE|tsj-realization-v1/controlled-indicator@1/channel-b-driver/nmos-low-side-driver@1/nmos-low-side-driver@1/net/GATE
net=163:tsj-realization-v1/controlled-indicator@1/channel-b-driver/nmos-low-side-driver@1/nmos-low-side-driver@1/net/RETURN|tsj-bus-v1/controlled-indicator@1/common-return
net=182:tsj-realization-v1/controlled-indicator@1/channel-b-driver/nmos-low-side-driver@1/nmos-low-side-driver@1/net/SWITCHED_SINK|tsj-bus-v1/controlled-indicator@1/channel-b-switched-output
net=219:tsj-realization-v1/controlled-indicator@1/channel-b-load/resistor-led-load@2/resistor-led-load@2/net/LED_NODE|tsj-realization-v1/controlled-indicator@1/channel-b-load/resistor-led-load@2/resistor-led-load@2/net/LED_NODE
net=155:tsj-realization-v1/controlled-indicator@1/channel-b-load/resistor-led-load@2/resistor-led-load@2/net/RETURN|tsj-bus-v1/controlled-indicator@1/common-return
net=154:tsj-realization-v1/controlled-indicator@1/channel-b-load/resistor-led-load@2/resistor-led-load@2/net/SUPPLY|tsj-bus-v1/controlled-indicator@1/power-supply
net=174:tsj-realization-v1/controlled-indicator@1/channel-b-load/resistor-led-load@2/resistor-led-load@2/net/SWITCHED_LOAD|tsj-bus-v1/controlled-indicator@1/channel-b-switched-output
net=151:tsj-realization-v1/controlled-indicator@1/power-adapter/external-adapter@1/external-adapter@1/net/OUTPUT|tsj-bus-v1/controlled-indicator@1/power-supply
net=152:tsj-realization-v1/controlled-indicator@1/power-adapter/external-adapter@1/external-adapter@1/net/RETURN|tsj-bus-v1/controlled-indicator@1/common-return
net=251:tsj-realization-v1/controlled-indicator@1/supply-indicator/supply-present-indicator@1/supply-present-indicator@1/net/LED_NODE|tsj-realization-v1/controlled-indicator@1/supply-indicator/supply-present-indicator@1/supply-present-indicator@1/net/LED_NODE
net=171:tsj-realization-v1/controlled-indicator@1/supply-indicator/supply-present-indicator@1/supply-present-indicator@1/net/RETURN|tsj-bus-v1/controlled-indicator@1/common-return
net=170:tsj-realization-v1/controlled-indicator@1/supply-indicator/supply-present-indicator@1/supply-present-indicator@1/net/SUPPLY|tsj-bus-v1/controlled-indicator@1/power-supply
target=57:tsj-bus-v1/controlled-indicator@1/channel-a-control-input
target=59:tsj-bus-v1/controlled-indicator@1/channel-a-switched-output
target=57:tsj-bus-v1/controlled-indicator@1/channel-b-control-input
target=59:tsj-bus-v1/controlled-indicator@1/channel-b-switched-output
target=47:tsj-bus-v1/controlled-indicator@1/common-return
target=46:tsj-bus-v1/controlled-indicator@1/power-supply
target=70:tsj-device-v1/controlled-indicator@1/component/J1/input/LOAD_VIN_INPUT
target=79:tsj-device-v1/controlled-indicator@1/component/J2/input/channel-a-control-power
target=79:tsj-device-v1/controlled-indicator@1/component/J3/input/channel-b-control-power
target=110:tsj-realization-v1/controlled-indicator@1/channel-a-control/external-adapter@1/external-adapter@1/component/J2
target=111:tsj-realization-v1/controlled-indicator@1/channel-a-control/external-adapter@1/external-adapter@1/endpoint/J2_1
target=111:tsj-realization-v1/controlled-indicator@1/channel-a-control/external-adapter@1/external-adapter@1/endpoint/J2_2
target=108:tsj-realization-v1/controlled-indicator@1/channel-a-control/external-adapter@1/external-adapter@1/net/OUTPUT
target=108:tsj-realization-v1/controlled-indicator@1/channel-a-control/external-adapter@1/external-adapter@1/net/RETURN
target=106:tsj-realization-v1/controlled-indicator@1/channel-a-control/external-adapter@1/external-adapter@1/pad/J2.1
target=106:tsj-realization-v1/controlled-indicator@1/channel-a-control/external-adapter@1/external-adapter@1/pad/J2.2
target=114:tsj-realization-v1/controlled-indicator@1/channel-a-control/external-adapter@1/external-adapter@1/port/CONTROL_OUT
target=109:tsj-realization-v1/controlled-indicator@1/channel-a-control/external-adapter@1/external-adapter@1/port/RETURN
target=109:tsj-realization-v1/controlled-indicator@1/channel-a-control/external-adapter@1/external-adapter@1/role/output
target=109:tsj-realization-v1/controlled-indicator@1/channel-a-control/external-adapter@1/external-adapter@1/role/return
target=111:tsj-realization-v1/controlled-indicator@1/channel-a-control/external-adapter@1/external-adapter@1/terminal/J2.1
target=111:tsj-realization-v1/controlled-indicator@1/channel-a-control/external-adapter@1/external-adapter@1/terminal/J2.2
target=117:tsj-realization-v1/controlled-indicator@1/channel-a-driver/nmos-low-side-driver@1/nmos-low-side-driver@1/component/Q1
target=117:tsj-realization-v1/controlled-indicator@1/channel-a-driver/nmos-low-side-driver@1/nmos-low-side-driver@1/component/RG
target=118:tsj-realization-v1/controlled-indicator@1/channel-a-driver/nmos-low-side-driver@1/nmos-low-side-driver@1/component/RPD
target=118:tsj-realization-v1/controlled-indicator@1/channel-a-driver/nmos-low-side-driver@1/nmos-low-side-driver@1/endpoint/Q1_D
target=118:tsj-realization-v1/controlled-indicator@1/channel-a-driver/nmos-low-side-driver@1/nmos-low-side-driver@1/endpoint/Q1_G
target=118:tsj-realization-v1/controlled-indicator@1/channel-a-driver/nmos-low-side-driver@1/nmos-low-side-driver@1/endpoint/Q1_S
target=118:tsj-realization-v1/controlled-indicator@1/channel-a-driver/nmos-low-side-driver@1/nmos-low-side-driver@1/endpoint/RG_1
target=118:tsj-realization-v1/controlled-indicator@1/channel-a-driver/nmos-low-side-driver@1/nmos-low-side-driver@1/endpoint/RG_2
target=119:tsj-realization-v1/controlled-indicator@1/channel-a-driver/nmos-low-side-driver@1/nmos-low-side-driver@1/endpoint/RPD_1
target=119:tsj-realization-v1/controlled-indicator@1/channel-a-driver/nmos-low-side-driver@1/nmos-low-side-driver@1/endpoint/RPD_2
target=116:tsj-realization-v1/controlled-indicator@1/channel-a-driver/nmos-low-side-driver@1/nmos-low-side-driver@1/net/CONTROL
target=113:tsj-realization-v1/controlled-indicator@1/channel-a-driver/nmos-low-side-driver@1/nmos-low-side-driver@1/net/GATE
target=115:tsj-realization-v1/controlled-indicator@1/channel-a-driver/nmos-low-side-driver@1/nmos-low-side-driver@1/net/RETURN
target=122:tsj-realization-v1/controlled-indicator@1/channel-a-driver/nmos-low-side-driver@1/nmos-low-side-driver@1/net/SWITCHED_SINK
target=113:tsj-realization-v1/controlled-indicator@1/channel-a-driver/nmos-low-side-driver@1/nmos-low-side-driver@1/pad/Q1.D
target=113:tsj-realization-v1/controlled-indicator@1/channel-a-driver/nmos-low-side-driver@1/nmos-low-side-driver@1/pad/Q1.G
target=113:tsj-realization-v1/controlled-indicator@1/channel-a-driver/nmos-low-side-driver@1/nmos-low-side-driver@1/pad/Q1.S
target=113:tsj-realization-v1/controlled-indicator@1/channel-a-driver/nmos-low-side-driver@1/nmos-low-side-driver@1/pad/RG.1
target=113:tsj-realization-v1/controlled-indicator@1/channel-a-driver/nmos-low-side-driver@1/nmos-low-side-driver@1/pad/RG.2
target=114:tsj-realization-v1/controlled-indicator@1/channel-a-driver/nmos-low-side-driver@1/nmos-low-side-driver@1/pad/RPD.1
target=114:tsj-realization-v1/controlled-indicator@1/channel-a-driver/nmos-low-side-driver@1/nmos-low-side-driver@1/pad/RPD.2
target=117:tsj-realization-v1/controlled-indicator@1/channel-a-driver/nmos-low-side-driver@1/nmos-low-side-driver@1/port/CONTROL
target=116:tsj-realization-v1/controlled-indicator@1/channel-a-driver/nmos-low-side-driver@1/nmos-low-side-driver@1/port/RETURN
target=123:tsj-realization-v1/controlled-indicator@1/channel-a-driver/nmos-low-side-driver@1/nmos-low-side-driver@1/port/SWITCHED_SINK
target=117:tsj-realization-v1/controlled-indicator@1/channel-a-driver/nmos-low-side-driver@1/nmos-low-side-driver@1/role/control
target=114:tsj-realization-v1/controlled-indicator@1/channel-a-driver/nmos-low-side-driver@1/nmos-low-side-driver@1/role/gate
target=116:tsj-realization-v1/controlled-indicator@1/channel-a-driver/nmos-low-side-driver@1/nmos-low-side-driver@1/role/return
target=118:tsj-realization-v1/controlled-indicator@1/channel-a-driver/nmos-low-side-driver@1/nmos-low-side-driver@1/role/switched
target=118:tsj-realization-v1/controlled-indicator@1/channel-a-driver/nmos-low-side-driver@1/nmos-low-side-driver@1/terminal/Q1.D
target=118:tsj-realization-v1/controlled-indicator@1/channel-a-driver/nmos-low-side-driver@1/nmos-low-side-driver@1/terminal/Q1.G
target=118:tsj-realization-v1/controlled-indicator@1/channel-a-driver/nmos-low-side-driver@1/nmos-low-side-driver@1/terminal/Q1.S
target=118:tsj-realization-v1/controlled-indicator@1/channel-a-driver/nmos-low-side-driver@1/nmos-low-side-driver@1/terminal/RG.1
target=118:tsj-realization-v1/controlled-indicator@1/channel-a-driver/nmos-low-side-driver@1/nmos-low-side-driver@1/terminal/RG.2
target=119:tsj-realization-v1/controlled-indicator@1/channel-a-driver/nmos-low-side-driver@1/nmos-low-side-driver@1/terminal/RPD.1
target=119:tsj-realization-v1/controlled-indicator@1/channel-a-driver/nmos-low-side-driver@1/nmos-low-side-driver@1/terminal/RPD.2
target=111:tsj-realization-v1/controlled-indicator@1/channel-a-load/resistor-led-load@2/resistor-led-load@2/component/LED1
target=112:tsj-realization-v1/controlled-indicator@1/channel-a-load/resistor-led-load@2/resistor-led-load@2/component/RLOAD
target=112:tsj-realization-v1/controlled-indicator@1/channel-a-load/resistor-led-load@2/resistor-led-load@2/endpoint/LED1_A
target=112:tsj-realization-v1/controlled-indicator@1/channel-a-load/resistor-led-load@2/resistor-led-load@2/endpoint/LED1_K
target=113:tsj-realization-v1/controlled-indicator@1/channel-a-load/resistor-led-load@2/resistor-led-load@2/endpoint/RLOAD_1
target=113:tsj-realization-v1/controlled-indicator@1/channel-a-load/resistor-led-load@2/resistor-led-load@2/endpoint/RLOAD_2
target=109:tsj-realization-v1/controlled-indicator@1/channel-a-load/resistor-led-load@2/resistor-led-load@2/net/LED_NODE
target=107:tsj-realization-v1/controlled-indicator@1/channel-a-load/resistor-led-load@2/resistor-led-load@2/net/RETURN
target=107:tsj-realization-v1/controlled-indicator@1/channel-a-load/resistor-led-load@2/resistor-led-load@2/net/SUPPLY
target=114:tsj-realization-v1/controlled-indicator@1/channel-a-load/resistor-led-load@2/resistor-led-load@2/net/SWITCHED_LOAD
target=107:tsj-realization-v1/controlled-indicator@1/channel-a-load/resistor-led-load@2/resistor-led-load@2/pad/LED1.A
target=107:tsj-realization-v1/controlled-indicator@1/channel-a-load/resistor-led-load@2/resistor-led-load@2/pad/LED1.K
target=108:tsj-realization-v1/controlled-indicator@1/channel-a-load/resistor-led-load@2/resistor-led-load@2/pad/RLOAD.1
target=108:tsj-realization-v1/controlled-indicator@1/channel-a-load/resistor-led-load@2/resistor-led-load@2/pad/RLOAD.2
target=108:tsj-realization-v1/controlled-indicator@1/channel-a-load/resistor-led-load@2/resistor-led-load@2/port/RETURN
target=108:tsj-realization-v1/controlled-indicator@1/channel-a-load/resistor-led-load@2/resistor-led-load@2/port/SUPPLY
target=115:tsj-realization-v1/controlled-indicator@1/channel-a-load/resistor-led-load@2/resistor-led-load@2/port/SWITCHED_LOAD
target=109:tsj-realization-v1/controlled-indicator@1/channel-a-load/resistor-led-load@2/resistor-led-load@2/role/ledNode
target=108:tsj-realization-v1/controlled-indicator@1/channel-a-load/resistor-led-load@2/resistor-led-load@2/role/return
target=108:tsj-realization-v1/controlled-indicator@1/channel-a-load/resistor-led-load@2/resistor-led-load@2/role/supply
target=110:tsj-realization-v1/controlled-indicator@1/channel-a-load/resistor-led-load@2/resistor-led-load@2/role/switched
target=112:tsj-realization-v1/controlled-indicator@1/channel-a-load/resistor-led-load@2/resistor-led-load@2/terminal/LED1.A
target=112:tsj-realization-v1/controlled-indicator@1/channel-a-load/resistor-led-load@2/resistor-led-load@2/terminal/LED1.K
target=113:tsj-realization-v1/controlled-indicator@1/channel-a-load/resistor-led-load@2/resistor-led-load@2/terminal/RLOAD.1
target=113:tsj-realization-v1/controlled-indicator@1/channel-a-load/resistor-led-load@2/resistor-led-load@2/terminal/RLOAD.2
target=110:tsj-realization-v1/controlled-indicator@1/channel-b-control/external-adapter@1/external-adapter@1/component/J3
target=111:tsj-realization-v1/controlled-indicator@1/channel-b-control/external-adapter@1/external-adapter@1/endpoint/J3_1
target=111:tsj-realization-v1/controlled-indicator@1/channel-b-control/external-adapter@1/external-adapter@1/endpoint/J3_2
target=108:tsj-realization-v1/controlled-indicator@1/channel-b-control/external-adapter@1/external-adapter@1/net/OUTPUT
target=108:tsj-realization-v1/controlled-indicator@1/channel-b-control/external-adapter@1/external-adapter@1/net/RETURN
target=106:tsj-realization-v1/controlled-indicator@1/channel-b-control/external-adapter@1/external-adapter@1/pad/J3.1
target=106:tsj-realization-v1/controlled-indicator@1/channel-b-control/external-adapter@1/external-adapter@1/pad/J3.2
target=114:tsj-realization-v1/controlled-indicator@1/channel-b-control/external-adapter@1/external-adapter@1/port/CONTROL_OUT
target=109:tsj-realization-v1/controlled-indicator@1/channel-b-control/external-adapter@1/external-adapter@1/port/RETURN
target=109:tsj-realization-v1/controlled-indicator@1/channel-b-control/external-adapter@1/external-adapter@1/role/output
target=109:tsj-realization-v1/controlled-indicator@1/channel-b-control/external-adapter@1/external-adapter@1/role/return
target=111:tsj-realization-v1/controlled-indicator@1/channel-b-control/external-adapter@1/external-adapter@1/terminal/J3.1
target=111:tsj-realization-v1/controlled-indicator@1/channel-b-control/external-adapter@1/external-adapter@1/terminal/J3.2
target=117:tsj-realization-v1/controlled-indicator@1/channel-b-driver/nmos-low-side-driver@1/nmos-low-side-driver@1/component/Q1
target=117:tsj-realization-v1/controlled-indicator@1/channel-b-driver/nmos-low-side-driver@1/nmos-low-side-driver@1/component/RG
target=118:tsj-realization-v1/controlled-indicator@1/channel-b-driver/nmos-low-side-driver@1/nmos-low-side-driver@1/component/RPD
target=118:tsj-realization-v1/controlled-indicator@1/channel-b-driver/nmos-low-side-driver@1/nmos-low-side-driver@1/endpoint/Q1_D
target=118:tsj-realization-v1/controlled-indicator@1/channel-b-driver/nmos-low-side-driver@1/nmos-low-side-driver@1/endpoint/Q1_G
target=118:tsj-realization-v1/controlled-indicator@1/channel-b-driver/nmos-low-side-driver@1/nmos-low-side-driver@1/endpoint/Q1_S
target=118:tsj-realization-v1/controlled-indicator@1/channel-b-driver/nmos-low-side-driver@1/nmos-low-side-driver@1/endpoint/RG_1
target=118:tsj-realization-v1/controlled-indicator@1/channel-b-driver/nmos-low-side-driver@1/nmos-low-side-driver@1/endpoint/RG_2
target=119:tsj-realization-v1/controlled-indicator@1/channel-b-driver/nmos-low-side-driver@1/nmos-low-side-driver@1/endpoint/RPD_1
target=119:tsj-realization-v1/controlled-indicator@1/channel-b-driver/nmos-low-side-driver@1/nmos-low-side-driver@1/endpoint/RPD_2
target=116:tsj-realization-v1/controlled-indicator@1/channel-b-driver/nmos-low-side-driver@1/nmos-low-side-driver@1/net/CONTROL
target=113:tsj-realization-v1/controlled-indicator@1/channel-b-driver/nmos-low-side-driver@1/nmos-low-side-driver@1/net/GATE
target=115:tsj-realization-v1/controlled-indicator@1/channel-b-driver/nmos-low-side-driver@1/nmos-low-side-driver@1/net/RETURN
target=122:tsj-realization-v1/controlled-indicator@1/channel-b-driver/nmos-low-side-driver@1/nmos-low-side-driver@1/net/SWITCHED_SINK
target=113:tsj-realization-v1/controlled-indicator@1/channel-b-driver/nmos-low-side-driver@1/nmos-low-side-driver@1/pad/Q1.D
target=113:tsj-realization-v1/controlled-indicator@1/channel-b-driver/nmos-low-side-driver@1/nmos-low-side-driver@1/pad/Q1.G
target=113:tsj-realization-v1/controlled-indicator@1/channel-b-driver/nmos-low-side-driver@1/nmos-low-side-driver@1/pad/Q1.S
target=113:tsj-realization-v1/controlled-indicator@1/channel-b-driver/nmos-low-side-driver@1/nmos-low-side-driver@1/pad/RG.1
target=113:tsj-realization-v1/controlled-indicator@1/channel-b-driver/nmos-low-side-driver@1/nmos-low-side-driver@1/pad/RG.2
target=114:tsj-realization-v1/controlled-indicator@1/channel-b-driver/nmos-low-side-driver@1/nmos-low-side-driver@1/pad/RPD.1
target=114:tsj-realization-v1/controlled-indicator@1/channel-b-driver/nmos-low-side-driver@1/nmos-low-side-driver@1/pad/RPD.2
target=117:tsj-realization-v1/controlled-indicator@1/channel-b-driver/nmos-low-side-driver@1/nmos-low-side-driver@1/port/CONTROL
target=116:tsj-realization-v1/controlled-indicator@1/channel-b-driver/nmos-low-side-driver@1/nmos-low-side-driver@1/port/RETURN
target=123:tsj-realization-v1/controlled-indicator@1/channel-b-driver/nmos-low-side-driver@1/nmos-low-side-driver@1/port/SWITCHED_SINK
target=117:tsj-realization-v1/controlled-indicator@1/channel-b-driver/nmos-low-side-driver@1/nmos-low-side-driver@1/role/control
target=114:tsj-realization-v1/controlled-indicator@1/channel-b-driver/nmos-low-side-driver@1/nmos-low-side-driver@1/role/gate
target=116:tsj-realization-v1/controlled-indicator@1/channel-b-driver/nmos-low-side-driver@1/nmos-low-side-driver@1/role/return
target=118:tsj-realization-v1/controlled-indicator@1/channel-b-driver/nmos-low-side-driver@1/nmos-low-side-driver@1/role/switched
target=118:tsj-realization-v1/controlled-indicator@1/channel-b-driver/nmos-low-side-driver@1/nmos-low-side-driver@1/terminal/Q1.D
target=118:tsj-realization-v1/controlled-indicator@1/channel-b-driver/nmos-low-side-driver@1/nmos-low-side-driver@1/terminal/Q1.G
target=118:tsj-realization-v1/controlled-indicator@1/channel-b-driver/nmos-low-side-driver@1/nmos-low-side-driver@1/terminal/Q1.S
target=118:tsj-realization-v1/controlled-indicator@1/channel-b-driver/nmos-low-side-driver@1/nmos-low-side-driver@1/terminal/RG.1
target=118:tsj-realization-v1/controlled-indicator@1/channel-b-driver/nmos-low-side-driver@1/nmos-low-side-driver@1/terminal/RG.2
target=119:tsj-realization-v1/controlled-indicator@1/channel-b-driver/nmos-low-side-driver@1/nmos-low-side-driver@1/terminal/RPD.1
target=119:tsj-realization-v1/controlled-indicator@1/channel-b-driver/nmos-low-side-driver@1/nmos-low-side-driver@1/terminal/RPD.2
target=111:tsj-realization-v1/controlled-indicator@1/channel-b-load/resistor-led-load@2/resistor-led-load@2/component/LED1
target=112:tsj-realization-v1/controlled-indicator@1/channel-b-load/resistor-led-load@2/resistor-led-load@2/component/RLOAD
target=112:tsj-realization-v1/controlled-indicator@1/channel-b-load/resistor-led-load@2/resistor-led-load@2/endpoint/LED1_A
target=112:tsj-realization-v1/controlled-indicator@1/channel-b-load/resistor-led-load@2/resistor-led-load@2/endpoint/LED1_K
target=113:tsj-realization-v1/controlled-indicator@1/channel-b-load/resistor-led-load@2/resistor-led-load@2/endpoint/RLOAD_1
target=113:tsj-realization-v1/controlled-indicator@1/channel-b-load/resistor-led-load@2/resistor-led-load@2/endpoint/RLOAD_2
target=109:tsj-realization-v1/controlled-indicator@1/channel-b-load/resistor-led-load@2/resistor-led-load@2/net/LED_NODE
target=107:tsj-realization-v1/controlled-indicator@1/channel-b-load/resistor-led-load@2/resistor-led-load@2/net/RETURN
target=107:tsj-realization-v1/controlled-indicator@1/channel-b-load/resistor-led-load@2/resistor-led-load@2/net/SUPPLY
target=114:tsj-realization-v1/controlled-indicator@1/channel-b-load/resistor-led-load@2/resistor-led-load@2/net/SWITCHED_LOAD
target=107:tsj-realization-v1/controlled-indicator@1/channel-b-load/resistor-led-load@2/resistor-led-load@2/pad/LED1.A
target=107:tsj-realization-v1/controlled-indicator@1/channel-b-load/resistor-led-load@2/resistor-led-load@2/pad/LED1.K
target=108:tsj-realization-v1/controlled-indicator@1/channel-b-load/resistor-led-load@2/resistor-led-load@2/pad/RLOAD.1
target=108:tsj-realization-v1/controlled-indicator@1/channel-b-load/resistor-led-load@2/resistor-led-load@2/pad/RLOAD.2
target=108:tsj-realization-v1/controlled-indicator@1/channel-b-load/resistor-led-load@2/resistor-led-load@2/port/RETURN
target=108:tsj-realization-v1/controlled-indicator@1/channel-b-load/resistor-led-load@2/resistor-led-load@2/port/SUPPLY
target=115:tsj-realization-v1/controlled-indicator@1/channel-b-load/resistor-led-load@2/resistor-led-load@2/port/SWITCHED_LOAD
target=109:tsj-realization-v1/controlled-indicator@1/channel-b-load/resistor-led-load@2/resistor-led-load@2/role/ledNode
target=108:tsj-realization-v1/controlled-indicator@1/channel-b-load/resistor-led-load@2/resistor-led-load@2/role/return
target=108:tsj-realization-v1/controlled-indicator@1/channel-b-load/resistor-led-load@2/resistor-led-load@2/role/supply
target=110:tsj-realization-v1/controlled-indicator@1/channel-b-load/resistor-led-load@2/resistor-led-load@2/role/switched
target=112:tsj-realization-v1/controlled-indicator@1/channel-b-load/resistor-led-load@2/resistor-led-load@2/terminal/LED1.A
target=112:tsj-realization-v1/controlled-indicator@1/channel-b-load/resistor-led-load@2/resistor-led-load@2/terminal/LED1.K
target=113:tsj-realization-v1/controlled-indicator@1/channel-b-load/resistor-led-load@2/resistor-led-load@2/terminal/RLOAD.1
target=113:tsj-realization-v1/controlled-indicator@1/channel-b-load/resistor-led-load@2/resistor-led-load@2/terminal/RLOAD.2
target=106:tsj-realization-v1/controlled-indicator@1/power-adapter/external-adapter@1/external-adapter@1/component/J1
target=107:tsj-realization-v1/controlled-indicator@1/power-adapter/external-adapter@1/external-adapter@1/endpoint/J1_1
target=107:tsj-realization-v1/controlled-indicator@1/power-adapter/external-adapter@1/external-adapter@1/endpoint/J1_2
target=104:tsj-realization-v1/controlled-indicator@1/power-adapter/external-adapter@1/external-adapter@1/net/OUTPUT
target=104:tsj-realization-v1/controlled-indicator@1/power-adapter/external-adapter@1/external-adapter@1/net/RETURN
target=102:tsj-realization-v1/controlled-indicator@1/power-adapter/external-adapter@1/external-adapter@1/pad/J1.1
target=102:tsj-realization-v1/controlled-indicator@1/power-adapter/external-adapter@1/external-adapter@1/pad/J1.2
target=108:tsj-realization-v1/controlled-indicator@1/power-adapter/external-adapter@1/external-adapter@1/port/POWER_OUT
target=105:tsj-realization-v1/controlled-indicator@1/power-adapter/external-adapter@1/external-adapter@1/port/RETURN
target=105:tsj-realization-v1/controlled-indicator@1/power-adapter/external-adapter@1/external-adapter@1/role/output
target=105:tsj-realization-v1/controlled-indicator@1/power-adapter/external-adapter@1/external-adapter@1/role/return
target=107:tsj-realization-v1/controlled-indicator@1/power-adapter/external-adapter@1/external-adapter@1/terminal/J1.1
target=107:tsj-realization-v1/controlled-indicator@1/power-adapter/external-adapter@1/external-adapter@1/terminal/J1.2
target=127:tsj-realization-v1/controlled-indicator@1/supply-indicator/supply-present-indicator@1/supply-present-indicator@1/component/LED1
target=127:tsj-realization-v1/controlled-indicator@1/supply-indicator/supply-present-indicator@1/supply-present-indicator@1/component/RSUP
target=128:tsj-realization-v1/controlled-indicator@1/supply-indicator/supply-present-indicator@1/supply-present-indicator@1/endpoint/LED1_A
target=128:tsj-realization-v1/controlled-indicator@1/supply-indicator/supply-present-indicator@1/supply-present-indicator@1/endpoint/LED1_K
target=128:tsj-realization-v1/controlled-indicator@1/supply-indicator/supply-present-indicator@1/supply-present-indicator@1/endpoint/RSUP_1
target=128:tsj-realization-v1/controlled-indicator@1/supply-indicator/supply-present-indicator@1/supply-present-indicator@1/endpoint/RSUP_2
target=125:tsj-realization-v1/controlled-indicator@1/supply-indicator/supply-present-indicator@1/supply-present-indicator@1/net/LED_NODE
target=123:tsj-realization-v1/controlled-indicator@1/supply-indicator/supply-present-indicator@1/supply-present-indicator@1/net/RETURN
target=123:tsj-realization-v1/controlled-indicator@1/supply-indicator/supply-present-indicator@1/supply-present-indicator@1/net/SUPPLY
target=123:tsj-realization-v1/controlled-indicator@1/supply-indicator/supply-present-indicator@1/supply-present-indicator@1/pad/LED1.A
target=123:tsj-realization-v1/controlled-indicator@1/supply-indicator/supply-present-indicator@1/supply-present-indicator@1/pad/LED1.K
target=123:tsj-realization-v1/controlled-indicator@1/supply-indicator/supply-present-indicator@1/supply-present-indicator@1/pad/RSUP.1
target=123:tsj-realization-v1/controlled-indicator@1/supply-indicator/supply-present-indicator@1/supply-present-indicator@1/pad/RSUP.2
target=124:tsj-realization-v1/controlled-indicator@1/supply-indicator/supply-present-indicator@1/supply-present-indicator@1/port/RETURN
target=124:tsj-realization-v1/controlled-indicator@1/supply-indicator/supply-present-indicator@1/supply-present-indicator@1/port/SUPPLY
target=125:tsj-realization-v1/controlled-indicator@1/supply-indicator/supply-present-indicator@1/supply-present-indicator@1/role/ledNode
target=124:tsj-realization-v1/controlled-indicator@1/supply-indicator/supply-present-indicator@1/supply-present-indicator@1/role/return
target=124:tsj-realization-v1/controlled-indicator@1/supply-indicator/supply-present-indicator@1/supply-present-indicator@1/role/supply
target=128:tsj-realization-v1/controlled-indicator@1/supply-indicator/supply-present-indicator@1/supply-present-indicator@1/terminal/LED1.A
target=128:tsj-realization-v1/controlled-indicator@1/supply-indicator/supply-present-indicator@1/supply-present-indicator@1/terminal/LED1.K
target=128:tsj-realization-v1/controlled-indicator@1/supply-indicator/supply-present-indicator@1/supply-present-indicator@1/terminal/RSUP.1
target=128:tsj-realization-v1/controlled-indicator@1/supply-indicator/supply-present-indicator@1/supply-present-indicator@1/terminal/RSUP.2
A03_REPLAY_MANIFEST=5|-1|200419
tsj-realization/2
descriptor=387:tsj-challenge/2
constraints=tsj-constraints/1;blocks=~;components=~;diagnostic-depth=~;domains=~;input-transitions=~;instruments=~;isolation-actions=~;parallel-ambiguity=~;plausible-owners=~;purposeful-auxiliaries=~;temporal-evidence=~;temporal-samples=~
device-intent=controlled-indicator@1
difficulty-profile=controlled-indicator@1
generator=bounded-assembler@5
geometry=3
root-seed=-1
block=90:tsj-realization-v1|channel-a-control|control-input@1|external-adapter@1|external-adapter@1
block=97:tsj-realization-v1|channel-a-driver|low-side-driver@1|npn-low-side-driver@1|npn-low-side-driver@1
block=90:tsj-realization-v1|channel-a-load|indicator-load@1|resistor-led-load@2|resistor-led-load@2
block=90:tsj-realization-v1|channel-b-control|control-input@1|external-adapter@1|external-adapter@1
block=97:tsj-realization-v1|channel-b-driver|low-side-driver@1|npn-low-side-driver@1|npn-low-side-driver@1
block=90:tsj-realization-v1|channel-b-load|indicator-load@1|resistor-led-load@2|resistor-led-load@2
block=84:tsj-realization-v1|power-adapter|power-input@1|external-adapter@1|external-adapter@1
block=108:tsj-realization-v1|supply-indicator|supply-indicator@1|supply-present-indicator@1|supply-present-indicator@1
version=45:diagnostic|generated-diagnostic-solvability@1
version=23:geometry|pcb-geometry@3
version=19:layout|pcb-layout@4
version=26:models|bounded-assembler@5
version=36:named-streams|named-random-streams@1
version=28:packages|bounded-assembler@5
version=27:routing|bounded-assembler@5
version=32:values|controlled-led-load-e12@1
choice=152:adapter.channel-a-control.component|token|tsj-realization-v1/controlled-indicator@1/channel-a-control/external-adapter@1/external-adapter@1/component/J2
choice=70:adapter.channel-a-control.external-input|token|channel-a-control-power
choice=158:adapter.channel-a-control.output-port|token|tsj-realization-v1/controlled-indicator@1/channel-a-control/external-adapter@1/external-adapter@1/port/CONTROL_OUT
choice=153:adapter.channel-a-control.return-port|token|tsj-realization-v1/controlled-indicator@1/channel-a-control/external-adapter@1/external-adapter@1/port/RETURN
choice=43:adapter.channel-a-control.version|integer|1
choice=152:adapter.channel-b-control.component|token|tsj-realization-v1/controlled-indicator@1/channel-b-control/external-adapter@1/external-adapter@1/component/J3
choice=70:adapter.channel-b-control.external-input|token|channel-b-control-power
choice=158:adapter.channel-b-control.output-port|token|tsj-realization-v1/controlled-indicator@1/channel-b-control/external-adapter@1/external-adapter@1/port/CONTROL_OUT
choice=153:adapter.channel-b-control.return-port|token|tsj-realization-v1/controlled-indicator@1/channel-b-control/external-adapter@1/external-adapter@1/port/RETURN
choice=43:adapter.channel-b-control.version|integer|1
choice=144:adapter.power-adapter.component|token|tsj-realization-v1/controlled-indicator@1/power-adapter/external-adapter@1/external-adapter@1/component/J1
choice=57:adapter.power-adapter.external-input|token|LOAD_VIN_INPUT
choice=148:adapter.power-adapter.output-port|token|tsj-realization-v1/controlled-indicator@1/power-adapter/external-adapter@1/external-adapter@1/port/POWER_OUT
choice=145:adapter.power-adapter.return-port|token|tsj-realization-v1/controlled-indicator@1/power-adapter/external-adapter@1/external-adapter@1/port/RETURN
choice=39:adapter.power-adapter.version|integer|1
choice=274:block.channel-a-control.component.J2.terminals|ids|tsj-realization-v1/controlled-indicator@1/channel-a-control/external-adapter@1/external-adapter@1/terminal/J2.1,tsj-realization-v1/controlled-indicator@1/channel-a-control/external-adapter@1/external-adapter@1/terminal/J2.2
choice=59:block.channel-a-control.component.J2.type|token|CONNECTOR_2
choice=149:block.channel-a-control.components|ids|tsj-realization-v1/controlled-indicator@1/channel-a-control/external-adapter@1/external-adapter@1/component/J2
choice=164:block.channel-a-control.endpoint.J2_1.component|token|tsj-realization-v1/controlled-indicator@1/channel-a-control/external-adapter@1/external-adapter@1/component/J2
choice=164:block.channel-a-control.endpoint.J2_1.terminal|token|tsj-realization-v1/controlled-indicator@1/channel-a-control/external-adapter@1/external-adapter@1/terminal/J2.1
choice=164:block.channel-a-control.endpoint.J2_2.component|token|tsj-realization-v1/controlled-indicator@1/channel-a-control/external-adapter@1/external-adapter@1/component/J2
choice=164:block.channel-a-control.endpoint.J2_2.terminal|token|tsj-realization-v1/controlled-indicator@1/channel-a-control/external-adapter@1/external-adapter@1/terminal/J2.2
choice=261:block.channel-a-control.endpoints|ids|tsj-realization-v1/controlled-indicator@1/channel-a-control/external-adapter@1/external-adapter@1/endpoint/J2_1,tsj-realization-v1/controlled-indicator@1/channel-a-control/external-adapter@1/external-adapter@1/endpoint/J2_2
choice=108:block.channel-a-control.net.OUTPUT.conductor|token|tsj-bus-v1/controlled-indicator@1/channel-a-control-input
choice=98:block.channel-a-control.net.RETURN.conductor|token|tsj-bus-v1/controlled-indicator@1/common-return
choice=250:block.channel-a-control.nets|ids|tsj-realization-v1/controlled-indicator@1/channel-a-control/external-adapter@1/external-adapter@1/net/OUTPUT,tsj-realization-v1/controlled-indicator@1/channel-a-control/external-adapter@1/external-adapter@1/net/RETURN
choice=159:block.channel-a-control.pad.J2.1.endpoint|token|tsj-realization-v1/controlled-indicator@1/channel-a-control/external-adapter@1/external-adapter@1/endpoint/J2_1
choice=100:block.channel-a-control.pad.J2.1.net|token|tsj-bus-v1/controlled-indicator@1/channel-a-control-input
choice=159:block.channel-a-control.pad.J2.2.endpoint|token|tsj-realization-v1/controlled-indicator@1/channel-a-control/external-adapter@1/external-adapter@1/endpoint/J2_2
choice=90:block.channel-a-control.pad.J2.2.net|token|tsj-bus-v1/controlled-indicator@1/common-return
choice=246:block.channel-a-control.pads|ids|tsj-realization-v1/controlled-indicator@1/channel-a-control/external-adapter@1/external-adapter@1/pad/J2.1,tsj-realization-v1/controlled-indicator@1/channel-a-control/external-adapter@1/external-adapter@1/pad/J2.2
choice=78:block.channel-a-control.parameter.external-input|token|channel-a-control-power
choice=164:block.channel-a-control.port.CONTROL_OUT.attachment|token|tsj-realization-v1/controlled-indicator@1/channel-a-control/external-adapter@1/external-adapter@1/pad/J2.1
choice=161:block.channel-a-control.port.CONTROL_OUT.role|token|tsj-realization-v1/controlled-indicator@1/channel-a-control/external-adapter@1/external-adapter@1/role/output
choice=161:block.channel-a-control.port.RETURN.attachment|token|tsj-realization-v1/controlled-indicator@1/channel-a-control/external-adapter@1/external-adapter@1/net/RETURN
choice=156:block.channel-a-control.port.RETURN.role|token|tsj-realization-v1/controlled-indicator@1/channel-a-control/external-adapter@1/external-adapter@1/role/return
choice=258:block.channel-a-control.ports|ids|tsj-realization-v1/controlled-indicator@1/channel-a-control/external-adapter@1/external-adapter@1/port/CONTROL_OUT,tsj-realization-v1/controlled-indicator@1/channel-a-control/external-adapter@1/external-adapter@1/port/RETURN
choice=375:block.channel-a-control.role.output.members|ids|tsj-realization-v1/controlled-indicator@1/channel-a-control/external-adapter@1/external-adapter@1/endpoint/J2_1,tsj-realization-v1/controlled-indicator@1/channel-a-control/external-adapter@1/external-adapter@1/net/OUTPUT,tsj-realization-v1/controlled-indicator@1/channel-a-control/external-adapter@1/external-adapter@1/pad/J2.1
choice=62:block.channel-a-control.role.output.requirement|token|REQUIRED
choice=375:block.channel-a-control.role.return.members|ids|tsj-realization-v1/controlled-indicator@1/channel-a-control/external-adapter@1/external-adapter@1/endpoint/J2_2,tsj-realization-v1/controlled-indicator@1/channel-a-control/external-adapter@1/external-adapter@1/net/RETURN,tsj-realization-v1/controlled-indicator@1/channel-a-control/external-adapter@1/external-adapter@1/pad/J2.2
choice=62:block.channel-a-control.role.return.requirement|token|REQUIRED
choice=253:block.channel-a-control.roles|ids|tsj-realization-v1/controlled-indicator@1/channel-a-control/external-adapter@1/external-adapter@1/role/output,tsj-realization-v1/controlled-indicator@1/channel-a-control/external-adapter@1/external-adapter@1/role/return
choice=53:block.channel-a-control.type|token|external-adapter@1
choice=400:block.channel-a-driver.component.Q1.terminals|ids|tsj-realization-v1/controlled-indicator@1/channel-a-driver/npn-low-side-driver@1/npn-low-side-driver@1/terminal/Q1.B,tsj-realization-v1/controlled-indicator@1/channel-a-driver/npn-low-side-driver@1/npn-low-side-driver@1/terminal/Q1.C,tsj-realization-v1/controlled-indicator@1/channel-a-driver/npn-low-side-driver@1/npn-low-side-driver@1/terminal/Q1.E
choice=50:block.channel-a-driver.component.Q1.type|token|NPN
choice=283:block.channel-a-driver.component.RB.terminals|ids|tsj-realization-v1/controlled-indicator@1/channel-a-driver/npn-low-side-driver@1/npn-low-side-driver@1/terminal/RB.1,tsj-realization-v1/controlled-indicator@1/channel-a-driver/npn-low-side-driver@1/npn-low-side-driver@1/terminal/RB.2
choice=55:block.channel-a-driver.component.RB.type|token|RESISTOR
choice=286:block.channel-a-driver.component.RPD.terminals|ids|tsj-realization-v1/controlled-indicator@1/channel-a-driver/npn-low-side-driver@1/npn-low-side-driver@1/terminal/RPD.1,tsj-realization-v1/controlled-indicator@1/channel-a-driver/npn-low-side-driver@1/npn-low-side-driver@1/terminal/RPD.2
choice=56:block.channel-a-driver.component.RPD.type|token|RESISTOR
choice=386:block.channel-a-driver.components|ids|tsj-realization-v1/controlled-indicator@1/channel-a-driver/npn-low-side-driver@1/npn-low-side-driver@1/component/Q1,tsj-realization-v1/controlled-indicator@1/channel-a-driver/npn-low-side-driver@1/npn-low-side-driver@1/component/RB,tsj-realization-v1/controlled-indicator@1/channel-a-driver/npn-low-side-driver@1/npn-low-side-driver@1/component/RPD
choice=168:block.channel-a-driver.endpoint.Q1_B.component|token|tsj-realization-v1/controlled-indicator@1/channel-a-driver/npn-low-side-driver@1/npn-low-side-driver@1/component/Q1
choice=168:block.channel-a-driver.endpoint.Q1_B.terminal|token|tsj-realization-v1/controlled-indicator@1/channel-a-driver/npn-low-side-driver@1/npn-low-side-driver@1/terminal/Q1.B
choice=168:block.channel-a-driver.endpoint.Q1_C.component|token|tsj-realization-v1/controlled-indicator@1/channel-a-driver/npn-low-side-driver@1/npn-low-side-driver@1/component/Q1
choice=168:block.channel-a-driver.endpoint.Q1_C.terminal|token|tsj-realization-v1/controlled-indicator@1/channel-a-driver/npn-low-side-driver@1/npn-low-side-driver@1/terminal/Q1.C
choice=168:block.channel-a-driver.endpoint.Q1_E.component|token|tsj-realization-v1/controlled-indicator@1/channel-a-driver/npn-low-side-driver@1/npn-low-side-driver@1/component/Q1
choice=168:block.channel-a-driver.endpoint.Q1_E.terminal|token|tsj-realization-v1/controlled-indicator@1/channel-a-driver/npn-low-side-driver@1/npn-low-side-driver@1/terminal/Q1.E
choice=168:block.channel-a-driver.endpoint.RB_1.component|token|tsj-realization-v1/controlled-indicator@1/channel-a-driver/npn-low-side-driver@1/npn-low-side-driver@1/component/RB
choice=168:block.channel-a-driver.endpoint.RB_1.terminal|token|tsj-realization-v1/controlled-indicator@1/channel-a-driver/npn-low-side-driver@1/npn-low-side-driver@1/terminal/RB.1
choice=168:block.channel-a-driver.endpoint.RB_2.component|token|tsj-realization-v1/controlled-indicator@1/channel-a-driver/npn-low-side-driver@1/npn-low-side-driver@1/component/RB
choice=168:block.channel-a-driver.endpoint.RB_2.terminal|token|tsj-realization-v1/controlled-indicator@1/channel-a-driver/npn-low-side-driver@1/npn-low-side-driver@1/terminal/RB.2
choice=170:block.channel-a-driver.endpoint.RPD_1.component|token|tsj-realization-v1/controlled-indicator@1/channel-a-driver/npn-low-side-driver@1/npn-low-side-driver@1/component/RPD
choice=170:block.channel-a-driver.endpoint.RPD_1.terminal|token|tsj-realization-v1/controlled-indicator@1/channel-a-driver/npn-low-side-driver@1/npn-low-side-driver@1/terminal/RPD.1
choice=170:block.channel-a-driver.endpoint.RPD_2.component|token|tsj-realization-v1/controlled-indicator@1/channel-a-driver/npn-low-side-driver@1/npn-low-side-driver@1/component/RPD
choice=170:block.channel-a-driver.endpoint.RPD_2.terminal|token|tsj-realization-v1/controlled-indicator@1/channel-a-driver/npn-low-side-driver@1/npn-low-side-driver@1/terminal/RPD.2
choice=857:block.channel-a-driver.endpoints|ids|tsj-realization-v1/controlled-indicator@1/channel-a-driver/npn-low-side-driver@1/npn-low-side-driver@1/endpoint/Q1_B,tsj-realization-v1/controlled-indicator@1/channel-a-driver/npn-low-side-driver@1/npn-low-side-driver@1/endpoint/Q1_C,tsj-realization-v1/controlled-indicator@1/channel-a-driver/npn-low-side-driver@1/npn-low-side-driver@1/endpoint/Q1_E,tsj-realization-v1/controlled-indicator@1/channel-a-driver/npn-low-side-driver@1/npn-low-side-driver@1/endpoint/RB_1,tsj-realization-v1/controlled-indicator@1/channel-a-driver/npn-low-side-driver@1/npn-low-side-driver@1/endpoint/RB_2,tsj-realization-v1/controlled-indicator@1/channel-a-driver/npn-low-side-driver@1/npn-low-side-driver@1/endpoint/RPD_1,tsj-realization-v1/controlled-indicator@1/channel-a-driver/npn-low-side-driver@1/npn-low-side-driver@1/endpoint/RPD_2
choice=159:block.channel-a-driver.net.BASE.conductor|token|tsj-realization-v1/controlled-indicator@1/channel-a-driver/npn-low-side-driver@1/npn-low-side-driver@1/net/BASE
choice=108:block.channel-a-driver.net.CONTROL.conductor|token|tsj-bus-v1/controlled-indicator@1/channel-a-control-input
choice=97:block.channel-a-driver.net.RETURN.conductor|token|tsj-bus-v1/controlled-indicator@1/common-return
choice=116:block.channel-a-driver.net.SWITCHED_SINK.conductor|token|tsj-bus-v1/controlled-indicator@1/channel-a-switched-output
choice=493:block.channel-a-driver.nets|ids|tsj-realization-v1/controlled-indicator@1/channel-a-driver/npn-low-side-driver@1/npn-low-side-driver@1/net/BASE,tsj-realization-v1/controlled-indicator@1/channel-a-driver/npn-low-side-driver@1/npn-low-side-driver@1/net/CONTROL,tsj-realization-v1/controlled-indicator@1/channel-a-driver/npn-low-side-driver@1/npn-low-side-driver@1/net/RETURN,tsj-realization-v1/controlled-indicator@1/channel-a-driver/npn-low-side-driver@1/npn-low-side-driver@1/net/SWITCHED_SINK
choice=163:block.channel-a-driver.pad.Q1.B.endpoint|token|tsj-realization-v1/controlled-indicator@1/channel-a-driver/npn-low-side-driver@1/npn-low-side-driver@1/endpoint/Q1_B
choice=153:block.channel-a-driver.pad.Q1.B.net|token|tsj-realization-v1/controlled-indicator@1/channel-a-driver/npn-low-side-driver@1/npn-low-side-driver@1/net/BASE
choice=163:block.channel-a-driver.pad.Q1.C.endpoint|token|tsj-realization-v1/controlled-indicator@1/channel-a-driver/npn-low-side-driver@1/npn-low-side-driver@1/endpoint/Q1_C
choice=101:block.channel-a-driver.pad.Q1.C.net|token|tsj-bus-v1/controlled-indicator@1/channel-a-switched-output
choice=163:block.channel-a-driver.pad.Q1.E.endpoint|token|tsj-realization-v1/controlled-indicator@1/channel-a-driver/npn-low-side-driver@1/npn-low-side-driver@1/endpoint/Q1_E
choice=89:block.channel-a-driver.pad.Q1.E.net|token|tsj-bus-v1/controlled-indicator@1/common-return
choice=163:block.channel-a-driver.pad.RB.1.endpoint|token|tsj-realization-v1/controlled-indicator@1/channel-a-driver/npn-low-side-driver@1/npn-low-side-driver@1/endpoint/RB_1
choice=99:block.channel-a-driver.pad.RB.1.net|token|tsj-bus-v1/controlled-indicator@1/channel-a-control-input
choice=163:block.channel-a-driver.pad.RB.2.endpoint|token|tsj-realization-v1/controlled-indicator@1/channel-a-driver/npn-low-side-driver@1/npn-low-side-driver@1/endpoint/RB_2
choice=153:block.channel-a-driver.pad.RB.2.net|token|tsj-realization-v1/controlled-indicator@1/channel-a-driver/npn-low-side-driver@1/npn-low-side-driver@1/net/BASE
choice=165:block.channel-a-driver.pad.RPD.1.endpoint|token|tsj-realization-v1/controlled-indicator@1/channel-a-driver/npn-low-side-driver@1/npn-low-side-driver@1/endpoint/RPD_1
choice=154:block.channel-a-driver.pad.RPD.1.net|token|tsj-realization-v1/controlled-indicator@1/channel-a-driver/npn-low-side-driver@1/npn-low-side-driver@1/net/BASE
choice=165:block.channel-a-driver.pad.RPD.2.endpoint|token|tsj-realization-v1/controlled-indicator@1/channel-a-driver/npn-low-side-driver@1/npn-low-side-driver@1/endpoint/RPD_2
choice=90:block.channel-a-driver.pad.RPD.2.net|token|tsj-bus-v1/controlled-indicator@1/common-return
choice=817:block.channel-a-driver.pads|ids|tsj-realization-v1/controlled-indicator@1/channel-a-driver/npn-low-side-driver@1/npn-low-side-driver@1/pad/Q1.B,tsj-realization-v1/controlled-indicator@1/channel-a-driver/npn-low-side-driver@1/npn-low-side-driver@1/pad/Q1.C,tsj-realization-v1/controlled-indicator@1/channel-a-driver/npn-low-side-driver@1/npn-low-side-driver@1/pad/Q1.E,tsj-realization-v1/controlled-indicator@1/channel-a-driver/npn-low-side-driver@1/npn-low-side-driver@1/pad/RB.1,tsj-realization-v1/controlled-indicator@1/channel-a-driver/npn-low-side-driver@1/npn-low-side-driver@1/pad/RB.2,tsj-realization-v1/controlled-indicator@1/channel-a-driver/npn-low-side-driver@1/npn-low-side-driver@1/pad/RPD.1,tsj-realization-v1/controlled-indicator@1/channel-a-driver/npn-low-side-driver@1/npn-low-side-driver@1/pad/RPD.2
choice=82:block.channel-a-driver.parameter.available-base-drive-amps|number|3f55cc0d3ecd766b
choice=77:block.channel-a-driver.parameter.base-resistance-ohms|number|40a5180000000000
choice=49:block.channel-a-driver.parameter.beta|integer|100
choice=76:block.channel-a-driver.parameter.control-demand-amps|number|3f5e6d4e0ed55b92
choice=68:block.channel-a-driver.parameter.forced-beta|number|4034000000000000
choice=70:block.channel-a-driver.parameter.functional-role|token|low-side-driver
choice=73:block.channel-a-driver.parameter.load-demand-amps|number|3f90624dd2f1a9fc
choice=48:block.channel-a-driver.parameter.model|token|NPN
choice=77:block.channel-a-driver.parameter.off-leakage-max-amps|number|3eb0c6f7a0b5ed8d
choice=75:block.channel-a-driver.parameter.on-clamp-max-volts|number|3fe999999999999a
choice=71:block.channel-a-driver.parameter.pull-down-ohms|number|40f86a0000000000
choice=81:block.channel-a-driver.parameter.required-base-drive-amps|number|3f508c3f3e0370ce
choice=75:block.channel-a-driver.parameter.sink-capacity-amps|number|3f947ae147ae147b
choice=70:block.channel-a-driver.parameter.vbe-max-volts|number|3fee666666666666
choice=70:block.channel-a-driver.parameter.vbe-min-volts|number|3fe0000000000000
choice=164:block.channel-a-driver.port.CONTROL.attachment|token|tsj-realization-v1/controlled-indicator@1/channel-a-driver/npn-low-side-driver@1/npn-low-side-driver@1/pad/RB.1
choice=162:block.channel-a-driver.port.CONTROL.role|token|tsj-realization-v1/controlled-indicator@1/channel-a-driver/npn-low-side-driver@1/npn-low-side-driver@1/role/control
choice=165:block.channel-a-driver.port.RETURN.attachment|token|tsj-realization-v1/controlled-indicator@1/channel-a-driver/npn-low-side-driver@1/npn-low-side-driver@1/net/RETURN
choice=160:block.channel-a-driver.port.RETURN.role|token|tsj-realization-v1/controlled-indicator@1/channel-a-driver/npn-low-side-driver@1/npn-low-side-driver@1/role/return
choice=170:block.channel-a-driver.port.SWITCHED_SINK.attachment|token|tsj-realization-v1/controlled-indicator@1/channel-a-driver/npn-low-side-driver@1/npn-low-side-driver@1/pad/Q1.C
choice=169:block.channel-a-driver.port.SWITCHED_SINK.role|token|tsj-realization-v1/controlled-indicator@1/channel-a-driver/npn-low-side-driver@1/npn-low-side-driver@1/role/switched
choice=385:block.channel-a-driver.ports|ids|tsj-realization-v1/controlled-indicator@1/channel-a-driver/npn-low-side-driver@1/npn-low-side-driver@1/port/CONTROL,tsj-realization-v1/controlled-indicator@1/channel-a-driver/npn-low-side-driver@1/npn-low-side-driver@1/port/RETURN,tsj-realization-v1/controlled-indicator@1/channel-a-driver/npn-low-side-driver@1/npn-low-side-driver@1/port/SWITCHED_SINK
choice=493:block.channel-a-driver.role.base.members|ids|tsj-realization-v1/controlled-indicator@1/channel-a-driver/npn-low-side-driver@1/npn-low-side-driver@1/net/BASE,tsj-realization-v1/controlled-indicator@1/channel-a-driver/npn-low-side-driver@1/npn-low-side-driver@1/pad/Q1.B,tsj-realization-v1/controlled-indicator@1/channel-a-driver/npn-low-side-driver@1/npn-low-side-driver@1/pad/RB.2,tsj-realization-v1/controlled-indicator@1/channel-a-driver/npn-low-side-driver@1/npn-low-side-driver@1/pad/RPD.1
choice=59:block.channel-a-driver.role.base.requirement|token|REQUIRED
choice=274:block.channel-a-driver.role.control.members|ids|tsj-realization-v1/controlled-indicator@1/channel-a-driver/npn-low-side-driver@1/npn-low-side-driver@1/net/CONTROL,tsj-realization-v1/controlled-indicator@1/channel-a-driver/npn-low-side-driver@1/npn-low-side-driver@1/pad/RB.1
choice=62:block.channel-a-driver.role.control.requirement|token|REQUIRED
choice=385:block.channel-a-driver.role.return.members|ids|tsj-realization-v1/controlled-indicator@1/channel-a-driver/npn-low-side-driver@1/npn-low-side-driver@1/net/RETURN,tsj-realization-v1/controlled-indicator@1/channel-a-driver/npn-low-side-driver@1/npn-low-side-driver@1/pad/Q1.E,tsj-realization-v1/controlled-indicator@1/channel-a-driver/npn-low-side-driver@1/npn-low-side-driver@1/pad/RPD.2
choice=61:block.channel-a-driver.role.return.requirement|token|REQUIRED
choice=281:block.channel-a-driver.role.switched.members|ids|tsj-realization-v1/controlled-indicator@1/channel-a-driver/npn-low-side-driver@1/npn-low-side-driver@1/net/SWITCHED_SINK,tsj-realization-v1/controlled-indicator@1/channel-a-driver/npn-low-side-driver@1/npn-low-side-driver@1/pad/Q1.C
choice=63:block.channel-a-driver.role.switched.requirement|token|REQUIRED
choice=493:block.channel-a-driver.roles|ids|tsj-realization-v1/controlled-indicator@1/channel-a-driver/npn-low-side-driver@1/npn-low-side-driver@1/role/base,tsj-realization-v1/controlled-indicator@1/channel-a-driver/npn-low-side-driver@1/npn-low-side-driver@1/role/control,tsj-realization-v1/controlled-indicator@1/channel-a-driver/npn-low-side-driver@1/npn-low-side-driver@1/role/return,tsj-realization-v1/controlled-indicator@1/channel-a-driver/npn-low-side-driver@1/npn-low-side-driver@1/role/switched
choice=55:block.channel-a-driver.type|token|npn-low-side-driver@1
choice=275:block.channel-a-load.component.LED1.terminals|ids|tsj-realization-v1/controlled-indicator@1/channel-a-load/resistor-led-load@2/resistor-led-load@2/terminal/LED1.A,tsj-realization-v1/controlled-indicator@1/channel-a-load/resistor-led-load@2/resistor-led-load@2/terminal/LED1.K
choice=50:block.channel-a-load.component.LED1.type|token|LED
choice=278:block.channel-a-load.component.RLOAD.terminals|ids|tsj-realization-v1/controlled-indicator@1/channel-a-load/resistor-led-load@2/resistor-led-load@2/terminal/RLOAD.1,tsj-realization-v1/controlled-indicator@1/channel-a-load/resistor-led-load@2/resistor-led-load@2/terminal/RLOAD.2
choice=56:block.channel-a-load.component.RLOAD.type|token|RESISTOR
choice=260:block.channel-a-load.components|ids|tsj-realization-v1/controlled-indicator@1/channel-a-load/resistor-led-load@2/resistor-led-load@2/component/LED1,tsj-realization-v1/controlled-indicator@1/channel-a-load/resistor-led-load@2/resistor-led-load@2/component/RLOAD
choice=164:block.channel-a-load.endpoint.LED1_A.component|token|tsj-realization-v1/controlled-indicator@1/channel-a-load/resistor-led-load@2/resistor-led-load@2/component/LED1
choice=164:block.channel-a-load.endpoint.LED1_A.terminal|token|tsj-realization-v1/controlled-indicator@1/channel-a-load/resistor-led-load@2/resistor-led-load@2/terminal/LED1.A
choice=164:block.channel-a-load.endpoint.LED1_K.component|token|tsj-realization-v1/controlled-indicator@1/channel-a-load/resistor-led-load@2/resistor-led-load@2/component/LED1
choice=164:block.channel-a-load.endpoint.LED1_K.terminal|token|tsj-realization-v1/controlled-indicator@1/channel-a-load/resistor-led-load@2/resistor-led-load@2/terminal/LED1.K
choice=166:block.channel-a-load.endpoint.RLOAD_1.component|token|tsj-realization-v1/controlled-indicator@1/channel-a-load/resistor-led-load@2/resistor-led-load@2/component/RLOAD
choice=166:block.channel-a-load.endpoint.RLOAD_1.terminal|token|tsj-realization-v1/controlled-indicator@1/channel-a-load/resistor-led-load@2/resistor-led-load@2/terminal/RLOAD.1
choice=166:block.channel-a-load.endpoint.RLOAD_2.component|token|tsj-realization-v1/controlled-indicator@1/channel-a-load/resistor-led-load@2/resistor-led-load@2/component/RLOAD
choice=166:block.channel-a-load.endpoint.RLOAD_2.terminal|token|tsj-realization-v1/controlled-indicator@1/channel-a-load/resistor-led-load@2/resistor-led-load@2/terminal/RLOAD.2
choice=488:block.channel-a-load.endpoints|ids|tsj-realization-v1/controlled-indicator@1/channel-a-load/resistor-led-load@2/resistor-led-load@2/endpoint/LED1_A,tsj-realization-v1/controlled-indicator@1/channel-a-load/resistor-led-load@2/resistor-led-load@2/endpoint/LED1_K,tsj-realization-v1/controlled-indicator@1/channel-a-load/resistor-led-load@2/resistor-led-load@2/endpoint/RLOAD_1,tsj-realization-v1/controlled-indicator@1/channel-a-load/resistor-led-load@2/resistor-led-load@2/endpoint/RLOAD_2
choice=159:block.channel-a-load.net.LED_NODE.conductor|token|tsj-realization-v1/controlled-indicator@1/channel-a-load/resistor-led-load@2/resistor-led-load@2/net/LED_NODE
choice=95:block.channel-a-load.net.RETURN.conductor|token|tsj-bus-v1/controlled-indicator@1/common-return
choice=94:block.channel-a-load.net.SUPPLY.conductor|token|tsj-bus-v1/controlled-indicator@1/power-supply
choice=114:block.channel-a-load.net.SWITCHED_LOAD.conductor|token|tsj-bus-v1/controlled-indicator@1/channel-a-switched-output
choice=470:block.channel-a-load.nets|ids|tsj-realization-v1/controlled-indicator@1/channel-a-load/resistor-led-load@2/resistor-led-load@2/net/LED_NODE,tsj-realization-v1/controlled-indicator@1/channel-a-load/resistor-led-load@2/resistor-led-load@2/net/RETURN,tsj-realization-v1/controlled-indicator@1/channel-a-load/resistor-led-load@2/resistor-led-load@2/net/SUPPLY,tsj-realization-v1/controlled-indicator@1/channel-a-load/resistor-led-load@2/resistor-led-load@2/net/SWITCHED_LOAD
choice=159:block.channel-a-load.pad.LED1.A.endpoint|token|tsj-realization-v1/controlled-indicator@1/channel-a-load/resistor-led-load@2/resistor-led-load@2/endpoint/LED1_A
choice=151:block.channel-a-load.pad.LED1.A.net|token|tsj-realization-v1/controlled-indicator@1/channel-a-load/resistor-led-load@2/resistor-led-load@2/net/LED_NODE
choice=159:block.channel-a-load.pad.LED1.K.endpoint|token|tsj-realization-v1/controlled-indicator@1/channel-a-load/resistor-led-load@2/resistor-led-load@2/endpoint/LED1_K
choice=101:block.channel-a-load.pad.LED1.K.net|token|tsj-bus-v1/controlled-indicator@1/channel-a-switched-output
choice=161:block.channel-a-load.pad.RLOAD.1.endpoint|token|tsj-realization-v1/controlled-indicator@1/channel-a-load/resistor-led-load@2/resistor-led-load@2/endpoint/RLOAD_1
choice=89:block.channel-a-load.pad.RLOAD.1.net|token|tsj-bus-v1/controlled-indicator@1/power-supply
choice=161:block.channel-a-load.pad.RLOAD.2.endpoint|token|tsj-realization-v1/controlled-indicator@1/channel-a-load/resistor-led-load@2/resistor-led-load@2/endpoint/RLOAD_2
choice=152:block.channel-a-load.pad.RLOAD.2.net|token|tsj-realization-v1/controlled-indicator@1/channel-a-load/resistor-led-load@2/resistor-led-load@2/net/LED_NODE
choice=463:block.channel-a-load.pads|ids|tsj-realization-v1/controlled-indicator@1/channel-a-load/resistor-led-load@2/resistor-led-load@2/pad/LED1.A,tsj-realization-v1/controlled-indicator@1/channel-a-load/resistor-led-load@2/resistor-led-load@2/pad/LED1.K,tsj-realization-v1/controlled-indicator@1/channel-a-load/resistor-led-load@2/resistor-led-load@2/pad/RLOAD.1,tsj-realization-v1/controlled-indicator@1/channel-a-load/resistor-led-load@2/resistor-led-load@2/pad/RLOAD.2
choice=67:block.channel-a-load.parameter.functional-role|token|indicator-load
choice=71:block.channel-a-load.parameter.led-vf-max-volts|number|4000000000000000
choice=71:block.channel-a-load.parameter.led-vf-min-volts|number|3ff999999999999a
choice=54:block.channel-a-load.parameter.model|token|default-led
choice=59:block.channel-a-load.parameter.package|token|AXIAL_RESISTOR
choice=69:block.channel-a-load.parameter.policy|token|controlled-led-load-e12@1
choice=76:block.channel-a-load.parameter.power-headroom-factor|number|4000000000000000
choice=75:block.channel-a-load.parameter.sink-headroom-factor|number|3ff4000000000000
choice=78:block.channel-a-load.parameter.target-min-current-amps|number|3f747ae147ae147b
choice=73:block.channel-a-load.parameter.tolerance-fraction|number|3fa999999999999a
choice=157:block.channel-a-load.port.RETURN.attachment|token|tsj-realization-v1/controlled-indicator@1/channel-a-load/resistor-led-load@2/resistor-led-load@2/net/RETURN
choice=152:block.channel-a-load.port.RETURN.role|token|tsj-realization-v1/controlled-indicator@1/channel-a-load/resistor-led-load@2/resistor-led-load@2/role/return
choice=158:block.channel-a-load.port.SUPPLY.attachment|token|tsj-realization-v1/controlled-indicator@1/channel-a-load/resistor-led-load@2/resistor-led-load@2/pad/RLOAD.1
choice=152:block.channel-a-load.port.SUPPLY.role|token|tsj-realization-v1/controlled-indicator@1/channel-a-load/resistor-led-load@2/resistor-led-load@2/role/supply
choice=164:block.channel-a-load.port.SWITCHED_LOAD.attachment|token|tsj-realization-v1/controlled-indicator@1/channel-a-load/resistor-led-load@2/resistor-led-load@2/pad/LED1.K
choice=161:block.channel-a-load.port.SWITCHED_LOAD.role|token|tsj-realization-v1/controlled-indicator@1/channel-a-load/resistor-led-load@2/resistor-led-load@2/role/switched
choice=364:block.channel-a-load.ports|ids|tsj-realization-v1/controlled-indicator@1/channel-a-load/resistor-led-load@2/resistor-led-load@2/port/RETURN,tsj-realization-v1/controlled-indicator@1/channel-a-load/resistor-led-load@2/resistor-led-load@2/port/SUPPLY,tsj-realization-v1/controlled-indicator@1/channel-a-load/resistor-led-load@2/resistor-led-load@2/port/SWITCHED_LOAD
choice=372:block.channel-a-load.role.ledNode.members|ids|tsj-realization-v1/controlled-indicator@1/channel-a-load/resistor-led-load@2/resistor-led-load@2/net/LED_NODE,tsj-realization-v1/controlled-indicator@1/channel-a-load/resistor-led-load@2/resistor-led-load@2/pad/LED1.A,tsj-realization-v1/controlled-indicator@1/channel-a-load/resistor-led-load@2/resistor-led-load@2/pad/RLOAD.2
choice=60:block.channel-a-load.role.ledNode.requirement|token|REQUIRED
choice=152:block.channel-a-load.role.return.members|ids|tsj-realization-v1/controlled-indicator@1/channel-a-load/resistor-led-load@2/resistor-led-load@2/net/RETURN
choice=59:block.channel-a-load.role.return.requirement|token|REQUIRED
choice=261:block.channel-a-load.role.supply.members|ids|tsj-realization-v1/controlled-indicator@1/channel-a-load/resistor-led-load@2/resistor-led-load@2/net/SUPPLY,tsj-realization-v1/controlled-indicator@1/channel-a-load/resistor-led-load@2/resistor-led-load@2/pad/RLOAD.1
choice=59:block.channel-a-load.role.supply.requirement|token|REQUIRED
choice=269:block.channel-a-load.role.switched.members|ids|tsj-realization-v1/controlled-indicator@1/channel-a-load/resistor-led-load@2/resistor-led-load@2/net/SWITCHED_LOAD,tsj-realization-v1/controlled-indicator@1/channel-a-load/resistor-led-load@2/resistor-led-load@2/pad/LED1.K
choice=61:block.channel-a-load.role.switched.requirement|token|REQUIRED
choice=469:block.channel-a-load.roles|ids|tsj-realization-v1/controlled-indicator@1/channel-a-load/resistor-led-load@2/resistor-led-load@2/role/ledNode,tsj-realization-v1/controlled-indicator@1/channel-a-load/resistor-led-load@2/resistor-led-load@2/role/return,tsj-realization-v1/controlled-indicator@1/channel-a-load/resistor-led-load@2/resistor-led-load@2/role/supply,tsj-realization-v1/controlled-indicator@1/channel-a-load/resistor-led-load@2/resistor-led-load@2/role/switched
choice=51:block.channel-a-load.type|token|resistor-led-load@2
choice=274:block.channel-b-control.component.J3.terminals|ids|tsj-realization-v1/controlled-indicator@1/channel-b-control/external-adapter@1/external-adapter@1/terminal/J3.1,tsj-realization-v1/controlled-indicator@1/channel-b-control/external-adapter@1/external-adapter@1/terminal/J3.2
choice=59:block.channel-b-control.component.J3.type|token|CONNECTOR_2
choice=149:block.channel-b-control.components|ids|tsj-realization-v1/controlled-indicator@1/channel-b-control/external-adapter@1/external-adapter@1/component/J3
choice=164:block.channel-b-control.endpoint.J3_1.component|token|tsj-realization-v1/controlled-indicator@1/channel-b-control/external-adapter@1/external-adapter@1/component/J3
choice=164:block.channel-b-control.endpoint.J3_1.terminal|token|tsj-realization-v1/controlled-indicator@1/channel-b-control/external-adapter@1/external-adapter@1/terminal/J3.1
choice=164:block.channel-b-control.endpoint.J3_2.component|token|tsj-realization-v1/controlled-indicator@1/channel-b-control/external-adapter@1/external-adapter@1/component/J3
choice=164:block.channel-b-control.endpoint.J3_2.terminal|token|tsj-realization-v1/controlled-indicator@1/channel-b-control/external-adapter@1/external-adapter@1/terminal/J3.2
choice=261:block.channel-b-control.endpoints|ids|tsj-realization-v1/controlled-indicator@1/channel-b-control/external-adapter@1/external-adapter@1/endpoint/J3_1,tsj-realization-v1/controlled-indicator@1/channel-b-control/external-adapter@1/external-adapter@1/endpoint/J3_2
choice=108:block.channel-b-control.net.OUTPUT.conductor|token|tsj-bus-v1/controlled-indicator@1/channel-b-control-input
choice=98:block.channel-b-control.net.RETURN.conductor|token|tsj-bus-v1/controlled-indicator@1/common-return
choice=250:block.channel-b-control.nets|ids|tsj-realization-v1/controlled-indicator@1/channel-b-control/external-adapter@1/external-adapter@1/net/OUTPUT,tsj-realization-v1/controlled-indicator@1/channel-b-control/external-adapter@1/external-adapter@1/net/RETURN
choice=159:block.channel-b-control.pad.J3.1.endpoint|token|tsj-realization-v1/controlled-indicator@1/channel-b-control/external-adapter@1/external-adapter@1/endpoint/J3_1
choice=100:block.channel-b-control.pad.J3.1.net|token|tsj-bus-v1/controlled-indicator@1/channel-b-control-input
choice=159:block.channel-b-control.pad.J3.2.endpoint|token|tsj-realization-v1/controlled-indicator@1/channel-b-control/external-adapter@1/external-adapter@1/endpoint/J3_2
choice=90:block.channel-b-control.pad.J3.2.net|token|tsj-bus-v1/controlled-indicator@1/common-return
choice=246:block.channel-b-control.pads|ids|tsj-realization-v1/controlled-indicator@1/channel-b-control/external-adapter@1/external-adapter@1/pad/J3.1,tsj-realization-v1/controlled-indicator@1/channel-b-control/external-adapter@1/external-adapter@1/pad/J3.2
choice=78:block.channel-b-control.parameter.external-input|token|channel-b-control-power
choice=164:block.channel-b-control.port.CONTROL_OUT.attachment|token|tsj-realization-v1/controlled-indicator@1/channel-b-control/external-adapter@1/external-adapter@1/pad/J3.1
choice=161:block.channel-b-control.port.CONTROL_OUT.role|token|tsj-realization-v1/controlled-indicator@1/channel-b-control/external-adapter@1/external-adapter@1/role/output
choice=161:block.channel-b-control.port.RETURN.attachment|token|tsj-realization-v1/controlled-indicator@1/channel-b-control/external-adapter@1/external-adapter@1/net/RETURN
choice=156:block.channel-b-control.port.RETURN.role|token|tsj-realization-v1/controlled-indicator@1/channel-b-control/external-adapter@1/external-adapter@1/role/return
choice=258:block.channel-b-control.ports|ids|tsj-realization-v1/controlled-indicator@1/channel-b-control/external-adapter@1/external-adapter@1/port/CONTROL_OUT,tsj-realization-v1/controlled-indicator@1/channel-b-control/external-adapter@1/external-adapter@1/port/RETURN
choice=375:block.channel-b-control.role.output.members|ids|tsj-realization-v1/controlled-indicator@1/channel-b-control/external-adapter@1/external-adapter@1/endpoint/J3_1,tsj-realization-v1/controlled-indicator@1/channel-b-control/external-adapter@1/external-adapter@1/net/OUTPUT,tsj-realization-v1/controlled-indicator@1/channel-b-control/external-adapter@1/external-adapter@1/pad/J3.1
choice=62:block.channel-b-control.role.output.requirement|token|REQUIRED
choice=375:block.channel-b-control.role.return.members|ids|tsj-realization-v1/controlled-indicator@1/channel-b-control/external-adapter@1/external-adapter@1/endpoint/J3_2,tsj-realization-v1/controlled-indicator@1/channel-b-control/external-adapter@1/external-adapter@1/net/RETURN,tsj-realization-v1/controlled-indicator@1/channel-b-control/external-adapter@1/external-adapter@1/pad/J3.2
choice=62:block.channel-b-control.role.return.requirement|token|REQUIRED
choice=253:block.channel-b-control.roles|ids|tsj-realization-v1/controlled-indicator@1/channel-b-control/external-adapter@1/external-adapter@1/role/output,tsj-realization-v1/controlled-indicator@1/channel-b-control/external-adapter@1/external-adapter@1/role/return
choice=53:block.channel-b-control.type|token|external-adapter@1
choice=400:block.channel-b-driver.component.Q1.terminals|ids|tsj-realization-v1/controlled-indicator@1/channel-b-driver/npn-low-side-driver@1/npn-low-side-driver@1/terminal/Q1.B,tsj-realization-v1/controlled-indicator@1/channel-b-driver/npn-low-side-driver@1/npn-low-side-driver@1/terminal/Q1.C,tsj-realization-v1/controlled-indicator@1/channel-b-driver/npn-low-side-driver@1/npn-low-side-driver@1/terminal/Q1.E
choice=50:block.channel-b-driver.component.Q1.type|token|NPN
choice=283:block.channel-b-driver.component.RB.terminals|ids|tsj-realization-v1/controlled-indicator@1/channel-b-driver/npn-low-side-driver@1/npn-low-side-driver@1/terminal/RB.1,tsj-realization-v1/controlled-indicator@1/channel-b-driver/npn-low-side-driver@1/npn-low-side-driver@1/terminal/RB.2
choice=55:block.channel-b-driver.component.RB.type|token|RESISTOR
choice=286:block.channel-b-driver.component.RPD.terminals|ids|tsj-realization-v1/controlled-indicator@1/channel-b-driver/npn-low-side-driver@1/npn-low-side-driver@1/terminal/RPD.1,tsj-realization-v1/controlled-indicator@1/channel-b-driver/npn-low-side-driver@1/npn-low-side-driver@1/terminal/RPD.2
choice=56:block.channel-b-driver.component.RPD.type|token|RESISTOR
choice=386:block.channel-b-driver.components|ids|tsj-realization-v1/controlled-indicator@1/channel-b-driver/npn-low-side-driver@1/npn-low-side-driver@1/component/Q1,tsj-realization-v1/controlled-indicator@1/channel-b-driver/npn-low-side-driver@1/npn-low-side-driver@1/component/RB,tsj-realization-v1/controlled-indicator@1/channel-b-driver/npn-low-side-driver@1/npn-low-side-driver@1/component/RPD
choice=168:block.channel-b-driver.endpoint.Q1_B.component|token|tsj-realization-v1/controlled-indicator@1/channel-b-driver/npn-low-side-driver@1/npn-low-side-driver@1/component/Q1
choice=168:block.channel-b-driver.endpoint.Q1_B.terminal|token|tsj-realization-v1/controlled-indicator@1/channel-b-driver/npn-low-side-driver@1/npn-low-side-driver@1/terminal/Q1.B
choice=168:block.channel-b-driver.endpoint.Q1_C.component|token|tsj-realization-v1/controlled-indicator@1/channel-b-driver/npn-low-side-driver@1/npn-low-side-driver@1/component/Q1
choice=168:block.channel-b-driver.endpoint.Q1_C.terminal|token|tsj-realization-v1/controlled-indicator@1/channel-b-driver/npn-low-side-driver@1/npn-low-side-driver@1/terminal/Q1.C
choice=168:block.channel-b-driver.endpoint.Q1_E.component|token|tsj-realization-v1/controlled-indicator@1/channel-b-driver/npn-low-side-driver@1/npn-low-side-driver@1/component/Q1
choice=168:block.channel-b-driver.endpoint.Q1_E.terminal|token|tsj-realization-v1/controlled-indicator@1/channel-b-driver/npn-low-side-driver@1/npn-low-side-driver@1/terminal/Q1.E
choice=168:block.channel-b-driver.endpoint.RB_1.component|token|tsj-realization-v1/controlled-indicator@1/channel-b-driver/npn-low-side-driver@1/npn-low-side-driver@1/component/RB
choice=168:block.channel-b-driver.endpoint.RB_1.terminal|token|tsj-realization-v1/controlled-indicator@1/channel-b-driver/npn-low-side-driver@1/npn-low-side-driver@1/terminal/RB.1
choice=168:block.channel-b-driver.endpoint.RB_2.component|token|tsj-realization-v1/controlled-indicator@1/channel-b-driver/npn-low-side-driver@1/npn-low-side-driver@1/component/RB
choice=168:block.channel-b-driver.endpoint.RB_2.terminal|token|tsj-realization-v1/controlled-indicator@1/channel-b-driver/npn-low-side-driver@1/npn-low-side-driver@1/terminal/RB.2
choice=170:block.channel-b-driver.endpoint.RPD_1.component|token|tsj-realization-v1/controlled-indicator@1/channel-b-driver/npn-low-side-driver@1/npn-low-side-driver@1/component/RPD
choice=170:block.channel-b-driver.endpoint.RPD_1.terminal|token|tsj-realization-v1/controlled-indicator@1/channel-b-driver/npn-low-side-driver@1/npn-low-side-driver@1/terminal/RPD.1
choice=170:block.channel-b-driver.endpoint.RPD_2.component|token|tsj-realization-v1/controlled-indicator@1/channel-b-driver/npn-low-side-driver@1/npn-low-side-driver@1/component/RPD
choice=170:block.channel-b-driver.endpoint.RPD_2.terminal|token|tsj-realization-v1/controlled-indicator@1/channel-b-driver/npn-low-side-driver@1/npn-low-side-driver@1/terminal/RPD.2
choice=857:block.channel-b-driver.endpoints|ids|tsj-realization-v1/controlled-indicator@1/channel-b-driver/npn-low-side-driver@1/npn-low-side-driver@1/endpoint/Q1_B,tsj-realization-v1/controlled-indicator@1/channel-b-driver/npn-low-side-driver@1/npn-low-side-driver@1/endpoint/Q1_C,tsj-realization-v1/controlled-indicator@1/channel-b-driver/npn-low-side-driver@1/npn-low-side-driver@1/endpoint/Q1_E,tsj-realization-v1/controlled-indicator@1/channel-b-driver/npn-low-side-driver@1/npn-low-side-driver@1/endpoint/RB_1,tsj-realization-v1/controlled-indicator@1/channel-b-driver/npn-low-side-driver@1/npn-low-side-driver@1/endpoint/RB_2,tsj-realization-v1/controlled-indicator@1/channel-b-driver/npn-low-side-driver@1/npn-low-side-driver@1/endpoint/RPD_1,tsj-realization-v1/controlled-indicator@1/channel-b-driver/npn-low-side-driver@1/npn-low-side-driver@1/endpoint/RPD_2
choice=159:block.channel-b-driver.net.BASE.conductor|token|tsj-realization-v1/controlled-indicator@1/channel-b-driver/npn-low-side-driver@1/npn-low-side-driver@1/net/BASE
choice=108:block.channel-b-driver.net.CONTROL.conductor|token|tsj-bus-v1/controlled-indicator@1/channel-b-control-input
choice=97:block.channel-b-driver.net.RETURN.conductor|token|tsj-bus-v1/controlled-indicator@1/common-return
choice=116:block.channel-b-driver.net.SWITCHED_SINK.conductor|token|tsj-bus-v1/controlled-indicator@1/channel-b-switched-output
choice=493:block.channel-b-driver.nets|ids|tsj-realization-v1/controlled-indicator@1/channel-b-driver/npn-low-side-driver@1/npn-low-side-driver@1/net/BASE,tsj-realization-v1/controlled-indicator@1/channel-b-driver/npn-low-side-driver@1/npn-low-side-driver@1/net/CONTROL,tsj-realization-v1/controlled-indicator@1/channel-b-driver/npn-low-side-driver@1/npn-low-side-driver@1/net/RETURN,tsj-realization-v1/controlled-indicator@1/channel-b-driver/npn-low-side-driver@1/npn-low-side-driver@1/net/SWITCHED_SINK
choice=163:block.channel-b-driver.pad.Q1.B.endpoint|token|tsj-realization-v1/controlled-indicator@1/channel-b-driver/npn-low-side-driver@1/npn-low-side-driver@1/endpoint/Q1_B
choice=153:block.channel-b-driver.pad.Q1.B.net|token|tsj-realization-v1/controlled-indicator@1/channel-b-driver/npn-low-side-driver@1/npn-low-side-driver@1/net/BASE
choice=163:block.channel-b-driver.pad.Q1.C.endpoint|token|tsj-realization-v1/controlled-indicator@1/channel-b-driver/npn-low-side-driver@1/npn-low-side-driver@1/endpoint/Q1_C
choice=101:block.channel-b-driver.pad.Q1.C.net|token|tsj-bus-v1/controlled-indicator@1/channel-b-switched-output
choice=163:block.channel-b-driver.pad.Q1.E.endpoint|token|tsj-realization-v1/controlled-indicator@1/channel-b-driver/npn-low-side-driver@1/npn-low-side-driver@1/endpoint/Q1_E
choice=89:block.channel-b-driver.pad.Q1.E.net|token|tsj-bus-v1/controlled-indicator@1/common-return
choice=163:block.channel-b-driver.pad.RB.1.endpoint|token|tsj-realization-v1/controlled-indicator@1/channel-b-driver/npn-low-side-driver@1/npn-low-side-driver@1/endpoint/RB_1
choice=99:block.channel-b-driver.pad.RB.1.net|token|tsj-bus-v1/controlled-indicator@1/channel-b-control-input
choice=163:block.channel-b-driver.pad.RB.2.endpoint|token|tsj-realization-v1/controlled-indicator@1/channel-b-driver/npn-low-side-driver@1/npn-low-side-driver@1/endpoint/RB_2
choice=153:block.channel-b-driver.pad.RB.2.net|token|tsj-realization-v1/controlled-indicator@1/channel-b-driver/npn-low-side-driver@1/npn-low-side-driver@1/net/BASE
choice=165:block.channel-b-driver.pad.RPD.1.endpoint|token|tsj-realization-v1/controlled-indicator@1/channel-b-driver/npn-low-side-driver@1/npn-low-side-driver@1/endpoint/RPD_1
choice=154:block.channel-b-driver.pad.RPD.1.net|token|tsj-realization-v1/controlled-indicator@1/channel-b-driver/npn-low-side-driver@1/npn-low-side-driver@1/net/BASE
choice=165:block.channel-b-driver.pad.RPD.2.endpoint|token|tsj-realization-v1/controlled-indicator@1/channel-b-driver/npn-low-side-driver@1/npn-low-side-driver@1/endpoint/RPD_2
choice=90:block.channel-b-driver.pad.RPD.2.net|token|tsj-bus-v1/controlled-indicator@1/common-return
choice=817:block.channel-b-driver.pads|ids|tsj-realization-v1/controlled-indicator@1/channel-b-driver/npn-low-side-driver@1/npn-low-side-driver@1/pad/Q1.B,tsj-realization-v1/controlled-indicator@1/channel-b-driver/npn-low-side-driver@1/npn-low-side-driver@1/pad/Q1.C,tsj-realization-v1/controlled-indicator@1/channel-b-driver/npn-low-side-driver@1/npn-low-side-driver@1/pad/Q1.E,tsj-realization-v1/controlled-indicator@1/channel-b-driver/npn-low-side-driver@1/npn-low-side-driver@1/pad/RB.1,tsj-realization-v1/controlled-indicator@1/channel-b-driver/npn-low-side-driver@1/npn-low-side-driver@1/pad/RB.2,tsj-realization-v1/controlled-indicator@1/channel-b-driver/npn-low-side-driver@1/npn-low-side-driver@1/pad/RPD.1,tsj-realization-v1/controlled-indicator@1/channel-b-driver/npn-low-side-driver@1/npn-low-side-driver@1/pad/RPD.2
choice=82:block.channel-b-driver.parameter.available-base-drive-amps|number|3f55cc0d3ecd766b
choice=77:block.channel-b-driver.parameter.base-resistance-ohms|number|40a5180000000000
choice=49:block.channel-b-driver.parameter.beta|integer|100
choice=76:block.channel-b-driver.parameter.control-demand-amps|number|3f5e6d4e0ed55b92
choice=68:block.channel-b-driver.parameter.forced-beta|number|4034000000000000
choice=70:block.channel-b-driver.parameter.functional-role|token|low-side-driver
choice=73:block.channel-b-driver.parameter.load-demand-amps|number|3f90624dd2f1a9fc
choice=48:block.channel-b-driver.parameter.model|token|NPN
choice=77:block.channel-b-driver.parameter.off-leakage-max-amps|number|3eb0c6f7a0b5ed8d
choice=75:block.channel-b-driver.parameter.on-clamp-max-volts|number|3fe999999999999a
choice=71:block.channel-b-driver.parameter.pull-down-ohms|number|40f86a0000000000
choice=81:block.channel-b-driver.parameter.required-base-drive-amps|number|3f508c3f3e0370ce
choice=75:block.channel-b-driver.parameter.sink-capacity-amps|number|3f947ae147ae147b
choice=70:block.channel-b-driver.parameter.vbe-max-volts|number|3fee666666666666
choice=70:block.channel-b-driver.parameter.vbe-min-volts|number|3fe0000000000000
choice=164:block.channel-b-driver.port.CONTROL.attachment|token|tsj-realization-v1/controlled-indicator@1/channel-b-driver/npn-low-side-driver@1/npn-low-side-driver@1/pad/RB.1
choice=162:block.channel-b-driver.port.CONTROL.role|token|tsj-realization-v1/controlled-indicator@1/channel-b-driver/npn-low-side-driver@1/npn-low-side-driver@1/role/control
choice=165:block.channel-b-driver.port.RETURN.attachment|token|tsj-realization-v1/controlled-indicator@1/channel-b-driver/npn-low-side-driver@1/npn-low-side-driver@1/net/RETURN
choice=160:block.channel-b-driver.port.RETURN.role|token|tsj-realization-v1/controlled-indicator@1/channel-b-driver/npn-low-side-driver@1/npn-low-side-driver@1/role/return
choice=170:block.channel-b-driver.port.SWITCHED_SINK.attachment|token|tsj-realization-v1/controlled-indicator@1/channel-b-driver/npn-low-side-driver@1/npn-low-side-driver@1/pad/Q1.C
choice=169:block.channel-b-driver.port.SWITCHED_SINK.role|token|tsj-realization-v1/controlled-indicator@1/channel-b-driver/npn-low-side-driver@1/npn-low-side-driver@1/role/switched
choice=385:block.channel-b-driver.ports|ids|tsj-realization-v1/controlled-indicator@1/channel-b-driver/npn-low-side-driver@1/npn-low-side-driver@1/port/CONTROL,tsj-realization-v1/controlled-indicator@1/channel-b-driver/npn-low-side-driver@1/npn-low-side-driver@1/port/RETURN,tsj-realization-v1/controlled-indicator@1/channel-b-driver/npn-low-side-driver@1/npn-low-side-driver@1/port/SWITCHED_SINK
choice=493:block.channel-b-driver.role.base.members|ids|tsj-realization-v1/controlled-indicator@1/channel-b-driver/npn-low-side-driver@1/npn-low-side-driver@1/net/BASE,tsj-realization-v1/controlled-indicator@1/channel-b-driver/npn-low-side-driver@1/npn-low-side-driver@1/pad/Q1.B,tsj-realization-v1/controlled-indicator@1/channel-b-driver/npn-low-side-driver@1/npn-low-side-driver@1/pad/RB.2,tsj-realization-v1/controlled-indicator@1/channel-b-driver/npn-low-side-driver@1/npn-low-side-driver@1/pad/RPD.1
choice=59:block.channel-b-driver.role.base.requirement|token|REQUIRED
choice=274:block.channel-b-driver.role.control.members|ids|tsj-realization-v1/controlled-indicator@1/channel-b-driver/npn-low-side-driver@1/npn-low-side-driver@1/net/CONTROL,tsj-realization-v1/controlled-indicator@1/channel-b-driver/npn-low-side-driver@1/npn-low-side-driver@1/pad/RB.1
choice=62:block.channel-b-driver.role.control.requirement|token|REQUIRED
choice=385:block.channel-b-driver.role.return.members|ids|tsj-realization-v1/controlled-indicator@1/channel-b-driver/npn-low-side-driver@1/npn-low-side-driver@1/net/RETURN,tsj-realization-v1/controlled-indicator@1/channel-b-driver/npn-low-side-driver@1/npn-low-side-driver@1/pad/Q1.E,tsj-realization-v1/controlled-indicator@1/channel-b-driver/npn-low-side-driver@1/npn-low-side-driver@1/pad/RPD.2
choice=61:block.channel-b-driver.role.return.requirement|token|REQUIRED
choice=281:block.channel-b-driver.role.switched.members|ids|tsj-realization-v1/controlled-indicator@1/channel-b-driver/npn-low-side-driver@1/npn-low-side-driver@1/net/SWITCHED_SINK,tsj-realization-v1/controlled-indicator@1/channel-b-driver/npn-low-side-driver@1/npn-low-side-driver@1/pad/Q1.C
choice=63:block.channel-b-driver.role.switched.requirement|token|REQUIRED
choice=493:block.channel-b-driver.roles|ids|tsj-realization-v1/controlled-indicator@1/channel-b-driver/npn-low-side-driver@1/npn-low-side-driver@1/role/base,tsj-realization-v1/controlled-indicator@1/channel-b-driver/npn-low-side-driver@1/npn-low-side-driver@1/role/control,tsj-realization-v1/controlled-indicator@1/channel-b-driver/npn-low-side-driver@1/npn-low-side-driver@1/role/return,tsj-realization-v1/controlled-indicator@1/channel-b-driver/npn-low-side-driver@1/npn-low-side-driver@1/role/switched
choice=55:block.channel-b-driver.type|token|npn-low-side-driver@1
choice=275:block.channel-b-load.component.LED1.terminals|ids|tsj-realization-v1/controlled-indicator@1/channel-b-load/resistor-led-load@2/resistor-led-load@2/terminal/LED1.A,tsj-realization-v1/controlled-indicator@1/channel-b-load/resistor-led-load@2/resistor-led-load@2/terminal/LED1.K
choice=50:block.channel-b-load.component.LED1.type|token|LED
choice=278:block.channel-b-load.component.RLOAD.terminals|ids|tsj-realization-v1/controlled-indicator@1/channel-b-load/resistor-led-load@2/resistor-led-load@2/terminal/RLOAD.1,tsj-realization-v1/controlled-indicator@1/channel-b-load/resistor-led-load@2/resistor-led-load@2/terminal/RLOAD.2
choice=56:block.channel-b-load.component.RLOAD.type|token|RESISTOR
choice=260:block.channel-b-load.components|ids|tsj-realization-v1/controlled-indicator@1/channel-b-load/resistor-led-load@2/resistor-led-load@2/component/LED1,tsj-realization-v1/controlled-indicator@1/channel-b-load/resistor-led-load@2/resistor-led-load@2/component/RLOAD
choice=164:block.channel-b-load.endpoint.LED1_A.component|token|tsj-realization-v1/controlled-indicator@1/channel-b-load/resistor-led-load@2/resistor-led-load@2/component/LED1
choice=164:block.channel-b-load.endpoint.LED1_A.terminal|token|tsj-realization-v1/controlled-indicator@1/channel-b-load/resistor-led-load@2/resistor-led-load@2/terminal/LED1.A
choice=164:block.channel-b-load.endpoint.LED1_K.component|token|tsj-realization-v1/controlled-indicator@1/channel-b-load/resistor-led-load@2/resistor-led-load@2/component/LED1
choice=164:block.channel-b-load.endpoint.LED1_K.terminal|token|tsj-realization-v1/controlled-indicator@1/channel-b-load/resistor-led-load@2/resistor-led-load@2/terminal/LED1.K
choice=166:block.channel-b-load.endpoint.RLOAD_1.component|token|tsj-realization-v1/controlled-indicator@1/channel-b-load/resistor-led-load@2/resistor-led-load@2/component/RLOAD
choice=166:block.channel-b-load.endpoint.RLOAD_1.terminal|token|tsj-realization-v1/controlled-indicator@1/channel-b-load/resistor-led-load@2/resistor-led-load@2/terminal/RLOAD.1
choice=166:block.channel-b-load.endpoint.RLOAD_2.component|token|tsj-realization-v1/controlled-indicator@1/channel-b-load/resistor-led-load@2/resistor-led-load@2/component/RLOAD
choice=166:block.channel-b-load.endpoint.RLOAD_2.terminal|token|tsj-realization-v1/controlled-indicator@1/channel-b-load/resistor-led-load@2/resistor-led-load@2/terminal/RLOAD.2
choice=488:block.channel-b-load.endpoints|ids|tsj-realization-v1/controlled-indicator@1/channel-b-load/resistor-led-load@2/resistor-led-load@2/endpoint/LED1_A,tsj-realization-v1/controlled-indicator@1/channel-b-load/resistor-led-load@2/resistor-led-load@2/endpoint/LED1_K,tsj-realization-v1/controlled-indicator@1/channel-b-load/resistor-led-load@2/resistor-led-load@2/endpoint/RLOAD_1,tsj-realization-v1/controlled-indicator@1/channel-b-load/resistor-led-load@2/resistor-led-load@2/endpoint/RLOAD_2
choice=159:block.channel-b-load.net.LED_NODE.conductor|token|tsj-realization-v1/controlled-indicator@1/channel-b-load/resistor-led-load@2/resistor-led-load@2/net/LED_NODE
choice=95:block.channel-b-load.net.RETURN.conductor|token|tsj-bus-v1/controlled-indicator@1/common-return
choice=94:block.channel-b-load.net.SUPPLY.conductor|token|tsj-bus-v1/controlled-indicator@1/power-supply
choice=114:block.channel-b-load.net.SWITCHED_LOAD.conductor|token|tsj-bus-v1/controlled-indicator@1/channel-b-switched-output
choice=470:block.channel-b-load.nets|ids|tsj-realization-v1/controlled-indicator@1/channel-b-load/resistor-led-load@2/resistor-led-load@2/net/LED_NODE,tsj-realization-v1/controlled-indicator@1/channel-b-load/resistor-led-load@2/resistor-led-load@2/net/RETURN,tsj-realization-v1/controlled-indicator@1/channel-b-load/resistor-led-load@2/resistor-led-load@2/net/SUPPLY,tsj-realization-v1/controlled-indicator@1/channel-b-load/resistor-led-load@2/resistor-led-load@2/net/SWITCHED_LOAD
choice=159:block.channel-b-load.pad.LED1.A.endpoint|token|tsj-realization-v1/controlled-indicator@1/channel-b-load/resistor-led-load@2/resistor-led-load@2/endpoint/LED1_A
choice=151:block.channel-b-load.pad.LED1.A.net|token|tsj-realization-v1/controlled-indicator@1/channel-b-load/resistor-led-load@2/resistor-led-load@2/net/LED_NODE
choice=159:block.channel-b-load.pad.LED1.K.endpoint|token|tsj-realization-v1/controlled-indicator@1/channel-b-load/resistor-led-load@2/resistor-led-load@2/endpoint/LED1_K
choice=101:block.channel-b-load.pad.LED1.K.net|token|tsj-bus-v1/controlled-indicator@1/channel-b-switched-output
choice=161:block.channel-b-load.pad.RLOAD.1.endpoint|token|tsj-realization-v1/controlled-indicator@1/channel-b-load/resistor-led-load@2/resistor-led-load@2/endpoint/RLOAD_1
choice=89:block.channel-b-load.pad.RLOAD.1.net|token|tsj-bus-v1/controlled-indicator@1/power-supply
choice=161:block.channel-b-load.pad.RLOAD.2.endpoint|token|tsj-realization-v1/controlled-indicator@1/channel-b-load/resistor-led-load@2/resistor-led-load@2/endpoint/RLOAD_2
choice=152:block.channel-b-load.pad.RLOAD.2.net|token|tsj-realization-v1/controlled-indicator@1/channel-b-load/resistor-led-load@2/resistor-led-load@2/net/LED_NODE
choice=463:block.channel-b-load.pads|ids|tsj-realization-v1/controlled-indicator@1/channel-b-load/resistor-led-load@2/resistor-led-load@2/pad/LED1.A,tsj-realization-v1/controlled-indicator@1/channel-b-load/resistor-led-load@2/resistor-led-load@2/pad/LED1.K,tsj-realization-v1/controlled-indicator@1/channel-b-load/resistor-led-load@2/resistor-led-load@2/pad/RLOAD.1,tsj-realization-v1/controlled-indicator@1/channel-b-load/resistor-led-load@2/resistor-led-load@2/pad/RLOAD.2
choice=67:block.channel-b-load.parameter.functional-role|token|indicator-load
choice=71:block.channel-b-load.parameter.led-vf-max-volts|number|4000000000000000
choice=71:block.channel-b-load.parameter.led-vf-min-volts|number|3ff999999999999a
choice=54:block.channel-b-load.parameter.model|token|default-led
choice=59:block.channel-b-load.parameter.package|token|AXIAL_RESISTOR
choice=69:block.channel-b-load.parameter.policy|token|controlled-led-load-e12@1
choice=76:block.channel-b-load.parameter.power-headroom-factor|number|4000000000000000
choice=75:block.channel-b-load.parameter.sink-headroom-factor|number|3ff4000000000000
choice=78:block.channel-b-load.parameter.target-min-current-amps|number|3f747ae147ae147b
choice=73:block.channel-b-load.parameter.tolerance-fraction|number|3fa999999999999a
choice=157:block.channel-b-load.port.RETURN.attachment|token|tsj-realization-v1/controlled-indicator@1/channel-b-load/resistor-led-load@2/resistor-led-load@2/net/RETURN
choice=152:block.channel-b-load.port.RETURN.role|token|tsj-realization-v1/controlled-indicator@1/channel-b-load/resistor-led-load@2/resistor-led-load@2/role/return
choice=158:block.channel-b-load.port.SUPPLY.attachment|token|tsj-realization-v1/controlled-indicator@1/channel-b-load/resistor-led-load@2/resistor-led-load@2/pad/RLOAD.1
choice=152:block.channel-b-load.port.SUPPLY.role|token|tsj-realization-v1/controlled-indicator@1/channel-b-load/resistor-led-load@2/resistor-led-load@2/role/supply
choice=164:block.channel-b-load.port.SWITCHED_LOAD.attachment|token|tsj-realization-v1/controlled-indicator@1/channel-b-load/resistor-led-load@2/resistor-led-load@2/pad/LED1.K
choice=161:block.channel-b-load.port.SWITCHED_LOAD.role|token|tsj-realization-v1/controlled-indicator@1/channel-b-load/resistor-led-load@2/resistor-led-load@2/role/switched
choice=364:block.channel-b-load.ports|ids|tsj-realization-v1/controlled-indicator@1/channel-b-load/resistor-led-load@2/resistor-led-load@2/port/RETURN,tsj-realization-v1/controlled-indicator@1/channel-b-load/resistor-led-load@2/resistor-led-load@2/port/SUPPLY,tsj-realization-v1/controlled-indicator@1/channel-b-load/resistor-led-load@2/resistor-led-load@2/port/SWITCHED_LOAD
choice=372:block.channel-b-load.role.ledNode.members|ids|tsj-realization-v1/controlled-indicator@1/channel-b-load/resistor-led-load@2/resistor-led-load@2/net/LED_NODE,tsj-realization-v1/controlled-indicator@1/channel-b-load/resistor-led-load@2/resistor-led-load@2/pad/LED1.A,tsj-realization-v1/controlled-indicator@1/channel-b-load/resistor-led-load@2/resistor-led-load@2/pad/RLOAD.2
choice=60:block.channel-b-load.role.ledNode.requirement|token|REQUIRED
choice=152:block.channel-b-load.role.return.members|ids|tsj-realization-v1/controlled-indicator@1/channel-b-load/resistor-led-load@2/resistor-led-load@2/net/RETURN
choice=59:block.channel-b-load.role.return.requirement|token|REQUIRED
choice=261:block.channel-b-load.role.supply.members|ids|tsj-realization-v1/controlled-indicator@1/channel-b-load/resistor-led-load@2/resistor-led-load@2/net/SUPPLY,tsj-realization-v1/controlled-indicator@1/channel-b-load/resistor-led-load@2/resistor-led-load@2/pad/RLOAD.1
choice=59:block.channel-b-load.role.supply.requirement|token|REQUIRED
choice=269:block.channel-b-load.role.switched.members|ids|tsj-realization-v1/controlled-indicator@1/channel-b-load/resistor-led-load@2/resistor-led-load@2/net/SWITCHED_LOAD,tsj-realization-v1/controlled-indicator@1/channel-b-load/resistor-led-load@2/resistor-led-load@2/pad/LED1.K
choice=61:block.channel-b-load.role.switched.requirement|token|REQUIRED
choice=469:block.channel-b-load.roles|ids|tsj-realization-v1/controlled-indicator@1/channel-b-load/resistor-led-load@2/resistor-led-load@2/role/ledNode,tsj-realization-v1/controlled-indicator@1/channel-b-load/resistor-led-load@2/resistor-led-load@2/role/return,tsj-realization-v1/controlled-indicator@1/channel-b-load/resistor-led-load@2/resistor-led-load@2/role/supply,tsj-realization-v1/controlled-indicator@1/channel-b-load/resistor-led-load@2/resistor-led-load@2/role/switched
choice=51:block.channel-b-load.type|token|resistor-led-load@2
choice=262:block.power-adapter.component.J1.terminals|ids|tsj-realization-v1/controlled-indicator@1/power-adapter/external-adapter@1/external-adapter@1/terminal/J1.1,tsj-realization-v1/controlled-indicator@1/power-adapter/external-adapter@1/external-adapter@1/terminal/J1.2
choice=55:block.power-adapter.component.J1.type|token|CONNECTOR_2
choice=141:block.power-adapter.components|ids|tsj-realization-v1/controlled-indicator@1/power-adapter/external-adapter@1/external-adapter@1/component/J1
choice=156:block.power-adapter.endpoint.J1_1.component|token|tsj-realization-v1/controlled-indicator@1/power-adapter/external-adapter@1/external-adapter@1/component/J1
choice=156:block.power-adapter.endpoint.J1_1.terminal|token|tsj-realization-v1/controlled-indicator@1/power-adapter/external-adapter@1/external-adapter@1/terminal/J1.1
choice=156:block.power-adapter.endpoint.J1_2.component|token|tsj-realization-v1/controlled-indicator@1/power-adapter/external-adapter@1/external-adapter@1/component/J1
choice=156:block.power-adapter.endpoint.J1_2.terminal|token|tsj-realization-v1/controlled-indicator@1/power-adapter/external-adapter@1/external-adapter@1/terminal/J1.2
choice=249:block.power-adapter.endpoints|ids|tsj-realization-v1/controlled-indicator@1/power-adapter/external-adapter@1/external-adapter@1/endpoint/J1_1,tsj-realization-v1/controlled-indicator@1/power-adapter/external-adapter@1/external-adapter@1/endpoint/J1_2
choice=93:block.power-adapter.net.OUTPUT.conductor|token|tsj-bus-v1/controlled-indicator@1/power-supply
choice=94:block.power-adapter.net.RETURN.conductor|token|tsj-bus-v1/controlled-indicator@1/common-return
choice=238:block.power-adapter.nets|ids|tsj-realization-v1/controlled-indicator@1/power-adapter/external-adapter@1/external-adapter@1/net/OUTPUT,tsj-realization-v1/controlled-indicator@1/power-adapter/external-adapter@1/external-adapter@1/net/RETURN
choice=151:block.power-adapter.pad.J1.1.endpoint|token|tsj-realization-v1/controlled-indicator@1/power-adapter/external-adapter@1/external-adapter@1/endpoint/J1_1
choice=85:block.power-adapter.pad.J1.1.net|token|tsj-bus-v1/controlled-indicator@1/power-supply
choice=151:block.power-adapter.pad.J1.2.endpoint|token|tsj-realization-v1/controlled-indicator@1/power-adapter/external-adapter@1/external-adapter@1/endpoint/J1_2
choice=86:block.power-adapter.pad.J1.2.net|token|tsj-bus-v1/controlled-indicator@1/common-return
choice=234:block.power-adapter.pads|ids|tsj-realization-v1/controlled-indicator@1/power-adapter/external-adapter@1/external-adapter@1/pad/J1.1,tsj-realization-v1/controlled-indicator@1/power-adapter/external-adapter@1/external-adapter@1/pad/J1.2
choice=65:block.power-adapter.parameter.external-input|token|LOAD_VIN_INPUT
choice=154:block.power-adapter.port.POWER_OUT.attachment|token|tsj-realization-v1/controlled-indicator@1/power-adapter/external-adapter@1/external-adapter@1/pad/J1.1
choice=151:block.power-adapter.port.POWER_OUT.role|token|tsj-realization-v1/controlled-indicator@1/power-adapter/external-adapter@1/external-adapter@1/role/output
choice=153:block.power-adapter.port.RETURN.attachment|token|tsj-realization-v1/controlled-indicator@1/power-adapter/external-adapter@1/external-adapter@1/net/RETURN
choice=148:block.power-adapter.port.RETURN.role|token|tsj-realization-v1/controlled-indicator@1/power-adapter/external-adapter@1/external-adapter@1/role/return
choice=244:block.power-adapter.ports|ids|tsj-realization-v1/controlled-indicator@1/power-adapter/external-adapter@1/external-adapter@1/port/POWER_OUT,tsj-realization-v1/controlled-indicator@1/power-adapter/external-adapter@1/external-adapter@1/port/RETURN
choice=359:block.power-adapter.role.output.members|ids|tsj-realization-v1/controlled-indicator@1/power-adapter/external-adapter@1/external-adapter@1/endpoint/J1_1,tsj-realization-v1/controlled-indicator@1/power-adapter/external-adapter@1/external-adapter@1/net/OUTPUT,tsj-realization-v1/controlled-indicator@1/power-adapter/external-adapter@1/external-adapter@1/pad/J1.1
choice=58:block.power-adapter.role.output.requirement|token|REQUIRED
choice=359:block.power-adapter.role.return.members|ids|tsj-realization-v1/controlled-indicator@1/power-adapter/external-adapter@1/external-adapter@1/endpoint/J1_2,tsj-realization-v1/controlled-indicator@1/power-adapter/external-adapter@1/external-adapter@1/net/RETURN,tsj-realization-v1/controlled-indicator@1/power-adapter/external-adapter@1/external-adapter@1/pad/J1.2
choice=58:block.power-adapter.role.return.requirement|token|REQUIRED
choice=241:block.power-adapter.roles|ids|tsj-realization-v1/controlled-indicator@1/power-adapter/external-adapter@1/external-adapter@1/role/output,tsj-realization-v1/controlled-indicator@1/power-adapter/external-adapter@1/external-adapter@1/role/return
choice=49:block.power-adapter.type|token|external-adapter@1
choice=309:block.supply-indicator.component.LED1.terminals|ids|tsj-realization-v1/controlled-indicator@1/supply-indicator/supply-present-indicator@1/supply-present-indicator@1/terminal/LED1.A,tsj-realization-v1/controlled-indicator@1/supply-indicator/supply-present-indicator@1/supply-present-indicator@1/terminal/LED1.K
choice=52:block.supply-indicator.component.LED1.type|token|LED
choice=309:block.supply-indicator.component.RSUP.terminals|ids|tsj-realization-v1/controlled-indicator@1/supply-indicator/supply-present-indicator@1/supply-present-indicator@1/terminal/RSUP.1,tsj-realization-v1/controlled-indicator@1/supply-indicator/supply-present-indicator@1/supply-present-indicator@1/terminal/RSUP.2
choice=57:block.supply-indicator.component.RSUP.type|token|RESISTOR
choice=293:block.supply-indicator.components|ids|tsj-realization-v1/controlled-indicator@1/supply-indicator/supply-present-indicator@1/supply-present-indicator@1/component/LED1,tsj-realization-v1/controlled-indicator@1/supply-indicator/supply-present-indicator@1/supply-present-indicator@1/component/RSUP
choice=182:block.supply-indicator.endpoint.LED1_A.component|token|tsj-realization-v1/controlled-indicator@1/supply-indicator/supply-present-indicator@1/supply-present-indicator@1/component/LED1
choice=182:block.supply-indicator.endpoint.LED1_A.terminal|token|tsj-realization-v1/controlled-indicator@1/supply-indicator/supply-present-indicator@1/supply-present-indicator@1/terminal/LED1.A
choice=182:block.supply-indicator.endpoint.LED1_K.component|token|tsj-realization-v1/controlled-indicator@1/supply-indicator/supply-present-indicator@1/supply-present-indicator@1/component/LED1
choice=182:block.supply-indicator.endpoint.LED1_K.terminal|token|tsj-realization-v1/controlled-indicator@1/supply-indicator/supply-present-indicator@1/supply-present-indicator@1/terminal/LED1.K
choice=182:block.supply-indicator.endpoint.RSUP_1.component|token|tsj-realization-v1/controlled-indicator@1/supply-indicator/supply-present-indicator@1/supply-present-indicator@1/component/RSUP
choice=182:block.supply-indicator.endpoint.RSUP_1.terminal|token|tsj-realization-v1/controlled-indicator@1/supply-indicator/supply-present-indicator@1/supply-present-indicator@1/terminal/RSUP.1
choice=182:block.supply-indicator.endpoint.RSUP_2.component|token|tsj-realization-v1/controlled-indicator@1/supply-indicator/supply-present-indicator@1/supply-present-indicator@1/component/RSUP
choice=182:block.supply-indicator.endpoint.RSUP_2.terminal|token|tsj-realization-v1/controlled-indicator@1/supply-indicator/supply-present-indicator@1/supply-present-indicator@1/terminal/RSUP.2
choice=552:block.supply-indicator.endpoints|ids|tsj-realization-v1/controlled-indicator@1/supply-indicator/supply-present-indicator@1/supply-present-indicator@1/endpoint/LED1_A,tsj-realization-v1/controlled-indicator@1/supply-indicator/supply-present-indicator@1/supply-present-indicator@1/endpoint/LED1_K,tsj-realization-v1/controlled-indicator@1/supply-indicator/supply-present-indicator@1/supply-present-indicator@1/endpoint/RSUP_1,tsj-realization-v1/controlled-indicator@1/supply-indicator/supply-present-indicator@1/supply-present-indicator@1/endpoint/RSUP_2
choice=177:block.supply-indicator.net.LED_NODE.conductor|token|tsj-realization-v1/controlled-indicator@1/supply-indicator/supply-present-indicator@1/supply-present-indicator@1/net/LED_NODE
choice=97:block.supply-indicator.net.RETURN.conductor|token|tsj-bus-v1/controlled-indicator@1/common-return
choice=96:block.supply-indicator.net.SUPPLY.conductor|token|tsj-bus-v1/controlled-indicator@1/power-supply
choice=405:block.supply-indicator.nets|ids|tsj-realization-v1/controlled-indicator@1/supply-indicator/supply-present-indicator@1/supply-present-indicator@1/net/LED_NODE,tsj-realization-v1/controlled-indicator@1/supply-indicator/supply-present-indicator@1/supply-present-indicator@1/net/RETURN,tsj-realization-v1/controlled-indicator@1/supply-indicator/supply-present-indicator@1/supply-present-indicator@1/net/SUPPLY
choice=177:block.supply-indicator.pad.LED1.A.endpoint|token|tsj-realization-v1/controlled-indicator@1/supply-indicator/supply-present-indicator@1/supply-present-indicator@1/endpoint/LED1_A
choice=169:block.supply-indicator.pad.LED1.A.net|token|tsj-realization-v1/controlled-indicator@1/supply-indicator/supply-present-indicator@1/supply-present-indicator@1/net/LED_NODE
choice=177:block.supply-indicator.pad.LED1.K.endpoint|token|tsj-realization-v1/controlled-indicator@1/supply-indicator/supply-present-indicator@1/supply-present-indicator@1/endpoint/LED1_K
choice=91:block.supply-indicator.pad.LED1.K.net|token|tsj-bus-v1/controlled-indicator@1/common-return
choice=177:block.supply-indicator.pad.RSUP.1.endpoint|token|tsj-realization-v1/controlled-indicator@1/supply-indicator/supply-present-indicator@1/supply-present-indicator@1/endpoint/RSUP_1
choice=90:block.supply-indicator.pad.RSUP.1.net|token|tsj-bus-v1/controlled-indicator@1/power-supply
choice=177:block.supply-indicator.pad.RSUP.2.endpoint|token|tsj-realization-v1/controlled-indicator@1/supply-indicator/supply-present-indicator@1/supply-present-indicator@1/endpoint/RSUP_2
choice=169:block.supply-indicator.pad.RSUP.2.net|token|tsj-realization-v1/controlled-indicator@1/supply-indicator/supply-present-indicator@1/supply-present-indicator@1/net/LED_NODE
choice=527:block.supply-indicator.pads|ids|tsj-realization-v1/controlled-indicator@1/supply-indicator/supply-present-indicator@1/supply-present-indicator@1/pad/LED1.A,tsj-realization-v1/controlled-indicator@1/supply-indicator/supply-present-indicator@1/supply-present-indicator@1/pad/LED1.K,tsj-realization-v1/controlled-indicator@1/supply-indicator/supply-present-indicator@1/supply-present-indicator@1/pad/RSUP.1,tsj-realization-v1/controlled-indicator@1/supply-indicator/supply-present-indicator@1/supply-present-indicator@1/pad/RSUP.2
choice=71:block.supply-indicator.parameter.functional-role|token|supply-indicator
choice=81:block.supply-indicator.parameter.healthy-current-max-amps|number|3f70624dd2f1a9fc
choice=81:block.supply-indicator.parameter.healthy-current-min-amps|number|3f60624dd2f1a9fc
choice=56:block.supply-indicator.parameter.model|token|default-led
choice=79:block.supply-indicator.parameter.series-resistance-ohms|number|408f400000000000
choice=79:block.supply-indicator.parameter.supply-demand-max-amps|number|3f747ae147ae147b
choice=175:block.supply-indicator.port.RETURN.attachment|token|tsj-realization-v1/controlled-indicator@1/supply-indicator/supply-present-indicator@1/supply-present-indicator@1/net/RETURN
choice=170:block.supply-indicator.port.RETURN.role|token|tsj-realization-v1/controlled-indicator@1/supply-indicator/supply-present-indicator@1/supply-present-indicator@1/role/return
choice=175:block.supply-indicator.port.SUPPLY.attachment|token|tsj-realization-v1/controlled-indicator@1/supply-indicator/supply-present-indicator@1/supply-present-indicator@1/pad/RSUP.1
choice=170:block.supply-indicator.port.SUPPLY.role|token|tsj-realization-v1/controlled-indicator@1/supply-indicator/supply-present-indicator@1/supply-present-indicator@1/role/supply
choice=282:block.supply-indicator.ports|ids|tsj-realization-v1/controlled-indicator@1/supply-indicator/supply-present-indicator@1/supply-present-indicator@1/port/RETURN,tsj-realization-v1/controlled-indicator@1/supply-indicator/supply-present-indicator@1/supply-present-indicator@1/port/SUPPLY
choice=421:block.supply-indicator.role.ledNode.members|ids|tsj-realization-v1/controlled-indicator@1/supply-indicator/supply-present-indicator@1/supply-present-indicator@1/net/LED_NODE,tsj-realization-v1/controlled-indicator@1/supply-indicator/supply-present-indicator@1/supply-present-indicator@1/pad/LED1.A,tsj-realization-v1/controlled-indicator@1/supply-indicator/supply-present-indicator@1/supply-present-indicator@1/pad/RSUP.2
choice=62:block.supply-indicator.role.ledNode.requirement|token|REQUIRED
choice=294:block.supply-indicator.role.return.members|ids|tsj-realization-v1/controlled-indicator@1/supply-indicator/supply-present-indicator@1/supply-present-indicator@1/net/RETURN,tsj-realization-v1/controlled-indicator@1/supply-indicator/supply-present-indicator@1/supply-present-indicator@1/pad/LED1.K
choice=61:block.supply-indicator.role.return.requirement|token|REQUIRED
choice=294:block.supply-indicator.role.supply.members|ids|tsj-realization-v1/controlled-indicator@1/supply-indicator/supply-present-indicator@1/supply-present-indicator@1/net/SUPPLY,tsj-realization-v1/controlled-indicator@1/supply-indicator/supply-present-indicator@1/supply-present-indicator@1/pad/RSUP.1
choice=61:block.supply-indicator.role.supply.requirement|token|REQUIRED
choice=408:block.supply-indicator.roles|ids|tsj-realization-v1/controlled-indicator@1/supply-indicator/supply-present-indicator@1/supply-present-indicator@1/role/ledNode,tsj-realization-v1/controlled-indicator@1/supply-indicator/supply-present-indicator@1/supply-present-indicator@1/role/return,tsj-realization-v1/controlled-indicator@1/supply-indicator/supply-present-indicator@1/supply-present-indicator@1/role/supply
choice=60:block.supply-indicator.type|token|supply-present-indicator@1
choice=275:bus.declaration.channel-a-control-input.anchors|ids|tsj-realization-v1/controlled-indicator@1/channel-a-control/external-adapter@1/external-adapter@1/net/OUTPUT,tsj-realization-v1/controlled-indicator@1/channel-a-driver/npn-low-side-driver@1/npn-low-side-driver@1/net/CONTROL
choice=110:bus.declaration.channel-a-control-input.bus-id|token|tsj-bus-v1/controlled-indicator@1/channel-a-control-input
choice=68:bus.declaration.channel-a-control-input.external-ref-count|integer|1
choice=93:bus.declaration.channel-a-control-input.external-ref.0|token|channel-a-control-power/positive
choice=82:bus.declaration.channel-a-control-input.semantic-key|token|channel-a-control-input
choice=289:bus.declaration.channel-a-switched-output.anchors|ids|tsj-realization-v1/controlled-indicator@1/channel-a-driver/npn-low-side-driver@1/npn-low-side-driver@1/net/SWITCHED_SINK,tsj-realization-v1/controlled-indicator@1/channel-a-load/resistor-led-load@2/resistor-led-load@2/net/SWITCHED_LOAD
choice=114:bus.declaration.channel-a-switched-output.bus-id|token|tsj-bus-v1/controlled-indicator@1/channel-a-switched-output
choice=70:bus.declaration.channel-a-switched-output.external-ref-count|integer|0
choice=86:bus.declaration.channel-a-switched-output.semantic-key|token|channel-a-switched-output
choice=275:bus.declaration.channel-b-control-input.anchors|ids|tsj-realization-v1/controlled-indicator@1/channel-b-control/external-adapter@1/external-adapter@1/net/OUTPUT,tsj-realization-v1/controlled-indicator@1/channel-b-driver/npn-low-side-driver@1/npn-low-side-driver@1/net/CONTROL
choice=110:bus.declaration.channel-b-control-input.bus-id|token|tsj-bus-v1/controlled-indicator@1/channel-b-control-input
choice=68:bus.declaration.channel-b-control-input.external-ref-count|integer|1
choice=93:bus.declaration.channel-b-control-input.external-ref.0|token|channel-b-control-power/positive
choice=82:bus.declaration.channel-b-control-input.semantic-key|token|channel-b-control-input
choice=289:bus.declaration.channel-b-switched-output.anchors|ids|tsj-realization-v1/controlled-indicator@1/channel-b-driver/npn-low-side-driver@1/npn-low-side-driver@1/net/SWITCHED_SINK,tsj-realization-v1/controlled-indicator@1/channel-b-load/resistor-led-load@2/resistor-led-load@2/net/SWITCHED_LOAD
choice=114:bus.declaration.channel-b-switched-output.bus-id|token|tsj-bus-v1/controlled-indicator@1/channel-b-switched-output
choice=70:bus.declaration.channel-b-switched-output.external-ref-count|integer|0
choice=86:bus.declaration.channel-b-switched-output.semantic-key|token|channel-b-switched-output
choice=932:bus.declaration.common-return.anchors|ids|tsj-realization-v1/controlled-indicator@1/channel-a-control/external-adapter@1/external-adapter@1/net/RETURN,tsj-realization-v1/controlled-indicator@1/channel-a-driver/npn-low-side-driver@1/npn-low-side-driver@1/net/RETURN,tsj-realization-v1/controlled-indicator@1/channel-a-load/resistor-led-load@2/resistor-led-load@2/net/RETURN,tsj-realization-v1/controlled-indicator@1/channel-b-control/external-adapter@1/external-adapter@1/net/RETURN,tsj-realization-v1/controlled-indicator@1/channel-b-driver/npn-low-side-driver@1/npn-low-side-driver@1/net/RETURN,tsj-realization-v1/controlled-indicator@1/channel-b-load/resistor-led-load@2/resistor-led-load@2/net/RETURN,tsj-realization-v1/controlled-indicator@1/power-adapter/external-adapter@1/external-adapter@1/net/RETURN,tsj-realization-v1/controlled-indicator@1/supply-indicator/supply-present-indicator@1/supply-present-indicator@1/net/RETURN
choice=90:bus.declaration.common-return.bus-id|token|tsj-bus-v1/controlled-indicator@1/common-return
choice=58:bus.declaration.common-return.external-ref-count|integer|3
choice=72:bus.declaration.common-return.external-ref.0|token|LOAD_VIN_INPUT/return
choice=81:bus.declaration.common-return.external-ref.1|token|channel-a-control-power/return
choice=81:bus.declaration.common-return.external-ref.2|token|channel-b-control-power/return
choice=62:bus.declaration.common-return.semantic-key|token|common-return
choice=485:bus.declaration.power-supply.anchors|ids|tsj-realization-v1/controlled-indicator@1/channel-a-load/resistor-led-load@2/resistor-led-load@2/net/SUPPLY,tsj-realization-v1/controlled-indicator@1/channel-b-load/resistor-led-load@2/resistor-led-load@2/net/SUPPLY,tsj-realization-v1/controlled-indicator@1/power-adapter/external-adapter@1/external-adapter@1/net/OUTPUT,tsj-realization-v1/controlled-indicator@1/supply-indicator/supply-present-indicator@1/supply-present-indicator@1/net/SUPPLY
choice=88:bus.declaration.power-supply.bus-id|token|tsj-bus-v1/controlled-indicator@1/power-supply
choice=57:bus.declaration.power-supply.external-ref-count|integer|1
choice=73:bus.declaration.power-supply.external-ref.0|token|LOAD_VIN_INPUT/positive
choice=60:bus.declaration.power-supply.semantic-key|token|power-supply
choice=297:bus.tsj-bus-v1/controlled-indicator@1/channel-a-control-input.aliases|ids|tsj-realization-v1/controlled-indicator@1/channel-a-control/external-adapter@1/external-adapter@1/net/OUTPUT,tsj-realization-v1/controlled-indicator@1/channel-a-driver/npn-low-side-driver@1/npn-low-side-driver@1/net/CONTROL
choice=311:bus.tsj-bus-v1/controlled-indicator@1/channel-a-switched-output.aliases|ids|tsj-realization-v1/controlled-indicator@1/channel-a-driver/npn-low-side-driver@1/npn-low-side-driver@1/net/SWITCHED_SINK,tsj-realization-v1/controlled-indicator@1/channel-a-load/resistor-led-load@2/resistor-led-load@2/net/SWITCHED_LOAD
choice=297:bus.tsj-bus-v1/controlled-indicator@1/channel-b-control-input.aliases|ids|tsj-realization-v1/controlled-indicator@1/channel-b-control/external-adapter@1/external-adapter@1/net/OUTPUT,tsj-realization-v1/controlled-indicator@1/channel-b-driver/npn-low-side-driver@1/npn-low-side-driver@1/net/CONTROL
choice=311:bus.tsj-bus-v1/controlled-indicator@1/channel-b-switched-output.aliases|ids|tsj-realization-v1/controlled-indicator@1/channel-b-driver/npn-low-side-driver@1/npn-low-side-driver@1/net/SWITCHED_SINK,tsj-realization-v1/controlled-indicator@1/channel-b-load/resistor-led-load@2/resistor-led-load@2/net/SWITCHED_LOAD
choice=954:bus.tsj-bus-v1/controlled-indicator@1/common-return.aliases|ids|tsj-realization-v1/controlled-indicator@1/channel-a-control/external-adapter@1/external-adapter@1/net/RETURN,tsj-realization-v1/controlled-indicator@1/channel-a-driver/npn-low-side-driver@1/npn-low-side-driver@1/net/RETURN,tsj-realization-v1/controlled-indicator@1/channel-a-load/resistor-led-load@2/resistor-led-load@2/net/RETURN,tsj-realization-v1/controlled-indicator@1/channel-b-control/external-adapter@1/external-adapter@1/net/RETURN,tsj-realization-v1/controlled-indicator@1/channel-b-driver/npn-low-side-driver@1/npn-low-side-driver@1/net/RETURN,tsj-realization-v1/controlled-indicator@1/channel-b-load/resistor-led-load@2/resistor-led-load@2/net/RETURN,tsj-realization-v1/controlled-indicator@1/power-adapter/external-adapter@1/external-adapter@1/net/RETURN,tsj-realization-v1/controlled-indicator@1/supply-indicator/supply-present-indicator@1/supply-present-indicator@1/net/RETURN
choice=507:bus.tsj-bus-v1/controlled-indicator@1/power-supply.aliases|ids|tsj-realization-v1/controlled-indicator@1/channel-a-load/resistor-led-load@2/resistor-led-load@2/net/SUPPLY,tsj-realization-v1/controlled-indicator@1/channel-b-load/resistor-led-load@2/resistor-led-load@2/net/SUPPLY,tsj-realization-v1/controlled-indicator@1/power-adapter/external-adapter@1/external-adapter@1/net/OUTPUT,tsj-realization-v1/controlled-indicator@1/supply-indicator/supply-present-indicator@1/supply-present-indicator@1/net/SUPPLY
choice=56:connection.channel-a-control-input.kind|token|CONDUCTIVE
choice=275:connection.channel-a-control-input.ports|ids|tsj-realization-v1/controlled-indicator@1/channel-a-control/external-adapter@1/external-adapter@1/port/CONTROL_OUT,tsj-realization-v1/controlled-indicator@1/channel-a-driver/npn-low-side-driver@1/npn-low-side-driver@1/port/CONTROL
choice=65:connection.channel-a-switched-output.kind|token|LOW_SIDE_SWITCHED
choice=284:connection.channel-a-switched-output.ports|ids|tsj-realization-v1/controlled-indicator@1/channel-a-driver/npn-low-side-driver@1/npn-low-side-driver@1/port/SWITCHED_SINK,tsj-realization-v1/controlled-indicator@1/channel-a-load/resistor-led-load@2/resistor-led-load@2/port/SWITCHED_LOAD
choice=68:connection.channel-a-switched-output.switched.active-high|token|true
choice=82:connection.channel-a-switched-output.switched.control-high|number|4013000000000000
choice=81:connection.channel-a-switched-output.switched.control-low|number|3fb999999999999a
choice=179:connection.channel-a-switched-output.switched.control-port|token|tsj-realization-v1/controlled-indicator@1/channel-a-control/external-adapter@1/external-adapter@1/port/CONTROL_OUT
choice=187:connection.channel-a-switched-output.switched.driver-control-port|token|tsj-realization-v1/controlled-indicator@1/channel-a-driver/npn-low-side-driver@1/npn-low-side-driver@1/port/CONTROL
choice=80:connection.channel-a-switched-output.switched.input-high|number|4010000000000000
choice=79:connection.channel-a-switched-output.switched.input-low|number|3fc999999999999a
choice=75:connection.channel-a-switched-output.switched.isolation|token|shared-return
choice=81:connection.channel-a-switched-output.switched.load-demand|number|3f90624dd2f1a9fc
choice=78:connection.channel-a-switched-output.switched.load-max|number|4016000000000000
choice=78:connection.channel-a-switched-output.switched.load-min|number|4012000000000000
choice=177:connection.channel-a-switched-output.switched.load-port|token|tsj-realization-v1/controlled-indicator@1/channel-a-load/resistor-led-load@2/resistor-led-load@2/port/SWITCHED_LOAD
choice=177:connection.channel-a-switched-output.switched.load-supply-port|token|tsj-realization-v1/controlled-indicator@1/channel-a-load/resistor-led-load@2/resistor-led-load@2/port/SUPPLY
choice=77:connection.channel-a-switched-output.switched.off-max|number|4016000000000000
choice=77:connection.channel-a-switched-output.switched.off-min|number|0000000000000000
choice=76:connection.channel-a-switched-output.switched.on-max|number|3fe999999999999a
choice=76:connection.channel-a-switched-output.switched.on-min|number|0000000000000000
choice=72:connection.channel-a-switched-output.switched.reference-net|token|RETURN
choice=502:connection.channel-a-switched-output.switched.return-ports|ids|tsj-realization-v1/controlled-indicator@1/channel-a-control/external-adapter@1/external-adapter@1/port/RETURN,tsj-realization-v1/controlled-indicator@1/channel-a-driver/npn-low-side-driver@1/npn-low-side-driver@1/port/RETURN,tsj-realization-v1/controlled-indicator@1/channel-a-load/resistor-led-load@2/resistor-led-load@2/port/RETURN,tsj-realization-v1/controlled-indicator@1/power-adapter/external-adapter@1/external-adapter@1/port/RETURN
choice=83:connection.channel-a-switched-output.switched.sink-capacity|number|3f947ae147ae147b
choice=183:connection.channel-a-switched-output.switched.sink-port|token|tsj-realization-v1/controlled-indicator@1/channel-a-driver/npn-low-side-driver@1/npn-low-side-driver@1/port/SWITCHED_SINK
choice=80:connection.channel-a-switched-output.switched.supply-max|number|4015000000000000
choice=80:connection.channel-a-switched-output.switched.supply-min|number|4013000000000000
choice=172:connection.channel-a-switched-output.switched.supply-port|token|tsj-realization-v1/controlled-indicator@1/power-adapter/external-adapter@1/external-adapter@1/port/POWER_OUT
choice=63:connection.channel-a-switched-output.switched.version|integer|2
choice=56:connection.channel-b-control-input.kind|token|CONDUCTIVE
choice=275:connection.channel-b-control-input.ports|ids|tsj-realization-v1/controlled-indicator@1/channel-b-control/external-adapter@1/external-adapter@1/port/CONTROL_OUT,tsj-realization-v1/controlled-indicator@1/channel-b-driver/npn-low-side-driver@1/npn-low-side-driver@1/port/CONTROL
choice=65:connection.channel-b-switched-output.kind|token|LOW_SIDE_SWITCHED
choice=284:connection.channel-b-switched-output.ports|ids|tsj-realization-v1/controlled-indicator@1/channel-b-driver/npn-low-side-driver@1/npn-low-side-driver@1/port/SWITCHED_SINK,tsj-realization-v1/controlled-indicator@1/channel-b-load/resistor-led-load@2/resistor-led-load@2/port/SWITCHED_LOAD
choice=68:connection.channel-b-switched-output.switched.active-high|token|true
choice=82:connection.channel-b-switched-output.switched.control-high|number|4013000000000000
choice=81:connection.channel-b-switched-output.switched.control-low|number|3fb999999999999a
choice=179:connection.channel-b-switched-output.switched.control-port|token|tsj-realization-v1/controlled-indicator@1/channel-b-control/external-adapter@1/external-adapter@1/port/CONTROL_OUT
choice=187:connection.channel-b-switched-output.switched.driver-control-port|token|tsj-realization-v1/controlled-indicator@1/channel-b-driver/npn-low-side-driver@1/npn-low-side-driver@1/port/CONTROL
choice=80:connection.channel-b-switched-output.switched.input-high|number|4010000000000000
choice=79:connection.channel-b-switched-output.switched.input-low|number|3fc999999999999a
choice=75:connection.channel-b-switched-output.switched.isolation|token|shared-return
choice=81:connection.channel-b-switched-output.switched.load-demand|number|3f90624dd2f1a9fc
choice=78:connection.channel-b-switched-output.switched.load-max|number|4016000000000000
choice=78:connection.channel-b-switched-output.switched.load-min|number|4012000000000000
choice=177:connection.channel-b-switched-output.switched.load-port|token|tsj-realization-v1/controlled-indicator@1/channel-b-load/resistor-led-load@2/resistor-led-load@2/port/SWITCHED_LOAD
choice=177:connection.channel-b-switched-output.switched.load-supply-port|token|tsj-realization-v1/controlled-indicator@1/channel-b-load/resistor-led-load@2/resistor-led-load@2/port/SUPPLY
choice=77:connection.channel-b-switched-output.switched.off-max|number|4016000000000000
choice=77:connection.channel-b-switched-output.switched.off-min|number|0000000000000000
choice=76:connection.channel-b-switched-output.switched.on-max|number|3fe999999999999a
choice=76:connection.channel-b-switched-output.switched.on-min|number|0000000000000000
choice=72:connection.channel-b-switched-output.switched.reference-net|token|RETURN
choice=502:connection.channel-b-switched-output.switched.return-ports|ids|tsj-realization-v1/controlled-indicator@1/channel-b-control/external-adapter@1/external-adapter@1/port/RETURN,tsj-realization-v1/controlled-indicator@1/channel-b-driver/npn-low-side-driver@1/npn-low-side-driver@1/port/RETURN,tsj-realization-v1/controlled-indicator@1/channel-b-load/resistor-led-load@2/resistor-led-load@2/port/RETURN,tsj-realization-v1/controlled-indicator@1/power-adapter/external-adapter@1/external-adapter@1/port/RETURN
choice=83:connection.channel-b-switched-output.switched.sink-capacity|number|3f947ae147ae147b
choice=183:connection.channel-b-switched-output.switched.sink-port|token|tsj-realization-v1/controlled-indicator@1/channel-b-driver/npn-low-side-driver@1/npn-low-side-driver@1/port/SWITCHED_SINK
choice=80:connection.channel-b-switched-output.switched.supply-max|number|4015000000000000
choice=80:connection.channel-b-switched-output.switched.supply-min|number|4013000000000000
choice=172:connection.channel-b-switched-output.switched.supply-port|token|tsj-realization-v1/controlled-indicator@1/power-adapter/external-adapter@1/external-adapter@1/port/POWER_OUT
choice=63:connection.channel-b-switched-output.switched.version|integer|2
choice=46:connection.common-return.kind|token|CONDUCTIVE
choice=933:connection.common-return.ports|ids|tsj-realization-v1/controlled-indicator@1/channel-a-control/external-adapter@1/external-adapter@1/port/RETURN,tsj-realization-v1/controlled-indicator@1/channel-a-driver/npn-low-side-driver@1/npn-low-side-driver@1/port/RETURN,tsj-realization-v1/controlled-indicator@1/channel-a-load/resistor-led-load@2/resistor-led-load@2/port/RETURN,tsj-realization-v1/controlled-indicator@1/channel-b-control/external-adapter@1/external-adapter@1/port/RETURN,tsj-realization-v1/controlled-indicator@1/channel-b-driver/npn-low-side-driver@1/npn-low-side-driver@1/port/RETURN,tsj-realization-v1/controlled-indicator@1/channel-b-load/resistor-led-load@2/resistor-led-load@2/port/RETURN,tsj-realization-v1/controlled-indicator@1/power-adapter/external-adapter@1/external-adapter@1/port/RETURN,tsj-realization-v1/controlled-indicator@1/supply-indicator/supply-present-indicator@1/supply-present-indicator@1/port/RETURN
choice=45:connection.power-supply.kind|token|CONDUCTIVE
choice=485:connection.power-supply.ports|ids|tsj-realization-v1/controlled-indicator@1/channel-a-load/resistor-led-load@2/resistor-led-load@2/port/SUPPLY,tsj-realization-v1/controlled-indicator@1/channel-b-load/resistor-led-load@2/resistor-led-load@2/port/SUPPLY,tsj-realization-v1/controlled-indicator@1/power-adapter/external-adapter@1/external-adapter@1/port/POWER_OUT,tsj-realization-v1/controlled-indicator@1/supply-indicator/supply-present-indicator@1/supply-present-indicator@1/port/SUPPLY
choice=109:construction.bridge.channel-a-control-input.channel-a-driver.first|token|device/channel-a-control.CONNECTOR.2
choice=95:construction.bridge.channel-a-control-input.channel-a-driver.join|token|channel-a-control-input
choice=107:construction.bridge.channel-a-control-input.channel-a-driver.second|token|channel-a-driver/RB_INPUT_TRACE.2
choice=94:construction.bridge.channel-a-switched-output.channel-a-load.first|token|channel-a-driver/Q1.C
choice=97:construction.bridge.channel-a-switched-output.channel-a-load.join|token|channel-a-switched-output
choice=95:construction.bridge.channel-a-switched-output.channel-a-load.second|token|channel-a-load/LED1.K
choice=109:construction.bridge.channel-b-control-input.channel-b-driver.first|token|device/channel-b-control.CONNECTOR.2
choice=95:construction.bridge.channel-b-control-input.channel-b-driver.join|token|channel-b-control-input
choice=107:construction.bridge.channel-b-control-input.channel-b-driver.second|token|channel-b-driver/RB_INPUT_TRACE.2
choice=94:construction.bridge.channel-b-switched-output.channel-b-load.first|token|channel-b-driver/Q1.C
choice=97:construction.bridge.channel-b-switched-output.channel-b-load.join|token|channel-b-switched-output
choice=95:construction.bridge.channel-b-switched-output.channel-b-load.second|token|channel-b-load/LED1.K
choice=78:construction.bridge.common-return.channel-a-driver.first|token|device/GROUND.1
choice=75:construction.bridge.common-return.channel-a-driver.join|token|common-return
choice=85:construction.bridge.common-return.channel-a-driver.second|token|channel-a-driver/Q1.E
choice=78:construction.bridge.common-return.channel-b-driver.first|token|device/GROUND.1
choice=75:construction.bridge.common-return.channel-b-driver.join|token|common-return
choice=85:construction.bridge.common-return.channel-b-driver.second|token|channel-b-driver/Q1.E
choice=78:construction.bridge.common-return.supply-indicator.first|token|device/GROUND.1
choice=75:construction.bridge.common-return.supply-indicator.join|token|common-return
choice=87:construction.bridge.common-return.supply-indicator.second|token|supply-indicator/LED1.K
choice=94:construction.bridge.power-supply.channel-b-load.first|token|channel-a-load/RLOAD_INPUT_TRACE.2
choice=71:construction.bridge.power-supply.channel-b-load.join|token|power-supply
choice=95:construction.bridge.power-supply.channel-b-load.second|token|channel-b-load/RLOAD_INPUT_TRACE.2
choice=93:construction.bridge.power-supply.power-adapter.first|token|channel-a-load/RLOAD_INPUT_TRACE.2
choice=70:construction.bridge.power-supply.power-adapter.join|token|power-supply
choice=92:construction.bridge.power-supply.power-adapter.second|token|device/power-adapter.CONNECTOR.2
choice=96:construction.bridge.power-supply.supply-indicator.first|token|channel-a-load/RLOAD_INPUT_TRACE.2
choice=73:construction.bridge.power-supply.supply-indicator.join|token|power-supply
choice=86:construction.bridge.power-supply.supply-indicator.second|token|supply-indicator/RSUP.1
choice=174:construction.pad.tsj-realization-v1/controlled-indicator@1/channel-a-control/external-adapter@1/external-adapter@1/pad/J2.1.backing|token|device/channel-a-control.CONNECTOR.2
choice=153:construction.pad.tsj-realization-v1/controlled-indicator@1/channel-a-control/external-adapter@1/external-adapter@1/pad/J2.2.backing|token|device/GROUND.1
choice=164:construction.pad.tsj-realization-v1/controlled-indicator@1/channel-a-driver/npn-low-side-driver@1/npn-low-side-driver@1/pad/Q1.B.backing|token|channel-a-driver/Q1.B
choice=164:construction.pad.tsj-realization-v1/controlled-indicator@1/channel-a-driver/npn-low-side-driver@1/npn-low-side-driver@1/pad/Q1.C.backing|token|channel-a-driver/Q1.C
choice=164:construction.pad.tsj-realization-v1/controlled-indicator@1/channel-a-driver/npn-low-side-driver@1/npn-low-side-driver@1/pad/Q1.E.backing|token|channel-a-driver/Q1.E
choice=165:construction.pad.tsj-realization-v1/controlled-indicator@1/channel-a-driver/npn-low-side-driver@1/npn-low-side-driver@1/pad/RB.1.attachment|token|RB_FIRST_ATTACHMENT
choice=176:construction.pad.tsj-realization-v1/controlled-indicator@1/channel-a-driver/npn-low-side-driver@1/npn-low-side-driver@1/pad/RB.1.backing|token|channel-a-driver/RB_INPUT_TRACE.2
choice=166:construction.pad.tsj-realization-v1/controlled-indicator@1/channel-a-driver/npn-low-side-driver@1/npn-low-side-driver@1/pad/RB.2.attachment|token|RB_SECOND_ATTACHMENT
choice=180:construction.pad.tsj-realization-v1/controlled-indicator@1/channel-a-driver/npn-low-side-driver@1/npn-low-side-driver@1/pad/RB.2.backing|token|channel-a-driver/CONTROL_NODE_TRACE.1
choice=166:construction.pad.tsj-realization-v1/controlled-indicator@1/channel-a-driver/npn-low-side-driver@1/npn-low-side-driver@1/pad/RPD.1.backing|token|channel-a-driver/RPD.1
choice=166:construction.pad.tsj-realization-v1/controlled-indicator@1/channel-a-driver/npn-low-side-driver@1/npn-low-side-driver@1/pad/RPD.2.backing|token|channel-a-driver/RPD.2
choice=160:construction.pad.tsj-realization-v1/controlled-indicator@1/channel-a-load/resistor-led-load@2/resistor-led-load@2/pad/LED1.A.backing|token|channel-a-load/LED1.A
choice=160:construction.pad.tsj-realization-v1/controlled-indicator@1/channel-a-load/resistor-led-load@2/resistor-led-load@2/pad/LED1.K.backing|token|channel-a-load/LED1.K
choice=165:construction.pad.tsj-realization-v1/controlled-indicator@1/channel-a-load/resistor-led-load@2/resistor-led-load@2/pad/RLOAD.1.attachment|token|RLOAD_FIRST_ATTACHMENT
choice=174:construction.pad.tsj-realization-v1/controlled-indicator@1/channel-a-load/resistor-led-load@2/resistor-led-load@2/pad/RLOAD.1.backing|token|channel-a-load/RLOAD_INPUT_TRACE.2
choice=166:construction.pad.tsj-realization-v1/controlled-indicator@1/channel-a-load/resistor-led-load@2/resistor-led-load@2/pad/RLOAD.2.attachment|token|RLOAD_SECOND_ATTACHMENT
choice=176:construction.pad.tsj-realization-v1/controlled-indicator@1/channel-a-load/resistor-led-load@2/resistor-led-load@2/pad/RLOAD.2.backing|token|channel-a-load/LOAD_LED_NODE_TRACE.1
choice=174:construction.pad.tsj-realization-v1/controlled-indicator@1/channel-b-control/external-adapter@1/external-adapter@1/pad/J3.1.backing|token|device/channel-b-control.CONNECTOR.2
choice=153:construction.pad.tsj-realization-v1/controlled-indicator@1/channel-b-control/external-adapter@1/external-adapter@1/pad/J3.2.backing|token|device/GROUND.1
choice=164:construction.pad.tsj-realization-v1/controlled-indicator@1/channel-b-driver/npn-low-side-driver@1/npn-low-side-driver@1/pad/Q1.B.backing|token|channel-b-driver/Q1.B
choice=164:construction.pad.tsj-realization-v1/controlled-indicator@1/channel-b-driver/npn-low-side-driver@1/npn-low-side-driver@1/pad/Q1.C.backing|token|channel-b-driver/Q1.C
choice=164:construction.pad.tsj-realization-v1/controlled-indicator@1/channel-b-driver/npn-low-side-driver@1/npn-low-side-driver@1/pad/Q1.E.backing|token|channel-b-driver/Q1.E
choice=165:construction.pad.tsj-realization-v1/controlled-indicator@1/channel-b-driver/npn-low-side-driver@1/npn-low-side-driver@1/pad/RB.1.attachment|token|RB_FIRST_ATTACHMENT
choice=176:construction.pad.tsj-realization-v1/controlled-indicator@1/channel-b-driver/npn-low-side-driver@1/npn-low-side-driver@1/pad/RB.1.backing|token|channel-b-driver/RB_INPUT_TRACE.2
choice=166:construction.pad.tsj-realization-v1/controlled-indicator@1/channel-b-driver/npn-low-side-driver@1/npn-low-side-driver@1/pad/RB.2.attachment|token|RB_SECOND_ATTACHMENT
choice=180:construction.pad.tsj-realization-v1/controlled-indicator@1/channel-b-driver/npn-low-side-driver@1/npn-low-side-driver@1/pad/RB.2.backing|token|channel-b-driver/CONTROL_NODE_TRACE.1
choice=166:construction.pad.tsj-realization-v1/controlled-indicator@1/channel-b-driver/npn-low-side-driver@1/npn-low-side-driver@1/pad/RPD.1.backing|token|channel-b-driver/RPD.1
choice=166:construction.pad.tsj-realization-v1/controlled-indicator@1/channel-b-driver/npn-low-side-driver@1/npn-low-side-driver@1/pad/RPD.2.backing|token|channel-b-driver/RPD.2
choice=160:construction.pad.tsj-realization-v1/controlled-indicator@1/channel-b-load/resistor-led-load@2/resistor-led-load@2/pad/LED1.A.backing|token|channel-b-load/LED1.A
choice=160:construction.pad.tsj-realization-v1/controlled-indicator@1/channel-b-load/resistor-led-load@2/resistor-led-load@2/pad/LED1.K.backing|token|channel-b-load/LED1.K
choice=165:construction.pad.tsj-realization-v1/controlled-indicator@1/channel-b-load/resistor-led-load@2/resistor-led-load@2/pad/RLOAD.1.attachment|token|RLOAD_FIRST_ATTACHMENT
choice=174:construction.pad.tsj-realization-v1/controlled-indicator@1/channel-b-load/resistor-led-load@2/resistor-led-load@2/pad/RLOAD.1.backing|token|channel-b-load/RLOAD_INPUT_TRACE.2
choice=166:construction.pad.tsj-realization-v1/controlled-indicator@1/channel-b-load/resistor-led-load@2/resistor-led-load@2/pad/RLOAD.2.attachment|token|RLOAD_SECOND_ATTACHMENT
choice=176:construction.pad.tsj-realization-v1/controlled-indicator@1/channel-b-load/resistor-led-load@2/resistor-led-load@2/pad/RLOAD.2.backing|token|channel-b-load/LOAD_LED_NODE_TRACE.1
choice=166:construction.pad.tsj-realization-v1/controlled-indicator@1/power-adapter/external-adapter@1/external-adapter@1/pad/J1.1.backing|token|device/power-adapter.CONNECTOR.2
choice=149:construction.pad.tsj-realization-v1/controlled-indicator@1/power-adapter/external-adapter@1/external-adapter@1/pad/J1.2.backing|token|device/GROUND.1
choice=178:construction.pad.tsj-realization-v1/controlled-indicator@1/supply-indicator/supply-present-indicator@1/supply-present-indicator@1/pad/LED1.A.backing|token|supply-indicator/LED1.A
choice=178:construction.pad.tsj-realization-v1/controlled-indicator@1/supply-indicator/supply-present-indicator@1/supply-present-indicator@1/pad/LED1.K.backing|token|supply-indicator/LED1.K
choice=178:construction.pad.tsj-realization-v1/controlled-indicator@1/supply-indicator/supply-present-indicator@1/supply-present-indicator@1/pad/RSUP.1.backing|token|supply-indicator/RSUP.1
choice=178:construction.pad.tsj-realization-v1/controlled-indicator@1/supply-indicator/supply-present-indicator@1/supply-present-indicator@1/pad/RSUP.2.backing|token|supply-indicator/RSUP.2
choice=95:construction.terminal.channel-a-control/J2/1.backing|token|device/channel-a-control.CONNECTOR.2
choice=112:construction.terminal.channel-a-control/J2/1.net|token|tsj-bus-v1/controlled-indicator@1/channel-a-control-input
choice=74:construction.terminal.channel-a-control/J2/2.backing|token|device/GROUND.1
choice=102:construction.terminal.channel-a-control/J2/2.net|token|tsj-bus-v1/controlled-indicator@1/common-return
choice=79:construction.terminal.channel-a-driver/Q1/B.backing|token|channel-a-driver/Q1.B
choice=165:construction.terminal.channel-a-driver/Q1/B.net|token|tsj-realization-v1/controlled-indicator@1/channel-a-driver/npn-low-side-driver@1/npn-low-side-driver@1/net/BASE
choice=79:construction.terminal.channel-a-driver/Q1/C.backing|token|channel-a-driver/Q1.C
choice=113:construction.terminal.channel-a-driver/Q1/C.net|token|tsj-bus-v1/controlled-indicator@1/channel-a-switched-output
choice=79:construction.terminal.channel-a-driver/Q1/E.backing|token|channel-a-driver/Q1.E
choice=101:construction.terminal.channel-a-driver/Q1/E.net|token|tsj-bus-v1/controlled-indicator@1/common-return
choice=79:construction.terminal.channel-a-driver/RB/1.backing|token|channel-a-driver/RB.1
choice=111:construction.terminal.channel-a-driver/RB/1.net|token|tsj-bus-v1/controlled-indicator@1/channel-a-control-input
choice=89:construction.terminal.channel-a-driver/RB/2.backing|token|channel-a-driver/RB_SECONDARY.2
choice=165:construction.terminal.channel-a-driver/RB/2.net|token|tsj-realization-v1/controlled-indicator@1/channel-a-driver/npn-low-side-driver@1/npn-low-side-driver@1/net/BASE
choice=81:construction.terminal.channel-a-driver/RPD/1.backing|token|channel-a-driver/RPD.1
choice=166:construction.terminal.channel-a-driver/RPD/1.net|token|tsj-realization-v1/controlled-indicator@1/channel-a-driver/npn-low-side-driver@1/npn-low-side-driver@1/net/BASE
choice=81:construction.terminal.channel-a-driver/RPD/2.backing|token|channel-a-driver/RPD.2
choice=102:construction.terminal.channel-a-driver/RPD/2.net|token|tsj-bus-v1/controlled-indicator@1/common-return
choice=79:construction.terminal.channel-a-load/LED1/A.backing|token|channel-a-load/LED1.A
choice=163:construction.terminal.channel-a-load/LED1/A.net|token|tsj-realization-v1/controlled-indicator@1/channel-a-load/resistor-led-load@2/resistor-led-load@2/net/LED_NODE
choice=79:construction.terminal.channel-a-load/LED1/K.backing|token|channel-a-load/LED1.K
choice=113:construction.terminal.channel-a-load/LED1/K.net|token|tsj-bus-v1/controlled-indicator@1/channel-a-switched-output
choice=81:construction.terminal.channel-a-load/RLOAD/1.backing|token|channel-a-load/RLOAD.1
choice=101:construction.terminal.channel-a-load/RLOAD/1.net|token|tsj-bus-v1/controlled-indicator@1/power-supply
choice=91:construction.terminal.channel-a-load/RLOAD/2.backing|token|channel-a-load/RLOAD_SECONDARY.2
choice=164:construction.terminal.channel-a-load/RLOAD/2.net|token|tsj-realization-v1/controlled-indicator@1/channel-a-load/resistor-led-load@2/resistor-led-load@2/net/LED_NODE
choice=95:construction.terminal.channel-b-control/J3/1.backing|token|device/channel-b-control.CONNECTOR.2
choice=112:construction.terminal.channel-b-control/J3/1.net|token|tsj-bus-v1/controlled-indicator@1/channel-b-control-input
choice=74:construction.terminal.channel-b-control/J3/2.backing|token|device/GROUND.1
choice=102:construction.terminal.channel-b-control/J3/2.net|token|tsj-bus-v1/controlled-indicator@1/common-return
choice=79:construction.terminal.channel-b-driver/Q1/B.backing|token|channel-b-driver/Q1.B
choice=165:construction.terminal.channel-b-driver/Q1/B.net|token|tsj-realization-v1/controlled-indicator@1/channel-b-driver/npn-low-side-driver@1/npn-low-side-driver@1/net/BASE
choice=79:construction.terminal.channel-b-driver/Q1/C.backing|token|channel-b-driver/Q1.C
choice=113:construction.terminal.channel-b-driver/Q1/C.net|token|tsj-bus-v1/controlled-indicator@1/channel-b-switched-output
choice=79:construction.terminal.channel-b-driver/Q1/E.backing|token|channel-b-driver/Q1.E
choice=101:construction.terminal.channel-b-driver/Q1/E.net|token|tsj-bus-v1/controlled-indicator@1/common-return
choice=79:construction.terminal.channel-b-driver/RB/1.backing|token|channel-b-driver/RB.1
choice=111:construction.terminal.channel-b-driver/RB/1.net|token|tsj-bus-v1/controlled-indicator@1/channel-b-control-input
choice=89:construction.terminal.channel-b-driver/RB/2.backing|token|channel-b-driver/RB_SECONDARY.2
choice=165:construction.terminal.channel-b-driver/RB/2.net|token|tsj-realization-v1/controlled-indicator@1/channel-b-driver/npn-low-side-driver@1/npn-low-side-driver@1/net/BASE
choice=81:construction.terminal.channel-b-driver/RPD/1.backing|token|channel-b-driver/RPD.1
choice=166:construction.terminal.channel-b-driver/RPD/1.net|token|tsj-realization-v1/controlled-indicator@1/channel-b-driver/npn-low-side-driver@1/npn-low-side-driver@1/net/BASE
choice=81:construction.terminal.channel-b-driver/RPD/2.backing|token|channel-b-driver/RPD.2
choice=102:construction.terminal.channel-b-driver/RPD/2.net|token|tsj-bus-v1/controlled-indicator@1/common-return
choice=79:construction.terminal.channel-b-load/LED1/A.backing|token|channel-b-load/LED1.A
choice=163:construction.terminal.channel-b-load/LED1/A.net|token|tsj-realization-v1/controlled-indicator@1/channel-b-load/resistor-led-load@2/resistor-led-load@2/net/LED_NODE
choice=79:construction.terminal.channel-b-load/LED1/K.backing|token|channel-b-load/LED1.K
choice=113:construction.terminal.channel-b-load/LED1/K.net|token|tsj-bus-v1/controlled-indicator@1/channel-b-switched-output
choice=81:construction.terminal.channel-b-load/RLOAD/1.backing|token|channel-b-load/RLOAD.1
choice=101:construction.terminal.channel-b-load/RLOAD/1.net|token|tsj-bus-v1/controlled-indicator@1/power-supply
choice=91:construction.terminal.channel-b-load/RLOAD/2.backing|token|channel-b-load/RLOAD_SECONDARY.2
choice=164:construction.terminal.channel-b-load/RLOAD/2.net|token|tsj-realization-v1/controlled-indicator@1/channel-b-load/resistor-led-load@2/resistor-led-load@2/net/LED_NODE
choice=87:construction.terminal.power-adapter/J1/1.backing|token|device/power-adapter.CONNECTOR.2
choice=97:construction.terminal.power-adapter/J1/1.net|token|tsj-bus-v1/controlled-indicator@1/power-supply
choice=70:construction.terminal.power-adapter/J1/2.backing|token|device/GROUND.1
choice=98:construction.terminal.power-adapter/J1/2.net|token|tsj-bus-v1/controlled-indicator@1/common-return
choice=83:construction.terminal.supply-indicator/LED1/A.backing|token|supply-indicator/LED1.A
choice=181:construction.terminal.supply-indicator/LED1/A.net|token|tsj-realization-v1/controlled-indicator@1/supply-indicator/supply-present-indicator@1/supply-present-indicator@1/net/LED_NODE
choice=83:construction.terminal.supply-indicator/LED1/K.backing|token|supply-indicator/LED1.K
choice=103:construction.terminal.supply-indicator/LED1/K.net|token|tsj-bus-v1/controlled-indicator@1/common-return
choice=83:construction.terminal.supply-indicator/RSUP/1.backing|token|supply-indicator/RSUP.1
choice=102:construction.terminal.supply-indicator/RSUP/1.net|token|tsj-bus-v1/controlled-indicator@1/power-supply
choice=83:construction.terminal.supply-indicator/RSUP/2.backing|token|supply-indicator/RSUP.2
choice=181:construction.terminal.supply-indicator/RSUP/2.net|token|tsj-realization-v1/controlled-indicator@1/supply-indicator/supply-present-indicator@1/supply-present-indicator@1/net/LED_NODE
choice=169:construction.unit.channel-a-driver/Q1.component|token|tsj-realization-v1/controlled-indicator@1/channel-a-driver/npn-low-side-driver@1/npn-low-side-driver@1/component/Q1
choice=60:construction.unit.channel-a-driver/Q1.package|token|TO92_NPN
choice=56:construction.unit.channel-a-driver/Q1.terminal.B|token|B
choice=56:construction.unit.channel-a-driver/Q1.terminal.C|token|C
choice=56:construction.unit.channel-a-driver/Q1.terminal.E|token|E
choice=169:construction.unit.channel-a-driver/RB.component|token|tsj-realization-v1/controlled-indicator@1/channel-a-driver/npn-low-side-driver@1/npn-low-side-driver@1/component/RB
choice=66:construction.unit.channel-a-driver/RB.package|token|AXIAL_RESISTOR
choice=56:construction.unit.channel-a-driver/RB.terminal.1|token|1
choice=56:construction.unit.channel-a-driver/RB.terminal.2|token|2
choice=171:construction.unit.channel-a-driver/RPD.component|token|tsj-realization-v1/controlled-indicator@1/channel-a-driver/npn-low-side-driver@1/npn-low-side-driver@1/component/RPD
choice=67:construction.unit.channel-a-driver/RPD.package|token|AXIAL_RESISTOR
choice=57:construction.unit.channel-a-driver/RPD.terminal.1|token|1
choice=57:construction.unit.channel-a-driver/RPD.terminal.2|token|2
choice=165:construction.unit.channel-a-load/LED1.component|token|tsj-realization-v1/controlled-indicator@1/channel-a-load/resistor-led-load@2/resistor-led-load@2/component/LED1
choice=68:construction.unit.channel-a-load/LED1.package|token|THROUGH_HOLE_LED
choice=56:construction.unit.channel-a-load/LED1.terminal.A|token|A
choice=56:construction.unit.channel-a-load/LED1.terminal.K|token|K
choice=167:construction.unit.channel-a-load/RLOAD.component|token|tsj-realization-v1/controlled-indicator@1/channel-a-load/resistor-led-load@2/resistor-led-load@2/component/RLOAD
choice=67:construction.unit.channel-a-load/RLOAD.package|token|AXIAL_RESISTOR
choice=57:construction.unit.channel-a-load/RLOAD.terminal.1|token|1
choice=57:construction.unit.channel-a-load/RLOAD.terminal.2|token|2
choice=169:construction.unit.channel-b-driver/Q1.component|token|tsj-realization-v1/controlled-indicator@1/channel-b-driver/npn-low-side-driver@1/npn-low-side-driver@1/component/Q1
choice=60:construction.unit.channel-b-driver/Q1.package|token|TO92_NPN
choice=56:construction.unit.channel-b-driver/Q1.terminal.B|token|B
choice=56:construction.unit.channel-b-driver/Q1.terminal.C|token|C
choice=56:construction.unit.channel-b-driver/Q1.terminal.E|token|E
choice=169:construction.unit.channel-b-driver/RB.component|token|tsj-realization-v1/controlled-indicator@1/channel-b-driver/npn-low-side-driver@1/npn-low-side-driver@1/component/RB
choice=66:construction.unit.channel-b-driver/RB.package|token|AXIAL_RESISTOR
choice=56:construction.unit.channel-b-driver/RB.terminal.1|token|1
choice=56:construction.unit.channel-b-driver/RB.terminal.2|token|2
choice=171:construction.unit.channel-b-driver/RPD.component|token|tsj-realization-v1/controlled-indicator@1/channel-b-driver/npn-low-side-driver@1/npn-low-side-driver@1/component/RPD
choice=67:construction.unit.channel-b-driver/RPD.package|token|AXIAL_RESISTOR
choice=57:construction.unit.channel-b-driver/RPD.terminal.1|token|1
choice=57:construction.unit.channel-b-driver/RPD.terminal.2|token|2
choice=165:construction.unit.channel-b-load/LED1.component|token|tsj-realization-v1/controlled-indicator@1/channel-b-load/resistor-led-load@2/resistor-led-load@2/component/LED1
choice=68:construction.unit.channel-b-load/LED1.package|token|THROUGH_HOLE_LED
choice=56:construction.unit.channel-b-load/LED1.terminal.A|token|A
choice=56:construction.unit.channel-b-load/LED1.terminal.K|token|K
choice=167:construction.unit.channel-b-load/RLOAD.component|token|tsj-realization-v1/controlled-indicator@1/channel-b-load/resistor-led-load@2/resistor-led-load@2/component/RLOAD
choice=67:construction.unit.channel-b-load/RLOAD.package|token|AXIAL_RESISTOR
choice=57:construction.unit.channel-b-load/RLOAD.terminal.1|token|1
choice=57:construction.unit.channel-b-load/RLOAD.terminal.2|token|2
choice=150:construction.unit.device/J1.component|token|tsj-realization-v1/controlled-indicator@1/power-adapter/external-adapter@1/external-adapter@1/component/J1
choice=66:construction.unit.device/J1.package|token|THROUGH_HOLE_CONNECTOR_2
choice=46:construction.unit.device/J1.terminal.1|token|1
choice=46:construction.unit.device/J1.terminal.2|token|2
choice=154:construction.unit.device/J2.component|token|tsj-realization-v1/controlled-indicator@1/channel-a-control/external-adapter@1/external-adapter@1/component/J2
choice=66:construction.unit.device/J2.package|token|THROUGH_HOLE_CONNECTOR_2
choice=46:construction.unit.device/J2.terminal.1|token|1
choice=46:construction.unit.device/J2.terminal.2|token|2
choice=154:construction.unit.device/J3.component|token|tsj-realization-v1/controlled-indicator@1/channel-b-control/external-adapter@1/external-adapter@1/component/J3
choice=66:construction.unit.device/J3.package|token|THROUGH_HOLE_CONNECTOR_2
choice=46:construction.unit.device/J3.terminal.1|token|1
choice=46:construction.unit.device/J3.terminal.2|token|2
choice=183:construction.unit.supply-indicator/LED1.component|token|tsj-realization-v1/controlled-indicator@1/supply-indicator/supply-present-indicator@1/supply-present-indicator@1/component/LED1
choice=70:construction.unit.supply-indicator/LED1.package|token|THROUGH_HOLE_LED
choice=58:construction.unit.supply-indicator/LED1.terminal.A|token|A
choice=58:construction.unit.supply-indicator/LED1.terminal.K|token|K
choice=183:construction.unit.supply-indicator/RSUP.component|token|tsj-realization-v1/controlled-indicator@1/supply-indicator/supply-present-indicator@1/supply-present-indicator@1/component/RSUP
choice=68:construction.unit.supply-indicator/RSUP.package|token|AXIAL_RESISTOR
choice=58:construction.unit.supply-indicator/RSUP.terminal.1|token|1
choice=58:construction.unit.supply-indicator/RSUP.terminal.2|token|2
choice=30:construction.version|integer|2
choice=32:fault.block|token|channel-a-load
choice=46:fault.decision|token|channel-a-load-RLOAD-OPEN
choice=158:fault.owner.channel-a-driver-RB-OPEN|token|tsj-realization-v1/controlled-indicator@1/channel-a-driver/npn-low-side-driver@1/npn-low-side-driver@1/component/RB
choice=156:fault.owner.channel-a-load-RLOAD-OPEN|token|tsj-realization-v1/controlled-indicator@1/channel-a-load/resistor-led-load@2/resistor-led-load@2/component/RLOAD
choice=158:fault.owner.channel-b-driver-RB-OPEN|token|tsj-realization-v1/controlled-indicator@1/channel-b-driver/npn-low-side-driver@1/npn-low-side-driver@1/component/RB
choice=156:fault.owner.channel-b-load-RLOAD-OPEN|token|tsj-realization-v1/controlled-indicator@1/channel-b-load/resistor-led-load@2/resistor-led-load@2/component/RLOAD
choice=117:physical.input.tsj-device-v1/controlled-indicator@1/component/J1/input/LOAD_VIN_INPUT.voltage|number|4014000000000000
choice=126:physical.input.tsj-device-v1/controlled-indicator@1/component/J2/input/channel-a-control-power.voltage|number|4014000000000000
choice=126:physical.input.tsj-device-v1/controlled-indicator@1/component/J3/input/channel-b-control-power.voltage|number|4014000000000000
choice=33:physical.layout-version|integer|4
choice=154:physical.package.tsj-realization-v1/controlled-indicator@1/channel-a-control/external-adapter@1/external-adapter@1/component/J2.geometry-version|integer|3
choice=166:physical.package.tsj-realization-v1/controlled-indicator@1/channel-a-control/external-adapter@1/external-adapter@1/component/J2.package|token|THROUGH_HOLE_CONNECTOR_2
choice=152:physical.package.tsj-realization-v1/controlled-indicator@1/channel-a-control/external-adapter@1/external-adapter@1/component/J2.transform|token|IDENTITY
choice=149:physical.package.tsj-realization-v1/controlled-indicator@1/channel-a-control/external-adapter@1/external-adapter@1/component/J2.variant|token|DEFAULT
choice=159:physical.package.tsj-realization-v1/controlled-indicator@1/channel-a-driver/npn-low-side-driver@1/npn-low-side-driver@1/component/Q1.geometry-version|integer|3
choice=155:physical.package.tsj-realization-v1/controlled-indicator@1/channel-a-driver/npn-low-side-driver@1/npn-low-side-driver@1/component/Q1.package|token|TO92_NPN
choice=157:physical.package.tsj-realization-v1/controlled-indicator@1/channel-a-driver/npn-low-side-driver@1/npn-low-side-driver@1/component/Q1.transform|token|IDENTITY
choice=154:physical.package.tsj-realization-v1/controlled-indicator@1/channel-a-driver/npn-low-side-driver@1/npn-low-side-driver@1/component/Q1.variant|token|DEFAULT
choice=159:physical.package.tsj-realization-v1/controlled-indicator@1/channel-a-driver/npn-low-side-driver@1/npn-low-side-driver@1/component/RB.geometry-version|integer|3
choice=161:physical.package.tsj-realization-v1/controlled-indicator@1/channel-a-driver/npn-low-side-driver@1/npn-low-side-driver@1/component/RB.package|token|AXIAL_RESISTOR
choice=157:physical.package.tsj-realization-v1/controlled-indicator@1/channel-a-driver/npn-low-side-driver@1/npn-low-side-driver@1/component/RB.transform|token|IDENTITY
choice=155:physical.package.tsj-realization-v1/controlled-indicator@1/channel-a-driver/npn-low-side-driver@1/npn-low-side-driver@1/component/RB.variant|token|SPAN_220
choice=160:physical.package.tsj-realization-v1/controlled-indicator@1/channel-a-driver/npn-low-side-driver@1/npn-low-side-driver@1/component/RPD.geometry-version|integer|3
choice=162:physical.package.tsj-realization-v1/controlled-indicator@1/channel-a-driver/npn-low-side-driver@1/npn-low-side-driver@1/component/RPD.package|token|AXIAL_RESISTOR
choice=158:physical.package.tsj-realization-v1/controlled-indicator@1/channel-a-driver/npn-low-side-driver@1/npn-low-side-driver@1/component/RPD.transform|token|IDENTITY
choice=156:physical.package.tsj-realization-v1/controlled-indicator@1/channel-a-driver/npn-low-side-driver@1/npn-low-side-driver@1/component/RPD.variant|token|SPAN_220
choice=155:physical.package.tsj-realization-v1/controlled-indicator@1/channel-a-load/resistor-led-load@2/resistor-led-load@2/component/LED1.geometry-version|integer|3
choice=159:physical.package.tsj-realization-v1/controlled-indicator@1/channel-a-load/resistor-led-load@2/resistor-led-load@2/component/LED1.package|token|THROUGH_HOLE_LED
choice=153:physical.package.tsj-realization-v1/controlled-indicator@1/channel-a-load/resistor-led-load@2/resistor-led-load@2/component/LED1.transform|token|IDENTITY
choice=150:physical.package.tsj-realization-v1/controlled-indicator@1/channel-a-load/resistor-led-load@2/resistor-led-load@2/component/LED1.variant|token|DEFAULT
choice=156:physical.package.tsj-realization-v1/controlled-indicator@1/channel-a-load/resistor-led-load@2/resistor-led-load@2/component/RLOAD.geometry-version|integer|3
choice=158:physical.package.tsj-realization-v1/controlled-indicator@1/channel-a-load/resistor-led-load@2/resistor-led-load@2/component/RLOAD.package|token|AXIAL_RESISTOR
choice=154:physical.package.tsj-realization-v1/controlled-indicator@1/channel-a-load/resistor-led-load@2/resistor-led-load@2/component/RLOAD.transform|token|IDENTITY
choice=152:physical.package.tsj-realization-v1/controlled-indicator@1/channel-a-load/resistor-led-load@2/resistor-led-load@2/component/RLOAD.variant|token|SPAN_220
choice=154:physical.package.tsj-realization-v1/controlled-indicator@1/channel-b-control/external-adapter@1/external-adapter@1/component/J3.geometry-version|integer|3
choice=166:physical.package.tsj-realization-v1/controlled-indicator@1/channel-b-control/external-adapter@1/external-adapter@1/component/J3.package|token|THROUGH_HOLE_CONNECTOR_2
choice=152:physical.package.tsj-realization-v1/controlled-indicator@1/channel-b-control/external-adapter@1/external-adapter@1/component/J3.transform|token|IDENTITY
choice=149:physical.package.tsj-realization-v1/controlled-indicator@1/channel-b-control/external-adapter@1/external-adapter@1/component/J3.variant|token|DEFAULT
choice=159:physical.package.tsj-realization-v1/controlled-indicator@1/channel-b-driver/npn-low-side-driver@1/npn-low-side-driver@1/component/Q1.geometry-version|integer|3
choice=155:physical.package.tsj-realization-v1/controlled-indicator@1/channel-b-driver/npn-low-side-driver@1/npn-low-side-driver@1/component/Q1.package|token|TO92_NPN
choice=157:physical.package.tsj-realization-v1/controlled-indicator@1/channel-b-driver/npn-low-side-driver@1/npn-low-side-driver@1/component/Q1.transform|token|IDENTITY
choice=154:physical.package.tsj-realization-v1/controlled-indicator@1/channel-b-driver/npn-low-side-driver@1/npn-low-side-driver@1/component/Q1.variant|token|DEFAULT
choice=159:physical.package.tsj-realization-v1/controlled-indicator@1/channel-b-driver/npn-low-side-driver@1/npn-low-side-driver@1/component/RB.geometry-version|integer|3
choice=161:physical.package.tsj-realization-v1/controlled-indicator@1/channel-b-driver/npn-low-side-driver@1/npn-low-side-driver@1/component/RB.package|token|AXIAL_RESISTOR
choice=157:physical.package.tsj-realization-v1/controlled-indicator@1/channel-b-driver/npn-low-side-driver@1/npn-low-side-driver@1/component/RB.transform|token|IDENTITY
choice=155:physical.package.tsj-realization-v1/controlled-indicator@1/channel-b-driver/npn-low-side-driver@1/npn-low-side-driver@1/component/RB.variant|token|SPAN_220
choice=160:physical.package.tsj-realization-v1/controlled-indicator@1/channel-b-driver/npn-low-side-driver@1/npn-low-side-driver@1/component/RPD.geometry-version|integer|3
choice=162:physical.package.tsj-realization-v1/controlled-indicator@1/channel-b-driver/npn-low-side-driver@1/npn-low-side-driver@1/component/RPD.package|token|AXIAL_RESISTOR
choice=158:physical.package.tsj-realization-v1/controlled-indicator@1/channel-b-driver/npn-low-side-driver@1/npn-low-side-driver@1/component/RPD.transform|token|IDENTITY
choice=156:physical.package.tsj-realization-v1/controlled-indicator@1/channel-b-driver/npn-low-side-driver@1/npn-low-side-driver@1/component/RPD.variant|token|SPAN_220
choice=155:physical.package.tsj-realization-v1/controlled-indicator@1/channel-b-load/resistor-led-load@2/resistor-led-load@2/component/LED1.geometry-version|integer|3
choice=159:physical.package.tsj-realization-v1/controlled-indicator@1/channel-b-load/resistor-led-load@2/resistor-led-load@2/component/LED1.package|token|THROUGH_HOLE_LED
choice=153:physical.package.tsj-realization-v1/controlled-indicator@1/channel-b-load/resistor-led-load@2/resistor-led-load@2/component/LED1.transform|token|IDENTITY
choice=150:physical.package.tsj-realization-v1/controlled-indicator@1/channel-b-load/resistor-led-load@2/resistor-led-load@2/component/LED1.variant|token|DEFAULT
choice=156:physical.package.tsj-realization-v1/controlled-indicator@1/channel-b-load/resistor-led-load@2/resistor-led-load@2/component/RLOAD.geometry-version|integer|3
choice=158:physical.package.tsj-realization-v1/controlled-indicator@1/channel-b-load/resistor-led-load@2/resistor-led-load@2/component/RLOAD.package|token|AXIAL_RESISTOR
choice=154:physical.package.tsj-realization-v1/controlled-indicator@1/channel-b-load/resistor-led-load@2/resistor-led-load@2/component/RLOAD.transform|token|IDENTITY
choice=152:physical.package.tsj-realization-v1/controlled-indicator@1/channel-b-load/resistor-led-load@2/resistor-led-load@2/component/RLOAD.variant|token|SPAN_220
choice=150:physical.package.tsj-realization-v1/controlled-indicator@1/power-adapter/external-adapter@1/external-adapter@1/component/J1.geometry-version|integer|3
choice=162:physical.package.tsj-realization-v1/controlled-indicator@1/power-adapter/external-adapter@1/external-adapter@1/component/J1.package|token|THROUGH_HOLE_CONNECTOR_2
choice=148:physical.package.tsj-realization-v1/controlled-indicator@1/power-adapter/external-adapter@1/external-adapter@1/component/J1.transform|token|IDENTITY
choice=145:physical.package.tsj-realization-v1/controlled-indicator@1/power-adapter/external-adapter@1/external-adapter@1/component/J1.variant|token|DEFAULT
choice=171:physical.package.tsj-realization-v1/controlled-indicator@1/supply-indicator/supply-present-indicator@1/supply-present-indicator@1/component/LED1.geometry-version|integer|3
choice=175:physical.package.tsj-realization-v1/controlled-indicator@1/supply-indicator/supply-present-indicator@1/supply-present-indicator@1/component/LED1.package|token|THROUGH_HOLE_LED
choice=169:physical.package.tsj-realization-v1/controlled-indicator@1/supply-indicator/supply-present-indicator@1/supply-present-indicator@1/component/LED1.transform|token|IDENTITY
choice=166:physical.package.tsj-realization-v1/controlled-indicator@1/supply-indicator/supply-present-indicator@1/supply-present-indicator@1/component/LED1.variant|token|DEFAULT
choice=171:physical.package.tsj-realization-v1/controlled-indicator@1/supply-indicator/supply-present-indicator@1/supply-present-indicator@1/component/RSUP.geometry-version|integer|3
choice=173:physical.package.tsj-realization-v1/controlled-indicator@1/supply-indicator/supply-present-indicator@1/supply-present-indicator@1/component/RSUP.package|token|AXIAL_RESISTOR
choice=169:physical.package.tsj-realization-v1/controlled-indicator@1/supply-indicator/supply-present-indicator@1/supply-present-indicator@1/component/RSUP.transform|token|IDENTITY
choice=167:physical.package.tsj-realization-v1/controlled-indicator@1/supply-indicator/supply-present-indicator@1/supply-present-indicator@1/component/RSUP.variant|token|SPAN_220
choice=32:power.contract-version|integer|1
choice=41:power.design|token|controlled-indicator@1
choice=132:power.rail.tsj-bus-v1/controlled-indicator@1/channel-a-control-input.reference|token|tsj-bus-v1/controlled-indicator@1/common-return
choice=87:power.rail.tsj-bus-v1/controlled-indicator@1/channel-a-control-input.storage|token|NONE
choice=134:power.rail.tsj-bus-v1/controlled-indicator@1/channel-a-switched-output.reference|token|tsj-bus-v1/controlled-indicator@1/common-return
choice=89:power.rail.tsj-bus-v1/controlled-indicator@1/channel-a-switched-output.storage|token|NONE
choice=132:power.rail.tsj-bus-v1/controlled-indicator@1/channel-b-control-input.reference|token|tsj-bus-v1/controlled-indicator@1/common-return
choice=87:power.rail.tsj-bus-v1/controlled-indicator@1/channel-b-control-input.storage|token|NONE
choice=134:power.rail.tsj-bus-v1/controlled-indicator@1/channel-b-switched-output.reference|token|tsj-bus-v1/controlled-indicator@1/common-return
choice=89:power.rail.tsj-bus-v1/controlled-indicator@1/channel-b-switched-output.storage|token|NONE
choice=121:power.rail.tsj-bus-v1/controlled-indicator@1/power-supply.reference|token|tsj-bus-v1/controlled-indicator@1/common-return
choice=76:power.rail.tsj-bus-v1/controlled-indicator@1/power-supply.storage|token|NONE
choice=186:power.rail.tsj-realization-v1/controlled-indicator@1/channel-a-driver/npn-low-side-driver@1/npn-low-side-driver@1/net/BASE.reference|token|tsj-bus-v1/controlled-indicator@1/common-return
choice=141:power.rail.tsj-realization-v1/controlled-indicator@1/channel-a-driver/npn-low-side-driver@1/npn-low-side-driver@1/net/BASE.storage|token|NONE
choice=184:power.rail.tsj-realization-v1/controlled-indicator@1/channel-a-load/resistor-led-load@2/resistor-led-load@2/net/LED_NODE.reference|token|tsj-bus-v1/controlled-indicator@1/common-return
choice=139:power.rail.tsj-realization-v1/controlled-indicator@1/channel-a-load/resistor-led-load@2/resistor-led-load@2/net/LED_NODE.storage|token|NONE
choice=186:power.rail.tsj-realization-v1/controlled-indicator@1/channel-b-driver/npn-low-side-driver@1/npn-low-side-driver@1/net/BASE.reference|token|tsj-bus-v1/controlled-indicator@1/common-return
choice=141:power.rail.tsj-realization-v1/controlled-indicator@1/channel-b-driver/npn-low-side-driver@1/npn-low-side-driver@1/net/BASE.storage|token|NONE
choice=184:power.rail.tsj-realization-v1/controlled-indicator@1/channel-b-load/resistor-led-load@2/resistor-led-load@2/net/LED_NODE.reference|token|tsj-bus-v1/controlled-indicator@1/common-return
choice=139:power.rail.tsj-realization-v1/controlled-indicator@1/channel-b-load/resistor-led-load@2/resistor-led-load@2/net/LED_NODE.storage|token|NONE
choice=200:power.rail.tsj-realization-v1/controlled-indicator@1/supply-indicator/supply-present-indicator@1/supply-present-indicator@1/net/LED_NODE.reference|token|tsj-bus-v1/controlled-indicator@1/common-return
choice=155:power.rail.tsj-realization-v1/controlled-indicator@1/supply-indicator/supply-present-indicator@1/supply-present-indicator@1/net/LED_NODE.storage|token|NONE
choice=90:power.reference.tsj-bus-v1/controlled-indicator@1/common-return.bond-permitted|token|false
choice=90:power.reference.tsj-bus-v1/controlled-indicator@1/common-return.earth-declared|token|false
choice=103:power.reference.tsj-bus-v1/controlled-indicator@1/common-return.isolation|token|current-resolved-return
choice=65:power.source.LOAD_VIN_INPUT.capacity|token|KNOWN:3fa999999999999a
choice=53:power.source.LOAD_VIN_INPUT.drive|token|STIFF_VOLTAGE
choice=66:power.source.LOAD_VIN_INPUT.implemented-limit|token|NOT_APPLICABLE
choice=85:power.source.LOAD_VIN_INPUT.rail|token|tsj-bus-v1/controlled-indicator@1/power-supply
choice=52:power.source.LOAD_VIN_INPUT.resistance|token|KNOWN:0
choice=81:power.source.LOAD_VIN_INPUT.voltage|token|KNOWN:4013000000000000:4015000000000000
choice=74:power.source.channel-a-control-power.capacity|token|KNOWN:3f60624dd2f1a9fc
choice=58:power.source.channel-a-control-power.drive|token|PUSH_PULL
choice=75:power.source.channel-a-control-power.implemented-limit|token|NOT_APPLICABLE
choice=105:power.source.channel-a-control-power.rail|token|tsj-bus-v1/controlled-indicator@1/channel-a-control-input
choice=61:power.source.channel-a-control-power.resistance|token|KNOWN:0
choice=75:power.source.channel-a-control-power.voltage|token|KNOWN:0:4014000000000000
choice=74:power.source.channel-b-control-power.capacity|token|KNOWN:3f60624dd2f1a9fc
choice=58:power.source.channel-b-control-power.drive|token|PUSH_PULL
choice=75:power.source.channel-b-control-power.implemented-limit|token|NOT_APPLICABLE
choice=105:power.source.channel-b-control-power.rail|token|tsj-bus-v1/controlled-indicator@1/channel-b-control-input
choice=61:power.source.channel-b-control-power.resistance|token|KNOWN:0
choice=75:power.source.channel-b-control-power.voltage|token|KNOWN:0:4014000000000000
choice=52:recipe.channel-a-driver.choice.RB.mutable|token|true
choice=69:recipe.channel-a-driver.choice.RB.rated-watts|number|3fd0000000000000
choice=75:recipe.channel-a-driver.choice.RB.tolerance-percent|number|4014000000000000
choice=54:recipe.channel-a-driver.choice.RPD.mutable|token|false
choice=70:recipe.channel-a-driver.choice.RPD.rated-watts|number|3fd0000000000000
choice=76:recipe.channel-a-driver.choice.RPD.tolerance-percent|number|4014000000000000
choice=91:recipe.channel-a-driver.choice.descriptor.available-base-drive-amps|number|3f55cc0d3ecd766b
choice=86:recipe.channel-a-driver.choice.descriptor.base-resistance-ohms|number|40a5180000000000
choice=58:recipe.channel-a-driver.choice.descriptor.beta|integer|100
choice=85:recipe.channel-a-driver.choice.descriptor.control-demand-amps|number|3f5e6d4e0ed55b92
choice=77:recipe.channel-a-driver.choice.descriptor.forced-beta|number|4034000000000000
choice=79:recipe.channel-a-driver.choice.descriptor.functional-role|token|low-side-driver
choice=82:recipe.channel-a-driver.choice.descriptor.load-demand-amps|number|3f90624dd2f1a9fc
choice=57:recipe.channel-a-driver.choice.descriptor.model|token|NPN
choice=86:recipe.channel-a-driver.choice.descriptor.off-leakage-max-amps|number|3eb0c6f7a0b5ed8d
choice=84:recipe.channel-a-driver.choice.descriptor.on-clamp-max-volts|number|3fe999999999999a
choice=80:recipe.channel-a-driver.choice.descriptor.pull-down-ohms|number|40f86a0000000000
choice=90:recipe.channel-a-driver.choice.descriptor.required-base-drive-amps|number|3f508c3f3e0370ce
choice=84:recipe.channel-a-driver.choice.descriptor.sink-capacity-amps|number|3f947ae147ae147b
choice=79:recipe.channel-a-driver.choice.descriptor.vbe-max-volts|number|3fee666666666666
choice=79:recipe.channel-a-driver.choice.descriptor.vbe-min-volts|number|3fe0000000000000
choice=66:recipe.channel-a-driver.element.CONTROL_NODE_TRACE.kind|token|WIRE
choice=67:recipe.channel-a-driver.element.CONTROL_NODE_TRACE.post.1|integer|0
choice=67:recipe.channel-a-driver.element.CONTROL_NODE_TRACE.post.2|integer|1
choice=68:recipe.channel-a-driver.element.CONTROL_RETURN_TRACE.kind|token|WIRE
choice=69:recipe.channel-a-driver.element.CONTROL_RETURN_TRACE.post.1|integer|0
choice=69:recipe.channel-a-driver.element.CONTROL_RETURN_TRACE.post.2|integer|1
choice=166:recipe.channel-a-driver.element.Q1.component|token|tsj-realization-v1/controlled-indicator@1/channel-a-driver/npn-low-side-driver@1/npn-low-side-driver@1/component/Q1
choice=49:recipe.channel-a-driver.element.Q1.kind|token|NPN
choice=54:recipe.channel-a-driver.element.Q1.model|token|default
choice=73:recipe.channel-a-driver.element.Q1.parameter.beta|number|4059000000000000
choice=93:recipe.channel-a-driver.element.Q1.parameter.model-bc-leakage-current|number|0000000000000000
choice=94:recipe.channel-a-driver.element.Q1.parameter.model-bc-leakage-emission|number|4000000000000000
choice=93:recipe.channel-a-driver.element.Q1.parameter.model-be-leakage-current|number|0000000000000000
choice=94:recipe.channel-a-driver.element.Q1.parameter.model-be-leakage-emission|number|3ff8000000000000
choice=91:recipe.channel-a-driver.element.Q1.parameter.model-emission-forward|number|3ff0000000000000
choice=91:recipe.channel-a-driver.element.Q1.parameter.model-emission-reverse|number|3ff0000000000000
choice=80:recipe.channel-a-driver.element.Q1.parameter.model-flags|number|0000000000000000
choice=92:recipe.channel-a-driver.element.Q1.parameter.model-inv-early-forward|number|0000000000000000
choice=92:recipe.channel-a-driver.element.Q1.parameter.model-inv-early-reverse|number|0000000000000000
choice=94:recipe.channel-a-driver.element.Q1.parameter.model-inv-rolloff-forward|number|0000000000000000
choice=94:recipe.channel-a-driver.element.Q1.parameter.model-inv-rolloff-reverse|number|0000000000000000
choice=87:recipe.channel-a-driver.element.Q1.parameter.model-reverse-beta|number|3ff0000000000000
choice=93:recipe.channel-a-driver.element.Q1.parameter.model-saturation-current|number|3d3c25c268497682
choice=90:recipe.channel-a-driver.element.Q1.parameter.model-thermal-voltage|number|3f9a7c5ac471b478
choice=51:recipe.channel-a-driver.element.Q1.post.B|integer|0
choice=51:recipe.channel-a-driver.element.Q1.post.C|integer|1
choice=51:recipe.channel-a-driver.element.Q1.post.E|integer|2
choice=166:recipe.channel-a-driver.element.RB.component|token|tsj-realization-v1/controlled-indicator@1/channel-a-driver/npn-low-side-driver@1/npn-low-side-driver@1/component/RB
choice=54:recipe.channel-a-driver.element.RB.kind|token|RESISTOR
choice=79:recipe.channel-a-driver.element.RB.parameter.resistance|number|40a5180000000000
choice=51:recipe.channel-a-driver.element.RB.post.1|integer|0
choice=51:recipe.channel-a-driver.element.RB.post.2|integer|1
choice=179:recipe.channel-a-driver.element.RB_FAULT_SWITCH.component|token|tsj-realization-v1/controlled-indicator@1/channel-a-driver/npn-low-side-driver@1/npn-low-side-driver@1/component/RB
choice=65:recipe.channel-a-driver.element.RB_FAULT_SWITCH.kind|token|SWITCH
choice=64:recipe.channel-a-driver.element.RB_FAULT_SWITCH.post.1|integer|0
choice=64:recipe.channel-a-driver.element.RB_FAULT_SWITCH.post.2|integer|1
choice=67:recipe.channel-a-driver.element.RB_FIRST_ATTACHMENT.kind|token|WIRE
choice=68:recipe.channel-a-driver.element.RB_FIRST_ATTACHMENT.post.1|integer|0
choice=68:recipe.channel-a-driver.element.RB_FIRST_ATTACHMENT.post.2|integer|1
choice=62:recipe.channel-a-driver.element.RB_INPUT_TRACE.kind|token|WIRE
choice=63:recipe.channel-a-driver.element.RB_INPUT_TRACE.post.1|integer|0
choice=63:recipe.channel-a-driver.element.RB_INPUT_TRACE.post.2|integer|1
choice=176:recipe.channel-a-driver.element.RB_SECONDARY.component|token|tsj-realization-v1/controlled-indicator@1/channel-a-driver/npn-low-side-driver@1/npn-low-side-driver@1/component/RB
choice=68:recipe.channel-a-driver.element.RB_SECONDARY.kind|token|FAULT_HELPER
choice=61:recipe.channel-a-driver.element.RB_SECONDARY.post.1|integer|0
choice=61:recipe.channel-a-driver.element.RB_SECONDARY.post.2|integer|1
choice=68:recipe.channel-a-driver.element.RB_SECOND_ATTACHMENT.kind|token|WIRE
choice=69:recipe.channel-a-driver.element.RB_SECOND_ATTACHMENT.post.1|integer|0
choice=69:recipe.channel-a-driver.element.RB_SECOND_ATTACHMENT.post.2|integer|1
choice=168:recipe.channel-a-driver.element.RPD.component|token|tsj-realization-v1/controlled-indicator@1/channel-a-driver/npn-low-side-driver@1/npn-low-side-driver@1/component/RPD
choice=55:recipe.channel-a-driver.element.RPD.kind|token|RESISTOR
choice=80:recipe.channel-a-driver.element.RPD.parameter.resistance|number|40f86a0000000000
choice=52:recipe.channel-a-driver.element.RPD.post.1|integer|0
choice=52:recipe.channel-a-driver.element.RPD.post.2|integer|1
choice=63:recipe.channel-a-driver.fault-effective|number|40f86a0000000000
choice=45:recipe.channel-a-driver.fault-kind|token|OPEN
choice=158:recipe.channel-a-driver.fault-target|token|tsj-realization-v1/controlled-indicator@1/channel-a-driver/npn-low-side-driver@1/npn-low-side-driver@1/component/RB
choice=60:recipe.channel-a-driver.inputs|ids|BOARD_POWER,CONTROL_INPUT
choice=60:recipe.channel-a-driver.provider|token|npn-low-side-driver@1
choice=152:recipe.channel-a-driver.repair|token|tsj-realization-v1/controlled-indicator@1/channel-a-driver/npn-low-side-driver@1/npn-low-side-driver@1/component/RB
choice=69:recipe.channel-a-driver.retests|ids|CUSTOMER_RETEST,STEADY_DC_POWERED
choice=62:recipe.channel-a-load.choice.RLOAD.catalog|token|R_CATALOG_330
choice=53:recipe.channel-a-load.choice.RLOAD.mutable|token|true
choice=70:recipe.channel-a-load.choice.RLOAD.rated-watts|number|3fcc28f5c28f5c29
choice=76:recipe.channel-a-load.choice.RLOAD.tolerance-percent|number|4014000000000000
choice=76:recipe.channel-a-load.choice.descriptor.functional-role|token|indicator-load
choice=80:recipe.channel-a-load.choice.descriptor.led-vf-max-volts|number|4000000000000000
choice=80:recipe.channel-a-load.choice.descriptor.led-vf-min-volts|number|3ff999999999999a
choice=63:recipe.channel-a-load.choice.descriptor.model|token|default-led
choice=68:recipe.channel-a-load.choice.descriptor.package|token|AXIAL_RESISTOR
choice=78:recipe.channel-a-load.choice.descriptor.policy|token|controlled-led-load-e12@1
choice=85:recipe.channel-a-load.choice.descriptor.power-headroom-factor|number|4000000000000000
choice=84:recipe.channel-a-load.choice.descriptor.sink-headroom-factor|number|3ff4000000000000
choice=87:recipe.channel-a-load.choice.descriptor.target-min-current-amps|number|3f747ae147ae147b
choice=82:recipe.channel-a-load.choice.descriptor.tolerance-fraction|number|3fa999999999999a
choice=68:recipe.channel-a-load.choice.value.catalog-entry|token|R_CATALOG_330
choice=78:recipe.channel-a-load.choice.value.guarded-power-watts|number|3fb681d65aa4224c
choice=91:recipe.channel-a-load.choice.value.intent.led-maximum-forward-volts|number|4000000000000000
choice=91:recipe.channel-a-load.choice.value.intent.led-minimum-forward-volts|number|3ff999999999999a
choice=84:recipe.channel-a-load.choice.value.intent.load-maximum-volts|number|4016000000000000
choice=84:recipe.channel-a-load.choice.value.intent.load-minimum-volts|number|4012000000000000
choice=65:recipe.channel-a-load.choice.value.intent.model|token|default-led
choice=70:recipe.channel-a-load.choice.value.intent.package|token|AXIAL_RESISTOR
choice=87:recipe.channel-a-load.choice.value.intent.power-headroom-factor|number|4000000000000000
choice=84:recipe.channel-a-load.choice.value.intent.sink-capacity-amps|number|3f947ae147ae147b
choice=86:recipe.channel-a-load.choice.value.intent.sink-headroom-factor|number|3ff4000000000000
choice=84:recipe.channel-a-load.choice.value.intent.sink-maximum-volts|number|3fe999999999999a
choice=84:recipe.channel-a-load.choice.value.intent.sink-minimum-volts|number|0000000000000000
choice=86:recipe.channel-a-load.choice.value.intent.source-maximum-volts|number|4015000000000000
choice=86:recipe.channel-a-load.choice.value.intent.source-minimum-volts|number|4013000000000000
choice=93:recipe.channel-a-load.choice.value.intent.target-minimum-current-amps|number|3f747ae147ae147b
choice=84:recipe.channel-a-load.choice.value.intent.tolerance-fraction|number|3fa999999999999a
choice=83:recipe.channel-a-load.choice.value.intent.typed-demand-amps|number|3f90624dd2f1a9fc
choice=79:recipe.channel-a-load.choice.value.maximum-current-amps|number|3f87d8268afbac0e
choice=79:recipe.channel-a-load.choice.value.minimum-current-amps|number|3f770d13b9f5cde8
choice=63:recipe.channel-a-load.choice.value.package|token|AXIAL_RESISTOR
choice=73:recipe.channel-a-load.choice.value.policy|token|controlled-led-load-e12@1
choice=79:recipe.channel-a-load.choice.value.required-power-watts|number|3fc681d65aa4224c
choice=78:recipe.channel-a-load.choice.value.resistance-max-ohms|number|4075a80000000000
choice=78:recipe.channel-a-load.choice.value.resistance-min-ohms|number|4073980000000000
choice=53:recipe.channel-a-load.choice.value.revision|integer|1
choice=162:recipe.channel-a-load.element.LED1.component|token|tsj-realization-v1/controlled-indicator@1/channel-a-load/resistor-led-load@2/resistor-led-load@2/component/LED1
choice=49:recipe.channel-a-load.element.LED1.kind|token|LED
choice=58:recipe.channel-a-load.element.LED1.model|token|default-led
choice=73:recipe.channel-a-load.element.LED1.parameter.blue|number|0000000000000000
choice=86:recipe.channel-a-load.element.LED1.parameter.breakdown-voltage|number|0000000000000000
choice=89:recipe.channel-a-load.element.LED1.parameter.emission-coefficient|number|400dd70a3d70a3d7
choice=74:recipe.channel-a-load.element.LED1.parameter.flags|number|0000000000000000
choice=81:recipe.channel-a-load.element.LED1.parameter.forward-drop|number|4001d372e1ff9fe1
choice=74:recipe.channel-a-load.element.LED1.parameter.green|number|0000000000000000
choice=72:recipe.channel-a-load.element.LED1.parameter.red|number|3ff0000000000000
choice=87:recipe.channel-a-load.element.LED1.parameter.saturation-current|number|3dd99e5df0eadcdc
choice=86:recipe.channel-a-load.element.LED1.parameter.series-resistance|number|3fa5810624dd2f1b
choice=84:recipe.channel-a-load.element.LED1.parameter.thermal-voltage|number|3f9a7c5ac471b478
choice=75:recipe.channel-a-load.element.LED1.parameter.vdcoef|number|4024bafe9eaa1f98
choice=75:recipe.channel-a-load.element.LED1.parameter.vscale|number|3fb8b2ae3d958cc4
choice=51:recipe.channel-a-load.element.LED1.post.A|integer|0
choice=51:recipe.channel-a-load.element.LED1.post.K|integer|1
choice=65:recipe.channel-a-load.element.LOAD_LED_NODE_TRACE.kind|token|WIRE
choice=66:recipe.channel-a-load.element.LOAD_LED_NODE_TRACE.post.1|integer|0
choice=66:recipe.channel-a-load.element.LOAD_LED_NODE_TRACE.post.2|integer|1
choice=164:recipe.channel-a-load.element.RLOAD.component|token|tsj-realization-v1/controlled-indicator@1/channel-a-load/resistor-led-load@2/resistor-led-load@2/component/RLOAD
choice=55:recipe.channel-a-load.element.RLOAD.kind|token|RESISTOR
choice=80:recipe.channel-a-load.element.RLOAD.parameter.resistance|number|4074a00000000000
choice=52:recipe.channel-a-load.element.RLOAD.post.1|integer|0
choice=52:recipe.channel-a-load.element.RLOAD.post.2|integer|1
choice=177:recipe.channel-a-load.element.RLOAD_FAULT_SWITCH.component|token|tsj-realization-v1/controlled-indicator@1/channel-a-load/resistor-led-load@2/resistor-led-load@2/component/RLOAD
choice=66:recipe.channel-a-load.element.RLOAD_FAULT_SWITCH.kind|token|SWITCH
choice=65:recipe.channel-a-load.element.RLOAD_FAULT_SWITCH.post.1|integer|0
choice=65:recipe.channel-a-load.element.RLOAD_FAULT_SWITCH.post.2|integer|1
choice=68:recipe.channel-a-load.element.RLOAD_FIRST_ATTACHMENT.kind|token|WIRE
choice=69:recipe.channel-a-load.element.RLOAD_FIRST_ATTACHMENT.post.1|integer|0
choice=69:recipe.channel-a-load.element.RLOAD_FIRST_ATTACHMENT.post.2|integer|1
choice=63:recipe.channel-a-load.element.RLOAD_INPUT_TRACE.kind|token|WIRE
choice=64:recipe.channel-a-load.element.RLOAD_INPUT_TRACE.post.1|integer|0
choice=64:recipe.channel-a-load.element.RLOAD_INPUT_TRACE.post.2|integer|1
choice=174:recipe.channel-a-load.element.RLOAD_SECONDARY.component|token|tsj-realization-v1/controlled-indicator@1/channel-a-load/resistor-led-load@2/resistor-led-load@2/component/RLOAD
choice=69:recipe.channel-a-load.element.RLOAD_SECONDARY.kind|token|FAULT_HELPER
choice=62:recipe.channel-a-load.element.RLOAD_SECONDARY.post.1|integer|0
choice=62:recipe.channel-a-load.element.RLOAD_SECONDARY.post.2|integer|1
choice=69:recipe.channel-a-load.element.RLOAD_SECOND_ATTACHMENT.kind|token|WIRE
choice=70:recipe.channel-a-load.element.RLOAD_SECOND_ATTACHMENT.post.1|integer|0
choice=70:recipe.channel-a-load.element.RLOAD_SECOND_ATTACHMENT.post.2|integer|1
choice=61:recipe.channel-a-load.fault-effective|number|40f86a0000000000
choice=43:recipe.channel-a-load.fault-kind|token|OPEN
choice=153:recipe.channel-a-load.fault-target|token|tsj-realization-v1/controlled-indicator@1/channel-a-load/resistor-led-load@2/resistor-led-load@2/component/RLOAD
choice=58:recipe.channel-a-load.inputs|ids|BOARD_POWER,CONTROL_INPUT
choice=56:recipe.channel-a-load.provider|token|resistor-led-load@2
choice=147:recipe.channel-a-load.repair|token|tsj-realization-v1/controlled-indicator@1/channel-a-load/resistor-led-load@2/resistor-led-load@2/component/RLOAD
choice=67:recipe.channel-a-load.retests|ids|CUSTOMER_RETEST,STEADY_DC_POWERED
choice=52:recipe.channel-b-driver.choice.RB.mutable|token|true
choice=69:recipe.channel-b-driver.choice.RB.rated-watts|number|3fd0000000000000
choice=75:recipe.channel-b-driver.choice.RB.tolerance-percent|number|4014000000000000
choice=54:recipe.channel-b-driver.choice.RPD.mutable|token|false
choice=70:recipe.channel-b-driver.choice.RPD.rated-watts|number|3fd0000000000000
choice=76:recipe.channel-b-driver.choice.RPD.tolerance-percent|number|4014000000000000
choice=91:recipe.channel-b-driver.choice.descriptor.available-base-drive-amps|number|3f55cc0d3ecd766b
choice=86:recipe.channel-b-driver.choice.descriptor.base-resistance-ohms|number|40a5180000000000
choice=58:recipe.channel-b-driver.choice.descriptor.beta|integer|100
choice=85:recipe.channel-b-driver.choice.descriptor.control-demand-amps|number|3f5e6d4e0ed55b92
choice=77:recipe.channel-b-driver.choice.descriptor.forced-beta|number|4034000000000000
choice=79:recipe.channel-b-driver.choice.descriptor.functional-role|token|low-side-driver
choice=82:recipe.channel-b-driver.choice.descriptor.load-demand-amps|number|3f90624dd2f1a9fc
choice=57:recipe.channel-b-driver.choice.descriptor.model|token|NPN
choice=86:recipe.channel-b-driver.choice.descriptor.off-leakage-max-amps|number|3eb0c6f7a0b5ed8d
choice=84:recipe.channel-b-driver.choice.descriptor.on-clamp-max-volts|number|3fe999999999999a
choice=80:recipe.channel-b-driver.choice.descriptor.pull-down-ohms|number|40f86a0000000000
choice=90:recipe.channel-b-driver.choice.descriptor.required-base-drive-amps|number|3f508c3f3e0370ce
choice=84:recipe.channel-b-driver.choice.descriptor.sink-capacity-amps|number|3f947ae147ae147b
choice=79:recipe.channel-b-driver.choice.descriptor.vbe-max-volts|number|3fee666666666666
choice=79:recipe.channel-b-driver.choice.descriptor.vbe-min-volts|number|3fe0000000000000
choice=66:recipe.channel-b-driver.element.CONTROL_NODE_TRACE.kind|token|WIRE
choice=67:recipe.channel-b-driver.element.CONTROL_NODE_TRACE.post.1|integer|0
choice=67:recipe.channel-b-driver.element.CONTROL_NODE_TRACE.post.2|integer|1
choice=68:recipe.channel-b-driver.element.CONTROL_RETURN_TRACE.kind|token|WIRE
choice=69:recipe.channel-b-driver.element.CONTROL_RETURN_TRACE.post.1|integer|0
choice=69:recipe.channel-b-driver.element.CONTROL_RETURN_TRACE.post.2|integer|1
choice=166:recipe.channel-b-driver.element.Q1.component|token|tsj-realization-v1/controlled-indicator@1/channel-b-driver/npn-low-side-driver@1/npn-low-side-driver@1/component/Q1
choice=49:recipe.channel-b-driver.element.Q1.kind|token|NPN
choice=54:recipe.channel-b-driver.element.Q1.model|token|default
choice=73:recipe.channel-b-driver.element.Q1.parameter.beta|number|4059000000000000
choice=93:recipe.channel-b-driver.element.Q1.parameter.model-bc-leakage-current|number|0000000000000000
choice=94:recipe.channel-b-driver.element.Q1.parameter.model-bc-leakage-emission|number|4000000000000000
choice=93:recipe.channel-b-driver.element.Q1.parameter.model-be-leakage-current|number|0000000000000000
choice=94:recipe.channel-b-driver.element.Q1.parameter.model-be-leakage-emission|number|3ff8000000000000
choice=91:recipe.channel-b-driver.element.Q1.parameter.model-emission-forward|number|3ff0000000000000
choice=91:recipe.channel-b-driver.element.Q1.parameter.model-emission-reverse|number|3ff0000000000000
choice=80:recipe.channel-b-driver.element.Q1.parameter.model-flags|number|0000000000000000
choice=92:recipe.channel-b-driver.element.Q1.parameter.model-inv-early-forward|number|0000000000000000
choice=92:recipe.channel-b-driver.element.Q1.parameter.model-inv-early-reverse|number|0000000000000000
choice=94:recipe.channel-b-driver.element.Q1.parameter.model-inv-rolloff-forward|number|0000000000000000
choice=94:recipe.channel-b-driver.element.Q1.parameter.model-inv-rolloff-reverse|number|0000000000000000
choice=87:recipe.channel-b-driver.element.Q1.parameter.model-reverse-beta|number|3ff0000000000000
choice=93:recipe.channel-b-driver.element.Q1.parameter.model-saturation-current|number|3d3c25c268497682
choice=90:recipe.channel-b-driver.element.Q1.parameter.model-thermal-voltage|number|3f9a7c5ac471b478
choice=51:recipe.channel-b-driver.element.Q1.post.B|integer|0
choice=51:recipe.channel-b-driver.element.Q1.post.C|integer|1
choice=51:recipe.channel-b-driver.element.Q1.post.E|integer|2
choice=166:recipe.channel-b-driver.element.RB.component|token|tsj-realization-v1/controlled-indicator@1/channel-b-driver/npn-low-side-driver@1/npn-low-side-driver@1/component/RB
choice=54:recipe.channel-b-driver.element.RB.kind|token|RESISTOR
choice=79:recipe.channel-b-driver.element.RB.parameter.resistance|number|40a5180000000000
choice=51:recipe.channel-b-driver.element.RB.post.1|integer|0
choice=51:recipe.channel-b-driver.element.RB.post.2|integer|1
choice=179:recipe.channel-b-driver.element.RB_FAULT_SWITCH.component|token|tsj-realization-v1/controlled-indicator@1/channel-b-driver/npn-low-side-driver@1/npn-low-side-driver@1/component/RB
choice=65:recipe.channel-b-driver.element.RB_FAULT_SWITCH.kind|token|SWITCH
choice=64:recipe.channel-b-driver.element.RB_FAULT_SWITCH.post.1|integer|0
choice=64:recipe.channel-b-driver.element.RB_FAULT_SWITCH.post.2|integer|1
choice=67:recipe.channel-b-driver.element.RB_FIRST_ATTACHMENT.kind|token|WIRE
choice=68:recipe.channel-b-driver.element.RB_FIRST_ATTACHMENT.post.1|integer|0
choice=68:recipe.channel-b-driver.element.RB_FIRST_ATTACHMENT.post.2|integer|1
choice=62:recipe.channel-b-driver.element.RB_INPUT_TRACE.kind|token|WIRE
choice=63:recipe.channel-b-driver.element.RB_INPUT_TRACE.post.1|integer|0
choice=63:recipe.channel-b-driver.element.RB_INPUT_TRACE.post.2|integer|1
choice=176:recipe.channel-b-driver.element.RB_SECONDARY.component|token|tsj-realization-v1/controlled-indicator@1/channel-b-driver/npn-low-side-driver@1/npn-low-side-driver@1/component/RB
choice=68:recipe.channel-b-driver.element.RB_SECONDARY.kind|token|FAULT_HELPER
choice=61:recipe.channel-b-driver.element.RB_SECONDARY.post.1|integer|0
choice=61:recipe.channel-b-driver.element.RB_SECONDARY.post.2|integer|1
choice=68:recipe.channel-b-driver.element.RB_SECOND_ATTACHMENT.kind|token|WIRE
choice=69:recipe.channel-b-driver.element.RB_SECOND_ATTACHMENT.post.1|integer|0
choice=69:recipe.channel-b-driver.element.RB_SECOND_ATTACHMENT.post.2|integer|1
choice=168:recipe.channel-b-driver.element.RPD.component|token|tsj-realization-v1/controlled-indicator@1/channel-b-driver/npn-low-side-driver@1/npn-low-side-driver@1/component/RPD
choice=55:recipe.channel-b-driver.element.RPD.kind|token|RESISTOR
choice=80:recipe.channel-b-driver.element.RPD.parameter.resistance|number|40f86a0000000000
choice=52:recipe.channel-b-driver.element.RPD.post.1|integer|0
choice=52:recipe.channel-b-driver.element.RPD.post.2|integer|1
choice=63:recipe.channel-b-driver.fault-effective|number|40f86a0000000000
choice=45:recipe.channel-b-driver.fault-kind|token|OPEN
choice=158:recipe.channel-b-driver.fault-target|token|tsj-realization-v1/controlled-indicator@1/channel-b-driver/npn-low-side-driver@1/npn-low-side-driver@1/component/RB
choice=60:recipe.channel-b-driver.inputs|ids|BOARD_POWER,CONTROL_INPUT
choice=60:recipe.channel-b-driver.provider|token|npn-low-side-driver@1
choice=152:recipe.channel-b-driver.repair|token|tsj-realization-v1/controlled-indicator@1/channel-b-driver/npn-low-side-driver@1/npn-low-side-driver@1/component/RB
choice=69:recipe.channel-b-driver.retests|ids|CUSTOMER_RETEST,STEADY_DC_POWERED
choice=62:recipe.channel-b-load.choice.RLOAD.catalog|token|R_CATALOG_270
choice=53:recipe.channel-b-load.choice.RLOAD.mutable|token|true
choice=70:recipe.channel-b-load.choice.RLOAD.rated-watts|number|3fd0000000000000
choice=76:recipe.channel-b-load.choice.RLOAD.tolerance-percent|number|4014000000000000
choice=76:recipe.channel-b-load.choice.descriptor.functional-role|token|indicator-load
choice=80:recipe.channel-b-load.choice.descriptor.led-vf-max-volts|number|4000000000000000
choice=80:recipe.channel-b-load.choice.descriptor.led-vf-min-volts|number|3ff999999999999a
choice=63:recipe.channel-b-load.choice.descriptor.model|token|default-led
choice=68:recipe.channel-b-load.choice.descriptor.package|token|AXIAL_RESISTOR
choice=78:recipe.channel-b-load.choice.descriptor.policy|token|controlled-led-load-e12@1
choice=85:recipe.channel-b-load.choice.descriptor.power-headroom-factor|number|4000000000000000
choice=84:recipe.channel-b-load.choice.descriptor.sink-headroom-factor|number|3ff4000000000000
choice=87:recipe.channel-b-load.choice.descriptor.target-min-current-amps|number|3f747ae147ae147b
choice=82:recipe.channel-b-load.choice.descriptor.tolerance-fraction|number|3fa999999999999a
choice=68:recipe.channel-b-load.choice.value.catalog-entry|token|R_CATALOG_270
choice=78:recipe.channel-b-load.choice.value.guarded-power-watts|number|3fbb823ee08fb824
choice=91:recipe.channel-b-load.choice.value.intent.led-maximum-forward-volts|number|4000000000000000
choice=91:recipe.channel-b-load.choice.value.intent.led-minimum-forward-volts|number|3ff999999999999a
choice=84:recipe.channel-b-load.choice.value.intent.load-maximum-volts|number|4016000000000000
choice=84:recipe.channel-b-load.choice.value.intent.load-minimum-volts|number|4012000000000000
choice=65:recipe.channel-b-load.choice.value.intent.model|token|default-led
choice=70:recipe.channel-b-load.choice.value.intent.package|token|AXIAL_RESISTOR
choice=87:recipe.channel-b-load.choice.value.intent.power-headroom-factor|number|4000000000000000
choice=84:recipe.channel-b-load.choice.value.intent.sink-capacity-amps|number|3f947ae147ae147b
choice=86:recipe.channel-b-load.choice.value.intent.sink-headroom-factor|number|3ff4000000000000
choice=84:recipe.channel-b-load.choice.value.intent.sink-maximum-volts|number|3fe999999999999a
choice=84:recipe.channel-b-load.choice.value.intent.sink-minimum-volts|number|0000000000000000
choice=86:recipe.channel-b-load.choice.value.intent.source-maximum-volts|number|4015000000000000
choice=86:recipe.channel-b-load.choice.value.intent.source-minimum-volts|number|4013000000000000
choice=93:recipe.channel-b-load.choice.value.intent.target-minimum-current-amps|number|3f747ae147ae147b
choice=84:recipe.channel-b-load.choice.value.intent.tolerance-fraction|number|3fa999999999999a
choice=83:recipe.channel-b-load.choice.value.intent.typed-demand-amps|number|3f90624dd2f1a9fc
choice=79:recipe.channel-b-load.choice.value.maximum-current-amps|number|3f8d24a0e2c1d24a
choice=79:recipe.channel-b-load.choice.value.minimum-current-amps|number|3f7c2c6d7181c2c7
choice=63:recipe.channel-b-load.choice.value.package|token|AXIAL_RESISTOR
choice=73:recipe.channel-b-load.choice.value.policy|token|controlled-led-load-e12@1
choice=79:recipe.channel-b-load.choice.value.required-power-watts|number|3fcb823ee08fb824
choice=78:recipe.channel-b-load.choice.value.resistance-max-ohms|number|4071b80000000000
choice=78:recipe.channel-b-load.choice.value.resistance-min-ohms|number|4070080000000000
choice=53:recipe.channel-b-load.choice.value.revision|integer|1
choice=162:recipe.channel-b-load.element.LED1.component|token|tsj-realization-v1/controlled-indicator@1/channel-b-load/resistor-led-load@2/resistor-led-load@2/component/LED1
choice=49:recipe.channel-b-load.element.LED1.kind|token|LED
choice=58:recipe.channel-b-load.element.LED1.model|token|default-led
choice=73:recipe.channel-b-load.element.LED1.parameter.blue|number|0000000000000000
choice=86:recipe.channel-b-load.element.LED1.parameter.breakdown-voltage|number|0000000000000000
choice=89:recipe.channel-b-load.element.LED1.parameter.emission-coefficient|number|400dd70a3d70a3d7
choice=74:recipe.channel-b-load.element.LED1.parameter.flags|number|0000000000000000
choice=81:recipe.channel-b-load.element.LED1.parameter.forward-drop|number|4001d372e1ff9fe1
choice=74:recipe.channel-b-load.element.LED1.parameter.green|number|0000000000000000
choice=72:recipe.channel-b-load.element.LED1.parameter.red|number|3ff0000000000000
choice=87:recipe.channel-b-load.element.LED1.parameter.saturation-current|number|3dd99e5df0eadcdc
choice=86:recipe.channel-b-load.element.LED1.parameter.series-resistance|number|3fa5810624dd2f1b
choice=84:recipe.channel-b-load.element.LED1.parameter.thermal-voltage|number|3f9a7c5ac471b478
choice=75:recipe.channel-b-load.element.LED1.parameter.vdcoef|number|4024bafe9eaa1f98
choice=75:recipe.channel-b-load.element.LED1.parameter.vscale|number|3fb8b2ae3d958cc4
choice=51:recipe.channel-b-load.element.LED1.post.A|integer|0
choice=51:recipe.channel-b-load.element.LED1.post.K|integer|1
choice=65:recipe.channel-b-load.element.LOAD_LED_NODE_TRACE.kind|token|WIRE
choice=66:recipe.channel-b-load.element.LOAD_LED_NODE_TRACE.post.1|integer|0
choice=66:recipe.channel-b-load.element.LOAD_LED_NODE_TRACE.post.2|integer|1
choice=164:recipe.channel-b-load.element.RLOAD.component|token|tsj-realization-v1/controlled-indicator@1/channel-b-load/resistor-led-load@2/resistor-led-load@2/component/RLOAD
choice=55:recipe.channel-b-load.element.RLOAD.kind|token|RESISTOR
choice=80:recipe.channel-b-load.element.RLOAD.parameter.resistance|number|4070e00000000000
choice=52:recipe.channel-b-load.element.RLOAD.post.1|integer|0
choice=52:recipe.channel-b-load.element.RLOAD.post.2|integer|1
choice=177:recipe.channel-b-load.element.RLOAD_FAULT_SWITCH.component|token|tsj-realization-v1/controlled-indicator@1/channel-b-load/resistor-led-load@2/resistor-led-load@2/component/RLOAD
choice=66:recipe.channel-b-load.element.RLOAD_FAULT_SWITCH.kind|token|SWITCH
choice=65:recipe.channel-b-load.element.RLOAD_FAULT_SWITCH.post.1|integer|0
choice=65:recipe.channel-b-load.element.RLOAD_FAULT_SWITCH.post.2|integer|1
choice=68:recipe.channel-b-load.element.RLOAD_FIRST_ATTACHMENT.kind|token|WIRE
choice=69:recipe.channel-b-load.element.RLOAD_FIRST_ATTACHMENT.post.1|integer|0
choice=69:recipe.channel-b-load.element.RLOAD_FIRST_ATTACHMENT.post.2|integer|1
choice=63:recipe.channel-b-load.element.RLOAD_INPUT_TRACE.kind|token|WIRE
choice=64:recipe.channel-b-load.element.RLOAD_INPUT_TRACE.post.1|integer|0
choice=64:recipe.channel-b-load.element.RLOAD_INPUT_TRACE.post.2|integer|1
choice=174:recipe.channel-b-load.element.RLOAD_SECONDARY.component|token|tsj-realization-v1/controlled-indicator@1/channel-b-load/resistor-led-load@2/resistor-led-load@2/component/RLOAD
choice=69:recipe.channel-b-load.element.RLOAD_SECONDARY.kind|token|FAULT_HELPER
choice=62:recipe.channel-b-load.element.RLOAD_SECONDARY.post.1|integer|0
choice=62:recipe.channel-b-load.element.RLOAD_SECONDARY.post.2|integer|1
choice=69:recipe.channel-b-load.element.RLOAD_SECOND_ATTACHMENT.kind|token|WIRE
choice=70:recipe.channel-b-load.element.RLOAD_SECOND_ATTACHMENT.post.1|integer|0
choice=70:recipe.channel-b-load.element.RLOAD_SECOND_ATTACHMENT.post.2|integer|1
choice=61:recipe.channel-b-load.fault-effective|number|40f86a0000000000
choice=43:recipe.channel-b-load.fault-kind|token|OPEN
choice=153:recipe.channel-b-load.fault-target|token|tsj-realization-v1/controlled-indicator@1/channel-b-load/resistor-led-load@2/resistor-led-load@2/component/RLOAD
choice=58:recipe.channel-b-load.inputs|ids|BOARD_POWER,CONTROL_INPUT
choice=56:recipe.channel-b-load.provider|token|resistor-led-load@2
choice=147:recipe.channel-b-load.repair|token|tsj-realization-v1/controlled-indicator@1/channel-b-load/resistor-led-load@2/resistor-led-load@2/component/RLOAD
choice=67:recipe.channel-b-load.retests|ids|CUSTOMER_RETEST,STEADY_DC_POWERED
choice=46:recipe.device.element.GROUND.kind|token|GROUND
choice=45:recipe.device.element.GROUND.post.1|integer|0
choice=78:recipe.device.element.channel-a-control-input.channel-a-driver.kind|token|WIRE
choice=79:recipe.device.element.channel-a-control-input.channel-a-driver.post.1|integer|0
choice=79:recipe.device.element.channel-a-control-input.channel-a-driver.post.2|integer|1
choice=176:recipe.device.element.channel-a-control.CONNECTOR.component|token|tsj-realization-v1/controlled-indicator@1/channel-a-control/external-adapter@1/external-adapter@1/component/J2
choice=67:recipe.device.element.channel-a-control.CONNECTOR.kind|token|SWITCH
choice=66:recipe.device.element.channel-a-control.CONNECTOR.post.1|integer|0
choice=66:recipe.device.element.channel-a-control.CONNECTOR.post.2|integer|1
choice=67:recipe.device.element.channel-a-control.ISOLATION.kind|token|SWITCH
choice=66:recipe.device.element.channel-a-control.ISOLATION.post.1|integer|0
choice=66:recipe.device.element.channel-a-control.ISOLATION.post.2|integer|1
choice=62:recipe.device.element.channel-a-control.RETURN.kind|token|WIRE
choice=63:recipe.device.element.channel-a-control.RETURN.post.1|integer|0
choice=63:recipe.device.element.channel-a-control.RETURN.post.2|integer|1
choice=65:recipe.device.element.channel-a-control.SUPPLY.kind|token|VOLTAGE
choice=88:recipe.device.element.channel-a-control.SUPPLY.parameter.voltage|number|4014000000000000
choice=63:recipe.device.element.channel-a-control.SUPPLY.post.+|integer|1
choice=63:recipe.device.element.channel-a-control.SUPPLY.post.-|integer|0
choice=78:recipe.device.element.channel-a-switched-output.channel-a-load.kind|token|WIRE
choice=79:recipe.device.element.channel-a-switched-output.channel-a-load.post.1|integer|0
choice=79:recipe.device.element.channel-a-switched-output.channel-a-load.post.2|integer|1
choice=78:recipe.device.element.channel-b-control-input.channel-b-driver.kind|token|WIRE
choice=79:recipe.device.element.channel-b-control-input.channel-b-driver.post.1|integer|0
choice=79:recipe.device.element.channel-b-control-input.channel-b-driver.post.2|integer|1
choice=176:recipe.device.element.channel-b-control.CONNECTOR.component|token|tsj-realization-v1/controlled-indicator@1/channel-b-control/external-adapter@1/external-adapter@1/component/J3
choice=67:recipe.device.element.channel-b-control.CONNECTOR.kind|token|SWITCH
choice=66:recipe.device.element.channel-b-control.CONNECTOR.post.1|integer|0
choice=66:recipe.device.element.channel-b-control.CONNECTOR.post.2|integer|1
choice=67:recipe.device.element.channel-b-control.ISOLATION.kind|token|SWITCH
choice=66:recipe.device.element.channel-b-control.ISOLATION.post.1|integer|0
choice=66:recipe.device.element.channel-b-control.ISOLATION.post.2|integer|1
choice=62:recipe.device.element.channel-b-control.RETURN.kind|token|WIRE
choice=63:recipe.device.element.channel-b-control.RETURN.post.1|integer|0
choice=63:recipe.device.element.channel-b-control.RETURN.post.2|integer|1
choice=65:recipe.device.element.channel-b-control.SUPPLY.kind|token|VOLTAGE
choice=88:recipe.device.element.channel-b-control.SUPPLY.parameter.voltage|number|4014000000000000
choice=63:recipe.device.element.channel-b-control.SUPPLY.post.+|integer|1
choice=63:recipe.device.element.channel-b-control.SUPPLY.post.-|integer|0
choice=78:recipe.device.element.channel-b-switched-output.channel-b-load.kind|token|WIRE
choice=79:recipe.device.element.channel-b-switched-output.channel-b-load.post.1|integer|0
choice=79:recipe.device.element.channel-b-switched-output.channel-b-load.post.2|integer|1
choice=68:recipe.device.element.common-return.channel-a-driver.kind|token|WIRE
choice=69:recipe.device.element.common-return.channel-a-driver.post.1|integer|0
choice=69:recipe.device.element.common-return.channel-a-driver.post.2|integer|1
choice=68:recipe.device.element.common-return.channel-b-driver.kind|token|WIRE
choice=69:recipe.device.element.common-return.channel-b-driver.post.1|integer|0
choice=69:recipe.device.element.common-return.channel-b-driver.post.2|integer|1
choice=68:recipe.device.element.common-return.supply-indicator.kind|token|WIRE
choice=69:recipe.device.element.common-return.supply-indicator.post.1|integer|0
choice=69:recipe.device.element.common-return.supply-indicator.post.2|integer|1
choice=168:recipe.device.element.power-adapter.CONNECTOR.component|token|tsj-realization-v1/controlled-indicator@1/power-adapter/external-adapter@1/external-adapter@1/component/J1
choice=63:recipe.device.element.power-adapter.CONNECTOR.kind|token|SWITCH
choice=62:recipe.device.element.power-adapter.CONNECTOR.post.1|integer|0
choice=62:recipe.device.element.power-adapter.CONNECTOR.post.2|integer|1
choice=63:recipe.device.element.power-adapter.ISOLATION.kind|token|SWITCH
choice=62:recipe.device.element.power-adapter.ISOLATION.post.1|integer|0
choice=62:recipe.device.element.power-adapter.ISOLATION.post.2|integer|1
choice=58:recipe.device.element.power-adapter.RETURN.kind|token|WIRE
choice=59:recipe.device.element.power-adapter.RETURN.post.1|integer|0
choice=59:recipe.device.element.power-adapter.RETURN.post.2|integer|1
choice=61:recipe.device.element.power-adapter.SUPPLY.kind|token|VOLTAGE
choice=84:recipe.device.element.power-adapter.SUPPLY.parameter.voltage|number|4014000000000000
choice=59:recipe.device.element.power-adapter.SUPPLY.post.+|integer|1
choice=59:recipe.device.element.power-adapter.SUPPLY.post.-|integer|0
choice=65:recipe.device.element.power-supply.channel-b-load.kind|token|WIRE
choice=66:recipe.device.element.power-supply.channel-b-load.post.1|integer|0
choice=66:recipe.device.element.power-supply.channel-b-load.post.2|integer|1
choice=64:recipe.device.element.power-supply.power-adapter.kind|token|WIRE
choice=65:recipe.device.element.power-supply.power-adapter.post.1|integer|0
choice=65:recipe.device.element.power-supply.power-adapter.post.2|integer|1
choice=67:recipe.device.element.power-supply.supply-indicator.kind|token|WIRE
choice=68:recipe.device.element.power-supply.supply-indicator.post.1|integer|0
choice=68:recipe.device.element.power-supply.supply-indicator.post.2|integer|1
choice=53:recipe.device.provider|token|controlled-device-join@1
choice=55:recipe.supply-indicator.choice.RSUP.mutable|token|false
choice=71:recipe.supply-indicator.choice.RSUP.rated-watts|number|3fd0000000000000
choice=77:recipe.supply-indicator.choice.RSUP.tolerance-percent|number|4014000000000000
choice=80:recipe.supply-indicator.choice.descriptor.functional-role|token|supply-indicator
choice=90:recipe.supply-indicator.choice.descriptor.healthy-current-max-amps|number|3f70624dd2f1a9fc
choice=90:recipe.supply-indicator.choice.descriptor.healthy-current-min-amps|number|3f60624dd2f1a9fc
choice=65:recipe.supply-indicator.choice.descriptor.model|token|default-led
choice=88:recipe.supply-indicator.choice.descriptor.series-resistance-ohms|number|408f400000000000
choice=88:recipe.supply-indicator.choice.descriptor.supply-demand-max-amps|number|3f747ae147ae147b
choice=180:recipe.supply-indicator.element.LED1.component|token|tsj-realization-v1/controlled-indicator@1/supply-indicator/supply-present-indicator@1/supply-present-indicator@1/component/LED1
choice=51:recipe.supply-indicator.element.LED1.kind|token|LED
choice=60:recipe.supply-indicator.element.LED1.model|token|default-led
choice=75:recipe.supply-indicator.element.LED1.parameter.blue|number|0000000000000000
choice=88:recipe.supply-indicator.element.LED1.parameter.breakdown-voltage|number|0000000000000000
choice=91:recipe.supply-indicator.element.LED1.parameter.emission-coefficient|number|400dd70a3d70a3d7
choice=76:recipe.supply-indicator.element.LED1.parameter.flags|number|0000000000000000
choice=83:recipe.supply-indicator.element.LED1.parameter.forward-drop|number|4001d372e1ff9fe1
choice=76:recipe.supply-indicator.element.LED1.parameter.green|number|0000000000000000
choice=74:recipe.supply-indicator.element.LED1.parameter.red|number|3ff0000000000000
choice=89:recipe.supply-indicator.element.LED1.parameter.saturation-current|number|3dd99e5df0eadcdc
choice=88:recipe.supply-indicator.element.LED1.parameter.series-resistance|number|3fa5810624dd2f1b
choice=86:recipe.supply-indicator.element.LED1.parameter.thermal-voltage|number|3f9a7c5ac471b478
choice=77:recipe.supply-indicator.element.LED1.parameter.vdcoef|number|4024bafe9eaa1f98
choice=77:recipe.supply-indicator.element.LED1.parameter.vscale|number|3fb8b2ae3d958cc4
choice=53:recipe.supply-indicator.element.LED1.post.A|integer|0
choice=53:recipe.supply-indicator.element.LED1.post.K|integer|1
choice=180:recipe.supply-indicator.element.RSUP.component|token|tsj-realization-v1/controlled-indicator@1/supply-indicator/supply-present-indicator@1/supply-present-indicator@1/component/RSUP
choice=56:recipe.supply-indicator.element.RSUP.kind|token|RESISTOR
choice=81:recipe.supply-indicator.element.RSUP.parameter.resistance|number|408f400000000000
choice=53:recipe.supply-indicator.element.RSUP.post.1|integer|0
choice=53:recipe.supply-indicator.element.RSUP.post.2|integer|1
choice=69:recipe.supply-indicator.element.SUPPLY_LED_NODE_TRACE.kind|token|WIRE
choice=70:recipe.supply-indicator.element.SUPPLY_LED_NODE_TRACE.post.1|integer|0
choice=70:recipe.supply-indicator.element.SUPPLY_LED_NODE_TRACE.post.2|integer|1
choice=46:recipe.supply-indicator.inputs|ids|BOARD_POWER
choice=65:recipe.supply-indicator.provider|token|supply-present-indicator@1
choice=69:recipe.supply-indicator.retests|ids|CUSTOMER_RETEST,STEADY_DC_POWERED
net=166:tsj-realization-v1/controlled-indicator@1/channel-a-control/external-adapter@1/external-adapter@1/net/OUTPUT|tsj-bus-v1/controlled-indicator@1/channel-a-control-input
net=156:tsj-realization-v1/controlled-indicator@1/channel-a-control/external-adapter@1/external-adapter@1/net/RETURN|tsj-bus-v1/controlled-indicator@1/common-return
net=223:tsj-realization-v1/controlled-indicator@1/channel-a-driver/npn-low-side-driver@1/npn-low-side-driver@1/net/BASE|tsj-realization-v1/controlled-indicator@1/channel-a-driver/npn-low-side-driver@1/npn-low-side-driver@1/net/BASE
net=172:tsj-realization-v1/controlled-indicator@1/channel-a-driver/npn-low-side-driver@1/npn-low-side-driver@1/net/CONTROL|tsj-bus-v1/controlled-indicator@1/channel-a-control-input
net=161:tsj-realization-v1/controlled-indicator@1/channel-a-driver/npn-low-side-driver@1/npn-low-side-driver@1/net/RETURN|tsj-bus-v1/controlled-indicator@1/common-return
net=180:tsj-realization-v1/controlled-indicator@1/channel-a-driver/npn-low-side-driver@1/npn-low-side-driver@1/net/SWITCHED_SINK|tsj-bus-v1/controlled-indicator@1/channel-a-switched-output
net=219:tsj-realization-v1/controlled-indicator@1/channel-a-load/resistor-led-load@2/resistor-led-load@2/net/LED_NODE|tsj-realization-v1/controlled-indicator@1/channel-a-load/resistor-led-load@2/resistor-led-load@2/net/LED_NODE
net=155:tsj-realization-v1/controlled-indicator@1/channel-a-load/resistor-led-load@2/resistor-led-load@2/net/RETURN|tsj-bus-v1/controlled-indicator@1/common-return
net=154:tsj-realization-v1/controlled-indicator@1/channel-a-load/resistor-led-load@2/resistor-led-load@2/net/SUPPLY|tsj-bus-v1/controlled-indicator@1/power-supply
net=174:tsj-realization-v1/controlled-indicator@1/channel-a-load/resistor-led-load@2/resistor-led-load@2/net/SWITCHED_LOAD|tsj-bus-v1/controlled-indicator@1/channel-a-switched-output
net=166:tsj-realization-v1/controlled-indicator@1/channel-b-control/external-adapter@1/external-adapter@1/net/OUTPUT|tsj-bus-v1/controlled-indicator@1/channel-b-control-input
net=156:tsj-realization-v1/controlled-indicator@1/channel-b-control/external-adapter@1/external-adapter@1/net/RETURN|tsj-bus-v1/controlled-indicator@1/common-return
net=223:tsj-realization-v1/controlled-indicator@1/channel-b-driver/npn-low-side-driver@1/npn-low-side-driver@1/net/BASE|tsj-realization-v1/controlled-indicator@1/channel-b-driver/npn-low-side-driver@1/npn-low-side-driver@1/net/BASE
net=172:tsj-realization-v1/controlled-indicator@1/channel-b-driver/npn-low-side-driver@1/npn-low-side-driver@1/net/CONTROL|tsj-bus-v1/controlled-indicator@1/channel-b-control-input
net=161:tsj-realization-v1/controlled-indicator@1/channel-b-driver/npn-low-side-driver@1/npn-low-side-driver@1/net/RETURN|tsj-bus-v1/controlled-indicator@1/common-return
net=180:tsj-realization-v1/controlled-indicator@1/channel-b-driver/npn-low-side-driver@1/npn-low-side-driver@1/net/SWITCHED_SINK|tsj-bus-v1/controlled-indicator@1/channel-b-switched-output
net=219:tsj-realization-v1/controlled-indicator@1/channel-b-load/resistor-led-load@2/resistor-led-load@2/net/LED_NODE|tsj-realization-v1/controlled-indicator@1/channel-b-load/resistor-led-load@2/resistor-led-load@2/net/LED_NODE
net=155:tsj-realization-v1/controlled-indicator@1/channel-b-load/resistor-led-load@2/resistor-led-load@2/net/RETURN|tsj-bus-v1/controlled-indicator@1/common-return
net=154:tsj-realization-v1/controlled-indicator@1/channel-b-load/resistor-led-load@2/resistor-led-load@2/net/SUPPLY|tsj-bus-v1/controlled-indicator@1/power-supply
net=174:tsj-realization-v1/controlled-indicator@1/channel-b-load/resistor-led-load@2/resistor-led-load@2/net/SWITCHED_LOAD|tsj-bus-v1/controlled-indicator@1/channel-b-switched-output
net=151:tsj-realization-v1/controlled-indicator@1/power-adapter/external-adapter@1/external-adapter@1/net/OUTPUT|tsj-bus-v1/controlled-indicator@1/power-supply
net=152:tsj-realization-v1/controlled-indicator@1/power-adapter/external-adapter@1/external-adapter@1/net/RETURN|tsj-bus-v1/controlled-indicator@1/common-return
net=251:tsj-realization-v1/controlled-indicator@1/supply-indicator/supply-present-indicator@1/supply-present-indicator@1/net/LED_NODE|tsj-realization-v1/controlled-indicator@1/supply-indicator/supply-present-indicator@1/supply-present-indicator@1/net/LED_NODE
net=171:tsj-realization-v1/controlled-indicator@1/supply-indicator/supply-present-indicator@1/supply-present-indicator@1/net/RETURN|tsj-bus-v1/controlled-indicator@1/common-return
net=170:tsj-realization-v1/controlled-indicator@1/supply-indicator/supply-present-indicator@1/supply-present-indicator@1/net/SUPPLY|tsj-bus-v1/controlled-indicator@1/power-supply
target=57:tsj-bus-v1/controlled-indicator@1/channel-a-control-input
target=59:tsj-bus-v1/controlled-indicator@1/channel-a-switched-output
target=57:tsj-bus-v1/controlled-indicator@1/channel-b-control-input
target=59:tsj-bus-v1/controlled-indicator@1/channel-b-switched-output
target=47:tsj-bus-v1/controlled-indicator@1/common-return
target=46:tsj-bus-v1/controlled-indicator@1/power-supply
target=70:tsj-device-v1/controlled-indicator@1/component/J1/input/LOAD_VIN_INPUT
target=79:tsj-device-v1/controlled-indicator@1/component/J2/input/channel-a-control-power
target=79:tsj-device-v1/controlled-indicator@1/component/J3/input/channel-b-control-power
target=110:tsj-realization-v1/controlled-indicator@1/channel-a-control/external-adapter@1/external-adapter@1/component/J2
target=111:tsj-realization-v1/controlled-indicator@1/channel-a-control/external-adapter@1/external-adapter@1/endpoint/J2_1
target=111:tsj-realization-v1/controlled-indicator@1/channel-a-control/external-adapter@1/external-adapter@1/endpoint/J2_2
target=108:tsj-realization-v1/controlled-indicator@1/channel-a-control/external-adapter@1/external-adapter@1/net/OUTPUT
target=108:tsj-realization-v1/controlled-indicator@1/channel-a-control/external-adapter@1/external-adapter@1/net/RETURN
target=106:tsj-realization-v1/controlled-indicator@1/channel-a-control/external-adapter@1/external-adapter@1/pad/J2.1
target=106:tsj-realization-v1/controlled-indicator@1/channel-a-control/external-adapter@1/external-adapter@1/pad/J2.2
target=114:tsj-realization-v1/controlled-indicator@1/channel-a-control/external-adapter@1/external-adapter@1/port/CONTROL_OUT
target=109:tsj-realization-v1/controlled-indicator@1/channel-a-control/external-adapter@1/external-adapter@1/port/RETURN
target=109:tsj-realization-v1/controlled-indicator@1/channel-a-control/external-adapter@1/external-adapter@1/role/output
target=109:tsj-realization-v1/controlled-indicator@1/channel-a-control/external-adapter@1/external-adapter@1/role/return
target=111:tsj-realization-v1/controlled-indicator@1/channel-a-control/external-adapter@1/external-adapter@1/terminal/J2.1
target=111:tsj-realization-v1/controlled-indicator@1/channel-a-control/external-adapter@1/external-adapter@1/terminal/J2.2
target=115:tsj-realization-v1/controlled-indicator@1/channel-a-driver/npn-low-side-driver@1/npn-low-side-driver@1/component/Q1
target=115:tsj-realization-v1/controlled-indicator@1/channel-a-driver/npn-low-side-driver@1/npn-low-side-driver@1/component/RB
target=116:tsj-realization-v1/controlled-indicator@1/channel-a-driver/npn-low-side-driver@1/npn-low-side-driver@1/component/RPD
target=116:tsj-realization-v1/controlled-indicator@1/channel-a-driver/npn-low-side-driver@1/npn-low-side-driver@1/endpoint/Q1_B
target=116:tsj-realization-v1/controlled-indicator@1/channel-a-driver/npn-low-side-driver@1/npn-low-side-driver@1/endpoint/Q1_C
target=116:tsj-realization-v1/controlled-indicator@1/channel-a-driver/npn-low-side-driver@1/npn-low-side-driver@1/endpoint/Q1_E
target=116:tsj-realization-v1/controlled-indicator@1/channel-a-driver/npn-low-side-driver@1/npn-low-side-driver@1/endpoint/RB_1
target=116:tsj-realization-v1/controlled-indicator@1/channel-a-driver/npn-low-side-driver@1/npn-low-side-driver@1/endpoint/RB_2
target=117:tsj-realization-v1/controlled-indicator@1/channel-a-driver/npn-low-side-driver@1/npn-low-side-driver@1/endpoint/RPD_1
target=117:tsj-realization-v1/controlled-indicator@1/channel-a-driver/npn-low-side-driver@1/npn-low-side-driver@1/endpoint/RPD_2
target=111:tsj-realization-v1/controlled-indicator@1/channel-a-driver/npn-low-side-driver@1/npn-low-side-driver@1/net/BASE
target=114:tsj-realization-v1/controlled-indicator@1/channel-a-driver/npn-low-side-driver@1/npn-low-side-driver@1/net/CONTROL
target=113:tsj-realization-v1/controlled-indicator@1/channel-a-driver/npn-low-side-driver@1/npn-low-side-driver@1/net/RETURN
target=120:tsj-realization-v1/controlled-indicator@1/channel-a-driver/npn-low-side-driver@1/npn-low-side-driver@1/net/SWITCHED_SINK
target=111:tsj-realization-v1/controlled-indicator@1/channel-a-driver/npn-low-side-driver@1/npn-low-side-driver@1/pad/Q1.B
target=111:tsj-realization-v1/controlled-indicator@1/channel-a-driver/npn-low-side-driver@1/npn-low-side-driver@1/pad/Q1.C
target=111:tsj-realization-v1/controlled-indicator@1/channel-a-driver/npn-low-side-driver@1/npn-low-side-driver@1/pad/Q1.E
target=111:tsj-realization-v1/controlled-indicator@1/channel-a-driver/npn-low-side-driver@1/npn-low-side-driver@1/pad/RB.1
target=111:tsj-realization-v1/controlled-indicator@1/channel-a-driver/npn-low-side-driver@1/npn-low-side-driver@1/pad/RB.2
target=112:tsj-realization-v1/controlled-indicator@1/channel-a-driver/npn-low-side-driver@1/npn-low-side-driver@1/pad/RPD.1
target=112:tsj-realization-v1/controlled-indicator@1/channel-a-driver/npn-low-side-driver@1/npn-low-side-driver@1/pad/RPD.2
target=115:tsj-realization-v1/controlled-indicator@1/channel-a-driver/npn-low-side-driver@1/npn-low-side-driver@1/port/CONTROL
target=114:tsj-realization-v1/controlled-indicator@1/channel-a-driver/npn-low-side-driver@1/npn-low-side-driver@1/port/RETURN
target=121:tsj-realization-v1/controlled-indicator@1/channel-a-driver/npn-low-side-driver@1/npn-low-side-driver@1/port/SWITCHED_SINK
target=112:tsj-realization-v1/controlled-indicator@1/channel-a-driver/npn-low-side-driver@1/npn-low-side-driver@1/role/base
target=115:tsj-realization-v1/controlled-indicator@1/channel-a-driver/npn-low-side-driver@1/npn-low-side-driver@1/role/control
target=114:tsj-realization-v1/controlled-indicator@1/channel-a-driver/npn-low-side-driver@1/npn-low-side-driver@1/role/return
target=116:tsj-realization-v1/controlled-indicator@1/channel-a-driver/npn-low-side-driver@1/npn-low-side-driver@1/role/switched
target=116:tsj-realization-v1/controlled-indicator@1/channel-a-driver/npn-low-side-driver@1/npn-low-side-driver@1/terminal/Q1.B
target=116:tsj-realization-v1/controlled-indicator@1/channel-a-driver/npn-low-side-driver@1/npn-low-side-driver@1/terminal/Q1.C
target=116:tsj-realization-v1/controlled-indicator@1/channel-a-driver/npn-low-side-driver@1/npn-low-side-driver@1/terminal/Q1.E
target=116:tsj-realization-v1/controlled-indicator@1/channel-a-driver/npn-low-side-driver@1/npn-low-side-driver@1/terminal/RB.1
target=116:tsj-realization-v1/controlled-indicator@1/channel-a-driver/npn-low-side-driver@1/npn-low-side-driver@1/terminal/RB.2
target=117:tsj-realization-v1/controlled-indicator@1/channel-a-driver/npn-low-side-driver@1/npn-low-side-driver@1/terminal/RPD.1
target=117:tsj-realization-v1/controlled-indicator@1/channel-a-driver/npn-low-side-driver@1/npn-low-side-driver@1/terminal/RPD.2
target=111:tsj-realization-v1/controlled-indicator@1/channel-a-load/resistor-led-load@2/resistor-led-load@2/component/LED1
target=112:tsj-realization-v1/controlled-indicator@1/channel-a-load/resistor-led-load@2/resistor-led-load@2/component/RLOAD
target=112:tsj-realization-v1/controlled-indicator@1/channel-a-load/resistor-led-load@2/resistor-led-load@2/endpoint/LED1_A
target=112:tsj-realization-v1/controlled-indicator@1/channel-a-load/resistor-led-load@2/resistor-led-load@2/endpoint/LED1_K
target=113:tsj-realization-v1/controlled-indicator@1/channel-a-load/resistor-led-load@2/resistor-led-load@2/endpoint/RLOAD_1
target=113:tsj-realization-v1/controlled-indicator@1/channel-a-load/resistor-led-load@2/resistor-led-load@2/endpoint/RLOAD_2
target=109:tsj-realization-v1/controlled-indicator@1/channel-a-load/resistor-led-load@2/resistor-led-load@2/net/LED_NODE
target=107:tsj-realization-v1/controlled-indicator@1/channel-a-load/resistor-led-load@2/resistor-led-load@2/net/RETURN
target=107:tsj-realization-v1/controlled-indicator@1/channel-a-load/resistor-led-load@2/resistor-led-load@2/net/SUPPLY
target=114:tsj-realization-v1/controlled-indicator@1/channel-a-load/resistor-led-load@2/resistor-led-load@2/net/SWITCHED_LOAD
target=107:tsj-realization-v1/controlled-indicator@1/channel-a-load/resistor-led-load@2/resistor-led-load@2/pad/LED1.A
target=107:tsj-realization-v1/controlled-indicator@1/channel-a-load/resistor-led-load@2/resistor-led-load@2/pad/LED1.K
target=108:tsj-realization-v1/controlled-indicator@1/channel-a-load/resistor-led-load@2/resistor-led-load@2/pad/RLOAD.1
target=108:tsj-realization-v1/controlled-indicator@1/channel-a-load/resistor-led-load@2/resistor-led-load@2/pad/RLOAD.2
target=108:tsj-realization-v1/controlled-indicator@1/channel-a-load/resistor-led-load@2/resistor-led-load@2/port/RETURN
target=108:tsj-realization-v1/controlled-indicator@1/channel-a-load/resistor-led-load@2/resistor-led-load@2/port/SUPPLY
target=115:tsj-realization-v1/controlled-indicator@1/channel-a-load/resistor-led-load@2/resistor-led-load@2/port/SWITCHED_LOAD
target=109:tsj-realization-v1/controlled-indicator@1/channel-a-load/resistor-led-load@2/resistor-led-load@2/role/ledNode
target=108:tsj-realization-v1/controlled-indicator@1/channel-a-load/resistor-led-load@2/resistor-led-load@2/role/return
target=108:tsj-realization-v1/controlled-indicator@1/channel-a-load/resistor-led-load@2/resistor-led-load@2/role/supply
target=110:tsj-realization-v1/controlled-indicator@1/channel-a-load/resistor-led-load@2/resistor-led-load@2/role/switched
target=112:tsj-realization-v1/controlled-indicator@1/channel-a-load/resistor-led-load@2/resistor-led-load@2/terminal/LED1.A
target=112:tsj-realization-v1/controlled-indicator@1/channel-a-load/resistor-led-load@2/resistor-led-load@2/terminal/LED1.K
target=113:tsj-realization-v1/controlled-indicator@1/channel-a-load/resistor-led-load@2/resistor-led-load@2/terminal/RLOAD.1
target=113:tsj-realization-v1/controlled-indicator@1/channel-a-load/resistor-led-load@2/resistor-led-load@2/terminal/RLOAD.2
target=110:tsj-realization-v1/controlled-indicator@1/channel-b-control/external-adapter@1/external-adapter@1/component/J3
target=111:tsj-realization-v1/controlled-indicator@1/channel-b-control/external-adapter@1/external-adapter@1/endpoint/J3_1
target=111:tsj-realization-v1/controlled-indicator@1/channel-b-control/external-adapter@1/external-adapter@1/endpoint/J3_2
target=108:tsj-realization-v1/controlled-indicator@1/channel-b-control/external-adapter@1/external-adapter@1/net/OUTPUT
target=108:tsj-realization-v1/controlled-indicator@1/channel-b-control/external-adapter@1/external-adapter@1/net/RETURN
target=106:tsj-realization-v1/controlled-indicator@1/channel-b-control/external-adapter@1/external-adapter@1/pad/J3.1
target=106:tsj-realization-v1/controlled-indicator@1/channel-b-control/external-adapter@1/external-adapter@1/pad/J3.2
target=114:tsj-realization-v1/controlled-indicator@1/channel-b-control/external-adapter@1/external-adapter@1/port/CONTROL_OUT
target=109:tsj-realization-v1/controlled-indicator@1/channel-b-control/external-adapter@1/external-adapter@1/port/RETURN
target=109:tsj-realization-v1/controlled-indicator@1/channel-b-control/external-adapter@1/external-adapter@1/role/output
target=109:tsj-realization-v1/controlled-indicator@1/channel-b-control/external-adapter@1/external-adapter@1/role/return
target=111:tsj-realization-v1/controlled-indicator@1/channel-b-control/external-adapter@1/external-adapter@1/terminal/J3.1
target=111:tsj-realization-v1/controlled-indicator@1/channel-b-control/external-adapter@1/external-adapter@1/terminal/J3.2
target=115:tsj-realization-v1/controlled-indicator@1/channel-b-driver/npn-low-side-driver@1/npn-low-side-driver@1/component/Q1
target=115:tsj-realization-v1/controlled-indicator@1/channel-b-driver/npn-low-side-driver@1/npn-low-side-driver@1/component/RB
target=116:tsj-realization-v1/controlled-indicator@1/channel-b-driver/npn-low-side-driver@1/npn-low-side-driver@1/component/RPD
target=116:tsj-realization-v1/controlled-indicator@1/channel-b-driver/npn-low-side-driver@1/npn-low-side-driver@1/endpoint/Q1_B
target=116:tsj-realization-v1/controlled-indicator@1/channel-b-driver/npn-low-side-driver@1/npn-low-side-driver@1/endpoint/Q1_C
target=116:tsj-realization-v1/controlled-indicator@1/channel-b-driver/npn-low-side-driver@1/npn-low-side-driver@1/endpoint/Q1_E
target=116:tsj-realization-v1/controlled-indicator@1/channel-b-driver/npn-low-side-driver@1/npn-low-side-driver@1/endpoint/RB_1
target=116:tsj-realization-v1/controlled-indicator@1/channel-b-driver/npn-low-side-driver@1/npn-low-side-driver@1/endpoint/RB_2
target=117:tsj-realization-v1/controlled-indicator@1/channel-b-driver/npn-low-side-driver@1/npn-low-side-driver@1/endpoint/RPD_1
target=117:tsj-realization-v1/controlled-indicator@1/channel-b-driver/npn-low-side-driver@1/npn-low-side-driver@1/endpoint/RPD_2
target=111:tsj-realization-v1/controlled-indicator@1/channel-b-driver/npn-low-side-driver@1/npn-low-side-driver@1/net/BASE
target=114:tsj-realization-v1/controlled-indicator@1/channel-b-driver/npn-low-side-driver@1/npn-low-side-driver@1/net/CONTROL
target=113:tsj-realization-v1/controlled-indicator@1/channel-b-driver/npn-low-side-driver@1/npn-low-side-driver@1/net/RETURN
target=120:tsj-realization-v1/controlled-indicator@1/channel-b-driver/npn-low-side-driver@1/npn-low-side-driver@1/net/SWITCHED_SINK
target=111:tsj-realization-v1/controlled-indicator@1/channel-b-driver/npn-low-side-driver@1/npn-low-side-driver@1/pad/Q1.B
target=111:tsj-realization-v1/controlled-indicator@1/channel-b-driver/npn-low-side-driver@1/npn-low-side-driver@1/pad/Q1.C
target=111:tsj-realization-v1/controlled-indicator@1/channel-b-driver/npn-low-side-driver@1/npn-low-side-driver@1/pad/Q1.E
target=111:tsj-realization-v1/controlled-indicator@1/channel-b-driver/npn-low-side-driver@1/npn-low-side-driver@1/pad/RB.1
target=111:tsj-realization-v1/controlled-indicator@1/channel-b-driver/npn-low-side-driver@1/npn-low-side-driver@1/pad/RB.2
target=112:tsj-realization-v1/controlled-indicator@1/channel-b-driver/npn-low-side-driver@1/npn-low-side-driver@1/pad/RPD.1
target=112:tsj-realization-v1/controlled-indicator@1/channel-b-driver/npn-low-side-driver@1/npn-low-side-driver@1/pad/RPD.2
target=115:tsj-realization-v1/controlled-indicator@1/channel-b-driver/npn-low-side-driver@1/npn-low-side-driver@1/port/CONTROL
target=114:tsj-realization-v1/controlled-indicator@1/channel-b-driver/npn-low-side-driver@1/npn-low-side-driver@1/port/RETURN
target=121:tsj-realization-v1/controlled-indicator@1/channel-b-driver/npn-low-side-driver@1/npn-low-side-driver@1/port/SWITCHED_SINK
target=112:tsj-realization-v1/controlled-indicator@1/channel-b-driver/npn-low-side-driver@1/npn-low-side-driver@1/role/base
target=115:tsj-realization-v1/controlled-indicator@1/channel-b-driver/npn-low-side-driver@1/npn-low-side-driver@1/role/control
target=114:tsj-realization-v1/controlled-indicator@1/channel-b-driver/npn-low-side-driver@1/npn-low-side-driver@1/role/return
target=116:tsj-realization-v1/controlled-indicator@1/channel-b-driver/npn-low-side-driver@1/npn-low-side-driver@1/role/switched
target=116:tsj-realization-v1/controlled-indicator@1/channel-b-driver/npn-low-side-driver@1/npn-low-side-driver@1/terminal/Q1.B
target=116:tsj-realization-v1/controlled-indicator@1/channel-b-driver/npn-low-side-driver@1/npn-low-side-driver@1/terminal/Q1.C
target=116:tsj-realization-v1/controlled-indicator@1/channel-b-driver/npn-low-side-driver@1/npn-low-side-driver@1/terminal/Q1.E
target=116:tsj-realization-v1/controlled-indicator@1/channel-b-driver/npn-low-side-driver@1/npn-low-side-driver@1/terminal/RB.1
target=116:tsj-realization-v1/controlled-indicator@1/channel-b-driver/npn-low-side-driver@1/npn-low-side-driver@1/terminal/RB.2
target=117:tsj-realization-v1/controlled-indicator@1/channel-b-driver/npn-low-side-driver@1/npn-low-side-driver@1/terminal/RPD.1
target=117:tsj-realization-v1/controlled-indicator@1/channel-b-driver/npn-low-side-driver@1/npn-low-side-driver@1/terminal/RPD.2
target=111:tsj-realization-v1/controlled-indicator@1/channel-b-load/resistor-led-load@2/resistor-led-load@2/component/LED1
target=112:tsj-realization-v1/controlled-indicator@1/channel-b-load/resistor-led-load@2/resistor-led-load@2/component/RLOAD
target=112:tsj-realization-v1/controlled-indicator@1/channel-b-load/resistor-led-load@2/resistor-led-load@2/endpoint/LED1_A
target=112:tsj-realization-v1/controlled-indicator@1/channel-b-load/resistor-led-load@2/resistor-led-load@2/endpoint/LED1_K
target=113:tsj-realization-v1/controlled-indicator@1/channel-b-load/resistor-led-load@2/resistor-led-load@2/endpoint/RLOAD_1
target=113:tsj-realization-v1/controlled-indicator@1/channel-b-load/resistor-led-load@2/resistor-led-load@2/endpoint/RLOAD_2
target=109:tsj-realization-v1/controlled-indicator@1/channel-b-load/resistor-led-load@2/resistor-led-load@2/net/LED_NODE
target=107:tsj-realization-v1/controlled-indicator@1/channel-b-load/resistor-led-load@2/resistor-led-load@2/net/RETURN
target=107:tsj-realization-v1/controlled-indicator@1/channel-b-load/resistor-led-load@2/resistor-led-load@2/net/SUPPLY
target=114:tsj-realization-v1/controlled-indicator@1/channel-b-load/resistor-led-load@2/resistor-led-load@2/net/SWITCHED_LOAD
target=107:tsj-realization-v1/controlled-indicator@1/channel-b-load/resistor-led-load@2/resistor-led-load@2/pad/LED1.A
target=107:tsj-realization-v1/controlled-indicator@1/channel-b-load/resistor-led-load@2/resistor-led-load@2/pad/LED1.K
target=108:tsj-realization-v1/controlled-indicator@1/channel-b-load/resistor-led-load@2/resistor-led-load@2/pad/RLOAD.1
target=108:tsj-realization-v1/controlled-indicator@1/channel-b-load/resistor-led-load@2/resistor-led-load@2/pad/RLOAD.2
target=108:tsj-realization-v1/controlled-indicator@1/channel-b-load/resistor-led-load@2/resistor-led-load@2/port/RETURN
target=108:tsj-realization-v1/controlled-indicator@1/channel-b-load/resistor-led-load@2/resistor-led-load@2/port/SUPPLY
target=115:tsj-realization-v1/controlled-indicator@1/channel-b-load/resistor-led-load@2/resistor-led-load@2/port/SWITCHED_LOAD
target=109:tsj-realization-v1/controlled-indicator@1/channel-b-load/resistor-led-load@2/resistor-led-load@2/role/ledNode
target=108:tsj-realization-v1/controlled-indicator@1/channel-b-load/resistor-led-load@2/resistor-led-load@2/role/return
target=108:tsj-realization-v1/controlled-indicator@1/channel-b-load/resistor-led-load@2/resistor-led-load@2/role/supply
target=110:tsj-realization-v1/controlled-indicator@1/channel-b-load/resistor-led-load@2/resistor-led-load@2/role/switched
target=112:tsj-realization-v1/controlled-indicator@1/channel-b-load/resistor-led-load@2/resistor-led-load@2/terminal/LED1.A
target=112:tsj-realization-v1/controlled-indicator@1/channel-b-load/resistor-led-load@2/resistor-led-load@2/terminal/LED1.K
target=113:tsj-realization-v1/controlled-indicator@1/channel-b-load/resistor-led-load@2/resistor-led-load@2/terminal/RLOAD.1
target=113:tsj-realization-v1/controlled-indicator@1/channel-b-load/resistor-led-load@2/resistor-led-load@2/terminal/RLOAD.2
target=106:tsj-realization-v1/controlled-indicator@1/power-adapter/external-adapter@1/external-adapter@1/component/J1
target=107:tsj-realization-v1/controlled-indicator@1/power-adapter/external-adapter@1/external-adapter@1/endpoint/J1_1
target=107:tsj-realization-v1/controlled-indicator@1/power-adapter/external-adapter@1/external-adapter@1/endpoint/J1_2
target=104:tsj-realization-v1/controlled-indicator@1/power-adapter/external-adapter@1/external-adapter@1/net/OUTPUT
target=104:tsj-realization-v1/controlled-indicator@1/power-adapter/external-adapter@1/external-adapter@1/net/RETURN
target=102:tsj-realization-v1/controlled-indicator@1/power-adapter/external-adapter@1/external-adapter@1/pad/J1.1
target=102:tsj-realization-v1/controlled-indicator@1/power-adapter/external-adapter@1/external-adapter@1/pad/J1.2
target=108:tsj-realization-v1/controlled-indicator@1/power-adapter/external-adapter@1/external-adapter@1/port/POWER_OUT
target=105:tsj-realization-v1/controlled-indicator@1/power-adapter/external-adapter@1/external-adapter@1/port/RETURN
target=105:tsj-realization-v1/controlled-indicator@1/power-adapter/external-adapter@1/external-adapter@1/role/output
target=105:tsj-realization-v1/controlled-indicator@1/power-adapter/external-adapter@1/external-adapter@1/role/return
target=107:tsj-realization-v1/controlled-indicator@1/power-adapter/external-adapter@1/external-adapter@1/terminal/J1.1
target=107:tsj-realization-v1/controlled-indicator@1/power-adapter/external-adapter@1/external-adapter@1/terminal/J1.2
target=127:tsj-realization-v1/controlled-indicator@1/supply-indicator/supply-present-indicator@1/supply-present-indicator@1/component/LED1
target=127:tsj-realization-v1/controlled-indicator@1/supply-indicator/supply-present-indicator@1/supply-present-indicator@1/component/RSUP
target=128:tsj-realization-v1/controlled-indicator@1/supply-indicator/supply-present-indicator@1/supply-present-indicator@1/endpoint/LED1_A
target=128:tsj-realization-v1/controlled-indicator@1/supply-indicator/supply-present-indicator@1/supply-present-indicator@1/endpoint/LED1_K
target=128:tsj-realization-v1/controlled-indicator@1/supply-indicator/supply-present-indicator@1/supply-present-indicator@1/endpoint/RSUP_1
target=128:tsj-realization-v1/controlled-indicator@1/supply-indicator/supply-present-indicator@1/supply-present-indicator@1/endpoint/RSUP_2
target=125:tsj-realization-v1/controlled-indicator@1/supply-indicator/supply-present-indicator@1/supply-present-indicator@1/net/LED_NODE
target=123:tsj-realization-v1/controlled-indicator@1/supply-indicator/supply-present-indicator@1/supply-present-indicator@1/net/RETURN
target=123:tsj-realization-v1/controlled-indicator@1/supply-indicator/supply-present-indicator@1/supply-present-indicator@1/net/SUPPLY
target=123:tsj-realization-v1/controlled-indicator@1/supply-indicator/supply-present-indicator@1/supply-present-indicator@1/pad/LED1.A
target=123:tsj-realization-v1/controlled-indicator@1/supply-indicator/supply-present-indicator@1/supply-present-indicator@1/pad/LED1.K
target=123:tsj-realization-v1/controlled-indicator@1/supply-indicator/supply-present-indicator@1/supply-present-indicator@1/pad/RSUP.1
target=123:tsj-realization-v1/controlled-indicator@1/supply-indicator/supply-present-indicator@1/supply-present-indicator@1/pad/RSUP.2
target=124:tsj-realization-v1/controlled-indicator@1/supply-indicator/supply-present-indicator@1/supply-present-indicator@1/port/RETURN
target=124:tsj-realization-v1/controlled-indicator@1/supply-indicator/supply-present-indicator@1/supply-present-indicator@1/port/SUPPLY
target=125:tsj-realization-v1/controlled-indicator@1/supply-indicator/supply-present-indicator@1/supply-present-indicator@1/role/ledNode
target=124:tsj-realization-v1/controlled-indicator@1/supply-indicator/supply-present-indicator@1/supply-present-indicator@1/role/return
target=124:tsj-realization-v1/controlled-indicator@1/supply-indicator/supply-present-indicator@1/supply-present-indicator@1/role/supply
target=128:tsj-realization-v1/controlled-indicator@1/supply-indicator/supply-present-indicator@1/supply-present-indicator@1/terminal/LED1.A
target=128:tsj-realization-v1/controlled-indicator@1/supply-indicator/supply-present-indicator@1/supply-present-indicator@1/terminal/LED1.K
target=128:tsj-realization-v1/controlled-indicator@1/supply-indicator/supply-present-indicator@1/supply-present-indicator@1/terminal/RSUP.1
target=128:tsj-realization-v1/controlled-indicator@1/supply-indicator/supply-present-indicator@1/supply-present-indicator@1/terminal/RSUP.2
A03_TIMING encoding-ns=148775700 capture-ns=185186100 resolve-ns=216529600
PASS: A03IdentityContractTest assertions=30

PASS: A02CandidateContractTest

PASS: A02GeometryContractTest 32 assertions

PASS: A02ReplayContractTest assertions=148

PASS: ElectricalUnitPackageMapContractTest assertions=37

PASS: A04ConstructionContractTest assertions=592

PASS: A04PhysicalDeclarationContractTest assertions=5270

PASS: Task46 independent seed oracle 22 vectors; literal TSV/Java correspondence exact

PASS: current value synthesis oracle 9 seeds; bounded5/schema2 repeated-channel equations exact
PASS: A05 independent role selection oracle 6 seeds

WARNING: The names of some imported commands from the module 'VerifierIsolation' include unapproved verbs that might
make them less discoverable. To find the commands with unapproved verbs, run the Import-Module command again with the
Verbose parameter. For a list of approved verbs, type Get-Verb.
PASS: A04 report contracts assertions=259

PASS: current contracts; 17 Java suites, independent seed/value/role oracles and report protocol.
CLEANUP: current JVM contract classes and task-owned scratch removed.
