node 11 unconnected
converged after 25 iterations, timeStep = 5.0E-6
converged after 6 iterations, timeStep = 5.0E-6
converged after 20 iterations, timeStep = 5.0E-6
Q30_WHOLE_BOARD before-warm-4v rail=4.991913766456124 outA=11.980033277870218 outB=11.980033277870218 coilA=0.03991591404041286 coilB=0.03940889606256804 regulatorInputAmps=0.08187344451298767
node 11 unconnected
converged after 18 iterations, timeStep = 5.0E-6
RAIL t=0.03182000000000401 dt=5.0E-6 iter=0 vin=4.704882525541391 vout=3.8973425402995643 enable=4.6582995302390025 target=3.9048825255413915 drop=0.007539985241827196 requested=0.007539985241827196 delivered=0.07539985241827196 g=10.0 dtarget_dvin=1.0 dtarget_den=0.0 iin=0.07639985241827196 diin_dvin=10.0 diin_dvout=-10.0 diin_den=0.0
DECISION t=0.03182000000000401 dt=5.0E-6 iter=0 id=9792 sensor=4.999950000249996 ref=1.948661526842148 rail=3.8973425402995643 before=HIGH/true after=HIGH/true output=3.7473425402995644->3.7473425402995644
DECISION t=0.03182000000000401 dt=5.0E-6 iter=0 id=10048 sensor=4.99995000025 ref=1.9486615268421479 rail=3.8973425402995643 before=HIGH/true after=HIGH/true output=3.7473425402995644->3.7473425402995644
SETTER t=0.03182000000000401 dt=5.0E-6 iter=1 element=LimitedDcSupplyElm
RAIL t=0.03182000000000401 dt=5.0E-6 iter=1 vin=4.688271515136342 vout=3.8807341004090077 enable=4.6418529852835055 target=3.888271515136342 drop=0.0075374147273343794 requested=0.0075374147273343794 delivered=0.0753741472733438 g=10.0 dtarget_dvin=1.0 dtarget_den=0.0 iin=0.0763741472733438 diin_dvin=10.0 diin_dvout=-10.0 diin_den=0.0
DECISION t=0.03182000000000401 dt=5.0E-6 iter=1 id=9792 sensor=4.999950000250005 ref=1.9403573484177616 rail=3.8807341004090077 before=HIGH/true after=HIGH/true output=3.7473425402995644->3.7307341004090078
DECISION t=0.03182000000000401 dt=5.0E-6 iter=1 id=10048 sensor=4.99995000025 ref=1.9403573484177619 rail=3.8807341004090077 before=HIGH/true after=HIGH/true output=3.7473425402995644->3.7307341004090078
RAIL t=0.03182000000000401 dt=5.0E-6 iter=2 vin=4.68827151557571 vout=3.8807341011730294 enable=4.641852985718526 target=3.8882715155757106 drop=0.007537414402681186 requested=0.007537414402681186 delivered=0.07537414402681186 g=10.0 dtarget_dvin=1.0 dtarget_den=0.0 iin=0.07637414402681186 diin_dvin=10.0 diin_dvout=-10.0 diin_den=0.0
DECISION t=0.03182000000000401 dt=5.0E-6 iter=2 id=9792 sensor=4.999950000250003 ref=1.9403573487997707 rail=3.8807341011730294 before=HIGH/true after=HIGH/true output=3.7307341004090078->3.7307341011730295
DECISION t=0.03182000000000401 dt=5.0E-6 iter=2 id=10048 sensor=4.99995000025 ref=1.9403573487997705 rail=3.8807341011730294 before=HIGH/true after=HIGH/true output=3.7307341004090078->3.7307341011730295
SETTER t=0.03182000000000401 dt=5.0E-6 iter=2 element=NMosfetElm
RAIL t=0.03182000000000401 dt=5.0E-6 iter=3 vin=4.68827151557751 vout=3.880734101176424 enable=4.641852985720308 target=3.88827151557751 drop=0.007537414401086018 requested=0.007537414401086018 delivered=0.07537414401086018 g=10.0 dtarget_dvin=1.0 dtarget_den=0.0 iin=0.07637414401086018 diin_dvin=10.0 diin_dvout=-10.0 diin_den=0.0
DECISION t=0.03182000000000401 dt=5.0E-6 iter=3 id=9792 sensor=4.99995000024999 ref=1.9403573488014683 rail=3.880734101176424 before=HIGH/true after=HIGH/true output=3.7307341011730295->3.730734101176424
DECISION t=0.03182000000000401 dt=5.0E-6 iter=3 id=10048 sensor=4.99995000025 ref=1.9403573488014678 rail=3.880734101176424 before=HIGH/true after=HIGH/true output=3.7307341011730295->3.730734101176424
RAIL t=0.03182500000000401 dt=5.0E-6 iter=0 vin=4.68827151557751 vout=3.880734101176424 enable=4.641852985720308 target=3.88827151557751 drop=0.007537414401086018 requested=0.007537414401086018 delivered=0.07537414401086018 g=10.0 dtarget_dvin=1.0 dtarget_den=0.0 iin=0.07637414401086018 diin_dvin=10.0 diin_dvout=-10.0 diin_den=0.0
DECISION t=0.03182500000000401 dt=5.0E-6 iter=0 id=9792 sensor=4.99995000024999 ref=1.9403573488014683 rail=3.880734101176424 before=HIGH/true after=HIGH/true output=3.730734101176424->3.730734101176424
DECISION t=0.03182500000000401 dt=5.0E-6 iter=0 id=10048 sensor=4.99995000025 ref=1.9403573488014678 rail=3.880734101176424 before=HIGH/true after=HIGH/true output=3.730734101176424->3.730734101176424
SETTER t=0.03182500000000401 dt=5.0E-6 iter=1 element=LimitedDcSupplyElm
RAIL t=0.03182500000000401 dt=5.0E-6 iter=1 vin=4.67167219645289 vout=3.864142948236443 enable=4.6254180162899905 target=3.8716721964528897 drop=0.007529248216446849 requested=0.007529248216446849 delivered=0.07529248216446849 g=10.0 dtarget_dvin=1.0 dtarget_den=0.0 iin=0.07629248216446849 diin_dvin=10.0 diin_dvout=-10.0 diin_den=0.0
DECISION t=0.03182500000000401 dt=5.0E-6 iter=1 id=9792 sensor=4.99995000024999 ref=1.9320618138091523 rail=3.864142948236443 before=HIGH/true after=HIGH/true output=3.730734101176424->3.714142948236443
DECISION t=0.03182500000000401 dt=5.0E-6 iter=1 id=10048 sensor=4.99995000025 ref=1.932061813809152 rail=3.864142948236443 before=HIGH/true after=HIGH/true output=3.730734101176424->3.714142948236443
RAIL t=0.03182500000000401 dt=5.0E-6 iter=2 vin=4.671672196895409 vout=3.8641429490056436 enable=4.625418016728128 target=3.8716721968954095 drop=0.007529247889765944 requested=0.007529247889765944 delivered=0.07529247889765944 g=10.0 dtarget_dvin=1.0 dtarget_den=0.0 iin=0.07629247889765944 diin_dvin=10.0 diin_dvout=-10.0 diin_den=0.0
DECISION t=0.03182500000000401 dt=5.0E-6 iter=2 id=9792 sensor=4.999950000249993 ref=1.932061814193751 rail=3.8641429490056436 before=HIGH/true after=HIGH/true output=3.714142948236443->3.7141429490056437
DECISION t=0.03182500000000401 dt=5.0E-6 iter=2 id=10048 sensor=4.99995000025 ref=1.9320618141937511 rail=3.8641429490056436 before=HIGH/true after=HIGH/true output=3.714142948236443->3.7141429490056437
SETTER t=0.03182500000000401 dt=5.0E-6 iter=2 element=NMosfetElm
RAIL t=0.03182500000000401 dt=5.0E-6 iter=3 vin=4.671672196897235 vout=3.864142949009085 enable=4.625418016729936 target=3.8716721968972347 drop=0.007529247888149904 requested=0.007529247888149904 delivered=0.07529247888149904 g=10.0 dtarget_dvin=1.0 dtarget_den=0.0 iin=0.07629247888149904 diin_dvin=10.0 diin_dvout=-10.0 diin_den=0.0
DECISION t=0.03182500000000401 dt=5.0E-6 iter=3 id=9792 sensor=4.9999500002499975 ref=1.9320618141954717 rail=3.864142949009085 before=HIGH/true after=HIGH/true output=3.7141429490056437->3.714142949009085
DECISION t=0.03182500000000401 dt=5.0E-6 iter=3 id=10048 sensor=4.99995000025 ref=1.932061814195471 rail=3.864142949009085 before=HIGH/true after=HIGH/true output=3.7141429490056437->3.714142949009085
RAIL t=0.03183000000000401 dt=5.0E-6 iter=0 vin=4.671672196897235 vout=3.864142949009085 enable=4.625418016729936 target=3.8716721968972347 drop=0.007529247888149904 requested=0.007529247888149904 delivered=0.07529247888149904 g=10.0 dtarget_dvin=1.0 dtarget_den=0.0 iin=0.07629247888149904 diin_dvin=10.0 diin_dvout=-10.0 diin_den=0.0
DECISION t=0.03183000000000401 dt=5.0E-6 iter=0 id=9792 sensor=4.9999500002499975 ref=1.9320618141954717 rail=3.864142949009085 before=HIGH/true after=HIGH/true output=3.714142949009085->3.714142949009085
DECISION t=0.03183000000000401 dt=5.0E-6 iter=0 id=10048 sensor=4.99995000025 ref=1.932061814195471 rail=3.864142949009085 before=HIGH/true after=HIGH/true output=3.714142949009085->3.714142949009085
SETTER t=0.03183000000000401 dt=5.0E-6 iter=1 element=LimitedDcSupplyElm
RAIL t=0.03183000000000401 dt=5.0E-6 iter=1 vin=4.655085171317517 vout=3.8475590294168502 enable=4.608995219126254 target=3.8550851713175174 drop=0.007526141900667138 requested=0.007526141900667138 delivered=0.07526141900667138 g=10.0 dtarget_dvin=1.0 dtarget_den=0.0 iin=0.07626141900667138 diin_dvin=10.0 diin_dvout=-10.0 diin_den=0.0
DECISION t=0.03183000000000401 dt=5.0E-6 iter=1 id=9792 sensor=4.999950000249993 ref=1.923769895858946 rail=3.8475590294168502 before=HIGH/true after=HIGH/true output=3.714142949009085->3.6975590294168503
DECISION t=0.03183000000000401 dt=5.0E-6 iter=1 id=10048 sensor=4.99995000025 ref=1.9237698958589455 rail=3.8475590294168502 before=HIGH/true after=HIGH/true output=3.714142949009085->3.6975590294168503
RAIL t=0.03183000000000401 dt=5.0E-6 iter=2 vin=4.655085171765275 vout=3.847559030193434 enable=4.608995219569578 target=3.8550851717652748 drop=0.007526141571840839 requested=0.007526141571840839 delivered=0.07526141571840839 g=10.0 dtarget_dvin=1.0 dtarget_den=0.0 iin=0.07626141571840839 diin_dvin=10.0 diin_dvout=-10.0 diin_den=0.0
DECISION t=0.03183000000000401 dt=5.0E-6 iter=2 id=9792 sensor=4.9999500002500055 ref=1.9237698962472358 rail=3.847559030193434 before=HIGH/true after=HIGH/true output=3.6975590294168503->3.697559030193434
DECISION t=0.03183000000000401 dt=5.0E-6 iter=2 id=10048 sensor=4.99995000025 ref=1.9237698962472354 rail=3.847559030193434 before=HIGH/true after=HIGH/true output=3.6975590294168503->3.697559030193434
SETTER t=0.03183000000000401 dt=5.0E-6 iter=2 element=NMosfetElm
RAIL t=0.03183000000000401 dt=5.0E-6 iter=3 vin=4.6550851717671256 vout=3.847559030196923 enable=4.608995219571411 target=3.8550851717671257 drop=0.0075261415702025936 requested=0.0075261415702025936 delivered=0.07526141570202594 g=10.0 dtarget_dvin=1.0 dtarget_den=0.0 iin=0.07626141570202594 diin_dvin=10.0 diin_dvout=-10.0 diin_den=0.0
DECISION t=0.03183000000000401 dt=5.0E-6 iter=3 id=9792 sensor=4.9999500002500055 ref=1.9237698962489804 rail=3.847559030196923 before=HIGH/true after=HIGH/true output=3.697559030193434->3.6975590301969232
DECISION t=0.03183000000000401 dt=5.0E-6 iter=3 id=10048 sensor=4.99995000025 ref=1.9237698962489804 rail=3.847559030196923 before=HIGH/true after=HIGH/true output=3.697559030193434->3.6975590301969232
RAIL t=0.031835000000004006 dt=5.0E-6 iter=0 vin=4.6550851717671256 vout=3.847559030196923 enable=4.608995219571411 target=3.8550851717671257 drop=0.0075261415702025936 requested=0.0075261415702025936 delivered=0.07526141570202594 g=10.0 dtarget_dvin=1.0 dtarget_den=0.0 iin=0.07626141570202594 diin_dvin=10.0 diin_dvout=-10.0 diin_den=0.0
DECISION t=0.031835000000004006 dt=5.0E-6 iter=0 id=9792 sensor=4.9999500002500055 ref=1.9237698962489804 rail=3.847559030196923 before=HIGH/true after=HIGH/true output=3.6975590301969232->3.6975590301969232
DECISION t=0.031835000000004006 dt=5.0E-6 iter=0 id=10048 sensor=4.99995000025 ref=1.9237698962489804 rail=3.847559030196923 before=HIGH/true after=HIGH/true output=3.6975590301969232->3.6975590301969232
SETTER t=0.031835000000004006 dt=5.0E-6 iter=1 element=LimitedDcSupplyElm
RAIL t=0.031835000000004006 dt=5.0E-6 iter=1 vin=4.638510148789514 vout=3.830991923050559 enable=4.592584305732192 target=3.8385101487895144 drop=0.00751822573895522 requested=0.00751822573895522 delivered=0.0751822573895522 g=10.0 dtarget_dvin=1.0 dtarget_den=0.0 iin=0.0761822573895522 diin_dvin=10.0 diin_dvout=-10.0 diin_den=0.0
DECISION t=0.031835000000004006 dt=5.0E-6 iter=1 id=9792 sensor=4.999950000250001 ref=1.915486384093359 rail=3.830991923050559 before=HIGH/true after=HIGH/true output=3.6975590301969232->3.6809919230505592
DECISION t=0.031835000000004006 dt=5.0E-6 iter=1 id=10048 sensor=4.99995000025 ref=1.9154863840933583 rail=3.830991923050559 before=HIGH/true after=HIGH/true output=3.6975590301969232->3.6809919230505592
RAIL t=0.031835000000004006 dt=5.0E-6 iter=2 vin=4.638510149240643 vout=3.830991923832596 enable=4.592584306178855 target=3.8385101492406433 drop=0.007518225408047474 requested=0.007518225408047474 delivered=0.07518225408047474 g=10.0 dtarget_dvin=1.0 dtarget_den=0.0 iin=0.07618225408047474 diin_dvin=10.0 diin_dvout=-10.0 diin_den=0.0
DECISION t=0.031835000000004006 dt=5.0E-6 iter=2 id=9792 sensor=4.99995000025 ref=1.9154863844843757 rail=3.830991923832596 before=HIGH/true after=HIGH/true output=3.6809919230505592->3.680991923832596
DECISION t=0.031835000000004006 dt=5.0E-6 iter=2 id=10048 sensor=4.99995000025 ref=1.9154863844843757 rail=3.830991923832596 before=HIGH/true after=HIGH/true output=3.6809919230505592->3.680991923832596
SETTER t=0.031835000000004006 dt=5.0E-6 iter=2 element=NMosfetElm
RAIL t=0.031835000000004006 dt=5.0E-6 iter=3 vin=4.638510149242521 vout=3.830991923836135 enable=4.592584306180713 target=3.838510149242521 drop=0.007518225406385692 requested=0.007518225406385692 delivered=0.07518225406385692 g=10.0 dtarget_dvin=1.0 dtarget_den=0.0 iin=0.07618225406385692 diin_dvin=10.0 diin_dvout=-10.0 diin_den=0.0
DECISION t=0.031835000000004006 dt=5.0E-6 iter=3 id=9792 sensor=4.99995000025 ref=1.9154863844861452 rail=3.830991923836135 before=HIGH/true after=HIGH/true output=3.680991923832596->3.6809919238361353
DECISION t=0.031835000000004006 dt=5.0E-6 iter=3 id=10048 sensor=4.99995000025 ref=1.9154863844861452 rail=3.830991923836135 before=HIGH/true after=HIGH/true output=3.680991923832596->3.6809919238361353
RAIL t=0.031840000000004004 dt=5.0E-6 iter=0 vin=4.638510149242521 vout=3.830991923836135 enable=4.592584306180713 target=3.838510149242521 drop=0.007518225406385692 requested=0.007518225406385692 delivered=0.07518225406385692 g=10.0 dtarget_dvin=1.0 dtarget_den=0.0 iin=0.07618225406385692 diin_dvin=10.0 diin_dvout=-10.0 diin_den=0.0
DECISION t=0.031840000000004004 dt=5.0E-6 iter=0 id=9792 sensor=4.99995000025 ref=1.9154863844861452 rail=3.830991923836135 before=HIGH/true after=HIGH/true output=3.6809919238361353->3.6809919238361353
DECISION t=0.031840000000004004 dt=5.0E-6 iter=0 id=10048 sensor=4.99995000025 ref=1.9154863844861452 rail=3.830991923836135 before=HIGH/true after=HIGH/true output=3.6809919238361353->3.6809919238361353
SETTER t=0.031840000000004004 dt=5.0E-6 iter=1 element=LimitedDcSupplyElm
RAIL t=0.031840000000004004 dt=5.0E-6 iter=1 vin=4.621947664201441 vout=3.814433021326936 enable=4.576185806140041 target=3.821947664201441 drop=0.007514642874505206 requested=0.007514642874505206 delivered=0.07514642874505206 g=10.0 dtarget_dvin=1.0 dtarget_den=0.0 iin=0.07614642874505206 diin_dvin=10.0 diin_dvout=-10.0 diin_den=0.0
DECISION t=0.031840000000004004 dt=5.0E-6 iter=1 id=9792 sensor=4.999950000249991 ref=1.9072069746285951 rail=3.814433021326936 before=HIGH/true after=HIGH/true output=3.6809919238361353->3.664433021326936
DECISION t=0.031840000000004004 dt=5.0E-6 iter=1 id=10048 sensor=4.99995000025 ref=1.907206974628595 rail=3.814433021326936 before=HIGH/true after=HIGH/true output=3.6809919238361353->3.664433021326936
RAIL t=0.031840000000004004 dt=5.0E-6 iter=2 vin=4.6219476646577835 vout=3.814433022116376 enable=4.576185806591864 target=3.8219476646577837 drop=0.007514642541407657 requested=0.007514642541407657 delivered=0.07514642541407657 g=10.0 dtarget_dvin=1.0 dtarget_den=0.0 iin=0.07614642541407657 diin_dvin=10.0 diin_dvout=-10.0 diin_den=0.0
DECISION t=0.031840000000004004 dt=5.0E-6 iter=2 id=9792 sensor=4.999950000249993 ref=1.9072069750233125 rail=3.814433022116376 before=HIGH/true after=HIGH/true output=3.664433021326936->3.664433022116376
DECISION t=0.031840000000004004 dt=5.0E-6 iter=2 id=10048 sensor=4.99995000025 ref=1.9072069750233118 rail=3.814433022116376 before=HIGH/true after=HIGH/true output=3.664433021326936->3.664433022116376
SETTER t=0.031840000000004004 dt=5.0E-6 iter=2 element=NMosfetElm
RAIL t=0.031840000000004004 dt=5.0E-6 iter=3 vin=4.621947664659688 vout=3.814433022119967 enable=4.576185806593751 target=3.821947664659688 drop=0.007514642539721006 requested=0.007514642539721006 delivered=0.07514642539721006 g=10.0 dtarget_dvin=1.0 dtarget_den=0.0 iin=0.07614642539721006 diin_dvin=10.0 diin_dvout=-10.0 diin_den=0.0
DECISION t=0.031840000000004004 dt=5.0E-6 iter=3 id=9792 sensor=4.999950000249993 ref=1.9072069750251082 rail=3.814433022119967 before=HIGH/true after=HIGH/true output=3.664433022116376->3.664433022119967
DECISION t=0.031840000000004004 dt=5.0E-6 iter=3 id=10048 sensor=4.99995000025 ref=1.907206975025108 rail=3.814433022119967 before=HIGH/true after=HIGH/true output=3.664433022116376->3.664433022119967
RAIL t=0.031845000000004 dt=5.0E-6 iter=0 vin=4.621947664659688 vout=3.814433022119967 enable=4.576185806593751 target=3.821947664659688 drop=0.007514642539721006 requested=0.007514642539721006 delivered=0.07514642539721006 g=10.0 dtarget_dvin=1.0 dtarget_den=0.0 iin=0.07614642539721006 diin_dvin=10.0 diin_dvout=-10.0 diin_den=0.0
DECISION t=0.031845000000004 dt=5.0E-6 iter=0 id=9792 sensor=4.999950000249993 ref=1.9072069750251082 rail=3.814433022119967 before=HIGH/true after=HIGH/true output=3.664433022119967->3.664433022119967
DECISION t=0.031845000000004 dt=5.0E-6 iter=0 id=10048 sensor=4.99995000025 ref=1.907206975025108 rail=3.814433022119967 before=HIGH/true after=HIGH/true output=3.664433022119967->3.664433022119967
SETTER t=0.031845000000004 dt=5.0E-6 iter=1 element=LimitedDcSupplyElm
RAIL t=0.031845000000004 dt=5.0E-6 iter=1 vin=4.605397486406409 vout=3.7978905619017764 enable=4.559799491491494 target=3.8053974864064095 drop=0.0075069245046330835 requested=0.0075069245046330835 delivered=0.07506924504633083 g=10.0 dtarget_dvin=1.0 dtarget_den=0.0 iin=0.07606924504633084 diin_dvin=10.0 diin_dvout=-10.0 diin_den=0.0
DECISION t=0.031845000000004 dt=5.0E-6 iter=1 id=9792 sensor=4.9999500002499975 ref=1.8989357862719567 rail=3.7978905619017764 before=HIGH/true after=BROWNOUT/false output=3.664433022119967->0.0
DECISION t=0.031845000000004 dt=5.0E-6 iter=1 id=10048 sensor=4.99995000025 ref=1.8989357862719571 rail=3.7978905619017764 before=HIGH/true after=BROWNOUT/false output=3.664433022119967->0.0
RAIL t=0.031845000000004 dt=5.0E-6 iter=2 vin=4.605397586690558 vout=3.7978907509177993 enable=4.55979959078273 target=3.8053975866905585 drop=0.007506835772759235 requested=0.007506835772759235 delivered=0.07506835772759235 g=10.0 dtarget_dvin=1.0 dtarget_den=0.0 iin=0.07606835772759235 diin_dvin=10.0 diin_dvout=-10.0 diin_den=0.0
DECISION t=0.031845000000004 dt=5.0E-6 iter=2 id=9792 sensor=4.999950000250006 ref=1.8989358807794952 rail=3.7978907509177993 before=BROWNOUT/false after=BROWNOUT/false output=0.0->0.0
DECISION t=0.031845000000004 dt=5.0E-6 iter=2 id=10048 sensor=4.99995000025 ref=1.8989358807794954 rail=3.7978907509177993 before=BROWNOUT/false after=BROWNOUT/false output=0.0->0.0
SETTER t=0.031845000000004 dt=5.0E-6 iter=2 element=NMosfetElm
SETTER t=0.031845000000004 dt=5.0E-6 iter=3 element=LimitedDcSupplyElm
RAIL t=0.031845000000004 dt=5.0E-6 iter=3 vin=4.609044961406841 vout=3.8047679592170747 enable=4.563410852878062 target=3.8090449614068413 drop=0.0042770021897666766 requested=0.0042770021897666766 delivered=0.042770021897666766 g=10.0 dtarget_dvin=1.0 dtarget_den=0.0 iin=0.04377002189766677 diin_dvin=10.0 diin_dvout=-10.0 diin_den=0.0
DECISION t=0.031845000000004 dt=5.0E-6 iter=3 id=9792 sensor=4.999950000249997 ref=1.9023744677361984 rail=3.8047679592170747 before=BROWNOUT/false after=HIGH/true output=0.0->3.6547679592170748
DECISION t=0.031845000000004 dt=5.0E-6 iter=3 id=10048 sensor=4.99995000025 ref=1.9023744677361987 rail=3.8047679592170747 before=BROWNOUT/false after=HIGH/true output=0.0->3.6547679592170748
SETTER t=0.031845000000004 dt=5.0E-6 iter=4 element=LimitedDcSupplyElm
RAIL t=0.031845000000004 dt=5.0E-6 iter=4 vin=4.609443836427094 vout=3.8055194344088106 enable=4.563805778640688 target=3.8094438364270946 drop=0.0039244020182840345 requested=0.0039244020182840345 delivered=0.039244020182840345 g=10.0 dtarget_dvin=1.0 dtarget_den=0.0 iin=0.040244020182840345 diin_dvin=10.0 diin_dvout=-10.0 diin_den=0.0
DECISION t=0.031845000000004 dt=5.0E-6 iter=4 id=9792 sensor=4.9999500002499975 ref=1.9027502034533887 rail=3.8055194344088106 before=HIGH/true after=HIGH/true output=3.6547679592170748->3.6555194344088107
DECISION t=0.031845000000004 dt=5.0E-6 iter=4 id=10048 sensor=4.99995000025 ref=1.9027502034533883 rail=3.8055194344088106 before=HIGH/true after=HIGH/true output=3.6547679592170748->3.6555194344088107
SETTER t=0.031845000000004 dt=5.0E-6 iter=5 element=LimitedDcSupplyElm
RAIL t=0.031845000000004 dt=5.0E-6 iter=5 vin=4.380052195085423 vout=3.3730660674557478 enable=4.336685341668737 target=3.5800521950854236 drop=0.020000000000000004 requested=0.20698612762967583 delivered=0.20000000000000004 g=10.0 dtarget_dvin=1.0 dtarget_den=0.0 iin=0.20100000000000004 diin_dvin=10.0 diin_dvout=-10.0 diin_den=0.0
DECISION t=0.031845000000004 dt=5.0E-6 iter=5 id=9792 sensor=4.999950000250003 ref=1.6865246011048682 rail=3.3730660674557478 before=HIGH/true after=BROWNOUT/false output=3.6555194344088107->0.0
DECISION t=0.031845000000004 dt=5.0E-6 iter=5 id=10048 sensor=4.99995000025 ref=1.686524601104868 rail=3.3730660674557478 before=HIGH/true after=BROWNOUT/false output=3.6555194344088107->0.0
SETTER t=0.031845000000004 dt=5.0E-6 iter=6 element=LimitedDcSupplyElm
RAIL t=0.031845000000004 dt=5.0E-6 iter=6 vin=4.604793996842622 vout=3.7973129883165533 enable=4.559201977071903 target=3.804793996842622 drop=0.007481008526068589 requested=0.007481008526068589 delivered=0.07481008526068589 g=10.0 dtarget_dvin=1.0 dtarget_den=0.0 iin=0.07581008526068589 diin_dvin=10.0 diin_dvout=-10.0 diin_den=0.0
DECISION t=0.031845000000004 dt=5.0E-6 iter=6 id=9792 sensor=4.999950000249997 ref=1.8986470009232719 rail=3.7973129883165533 before=BROWNOUT/false after=BROWNOUT/false output=0.0->0.0
DECISION t=0.031845000000004 dt=5.0E-6 iter=6 id=10048 sensor=4.99995000025 ref=1.898647000923272 rail=3.7973129883165533 before=BROWNOUT/false after=BROWNOUT/false output=0.0->0.0
SETTER t=0.031845000000004 dt=5.0E-6 iter=7 element=LimitedDcSupplyElm
RAIL t=0.031845000000004 dt=5.0E-6 iter=7 vin=4.609413296733654 vout=3.8054919309722766 enable=4.563775541320449 target=3.809413296733654 drop=0.003921365761377249 requested=0.003921365761377249 delivered=0.03921365761377249 g=10.0 dtarget_dvin=1.0 dtarget_den=0.0 iin=0.04021365761377249 diin_dvin=10.0 diin_dvout=-10.0 diin_den=0.0
DECISION t=0.031845000000004 dt=5.0E-6 iter=7 id=9792 sensor=4.999950000249998 ref=1.902736451803879 rail=3.8054919309722766 before=BROWNOUT/false after=HIGH/true output=0.0->3.6554919309722766
DECISION t=0.031845000000004 dt=5.0E-6 iter=7 id=10048 sensor=4.99995000025 ref=1.9027364518038787 rail=3.8054919309722766 before=BROWNOUT/false after=HIGH/true output=0.0->3.6554919309722766
SETTER t=0.031845000000004 dt=5.0E-6 iter=8 element=LimitedDcSupplyElm
RAIL t=0.031845000000004 dt=5.0E-6 iter=8 vin=4.60944376159927 vout=3.8055193373311984 enable=4.563805704553733 target=3.80944376159927 drop=0.00392442426807138 requested=0.00392442426807138 delivered=0.0392442426807138 g=10.0 dtarget_dvin=1.0 dtarget_den=0.0 iin=0.040244242680713804 diin_dvin=10.0 diin_dvout=-10.0 diin_den=0.0
DECISION t=0.031845000000004 dt=5.0E-6 iter=8 id=9792 sensor=4.999950000250001 ref=1.9027501549148242 rail=3.8055193373311984 before=HIGH/true after=HIGH/true output=3.6554919309722766->3.6555193373311985
DECISION t=0.031845000000004 dt=5.0E-6 iter=8 id=10048 sensor=4.99995000025 ref=1.902750154914825 rail=3.8055193373311984 before=HIGH/true after=HIGH/true output=3.6554919309722766->3.6555193373311985
SETTER t=0.031845000000004 dt=5.0E-6 iter=9 element=LimitedDcSupplyElm
RAIL t=0.031845000000004 dt=5.0E-6 iter=9 vin=4.00139574173774 vout=2.659215847764376 enable=3.9617779621165745 target=3.2013957417377403 drop=0.0 requested=0.5421798939733642 delivered=0.0 g=10.0 dtarget_dvin=1.0 dtarget_den=0.0 iin=0.001 diin_dvin=10.0 diin_dvout=-10.0 diin_den=0.0
DECISION t=0.031845000000004 dt=5.0E-6 iter=9 id=9792 sensor=4.999950000250002 ref=1.3296012758758085 rail=2.659215847764376 before=HIGH/true after=BROWNOUT/false output=3.6555193373311985->0.0
DECISION t=0.031845000000004 dt=5.0E-6 iter=9 id=10048 sensor=4.99995000025 ref=1.3296012758758082 rail=2.659215847764376 before=HIGH/true after=BROWNOUT/false output=3.6555193373311985->0.0
SETTER t=0.031845000000004 dt=5.0E-6 iter=10 element=LimitedDcSupplyElm
RAIL t=0.031845000000004 dt=5.0E-6 iter=10 vin=4.603747481260212 vout=3.796321544080984 enable=4.558165823029914 target=3.8037474812602126 drop=0.0 requested=0.007425937179228459 delivered=0.0 g=10.0 dtarget_dvin=1.0 dtarget_den=0.0 iin=0.001 diin_dvin=10.0 diin_dvout=-10.0 diin_den=0.0
DECISION t=0.031845000000004 dt=5.0E-6 iter=10 id=9792 sensor=4.999950000250012 ref=1.8981512812840855 rail=3.796321544080984 before=BROWNOUT/false after=BROWNOUT/false output=0.0->0.0
DECISION t=0.031845000000004 dt=5.0E-6 iter=10 id=10048 sensor=4.99995000025 ref=1.898151281284086 rail=3.796321544080984 before=BROWNOUT/false after=BROWNOUT/false output=0.0->0.0
SETTER t=0.031845000000004 dt=5.0E-6 iter=11 element=LimitedDcSupplyElm
RAIL t=0.031845000000004 dt=5.0E-6 iter=11 vin=4.609187250621774 vout=3.80527494493216 enable=4.563551733288886 target=3.8091872506217745 drop=0.003912305689614648 requested=0.003912305689614648 delivered=0.03912305689614648 g=10.0 dtarget_dvin=1.0 dtarget_den=0.0 iin=0.04012305689614648 diin_dvin=10.0 diin_dvout=-10.0 diin_den=0.0
DECISION t=0.031845000000004 dt=5.0E-6 iter=11 id=9792 sensor=4.99995000025 ref=1.9026279593262834 rail=3.80527494493216 before=BROWNOUT/false after=HIGH/true output=0.0->3.65527494493216
DECISION t=0.031845000000004 dt=5.0E-6 iter=11 id=10048 sensor=4.99995000025 ref=1.9026279593262831 rail=3.80527494493216 before=BROWNOUT/false after=HIGH/true output=0.0->3.65527494493216
SETTER t=0.031845000000004 dt=5.0E-6 iter=12 element=LimitedDcSupplyElm
RAIL t=0.031845000000004 dt=5.0E-6 iter=12 vin=4.609440073079741 vout=3.805515758048166 enable=4.563802052554199 target=3.809440073079741 drop=0.003924315031574643 requested=0.003924315031574643 delivered=0.03924315031574643 g=10.0 dtarget_dvin=1.0 dtarget_den=0.0 iin=0.040243150315746434 diin_dvin=10.0 diin_dvout=-10.0 diin_den=0.0
DECISION t=0.031845000000004 dt=5.0E-6 iter=12 id=9792 sensor=4.999950000250011 ref=1.9027483652822565 rail=3.805515758048166 before=HIGH/true after=HIGH/true output=3.65527494493216->3.6555157580481663
DECISION t=0.031845000000004 dt=5.0E-6 iter=12 id=10048 sensor=4.99995000025 ref=1.9027483652822565 rail=3.805515758048166 before=HIGH/true after=HIGH/true output=3.65527494493216->3.6555157580481663
SETTER t=0.031845000000004 dt=5.0E-6 iter=13 element=LimitedDcSupplyElm
RAIL t=0.031845000000004 dt=5.0E-6 iter=13 vin=3.4406502269146704 vout=1.6020766674919986 enable=3.4065843830838336 target=2.64065022691467 drop=0.0 requested=1.0385735594226715 delivered=0.0 g=10.0 dtarget_dvin=1.0 dtarget_den=0.0 iin=0.001 diin_dvin=10.0 diin_dvout=-10.0 diin_den=0.0
DECISION t=0.031845000000004 dt=5.0E-6 iter=13 id=9792 sensor=4.999950000250002 ref=0.8010343285743565 rail=1.6020766674919986 before=HIGH/true after=BROWNOUT/false output=3.6555157580481663->0.0
DECISION t=0.031845000000004 dt=5.0E-6 iter=13 id=10048 sensor=4.99995000025 ref=0.8010343285743565 rail=1.6020766674919986 before=HIGH/true after=BROWNOUT/false output=3.6555157580481663->0.0
SETTER t=0.031845000000004 dt=5.0E-6 iter=14 element=LimitedDcSupplyElm
RAIL t=0.031845000000004 dt=5.0E-6 iter=14 vin=4.657917696616768 vout=3.9005156536293417 enable=4.611799699620563 target=3.8579176966167683 drop=0.0 requested=-0.042597957012573406 delivered=0.0 g=10.0 dtarget_dvin=1.0 dtarget_den=0.0 iin=0.001 diin_dvin=10.0 diin_dvout=-10.0 diin_den=0.0
DECISION t=0.031845000000004 dt=5.0E-6 iter=14 id=9792 sensor=4.999950000250001 ref=1.9502480755742932 rail=3.9005156536293417 before=BROWNOUT/false after=HIGH/true output=0.0->3.750515653629342
DECISION t=0.031845000000004 dt=5.0E-6 iter=14 id=10048 sensor=4.99995000025 ref=1.950248075574293 rail=3.9005156536293417 before=BROWNOUT/false after=HIGH/true output=0.0->3.750515653629342
SETTER t=0.031845000000004 dt=5.0E-6 iter=15 element=LimitedDcSupplyElm
RAIL t=0.031845000000004 dt=5.0E-6 iter=15 vin=4.608898376866803 vout=3.8050022687473164 enable=4.5632657196701025 target=3.8088983768668028 drop=0.0038961081194863745 requested=0.0038961081194863745 delivered=0.038961081194863745 g=10.0 dtarget_dvin=1.0 dtarget_den=0.0 iin=0.039961081194863746 diin_dvin=10.0 diin_dvout=-10.0 diin_den=0.0
DECISION t=0.031845000000004 dt=5.0E-6 iter=15 id=9792 sensor=4.999950000250001 ref=1.9024916219155488 rail=3.8050022687473164 before=HIGH/true after=HIGH/true output=3.750515653629342->3.6550022687473165
DECISION t=0.031845000000004 dt=5.0E-6 iter=15 id=10048 sensor=4.99995000025 ref=1.9024916219155488 rail=3.8050022687473164 before=HIGH/true after=HIGH/true output=3.750515653629342->3.6550022687473165
SETTER t=0.031845000000004 dt=5.0E-6 iter=16 element=LimitedDcSupplyElm
RAIL t=0.031845000000004 dt=5.0E-6 iter=16 vin=3.445563310987703 vout=1.6094685508912336 enable=3.411448822760103 target=2.6455633109877033 drop=0.0 requested=1.0360947600964696 delivered=0.0 g=10.0 dtarget_dvin=1.0 dtarget_den=0.0 iin=0.001 diin_dvin=10.0 diin_dvout=-10.0 diin_den=0.0
DECISION t=0.031845000000004 dt=5.0E-6 iter=16 id=9792 sensor=4.999950000249993 ref=0.804730251794358 rail=1.6094685508912336 before=HIGH/true after=BROWNOUT/false output=3.6550022687473165->0.0
DECISION t=0.031845000000004 dt=5.0E-6 iter=16 id=10048 sensor=4.99995000025 ref=0.8047302517943578 rail=1.6094685508912336 before=HIGH/true after=BROWNOUT/false output=3.6550022687473165->0.0
SETTER t=0.031845000000004 dt=5.0E-6 iter=17 element=LimitedDcSupplyElm
RAIL t=0.031845000000004 dt=5.0E-6 iter=17 vin=4.657564794020584 vout=3.9003385706806544 enable=4.611450291109491 target=3.8575647940205844 drop=0.0 requested=-0.042773776660069984 delivered=0.0 g=10.0 dtarget_dvin=1.0 dtarget_den=0.0 iin=0.001 diin_dvin=10.0 diin_dvout=-10.0 diin_den=0.0
DECISION t=0.031845000000004 dt=5.0E-6 iter=17 id=9792 sensor=4.999950000250001 ref=1.9501595345426543 rail=3.9003385706806544 before=BROWNOUT/false after=HIGH/true output=0.0->3.7503385706806545
DECISION t=0.031845000000004 dt=5.0E-6 iter=17 id=10048 sensor=4.99995000025 ref=1.9501595345426543 rail=3.9003385706806544 before=BROWNOUT/false after=HIGH/true output=0.0->3.7503385706806545
timestep down to 2.5E-6 at 0.031845000000004
SETTER t=0.031845000000004 dt=2.5E-6 iter=0 element=LimitedDcSupplyElm
RAIL t=0.031845000000004 dt=2.5E-6 iter=0 vin=4.621947664659688 vout=3.814433022119967 enable=4.576185806593751 target=3.821947664659688 drop=0.007514642539721006 requested=0.007514642539721006 delivered=0.07514642539721006 g=10.0 dtarget_dvin=1.0 dtarget_den=0.0 iin=0.07614642539721006 diin_dvin=10.0 diin_dvout=-10.0 diin_den=0.0
DECISION t=0.031845000000004 dt=2.5E-6 iter=0 id=9792 sensor=4.999950000249993 ref=1.9072069750251082 rail=3.814433022119967 before=HIGH/true after=HIGH/true output=3.6539933412042584->3.664433022119967
DECISION t=0.031845000000004 dt=2.5E-6 iter=0 id=10048 sensor=4.99995000025 ref=1.907206975025108 rail=3.814433022119967 before=HIGH/true after=HIGH/true output=3.6539933412042584->3.664433022119967
SETTER t=0.031845000000004 dt=2.5E-6 iter=1 element=LimitedDcSupplyElm
RAIL t=0.031845000000004 dt=2.5E-6 iter=1 vin=4.167115798871472 vout=2.5563971081948194 enable=4.125857226605417 target=3.367115798871472 drop=0.0 requested=0.8107186906766528 delivered=0.0 g=10.0 dtarget_dvin=1.0 dtarget_den=0.0 iin=0.001 diin_dvin=10.0 diin_dvout=-10.0 diin_den=0.0
DECISION t=0.031845000000004 dt=2.5E-6 iter=1 id=9792 sensor=4.9999500002499975 ref=1.2781921631365942 rail=2.5563971081948194 before=HIGH/true after=BROWNOUT/false output=3.664433022119967->0.0
DECISION t=0.031845000000004 dt=2.5E-6 iter=1 id=10048 sensor=4.99995000025 ref=1.2781921631365942 rail=2.5563971081948194 before=HIGH/true after=BROWNOUT/false output=3.664433022119967->0.0
SETTER t=0.031845000000004 dt=2.5E-6 iter=2 element=LimitedDcSupplyElm
RAIL t=0.031845000000004 dt=2.5E-6 iter=2 vin=8.088902755410574 vout=13.483494793400752 enable=8.0088146093174 target=5.0 drop=0.0 requested=-8.483494793400752 delivered=0.0 g=10.0 dtarget_dvin=0.0 dtarget_den=0.0 iin=0.001 diin_dvin=0.0 diin_dvout=-10.0 diin_den=0.0
DECISION t=0.031845000000004 dt=2.5E-6 iter=2 id=9792 sensor=4.999950000249991 ref=6.741713688131935 rail=13.483494793400752 before=BROWNOUT/false after=LOW/false output=0.0->0.0
DECISION t=0.031845000000004 dt=2.5E-6 iter=2 id=10048 sensor=4.99995000025 ref=6.741713688131935 rail=13.483494793400752 before=BROWNOUT/false after=LOW/false output=0.0->0.0
SETTER t=0.031845000000004 dt=2.5E-6 iter=3 element=LimitedDcSupplyElm
RAIL t=0.031845000000004 dt=2.5E-6 iter=3 vin=4.572159413520795 vout=4.905187769133963 enable=4.526890509568028 target=3.7721594135207948 drop=0.0 requested=-1.1330283556131686 delivered=0.0 g=10.0 dtarget_dvin=1.0 dtarget_den=0.0 iin=0.001 diin_dvin=10.0 diin_dvout=-10.0 diin_den=0.0
DECISION t=0.031845000000004 dt=2.5E-6 iter=3 id=9792 sensor=4.99995000025 ref=2.452581621658874 rail=4.905187769133963 before=LOW/false after=HIGH/true output=0.0->4.755187769133963
DECISION t=0.031845000000004 dt=2.5E-6 iter=3 id=10048 sensor=4.99995000025 ref=2.4525816216588736 rail=4.905187769133963 before=LOW/false after=HIGH/true output=0.0->4.755187769133963
SETTER t=0.031845000000004 dt=2.5E-6 iter=4 element=LimitedDcSupplyElm
RAIL t=0.031845000000004 dt=2.5E-6 iter=4 vin=4.6217678515202145 vout=3.81427110940025 enable=4.57600777378239 target=3.8217678515202147 drop=0.007496742119964761 requested=0.007496742119964761 delivered=0.07496742119964761 g=10.0 dtarget_dvin=1.0 dtarget_den=0.0 iin=0.07596742119964761 diin_dvin=10.0 diin_dvout=-10.0 diin_den=0.0
DECISION t=0.031845000000004 dt=2.5E-6 iter=4 id=9792 sensor=4.99995000025001 ref=1.9071260190700299 rail=3.81427110940025 before=HIGH/true after=HIGH/true output=4.755187769133963->3.66427110940025
DECISION t=0.031845000000004 dt=2.5E-6 iter=4 id=10048 sensor=4.99995000025 ref=1.90712601907003 rail=3.81427110940025 before=HIGH/true after=HIGH/true output=4.755187769133963->3.66427110940025
SETTER t=0.031845000000004 dt=2.5E-6 iter=5 element=LimitedDcSupplyElm
RAIL t=0.031845000000004 dt=2.5E-6 iter=5 vin=4.621949661372362 vout=3.814441298090969 enable=4.576187783536992 target=3.8219496613723623 drop=0.007508363281393038 requested=0.007508363281393038 delivered=0.07508363281393038 g=10.0 dtarget_dvin=1.0 dtarget_den=0.0 iin=0.07608363281393038 diin_dvin=10.0 diin_dvout=-10.0 diin_den=0.0
DECISION t=0.031845000000004 dt=2.5E-6 iter=5 id=9792 sensor=4.999950000249991 ref=1.9072111129899194 rail=3.814441298090969 before=HIGH/true after=HIGH/true output=3.66427110940025->3.6644412980909693
DECISION t=0.031845000000004 dt=2.5E-6 iter=5 id=10048 sensor=4.99995000025 ref=1.9072111129899192 rail=3.814441298090969 before=HIGH/true after=HIGH/true output=3.66427110940025->3.6644412980909693
SETTER t=0.031845000000004 dt=2.5E-6 iter=6 element=LimitedDcSupplyElm
RAIL t=0.031845000000004 dt=2.5E-6 iter=6 vin=4.62195105133273 vout=3.8144423896128776 enable=4.5761891597353745 target=3.8219510513327304 drop=0.0075086617198527605 requested=0.0075086617198527605 delivered=0.0750866171985276 g=10.0 dtarget_dvin=1.0 dtarget_den=0.0 iin=0.0760866171985276 diin_dvin=10.0 diin_dvout=-10.0 diin_den=0.0
DECISION t=0.031845000000004 dt=2.5E-6 iter=6 id=9792 sensor=4.999950000249997 ref=1.9072116587481447 rail=3.8144423896128776 before=HIGH/true after=HIGH/true output=3.6644412980909693->3.6644423896128777
DECISION t=0.031845000000004 dt=2.5E-6 iter=6 id=10048 sensor=4.99995000025 ref=1.9072116587481451 rail=3.8144423896128776 before=HIGH/true after=HIGH/true output=3.6644412980909693->3.6644423896128777
RAIL t=0.031845000000004 dt=2.5E-6 iter=7 vin=4.621951070618267 vout=3.8144424427834855 enable=4.576189178829967 target=3.821951070618267 drop=0.007508627834781567 requested=0.007508627834781567 delivered=0.07508627834781567 g=10.0 dtarget_dvin=1.0 dtarget_den=0.0 iin=0.07608627834781567 diin_dvin=10.0 diin_dvout=-10.0 diin_den=0.0
DECISION t=0.031845000000004 dt=2.5E-6 iter=7 id=9792 sensor=4.999950000250001 ref=1.9072116853333165 rail=3.8144424427834855 before=HIGH/true after=HIGH/true output=3.6644423896128777->3.6644424427834856
DECISION t=0.031845000000004 dt=2.5E-6 iter=7 id=10048 sensor=4.99995000025 ref=1.9072116853333159 rail=3.8144424427834855 before=HIGH/true after=HIGH/true output=3.6644423896128777->3.6644424427834856
SETTER t=0.031845000000004 dt=2.5E-6 iter=7 element=NMosfetElm
RAIL t=0.031845000000004 dt=2.5E-6 iter=8 vin=4.621951098077352 vout=3.8144425187335522 enable=4.5761892060171805 target=3.821951098077352 drop=0.007508579343799671 requested=0.007508579343799671 delivered=0.0750857934379967 g=10.0 dtarget_dvin=1.0 dtarget_den=0.0 iin=0.07608579343799671 diin_dvin=10.0 diin_dvout=-10.0 diin_den=0.0
DECISION t=0.031845000000004 dt=2.5E-6 iter=8 id=9792 sensor=4.999950000250001 ref=1.9072117233081598 rail=3.8144425187335522 before=HIGH/true after=HIGH/true output=3.6644424427834856->3.6644425187335523
DECISION t=0.031845000000004 dt=2.5E-6 iter=8 id=10048 sensor=4.99995000025 ref=1.9072117233081596 rail=3.8144425187335522 before=HIGH/true after=HIGH/true output=3.6644424427834856->3.6644425187335523
SETTER t=0.031845000000004 dt=2.5E-6 iter=8 element=NMosfetElm
RAIL t=0.031845000000004 dt=2.5E-6 iter=9 vin=4.621951149308495 vout=3.814442660435605 enable=4.576189256741082 target=3.8219511493084948 drop=0.007508488872889796 requested=0.007508488872889796 delivered=0.07508488872889796 g=10.0 dtarget_dvin=1.0 dtarget_den=0.0 iin=0.07608488872889796 diin_dvin=10.0 diin_dvout=-10.0 diin_den=0.0
DECISION t=0.031845000000004 dt=2.5E-6 iter=9 id=9792 sensor=4.999950000250001 ref=1.9072117941588314 rail=3.814442660435605 before=HIGH/true after=HIGH/true output=3.6644425187335523->3.664442660435605
DECISION t=0.031845000000004 dt=2.5E-6 iter=9 id=10048 sensor=4.99995000025 ref=1.9072117941588318 rail=3.814442660435605 before=HIGH/true after=HIGH/true output=3.6644425187335523->3.664442660435605
SETTER t=0.031845000000004 dt=2.5E-6 iter=9 element=NMosfetElm
RAIL t=0.031845000000004 dt=2.5E-6 iter=10 vin=4.621951316750506 vout=3.814443123569469 enable=4.576189422525253 target=3.821951316750506 drop=0.007508193181037015 requested=0.007508193181037015 delivered=0.07508193181037015 g=10.0 dtarget_dvin=1.0 dtarget_den=0.0 iin=0.07608193181037015 diin_dvin=10.0 diin_dvout=-10.0 diin_den=0.0
DECISION t=0.031845000000004 dt=2.5E-6 iter=10 id=9792 sensor=4.9999500002500055 ref=1.9072120257246061 rail=3.814443123569469 before=HIGH/true after=HIGH/true output=3.664442660435605->3.664443123569469
DECISION t=0.031845000000004 dt=2.5E-6 iter=10 id=10048 sensor=4.99995000025 ref=1.9072120257246057 rail=3.814443123569469 before=HIGH/true after=HIGH/true output=3.664442660435605->3.664443123569469
SETTER t=0.031845000000004 dt=2.5E-6 iter=10 element=NMosfetElm
RAIL t=0.031845000000004 dt=2.5E-6 iter=11 vin=4.62195165412315 vout=3.8144440567205518 enable=4.576189756557573 target=3.8219516541231497 drop=0.0075075974025979875 requested=0.0075075974025979875 delivered=0.07507597402597987 g=10.0 dtarget_dvin=1.0 dtarget_den=0.0 iin=0.07607597402597988 diin_dvin=10.0 diin_dvout=-10.0 diin_den=0.0
DECISION t=0.031845000000004 dt=2.5E-6 iter=11 id=9792 sensor=4.9999500002500055 ref=1.9072124922978146 rail=3.8144440567205518 before=HIGH/true after=HIGH/true output=3.664443123569469->3.664444056720552
DECISION t=0.031845000000004 dt=2.5E-6 iter=11 id=10048 sensor=4.99995000025 ref=1.9072124922978146 rail=3.8144440567205518 before=HIGH/true after=HIGH/true output=3.664443123569469->3.664444056720552
SETTER t=0.031845000000004 dt=2.5E-6 iter=11 element=NMosfetElm
RAIL t=0.031845000000004 dt=2.5E-6 iter=12 vin=4.621951658405843 vout=3.8144440685661993 enable=4.576189760797865 target=3.821951658405843 drop=0.007507589839643725 requested=0.007507589839643725 delivered=0.07507589839643725 g=10.0 dtarget_dvin=1.0 dtarget_den=0.0 iin=0.07607589839643725 diin_dvin=10.0 diin_dvout=-10.0 diin_den=0.0
DECISION t=0.031845000000004 dt=2.5E-6 iter=12 id=9792 sensor=4.999950000250001 ref=1.9072124982206087 rail=3.8144440685661993 before=HIGH/true after=HIGH/true output=3.664444056720552->3.6644440685661994
DECISION t=0.031845000000004 dt=2.5E-6 iter=12 id=10048 sensor=4.99995000025 ref=1.907212498220609 rail=3.8144440685661993 before=HIGH/true after=HIGH/true output=3.664444056720552->3.6644440685661994
SETTER t=0.031845000000004 dt=2.5E-6 iter=12 element=NMosfetElm
RAIL t=0.031845000000004 dt=2.5E-6 iter=13 vin=4.621951658412703 vout=3.814444068585176 enable=4.576189760804656 target=3.8219516584127033 drop=0.007507589827527195 requested=0.007507589827527195 delivered=0.07507589827527195 g=10.0 dtarget_dvin=1.0 dtarget_den=0.0 iin=0.07607589827527195 diin_dvin=10.0 diin_dvout=-10.0 diin_den=0.0
DECISION t=0.031845000000004 dt=2.5E-6 iter=13 id=9792 sensor=4.999950000249997 ref=1.9072124982300964 rail=3.814444068585176 before=HIGH/true after=HIGH/true output=3.6644440685661994->3.6644440685851762
DECISION t=0.031845000000004 dt=2.5E-6 iter=13 id=10048 sensor=4.99995000025 ref=1.9072124982300964 rail=3.814444068585176 before=HIGH/true after=HIGH/true output=3.6644440685661994->3.6644440685851762
converged after 13 iterations, timeStep = 2.5E-6
RAIL t=0.031847500000004005 dt=2.5E-6 iter=0 vin=4.621951658412703 vout=3.814444068585176 enable=4.576189760804656 target=3.8219516584127033 drop=0.007507589827527195 requested=0.007507589827527195 delivered=0.07507589827527195 g=10.0 dtarget_dvin=1.0 dtarget_den=0.0 iin=0.07607589827527195 diin_dvin=10.0 diin_dvout=-10.0 diin_den=0.0
DECISION t=0.031847500000004005 dt=2.5E-6 iter=0 id=9792 sensor=4.999950000249997 ref=1.9072124982300964 rail=3.814444068585176 before=HIGH/true after=HIGH/true output=3.6644440685851762->3.6644440685851762
DECISION t=0.031847500000004005 dt=2.5E-6 iter=0 id=10048 sensor=4.99995000025 ref=1.9072124982300964 rail=3.814444068585176 before=HIGH/true after=HIGH/true output=3.6644440685851762->3.6644440685851762
SETTER t=0.031847500000004005 dt=2.5E-6 iter=1 element=LimitedDcSupplyElm
RAIL t=0.031847500000004005 dt=2.5E-6 iter=1 vin=4.613683477468909 vout=3.8061816342511916 enable=4.568003443038523 target=3.813683477468909 drop=0.007501843217717408 requested=0.007501843217717408 delivered=0.07501843217717408 g=10.0 dtarget_dvin=1.0 dtarget_den=0.0 iin=0.07601843217717408 diin_dvin=10.0 diin_dvout=-10.0 diin_den=0.0
DECISION t=0.031847500000004005 dt=2.5E-6 iter=1 id=9792 sensor=4.999950000250001 ref=1.903081301719087 rail=3.8061816342511916 before=HIGH/true after=HIGH/true output=3.6644440685851762->3.6561816342511917
DECISION t=0.031847500000004005 dt=2.5E-6 iter=1 id=10048 sensor=4.99995000025 ref=1.903081301719087 rail=3.8061816342511916 before=HIGH/true after=HIGH/true output=3.6644440685851762->3.6561816342511917
RAIL t=0.031847500000004005 dt=2.5E-6 iter=2 vin=4.613683477535353 vout=3.806181634397739 enable=4.56800344310431 target=3.8136834775353528 drop=0.007501843137613928 requested=0.007501843137613928 delivered=0.07501843137613928 g=10.0 dtarget_dvin=1.0 dtarget_den=0.0 iin=0.07601843137613928 diin_dvin=10.0 diin_dvout=-10.0 diin_den=0.0
DECISION t=0.031847500000004005 dt=2.5E-6 iter=2 id=9792 sensor=4.9999500002499975 ref=1.9030813017923607 rail=3.806181634397739 before=HIGH/true after=HIGH/true output=3.6561816342511917->3.656181634397739
DECISION t=0.031847500000004005 dt=2.5E-6 iter=2 id=10048 sensor=4.99995000025 ref=1.9030813017923607 rail=3.806181634397739 before=HIGH/true after=HIGH/true output=3.6561816342511917->3.656181634397739
SETTER t=0.031847500000004005 dt=2.5E-6 iter=2 element=NMosfetElm
RAIL t=0.031847500000004005 dt=2.5E-6 iter=3 vin=4.613683477535469 vout=3.80618163439806 enable=4.568003443104424 target=3.813683477535469 drop=0.007501843137409203 requested=0.007501843137409203 delivered=0.07501843137409203 g=10.0 dtarget_dvin=1.0 dtarget_den=0.0 iin=0.07601843137409203 diin_dvin=10.0 diin_dvout=-10.0 diin_den=0.0
DECISION t=0.031847500000004005 dt=2.5E-6 iter=3 id=9792 sensor=4.999950000250006 ref=1.903081301792521 rail=3.80618163439806 before=HIGH/true after=HIGH/true output=3.656181634397739->3.65618163439806
DECISION t=0.031847500000004005 dt=2.5E-6 iter=3 id=10048 sensor=4.99995000025 ref=1.9030813017925212 rail=3.80618163439806 before=HIGH/true after=HIGH/true output=3.656181634397739->3.65618163439806
converged after 3 iterations, timeStep = 2.5E-6
RAIL t=0.03185000000000401 dt=2.5E-6 iter=0 vin=4.613683477535469 vout=3.80618163439806 enable=4.568003443104424 target=3.813683477535469 drop=0.007501843137409203 requested=0.007501843137409203 delivered=0.07501843137409203 g=10.0 dtarget_dvin=1.0 dtarget_den=0.0 iin=0.07601843137409203 diin_dvin=10.0 diin_dvout=-10.0 diin_den=0.0
DECISION t=0.03185000000000401 dt=2.5E-6 iter=0 id=9792 sensor=4.999950000250006 ref=1.903081301792521 rail=3.80618163439806 before=HIGH/true after=HIGH/true output=3.65618163439806->3.65618163439806
DECISION t=0.03185000000000401 dt=2.5E-6 iter=0 id=10048 sensor=4.99995000025 ref=1.9030813017925212 rail=3.80618163439806 before=HIGH/true after=HIGH/true output=3.65618163439806->3.65618163439806
SETTER t=0.03185000000000401 dt=2.5E-6 iter=1 element=LimitedDcSupplyElm
RAIL t=0.03185000000000401 dt=2.5E-6 iter=1 vin=4.605418598124892 vout=3.7979171429507255 enable=4.5598203941830615 target=3.8054185981248922 drop=0.007501455174166782 requested=0.007501455174166782 delivered=0.07501455174166782 g=10.0 dtarget_dvin=1.0 dtarget_den=0.0 iin=0.07601455174166782 diin_dvin=10.0 diin_dvout=-10.0 diin_den=0.0
DECISION t=0.03185000000000401 dt=2.5E-6 iter=1 id=9792 sensor=4.999950000249993 ref=1.898949076729979 rail=3.7979171429507255 before=HIGH/true after=BROWNOUT/false output=3.65618163439806->0.0
DECISION t=0.03185000000000401 dt=2.5E-6 iter=1 id=10048 sensor=4.99995000025 ref=1.8989490767299786 rail=3.7979171429507255 before=HIGH/true after=BROWNOUT/false output=3.65618163439806->0.0
RAIL t=0.03185000000000401 dt=2.5E-6 iter=2 vin=4.6054186224573765 vout=3.7979172102177605 enable=4.55982041827463 target=3.8054186224573767 drop=0.007501412239616201 requested=0.007501412239616201 delivered=0.07501412239616201 g=10.0 dtarget_dvin=1.0 dtarget_den=0.0 iin=0.07601412239616201 diin_dvin=10.0 diin_dvout=-10.0 diin_den=0.0
DECISION t=0.03185000000000401 dt=2.5E-6 iter=2 id=9792 sensor=4.999950000250008 ref=1.8989491103633283 rail=3.7979172102177605 before=BROWNOUT/false after=BROWNOUT/false output=0.0->0.0
DECISION t=0.03185000000000401 dt=2.5E-6 iter=2 id=10048 sensor=4.99995000025 ref=1.898949110363328 rail=3.7979172102177605 before=BROWNOUT/false after=BROWNOUT/false output=0.0->0.0
SETTER t=0.03185000000000401 dt=2.5E-6 iter=2 element=NMosfetElm
SETTER t=0.03185000000000401 dt=2.5E-6 iter=3 element=LimitedDcSupplyElm
RAIL t=0.03185000000000401 dt=2.5E-6 iter=3 vin=4.607022082911052 vout=3.802352270504476 enable=4.561408002882227 target=3.807022082911052 drop=0.004669812406576046 requested=0.004669812406576046 delivered=0.04669812406576046 g=10.0 dtarget_dvin=1.0 dtarget_den=0.0 iin=0.04769812406576046 diin_dvin=10.0 diin_dvout=-10.0 diin_den=0.0
DECISION t=0.03185000000000401 dt=2.5E-6 iter=3 id=9792 sensor=4.999950000250007 ref=1.901166629419091 rail=3.802352270504476 before=BROWNOUT/false after=HIGH/true output=0.0->3.652352270504476
DECISION t=0.03185000000000401 dt=2.5E-6 iter=3 id=10048 sensor=4.99995000025 ref=1.901166629419091 rail=3.802352270504476 before=BROWNOUT/false after=HIGH/true output=0.0->3.652352270504476
SETTER t=0.03185000000000401 dt=2.5E-6 iter=4 element=LimitedDcSupplyElm
RAIL t=0.03185000000000401 dt=2.5E-6 iter=4 vin=4.607374144372256 vout=3.803325874111544 enable=4.561756578586389 target=3.8073741443722557 drop=0.004048270260711639 requested=0.004048270260711639 delivered=0.040482702607116394 g=10.0 dtarget_dvin=1.0 dtarget_den=0.0 iin=0.041482702607116395 diin_dvin=10.0 diin_dvout=-10.0 diin_den=0.0
DECISION t=0.03185000000000401 dt=2.5E-6 iter=4 id=9792 sensor=4.9999500002500055 ref=1.901653428788628 rail=3.803325874111544 before=HIGH/true after=HIGH/true output=3.652352270504476->3.653325874111544
DECISION t=0.03185000000000401 dt=2.5E-6 iter=4 id=10048 sensor=4.99995000025 ref=1.9016534287886282 rail=3.803325874111544 before=HIGH/true after=HIGH/true output=3.652352270504476->3.653325874111544
SETTER t=0.03185000000000401 dt=2.5E-6 iter=5 element=LimitedDcSupplyElm
RAIL t=0.03185000000000401 dt=2.5E-6 iter=5 vin=4.493209081438728 vout=3.4875741396372955 enable=4.448721862810621 target=3.693209081438728 drop=0.020000000000000004 requested=0.2056349418014327 delivered=0.20000000000000004 g=10.0 dtarget_dvin=1.0 dtarget_den=0.0 iin=0.20100000000000004 diin_dvin=10.0 diin_dvout=-10.0 diin_den=0.0
DECISION t=0.03185000000000401 dt=2.5E-6 iter=5 id=9792 sensor=4.999950000250003 ref=1.7437783509268927 rail=3.4875741396372955 before=HIGH/true after=BROWNOUT/false output=3.653325874111544->0.0
DECISION t=0.03185000000000401 dt=2.5E-6 iter=5 id=10048 sensor=4.99995000025 ref=1.7437783509268927 rail=3.4875741396372955 before=HIGH/true after=BROWNOUT/false output=3.653325874111544->0.0
SETTER t=0.03185000000000401 dt=2.5E-6 iter=6 element=LimitedDcSupplyElm
RAIL t=0.03185000000000401 dt=2.5E-6 iter=6 vin=4.604623967603645 vout=3.7971826968127536 enable=4.5590336312907365 target=3.8046239676036455 drop=0.007441270790891963 requested=0.007441270790891963 delivered=0.07441270790891963 g=10.0 dtarget_dvin=1.0 dtarget_den=0.0 iin=0.07541270790891963 diin_dvin=10.0 diin_dvout=-10.0 diin_den=0.0
DECISION t=0.03185000000000401 dt=2.5E-6 iter=6 id=9792 sensor=4.999950000250003 ref=1.898581855497099 rail=3.7971826968127536 before=BROWNOUT/false after=BROWNOUT/false output=0.0->0.0
DECISION t=0.03185000000000401 dt=2.5E-6 iter=6 id=10048 sensor=4.99995000025 ref=1.8985818554970992 rail=3.7971826968127536 before=BROWNOUT/false after=BROWNOUT/false output=0.0->0.0
SETTER t=0.03185000000000401 dt=2.5E-6 iter=7 element=LimitedDcSupplyElm
RAIL t=0.03185000000000401 dt=2.5E-6 iter=7 vin=4.607333028732678 vout=3.803285903453456 enable=4.561715870032356 target=3.8073330287326783 drop=0.004047125279222463 requested=0.004047125279222463 delivered=0.04047125279222463 g=10.0 dtarget_dvin=1.0 dtarget_den=0.0 iin=0.04147125279222463 diin_dvin=10.0 diin_dvout=-10.0 diin_den=0.0
DECISION t=0.03185000000000401 dt=2.5E-6 iter=7 id=9792 sensor=4.9999500002499975 ref=1.90163344355951 rail=3.803285903453456 before=BROWNOUT/false after=HIGH/true output=0.0->3.653285903453456
DECISION t=0.03185000000000401 dt=2.5E-6 iter=7 id=10048 sensor=4.99995000025 ref=1.9016334435595097 rail=3.803285903453456 before=BROWNOUT/false after=HIGH/true output=0.0->3.653285903453456
SETTER t=0.03185000000000401 dt=2.5E-6 iter=8 element=LimitedDcSupplyElm
RAIL t=0.03185000000000401 dt=2.5E-6 iter=8 vin=4.607374125652501 vout=3.803325938456921 enable=4.561756560051979 target=3.807374125652501 drop=0.0040481871955799775 requested=0.0040481871955799775 delivered=0.040481871955799775 g=10.0 dtarget_dvin=1.0 dtarget_den=0.0 iin=0.041481871955799776 diin_dvin=10.0 diin_dvout=-10.0 diin_den=0.0
DECISION t=0.03185000000000401 dt=2.5E-6 iter=8 id=9792 sensor=4.999950000250005 ref=1.9016534609611548 rail=3.803325938456921 before=HIGH/true after=HIGH/true output=3.653285903453456->3.653325938456921
DECISION t=0.03185000000000401 dt=2.5E-6 iter=8 id=10048 sensor=4.99995000025 ref=1.9016534609611548 rail=3.803325938456921 before=HIGH/true after=HIGH/true output=3.653285903453456->3.653325938456921
SETTER t=0.03185000000000401 dt=2.5E-6 iter=9 element=LimitedDcSupplyElm
RAIL t=0.03185000000000401 dt=2.5E-6 iter=9 vin=4.306399220967333 vout=2.970905180047357 enable=4.263761604918151 target=3.5063992209673334 drop=0.0 requested=0.5354940409199762 delivered=0.0 g=10.0 dtarget_dvin=1.0 dtarget_den=0.0 iin=0.001 diin_dvin=10.0 diin_dvout=-10.0 diin_den=0.0
DECISION t=0.03185000000000401 dt=2.5E-6 iter=9 id=9792 sensor=4.999950000250002 ref=1.4854451627978644 rail=2.970905180047357 before=HIGH/true after=BROWNOUT/false output=3.653325938456921->0.0
DECISION t=0.03185000000000401 dt=2.5E-6 iter=9 id=10048 sensor=4.99995000025 ref=1.4854451627978644 rail=2.970905180047357 before=HIGH/true after=BROWNOUT/false output=3.653325938456921->0.0
SETTER t=0.03185000000000401 dt=2.5E-6 iter=10 element=LimitedDcSupplyElm
RAIL t=0.03185000000000401 dt=2.5E-6 iter=10 vin=4.604813655709258 vout=3.797365478348413 enable=4.559221441296293 target=3.804813655709258 drop=0.0 requested=0.007448177360844799 delivered=0.0 g=10.0 dtarget_dvin=1.0 dtarget_den=0.0 iin=0.001 diin_dvin=10.0 diin_dvout=-10.0 diin_den=0.0
DECISION t=0.03185000000000401 dt=2.5E-6 iter=10 id=9792 sensor=4.999950000250022 ref=1.8986732458079771 rail=3.797365478348413 before=BROWNOUT/false after=BROWNOUT/false output=0.0->0.0
DECISION t=0.03185000000000401 dt=2.5E-6 iter=10 id=10048 sensor=4.99995000025 ref=1.8986732458079771 rail=3.797365478348413 before=BROWNOUT/false after=BROWNOUT/false output=0.0->0.0
SETTER t=0.03185000000000401 dt=2.5E-6 iter=11 element=LimitedDcSupplyElm
RAIL t=0.03185000000000401 dt=2.5E-6 iter=11 vin=4.60735098107043 vout=3.8033036207319815 enable=4.561733644624186 target=3.80735098107043 drop=0.004047360338448325 requested=0.004047360338448325 delivered=0.04047360338448325 g=10.0 dtarget_dvin=1.0 dtarget_den=0.0 iin=0.04147360338448325 diin_dvin=10.0 diin_dvout=-10.0 diin_den=0.0
DECISION t=0.03185000000000401 dt=2.5E-6 iter=11 id=9792 sensor=4.999950000250003 ref=1.9016423021544802 rail=3.8033036207319815 before=BROWNOUT/false after=HIGH/true output=0.0->3.6533036207319816
DECISION t=0.03185000000000401 dt=2.5E-6 iter=11 id=10048 sensor=4.99995000025 ref=1.9016423021544795 rail=3.8033036207319815 before=BROWNOUT/false after=HIGH/true output=0.0->3.6533036207319816
SETTER t=0.03185000000000401 dt=2.5E-6 iter=12 element=LimitedDcSupplyElm
RAIL t=0.03185000000000401 dt=2.5E-6 iter=12 vin=4.607374088123307 vout=3.803325751620261 enable=4.561756522894363 target=3.807374088123307 drop=0.004048336503045924 requested=0.004048336503045924 delivered=0.04048336503045924 g=10.0 dtarget_dvin=1.0 dtarget_den=0.0 iin=0.04148336503045924 diin_dvin=10.0 diin_dvout=-10.0 diin_den=0.0
DECISION t=0.03185000000000401 dt=2.5E-6 iter=12 id=9792 sensor=4.999950000250002 ref=1.901653367543292 rail=3.803325751620261 before=HIGH/true after=HIGH/true output=3.6533036207319816->3.6533257516202613
DECISION t=0.03185000000000401 dt=2.5E-6 iter=12 id=10048 sensor=4.99995000025 ref=1.9016533675432918 rail=3.803325751620261 before=HIGH/true after=HIGH/true output=3.6533036207319816->3.6533257516202613
SETTER t=0.03185000000000401 dt=2.5E-6 iter=13 element=LimitedDcSupplyElm
RAIL t=0.03185000000000401 dt=2.5E-6 iter=13 vin=4.043450140602454 vout=2.2436544682504795 enable=4.003415980794508 target=3.2434501406024543 drop=0.0 requested=0.9997956723519748 delivered=0.0 g=10.0 dtarget_dvin=1.0 dtarget_den=0.0 iin=0.001 diin_dvin=10.0 diin_dvout=-10.0 diin_den=0.0
DECISION t=0.03185000000000401 dt=2.5E-6 iter=13 id=9792 sensor=4.999950000249993 ref=1.1218216250171145 rail=2.2436544682504795 before=HIGH/true after=BROWNOUT/false output=3.6533257516202613->0.0
DECISION t=0.03185000000000401 dt=2.5E-6 iter=13 id=10048 sensor=4.99995000025 ref=1.1218216250171142 rail=2.2436544682504795 before=HIGH/true after=BROWNOUT/false output=3.6533257516202613->0.0
SETTER t=0.03185000000000401 dt=2.5E-6 iter=14 element=LimitedDcSupplyElm
RAIL t=0.03185000000000401 dt=2.5E-6 iter=14 vin=4.61833604739229 vout=3.8361755940328535 enable=4.572609947913159 target=3.8183360473922905 drop=0.0 requested=-0.017839546640562975 delivered=0.0 g=10.0 dtarget_dvin=1.0 dtarget_den=0.0 iin=0.001 diin_dvin=10.0 diin_dvout=-10.0 diin_den=0.0
DECISION t=0.03185000000000401 dt=2.5E-6 iter=14 id=9792 sensor=4.999950000250001 ref=1.9180782066253932 rail=3.8361755940328535 before=BROWNOUT/false after=HIGH/true output=0.0->3.6861755940328536
DECISION t=0.03185000000000401 dt=2.5E-6 iter=14 id=10048 sensor=4.99995000025 ref=1.918078206625393 rail=3.8361755940328535 before=BROWNOUT/false after=HIGH/true output=0.0->3.6861755940328536
SETTER t=0.03185000000000401 dt=2.5E-6 iter=15 element=LimitedDcSupplyElm
RAIL t=0.03185000000000401 dt=2.5E-6 iter=15 vin=4.607307074754527 vout=3.8032687752859977 enable=4.561690173024283 target=3.807307074754527 drop=0.004038299468529072 requested=0.004038299468529072 delivered=0.04038299468529072 g=10.0 dtarget_dvin=1.0 dtarget_den=0.0 iin=0.04138299468529072 diin_dvin=10.0 diin_dvout=-10.0 diin_den=0.0
DECISION t=0.03185000000000401 dt=2.5E-6 iter=15 id=9792 sensor=4.999950000249998 ref=1.901624879518601 rail=3.8032687752859977 before=HIGH/true after=HIGH/true output=3.6861755940328536->3.653268775285998
DECISION t=0.03185000000000401 dt=2.5E-6 iter=15 id=10048 sensor=4.99995000025 ref=1.9016248795186006 rail=3.8032687752859977 before=HIGH/true after=HIGH/true output=3.6861755940328536->3.653268775285998
SETTER t=0.03185000000000401 dt=2.5E-6 iter=16 element=LimitedDcSupplyElm
RAIL t=0.03185000000000401 dt=2.5E-6 iter=16 vin=4.043694489190816 vout=2.2441817429512643 enable=4.003657910089917 target=3.2436944891908164 drop=0.0 requested=0.9995127462395521 delivered=0.0 g=10.0 dtarget_dvin=1.0 dtarget_den=0.0 iin=0.001 diin_dvin=10.0 diin_dvout=-10.0 diin_den=0.0
DECISION t=0.03185000000000401 dt=2.5E-6 iter=16 id=9792 sensor=4.999950000250002 ref=1.122085261049327 rail=2.2441817429512643 before=HIGH/true after=BROWNOUT/false output=3.653268775285998->0.0
DECISION t=0.03185000000000401 dt=2.5E-6 iter=16 id=10048 sensor=4.99995000025 ref=1.1220852610493268 rail=2.2441817429512643 before=HIGH/true after=BROWNOUT/false output=3.653268775285998->0.0
SETTER t=0.03185000000000401 dt=2.5E-6 iter=17 element=LimitedDcSupplyElm
RAIL t=0.03185000000000401 dt=2.5E-6 iter=17 vin=4.618293963460864 vout=3.8361588520401666 enable=4.572568280654321 target=3.8182939634608646 drop=0.0 requested=-0.01786488857930202 delivered=0.0 g=10.0 dtarget_dvin=1.0 dtarget_den=0.0 iin=0.001 diin_dvin=10.0 diin_dvout=-10.0 diin_den=0.0
DECISION t=0.03185000000000401 dt=2.5E-6 iter=17 id=9792 sensor=4.99995000025 ref=1.9180698356709045 rail=3.8361588520401666 before=BROWNOUT/false after=HIGH/true output=0.0->3.6861588520401667
DECISION t=0.03185000000000401 dt=2.5E-6 iter=17 id=10048 sensor=4.99995000025 ref=1.9180698356709047 rail=3.8361588520401666 before=BROWNOUT/false after=HIGH/true output=0.0->3.6861588520401667
timestep down to 1.25E-6 at 0.03185000000000401
SETTER t=0.03185000000000401 dt=1.25E-6 iter=0 element=LimitedDcSupplyElm
RAIL t=0.03185000000000401 dt=1.25E-6 iter=0 vin=4.613683477535469 vout=3.80618163439806 enable=4.568003443104424 target=3.813683477535469 drop=0.007501843137409203 requested=0.007501843137409203 delivered=0.07501843137409203 g=10.0 dtarget_dvin=1.0 dtarget_den=0.0 iin=0.07601843137409203 diin_dvin=10.0 diin_dvout=-10.0 diin_den=0.0
DECISION t=0.03185000000000401 dt=1.25E-6 iter=0 id=9792 sensor=4.999950000250006 ref=1.903081301792521 rail=3.80618163439806 before=HIGH/true after=HIGH/true output=3.653259483074865->3.65618163439806
DECISION t=0.03185000000000401 dt=1.25E-6 iter=0 id=10048 sensor=4.99995000025 ref=1.9030813017925212 rail=3.80618163439806 before=HIGH/true after=HIGH/true output=3.653259483074865->3.65618163439806
SETTER t=0.03185000000000401 dt=1.25E-6 iter=1 element=LimitedDcSupplyElm
RAIL t=0.03185000000000401 dt=1.25E-6 iter=1 vin=4.437618487686017 vout=3.009283035427181 enable=4.393681670976257 target=3.6376184876860176 drop=0.020000000000000004 requested=0.6283354522588365 delivered=0.20000000000000004 g=10.0 dtarget_dvin=1.0 dtarget_den=0.0 iin=0.20100000000000004 diin_dvin=10.0 diin_dvout=-10.0 diin_den=0.0
DECISION t=0.03185000000000401 dt=1.25E-6 iter=1 id=9792 sensor=4.999950000249993 ref=1.5046339945436173 rail=3.009283035427181 before=HIGH/true after=BROWNOUT/false output=3.65618163439806->0.0
DECISION t=0.03185000000000401 dt=1.25E-6 iter=1 id=10048 sensor=4.99995000025 ref=1.5046339945436176 rail=3.009283035427181 before=HIGH/true after=BROWNOUT/false output=3.65618163439806->0.0
SETTER t=0.03185000000000401 dt=1.25E-6 iter=2 element=LimitedDcSupplyElm
RAIL t=0.03185000000000401 dt=1.25E-6 iter=2 vin=6.469932569670796 vout=12.236169316526226 enable=6.405873831357223 target=5.0 drop=0.0 requested=-7.236169316526226 delivered=0.0 g=10.0 dtarget_dvin=0.0 dtarget_den=0.0 iin=0.001 diin_dvin=0.0 diin_dvout=-10.0 diin_den=0.0
DECISION t=0.03185000000000401 dt=1.25E-6 iter=2 id=9792 sensor=4.999950000250885 ref=6.118054067992772 rail=12.236169316526226 before=BROWNOUT/false after=LOW/false output=0.0->0.0
DECISION t=0.03185000000000401 dt=1.25E-6 iter=2 id=10048 sensor=4.99995000025 ref=6.118054067992773 rail=12.236169316526226 before=BROWNOUT/false after=LOW/false output=0.0->0.0
SETTER t=0.03185000000000401 dt=1.25E-6 iter=3 element=LimitedDcSupplyElm
RAIL t=0.03185000000000401 dt=1.25E-6 iter=3 vin=4.567095120377477 vout=4.828836683975558 enable=4.521876357823285 target=3.767095120377477 drop=0.0 requested=-1.0617415635980807 delivered=0.0 g=10.0 dtarget_dvin=1.0 dtarget_den=0.0 iin=0.001 diin_dvin=10.0 diin_dvout=-10.0 diin_den=0.0
DECISION t=0.03185000000000401 dt=1.25E-6 iter=3 id=9792 sensor=4.99995000025 ref=2.414406269956429 rail=4.828836683975558 before=LOW/false after=HIGH/true output=0.0->4.6788366839755575
DECISION t=0.03185000000000401 dt=1.25E-6 iter=3 id=10048 sensor=4.99995000025 ref=2.4144062699564293 rail=4.828836683975558 before=LOW/false after=HIGH/true output=0.0->4.6788366839755575
SETTER t=0.03185000000000401 dt=1.25E-6 iter=4 element=LimitedDcSupplyElm
RAIL t=0.03185000000000401 dt=1.25E-6 iter=4 vin=4.613605573769466 vout=3.806116890380236 enable=4.567926310662838 target=3.8136055737694665 drop=0.007488683389230477 requested=0.007488683389230477 delivered=0.07488683389230477 g=10.0 dtarget_dvin=1.0 dtarget_den=0.0 iin=0.07588683389230477 diin_dvin=10.0 diin_dvout=-10.0 diin_den=0.0
DECISION t=0.03185000000000401 dt=1.25E-6 iter=4 id=9792 sensor=4.999950000250012 ref=1.9030489299454687 rail=3.806116890380236 before=HIGH/true after=HIGH/true output=4.6788366839755575->3.656116890380236
DECISION t=0.03185000000000401 dt=1.25E-6 iter=4 id=10048 sensor=4.99995000025 ref=1.9030489299454683 rail=3.806116890380236 before=HIGH/true after=HIGH/true output=4.6788366839755575->3.656116890380236
SETTER t=0.03185000000000401 dt=1.25E-6 iter=5 element=LimitedDcSupplyElm
RAIL t=0.03185000000000401 dt=1.25E-6 iter=5 vin=4.613684053297562 vout=3.8061851495733094 enable=4.568004013165902 target=3.813684053297562 drop=0.00749890372425277 requested=0.00749890372425277 delivered=0.0749890372425277 g=10.0 dtarget_dvin=1.0 dtarget_den=0.0 iin=0.0759890372425277 diin_dvin=10.0 diin_dvout=-10.0 diin_den=0.0
DECISION t=0.03185000000000401 dt=1.25E-6 iter=5 id=9792 sensor=4.99995000025 ref=1.9030830593713581 rail=3.8061851495733094 before=HIGH/true after=HIGH/true output=3.656116890380236->3.6561851495733095
DECISION t=0.03185000000000401 dt=1.25E-6 iter=5 id=10048 sensor=4.99995000025 ref=1.9030830593713584 rail=3.8061851495733094 before=HIGH/true after=HIGH/true output=3.656116890380236->3.6561851495733095
SETTER t=0.03185000000000401 dt=1.25E-6 iter=6 element=LimitedDcSupplyElm
RAIL t=0.03185000000000401 dt=1.25E-6 iter=6 vin=4.613684273386794 vout=3.806185236558387 enable=4.568004231076034 target=3.8136842733867944 drop=0.007499036828407579 requested=0.007499036828407579 delivered=0.07499036828407579 g=10.0 dtarget_dvin=1.0 dtarget_den=0.0 iin=0.0759903682840758 diin_dvin=10.0 diin_dvout=-10.0 diin_den=0.0
DECISION t=0.03185000000000401 dt=1.25E-6 iter=6 id=9792 sensor=4.999950000250002 ref=1.903083102863679 rail=3.806185236558387 before=HIGH/true after=HIGH/true output=3.6561851495733095->3.656185236558387
DECISION t=0.03185000000000401 dt=1.25E-6 iter=6 id=10048 sensor=4.99995000025 ref=1.903083102863679 rail=3.806185236558387 before=HIGH/true after=HIGH/true output=3.6561851495733095->3.656185236558387
RAIL t=0.03185000000000401 dt=1.25E-6 iter=7 vin=4.613684277208942 vout=3.8061852538494056 enable=4.568004234860339 target=3.8136842772089423 drop=0.007499023359536672 requested=0.007499023359536672 delivered=0.07499023359536672 g=10.0 dtarget_dvin=1.0 dtarget_den=0.0 iin=0.07599023359536672 diin_dvin=10.0 diin_dvout=-10.0 diin_den=0.0
DECISION t=0.03185000000000401 dt=1.25E-6 iter=7 id=9792 sensor=4.999950000249998 ref=1.9030831115091453 rail=3.8061852538494056 before=HIGH/true after=HIGH/true output=3.656185236558387->3.6561852538494057
DECISION t=0.03185000000000401 dt=1.25E-6 iter=7 id=10048 sensor=4.99995000025 ref=1.9030831115091453 rail=3.8061852538494056 before=HIGH/true after=HIGH/true output=3.656185236558387->3.6561852538494057
SETTER t=0.03185000000000401 dt=1.25E-6 iter=7 element=NMosfetElm
RAIL t=0.03185000000000401 dt=1.25E-6 iter=8 vin=4.613684283694668 vout=3.8061852832048473 enable=4.56800424128185 target=3.813684283694668 drop=0.007499000489820773 requested=0.007499000489820773 delivered=0.07499000489820773 g=10.0 dtarget_dvin=1.0 dtarget_den=0.0 iin=0.07599000489820773 diin_dvin=10.0 diin_dvout=-10.0 diin_den=0.0
DECISION t=0.03185000000000401 dt=1.25E-6 iter=8 id=9792 sensor=4.999950000250007 ref=1.903083126186793 rail=3.8061852832048473 before=HIGH/true after=HIGH/true output=3.6561852538494057->3.6561852832048474
DECISION t=0.03185000000000401 dt=1.25E-6 iter=8 id=10048 sensor=4.99995000025 ref=1.903083126186793 rail=3.8061852832048473 before=HIGH/true after=HIGH/true output=3.6561852538494057->3.6561852832048474
SETTER t=0.03185000000000401 dt=1.25E-6 iter=8 element=NMosfetElm
RAIL t=0.03185000000000401 dt=1.25E-6 iter=9 vin=4.613684296929875 vout=3.8061853431095316 enable=4.568004254386015 target=3.8136842969298748 drop=0.007498953820343157 requested=0.007498953820343157 delivered=0.07498953820343157 g=10.0 dtarget_dvin=1.0 dtarget_den=0.0 iin=0.07598953820343157 diin_dvin=10.0 diin_dvout=-10.0 diin_den=0.0
DECISION t=0.03185000000000401 dt=1.25E-6 iter=9 id=9792 sensor=4.999950000250003 ref=1.9030831561389852 rail=3.8061853431095316 before=HIGH/true after=HIGH/true output=3.6561852832048474->3.6561853431095317
DECISION t=0.03185000000000401 dt=1.25E-6 iter=9 id=10048 sensor=4.99995000025 ref=1.9030831561389854 rail=3.8061853431095316 before=HIGH/true after=HIGH/true output=3.6561852832048474->3.6561853431095317
SETTER t=0.03185000000000401 dt=1.25E-6 iter=9 element=NMosfetElm
RAIL t=0.03185000000000401 dt=1.25E-6 iter=10 vin=4.6136843442996645 vout=3.8061855575128534 enable=4.5680043012867975 target=3.8136843442996646 drop=0.007498786786811262 requested=0.007498786786811262 delivered=0.07498786786811262 g=10.0 dtarget_dvin=1.0 dtarget_den=0.0 iin=0.07598786786811262 diin_dvin=10.0 diin_dvout=-10.0 diin_den=0.0
DECISION t=0.03185000000000401 dt=1.25E-6 iter=10 id=9792 sensor=4.999950000250012 ref=1.90308326334011 rail=3.8061855575128534 before=HIGH/true after=HIGH/true output=3.6561853431095317->3.6561855575128535
DECISION t=0.03185000000000401 dt=1.25E-6 iter=10 id=10048 sensor=4.99995000025 ref=1.90308326334011 rail=3.8061855575128534 before=HIGH/true after=HIGH/true output=3.6561853431095317->3.6561855575128535
SETTER t=0.03185000000000401 dt=1.25E-6 iter=10 element=NMosfetElm
RAIL t=0.03185000000000401 dt=1.25E-6 iter=11 vin=4.613684412669338 vout=3.8061858669650377 enable=4.568004368979542 target=3.813684412669338 drop=0.007498545704300419 requested=0.007498545704300419 delivered=0.07498545704300419 g=10.0 dtarget_dvin=1.0 dtarget_den=0.0 iin=0.07598545704300419 diin_dvin=10.0 diin_dvout=-10.0 diin_den=0.0
DECISION t=0.03185000000000401 dt=1.25E-6 iter=11 id=9792 sensor=4.999950000249998 ref=1.9030834180654284 rail=3.8061858669650377 before=HIGH/true after=HIGH/true output=3.6561855575128535->3.656185866965038
DECISION t=0.03185000000000401 dt=1.25E-6 iter=11 id=10048 sensor=4.99995000025 ref=1.9030834180654288 rail=3.8061858669650377 before=HIGH/true after=HIGH/true output=3.6561855575128535->3.656185866965038
SETTER t=0.03185000000000401 dt=1.25E-6 iter=11 element=NMosfetElm
RAIL t=0.03185000000000401 dt=1.25E-6 iter=12 vin=4.613684413359988 vout=3.806185870091028 enable=4.568004369663353 target=3.8136844133599883 drop=0.007498543268960489 requested=0.007498543268960489 delivered=0.07498543268960489 g=10.0 dtarget_dvin=1.0 dtarget_den=0.0 iin=0.07598543268960489 diin_dvin=10.0 diin_dvout=-10.0 diin_den=0.0
DECISION t=0.03185000000000401 dt=1.25E-6 iter=12 id=9792 sensor=4.999950000250003 ref=1.9030834196284159 rail=3.806185870091028 before=HIGH/true after=HIGH/true output=3.656185866965038->3.656185870091028
DECISION t=0.03185000000000401 dt=1.25E-6 iter=12 id=10048 sensor=4.99995000025 ref=1.9030834196284157 rail=3.806185870091028 before=HIGH/true after=HIGH/true output=3.656185866965038->3.656185870091028
SETTER t=0.03185000000000401 dt=1.25E-6 iter=12 element=NMosfetElm
RAIL t=0.03185000000000401 dt=1.25E-6 iter=13 vin=4.613684413360751 vout=3.8061858700944815 enable=4.56800436966411 target=3.8136844133607513 drop=0.007498543266269753 requested=0.007498543266269753 delivered=0.07498543266269753 g=10.0 dtarget_dvin=1.0 dtarget_den=0.0 iin=0.07598543266269753 diin_dvin=10.0 diin_dvout=-10.0 diin_den=0.0
DECISION t=0.03185000000000401 dt=1.25E-6 iter=13 id=9792 sensor=4.999950000249998 ref=1.9030834196301427 rail=3.8061858700944815 before=HIGH/true after=HIGH/true output=3.656185870091028->3.6561858700944816
DECISION t=0.03185000000000401 dt=1.25E-6 iter=13 id=10048 sensor=4.99995000025 ref=1.9030834196301425 rail=3.8061858700944815 before=HIGH/true after=HIGH/true output=3.656185870091028->3.6561858700944816
converged after 13 iterations, timeStep = 1.25E-6
RAIL t=0.03185125000000401 dt=1.25E-6 iter=0 vin=4.613684413360751 vout=3.8061858700944815 enable=4.56800436966411 target=3.8136844133607513 drop=0.007498543266269753 requested=0.007498543266269753 delivered=0.07498543266269753 g=10.0 dtarget_dvin=1.0 dtarget_den=0.0 iin=0.07598543266269753 diin_dvin=10.0 diin_dvout=-10.0 diin_den=0.0
DECISION t=0.03185125000000401 dt=1.25E-6 iter=0 id=9792 sensor=4.999950000249998 ref=1.9030834196301427 rail=3.8061858700944815 before=HIGH/true after=HIGH/true output=3.6561858700944816->3.6561858700944816
DECISION t=0.03185125000000401 dt=1.25E-6 iter=0 id=10048 sensor=4.99995000025 ref=1.9030834196301425 rail=3.8061858700944815 before=HIGH/true after=HIGH/true output=3.6561858700944816->3.6561858700944816
SETTER t=0.03185125000000401 dt=1.25E-6 iter=1 element=LimitedDcSupplyElm
RAIL t=0.03185125000000401 dt=1.25E-6 iter=1 vin=4.609553750479593 vout=3.8020551952987445 enable=4.563914604435241 target=3.8095537504795933 drop=0.007498555180848854 requested=0.007498555180848854 delivered=0.07498555180848854 g=10.0 dtarget_dvin=1.0 dtarget_den=0.0 iin=0.07598555180848854 diin_dvin=10.0 diin_dvout=-10.0 diin_den=0.0
DECISION t=0.03185125000000401 dt=1.25E-6 iter=1 id=9792 sensor=4.999950000249995 ref=1.9010180925589104 rail=3.8020551952987445 before=HIGH/true after=HIGH/true output=3.6561858700944816->3.6520551952987446
DECISION t=0.03185125000000401 dt=1.25E-6 iter=1 id=10048 sensor=4.99995000025 ref=1.90101809255891 rail=3.8020551952987445 before=HIGH/true after=HIGH/true output=3.6561858700944816->3.6520551952987446
RAIL t=0.03185125000000401 dt=1.25E-6 iter=2 vin=4.609553750488397 vout=3.8020551953262003 enable=4.563914604443958 target=3.809553750488397 drop=0.007498555162196663 requested=0.007498555162196663 delivered=0.07498555162196663 g=10.0 dtarget_dvin=1.0 dtarget_den=0.0 iin=0.07598555162196663 diin_dvin=10.0 diin_dvout=-10.0 diin_den=0.0
DECISION t=0.03185125000000401 dt=1.25E-6 iter=2 id=9792 sensor=4.999950000250003 ref=1.9010180925726374 rail=3.8020551953262003 before=HIGH/true after=HIGH/true output=3.6520551952987446->3.6520551953262004
DECISION t=0.03185125000000401 dt=1.25E-6 iter=2 id=10048 sensor=4.99995000025 ref=1.9010180925726372 rail=3.8020551953262003 before=HIGH/true after=HIGH/true output=3.6520551952987446->3.6520551953262004
SETTER t=0.03185125000000401 dt=1.25E-6 iter=2 element=NMosfetElm
RAIL t=0.03185125000000401 dt=1.25E-6 iter=3 vin=4.609553750488404 vout=3.802055195326229 enable=4.563914604443964 target=3.809553750488404 drop=0.0074985551621749025 requested=0.0074985551621749025 delivered=0.07498555162174902 g=10.0 dtarget_dvin=1.0 dtarget_den=0.0 iin=0.07598555162174903 diin_dvin=10.0 diin_dvout=-10.0 diin_den=0.0
DECISION t=0.03185125000000401 dt=1.25E-6 iter=3 id=9792 sensor=4.999950000250003 ref=1.9010180925726523 rail=3.802055195326229 before=HIGH/true after=HIGH/true output=3.6520551953262004->3.6520551953262292
DECISION t=0.03185125000000401 dt=1.25E-6 iter=3 id=10048 sensor=4.99995000025 ref=1.901018092572652 rail=3.802055195326229 before=HIGH/true after=HIGH/true output=3.6520551953262004->3.6520551953262292
converged after 3 iterations, timeStep = 1.25E-6
RAIL t=0.03185250000000401 dt=1.25E-6 iter=0 vin=4.609553750488404 vout=3.802055195326229 enable=4.563914604443964 target=3.809553750488404 drop=0.0074985551621749025 requested=0.0074985551621749025 delivered=0.07498555162174902 g=10.0 dtarget_dvin=1.0 dtarget_den=0.0 iin=0.07598555162174903 diin_dvin=10.0 diin_dvout=-10.0 diin_den=0.0
DECISION t=0.03185250000000401 dt=1.25E-6 iter=0 id=9792 sensor=4.999950000250003 ref=1.9010180925726523 rail=3.802055195326229 before=HIGH/true after=HIGH/true output=3.6520551953262292->3.6520551953262292
DECISION t=0.03185250000000401 dt=1.25E-6 iter=0 id=10048 sensor=4.99995000025 ref=1.901018092572652 rail=3.802055195326229 before=HIGH/true after=HIGH/true output=3.6520551953262292->3.6520551953262292
SETTER t=0.03185250000000401 dt=1.25E-6 iter=1 element=LimitedDcSupplyElm
RAIL t=0.03185250000000401 dt=1.25E-6 iter=1 vin=4.605423739539943 vout=3.797927674400329 enable=4.559825484693015 target=3.8054237395399433 drop=0.007496065139614316 requested=0.007496065139614316 delivered=0.07496065139614316 g=10.0 dtarget_dvin=1.0 dtarget_den=0.0 iin=0.07596065139614316 diin_dvin=10.0 diin_dvout=-10.0 diin_den=0.0
DECISION t=0.03185250000000401 dt=1.25E-6 iter=1 id=9792 sensor=4.999950000249986 ref=1.8989543424284527 rail=3.797927674400329 before=HIGH/true after=BROWNOUT/false output=3.6520551953262292->0.0
DECISION t=0.03185250000000401 dt=1.25E-6 iter=1 id=10048 sensor=4.99995000025 ref=1.8989543424284527 rail=3.797927674400329 before=HIGH/true after=BROWNOUT/false output=3.6520551953262292->0.0
RAIL t=0.03185250000000401 dt=1.25E-6 iter=2 vin=4.605423745236905 vout=3.7979277001741307 enable=4.55982549033357 target=3.8054237452369053 drop=0.00749604506277457 requested=0.00749604506277457 delivered=0.0749604506277457 g=10.0 dtarget_dvin=1.0 dtarget_den=0.0 iin=0.0759604506277457 diin_dvin=10.0 diin_dvout=-10.0 diin_den=0.0
DECISION t=0.03185250000000401 dt=1.25E-6 iter=2 id=9792 sensor=4.99995000025 ref=1.8989543553152886 rail=3.7979277001741307 before=BROWNOUT/false after=BROWNOUT/false output=0.0->0.0
DECISION t=0.03185250000000401 dt=1.25E-6 iter=2 id=10048 sensor=4.99995000025 ref=1.898954355315289 rail=3.7979277001741307 before=BROWNOUT/false after=BROWNOUT/false output=0.0->0.0
SETTER t=0.03185250000000401 dt=1.25E-6 iter=2 element=NMosfetElm
SETTER t=0.03185250000000401 dt=1.25E-6 iter=3 element=LimitedDcSupplyElm
RAIL t=0.03185250000000401 dt=1.25E-6 iter=3 vin=4.606058790142484 vout=3.8008020139622256 enable=4.560454247665827 target=3.806058790142484 drop=0.005256776180258438 requested=0.005256776180258438 delivered=0.05256776180258438 g=10.0 dtarget_dvin=1.0 dtarget_den=0.0 iin=0.05356776180258438 diin_dvin=10.0 diin_dvout=-10.0 diin_den=0.0
DECISION t=0.03185250000000401 dt=1.25E-6 iter=3 id=9792 sensor=4.99995000025 ref=1.9003915050235884 rail=3.8008020139622256 before=BROWNOUT/false after=HIGH/true output=0.0->3.6508020139622257
DECISION t=0.03185250000000401 dt=1.25E-6 iter=3 id=10048 sensor=4.99995000025 ref=1.9003915050235884 rail=3.8008020139622256 before=BROWNOUT/false after=HIGH/true output=0.0->3.6508020139622257
SETTER t=0.03185250000000401 dt=1.25E-6 iter=4 element=LimitedDcSupplyElm
RAIL t=0.03185250000000401 dt=1.25E-6 iter=4 vin=4.606337842034224 vout=3.8020650069576547 enable=4.560730536667548 target=3.8063378420342238 drop=0.004272835076569059 requested=0.004272835076569059 delivered=0.04272835076569059 g=10.0 dtarget_dvin=1.0 dtarget_den=0.0 iin=0.04372835076569059 diin_dvin=10.0 diin_dvout=-10.0 diin_den=0.0
DECISION t=0.03185250000000401 dt=1.25E-6 iter=4 id=9792 sensor=4.999950000250005 ref=1.9010229983638354 rail=3.8020650069576547 before=HIGH/true after=HIGH/true output=3.6508020139622257->3.652065006957655
DECISION t=0.03185250000000401 dt=1.25E-6 iter=4 id=10048 sensor=4.99995000025 ref=1.9010229983638356 rail=3.8020650069576547 before=HIGH/true after=HIGH/true output=3.6508020139622257->3.652065006957655
SETTER t=0.03185250000000401 dt=1.25E-6 iter=5 element=LimitedDcSupplyElm
RAIL t=0.03185250000000401 dt=1.25E-6 iter=5 vin=4.552115008970833 vout=3.5566491010366863 enable=4.507044563337458 target=3.752115008970833 drop=0.020000000000000004 requested=0.19546590793414653 delivered=0.20000000000000004 g=10.0 dtarget_dvin=1.0 dtarget_den=0.0 iin=0.20100000000000004 diin_dvin=10.0 diin_dvout=-10.0 diin_den=0.0
DECISION t=0.03185250000000401 dt=1.25E-6 iter=5 id=9792 sensor=4.999950000249998 ref=1.7783156589400488 rail=3.5566491010366863 before=HIGH/true after=BROWNOUT/false output=3.652065006957655->0.0
DECISION t=0.03185250000000401 dt=1.25E-6 iter=5 id=10048 sensor=4.99995000025 ref=1.7783156589400486 rail=3.5566491010366863 before=HIGH/true after=BROWNOUT/false output=3.652065006957655->0.0
SETTER t=0.03185250000000401 dt=1.25E-6 iter=6 element=LimitedDcSupplyElm
RAIL t=0.03185250000000401 dt=1.25E-6 iter=6 vin=4.605351399596213 vout=3.7978659200844467 enable=4.5597538609863495 target=3.805351399596213 drop=0.007485479511766258 requested=0.007485479511766258 delivered=0.07485479511766258 g=10.0 dtarget_dvin=1.0 dtarget_den=0.0 iin=0.07585479511766258 diin_dvin=10.0 diin_dvout=-10.0 diin_den=0.0
DECISION t=0.03185250000000401 dt=1.25E-6 iter=6 id=9792 sensor=4.999950000249998 ref=1.898923465424897 rail=3.7978659200844467 before=BROWNOUT/false after=BROWNOUT/false output=0.0->0.0
DECISION t=0.03185250000000401 dt=1.25E-6 iter=6 id=10048 sensor=4.99995000025 ref=1.8989234654248968 rail=3.7978659200844467 before=BROWNOUT/false after=BROWNOUT/false output=0.0->0.0
SETTER t=0.03185250000000401 dt=1.25E-6 iter=7 element=LimitedDcSupplyElm
RAIL t=0.03185250000000401 dt=1.25E-6 iter=7 vin=4.6063358740050715 vout=3.8020572830916253 enable=4.560728588123832 target=3.8063358740050717 drop=0.004278590913446401 requested=0.004278590913446401 delivered=0.042785909134464006 g=10.0 dtarget_dvin=1.0 dtarget_den=0.0 iin=0.04378590913446401 diin_dvin=10.0 diin_dvout=-10.0 diin_den=0.0
DECISION t=0.03185250000000401 dt=1.25E-6 iter=7 id=9792 sensor=4.999950000250003 ref=1.9010191364501308 rail=3.8020572830916253 before=BROWNOUT/false after=HIGH/true output=0.0->3.6520572830916254
DECISION t=0.03185250000000401 dt=1.25E-6 iter=7 id=10048 sensor=4.99995000025 ref=1.9010191364501308 rail=3.8020572830916253 before=BROWNOUT/false after=HIGH/true output=0.0->3.6520572830916254
SETTER t=0.03185250000000401 dt=1.25E-6 iter=8 element=LimitedDcSupplyElm
RAIL t=0.03185250000000401 dt=1.25E-6 iter=8 vin=4.606337919602545 vout=3.8020653539565883 enable=4.560730613467868 target=3.8063379196025453 drop=0.004272565645957016 requested=0.004272565645957016 delivered=0.04272565645957016 g=10.0 dtarget_dvin=1.0 dtarget_den=0.0 iin=0.04372565645957016 diin_dvin=10.0 diin_dvout=-10.0 diin_den=0.0
DECISION t=0.03185250000000401 dt=1.25E-6 iter=8 id=9792 sensor=4.999950000249996 ref=1.901023171862436 rail=3.8020653539565883 before=HIGH/true after=HIGH/true output=3.6520572830916254->3.6520653539565884
DECISION t=0.03185250000000401 dt=1.25E-6 iter=8 id=10048 sensor=4.99995000025 ref=1.9010231718624357 rail=3.8020653539565883 before=HIGH/true after=HIGH/true output=3.6520572830916254->3.6520653539565884
SETTER t=0.03185250000000401 dt=1.25E-6 iter=9 element=LimitedDcSupplyElm
RAIL t=0.03185250000000401 dt=1.25E-6 iter=9 vin=4.4638304337938575 vout=3.157067646107011 enable=4.419634092865205 target=3.6638304337938576 drop=0.020000000000000004 requested=0.5067627876868466 delivered=0.20000000000000004 g=10.0 dtarget_dvin=1.0 dtarget_den=0.0 iin=0.20100000000000004 diin_dvin=10.0 diin_dvout=-10.0 diin_den=0.0
DECISION t=0.03185250000000401 dt=1.25E-6 iter=9 id=9792 sensor=4.9999500002499975 ref=1.5785259304238537 rail=3.157067646107011 before=HIGH/true after=BROWNOUT/false output=3.6520653539565884->0.0
DECISION t=0.03185250000000401 dt=1.25E-6 iter=9 id=10048 sensor=4.99995000025 ref=1.5785259304238541 rail=3.157067646107011 before=HIGH/true after=BROWNOUT/false output=3.6520653539565884->0.0
SETTER t=0.03185250000000401 dt=1.25E-6 iter=10 element=LimitedDcSupplyElm
RAIL t=0.03185250000000401 dt=1.25E-6 iter=10 vin=4.605286344744887 vout=3.7978131900528456 enable=4.559689450242463 target=3.8052863447448875 drop=0.007473154692041906 requested=0.007473154692041906 delivered=0.07473154692041906 g=10.0 dtarget_dvin=1.0 dtarget_den=0.0 iin=0.07573154692041906 diin_dvin=10.0 diin_dvout=-10.0 diin_den=0.0
DECISION t=0.03185250000000401 dt=1.25E-6 iter=10 id=9792 sensor=4.999950000250002 ref=1.8988971005409196 rail=3.7978131900528456 before=BROWNOUT/false after=BROWNOUT/false output=0.0->0.0
DECISION t=0.03185250000000401 dt=1.25E-6 iter=10 id=10048 sensor=4.99995000025 ref=1.8988971005409205 rail=3.7978131900528456 before=BROWNOUT/false after=BROWNOUT/false output=0.0->0.0
SETTER t=0.03185250000000401 dt=1.25E-6 iter=11 element=LimitedDcSupplyElm
RAIL t=0.03185250000000401 dt=1.25E-6 iter=11 vin=4.606336026932344 vout=3.8020604816934185 enable=4.560728739536975 target=3.8063360269323443 drop=0.004275545238925815 requested=0.004275545238925815 delivered=0.04275545238925815 g=10.0 dtarget_dvin=1.0 dtarget_den=0.0 iin=0.043755452389258154 diin_dvin=10.0 diin_dvout=-10.0 diin_den=0.0
DECISION t=0.03185250000000401 dt=1.25E-6 iter=11 id=9792 sensor=4.999950000250005 ref=1.901020735743031 rail=3.8020604816934185 before=BROWNOUT/false after=HIGH/true output=0.0->3.6520604816934186
DECISION t=0.03185250000000401 dt=1.25E-6 iter=11 id=10048 sensor=4.99995000025 ref=1.9010207357430315 rail=3.8020604816934185 before=BROWNOUT/false after=HIGH/true output=0.0->3.6520604816934186
SETTER t=0.03185250000000401 dt=1.25E-6 iter=12 element=LimitedDcSupplyElm
RAIL t=0.03185250000000401 dt=1.25E-6 iter=12 vin=4.606337798070001 vout=3.8020648040202074 enable=4.560730493138614 target=3.8063377980700013 drop=0.004272994049793866 requested=0.004272994049793866 delivered=0.04272994049793866 g=10.0 dtarget_dvin=1.0 dtarget_den=0.0 iin=0.04372994049793866 diin_dvin=10.0 diin_dvout=-10.0 diin_den=0.0
DECISION t=0.03185250000000401 dt=1.25E-6 iter=12 id=9792 sensor=4.99995000024999 ref=1.901022896895619 rail=3.8020648040202074 before=HIGH/true after=HIGH/true output=3.6520604816934186->3.6520648040202075
DECISION t=0.03185250000000401 dt=1.25E-6 iter=12 id=10048 sensor=4.99995000025 ref=1.9010228968956195 rail=3.8020648040202074 before=HIGH/true after=HIGH/true output=3.6520604816934186->3.6520648040202075
SETTER t=0.03185250000000401 dt=1.25E-6 iter=13 element=LimitedDcSupplyElm
RAIL t=0.03185250000000401 dt=1.25E-6 iter=13 vin=4.343007095854411 vout=2.610213731269409 enable=4.300007025598427 target=3.543007095854411 drop=0.0 requested=0.932793364585002 delivered=0.0 g=10.0 dtarget_dvin=1.0 dtarget_den=0.0 iin=0.001 diin_dvin=10.0 diin_dvout=-10.0 diin_den=0.0
DECISION t=0.03185250000000401 dt=1.25E-6 iter=13 id=9792 sensor=4.999950000250002 ref=1.3051003401330041 rail=2.610213731269409 before=HIGH/true after=BROWNOUT/false output=3.6520648040202075->0.0
DECISION t=0.03185250000000401 dt=1.25E-6 iter=13 id=10048 sensor=4.99995000025 ref=1.3051003401330041 rail=2.610213731269409 before=HIGH/true after=BROWNOUT/false output=3.6520648040202075->0.0
SETTER t=0.03185250000000401 dt=1.25E-6 iter=14 element=LimitedDcSupplyElm
RAIL t=0.03185250000000401 dt=1.25E-6 iter=14 vin=4.609476937527366 vout=3.817553920326712 enable=4.563838552007293 target=3.809476937527366 drop=0.0 requested=-0.008076982799345878 delivered=0.0 g=10.0 dtarget_dvin=1.0 dtarget_den=0.0 iin=0.001 diin_dvin=10.0 diin_dvout=-10.0 diin_den=0.0
DECISION t=0.03185250000000401 dt=1.25E-6 iter=14 id=9792 sensor=4.999950000249992 ref=1.908767416326275 rail=3.817553920326712 before=BROWNOUT/false after=HIGH/true output=0.0->3.667553920326712
DECISION t=0.03185250000000401 dt=1.25E-6 iter=14 id=10048 sensor=4.99995000025 ref=1.9087674163262744 rail=3.817553920326712 before=BROWNOUT/false after=HIGH/true output=0.0->3.667553920326712
SETTER t=0.03185250000000401 dt=1.25E-6 iter=15 element=LimitedDcSupplyElm
RAIL t=0.03185250000000401 dt=1.25E-6 iter=15 vin=4.60633557877722 vout=3.802067669588282 enable=4.56072829581903 target=3.8063355787772206 drop=0.004267909188938823 requested=0.004267909188938823 delivered=0.04267909188938823 g=10.0 dtarget_dvin=1.0 dtarget_den=0.0 iin=0.04367909188938823 diin_dvin=10.0 diin_dvout=-10.0 diin_den=0.0
DECISION t=0.03185250000000401 dt=1.25E-6 iter=15 id=9792 sensor=4.999950000249991 ref=1.9010243296724925 rail=3.802067669588282 before=HIGH/true after=HIGH/true output=3.667553920326712->3.652067669588282
DECISION t=0.03185250000000401 dt=1.25E-6 iter=15 id=10048 sensor=4.99995000025 ref=1.901024329672493 rail=3.802067669588282 before=HIGH/true after=HIGH/true output=3.667553920326712->3.652067669588282
SETTER t=0.03185250000000401 dt=1.25E-6 iter=16 element=LimitedDcSupplyElm
RAIL t=0.03185250000000401 dt=1.25E-6 iter=16 vin=4.34302157500802 vout=2.6102742954971223 enable=4.300021361394078 target=3.5430215750080203 drop=0.0 requested=0.932747279510898 delivered=0.0 g=10.0 dtarget_dvin=1.0 dtarget_den=0.0 iin=0.001 diin_dvin=10.0 diin_dvout=-10.0 diin_den=0.0
DECISION t=0.03185250000000401 dt=1.25E-6 iter=16 id=9792 sensor=4.999950000250002 ref=1.305130622095451 rail=2.6102742954971223 before=HIGH/true after=BROWNOUT/false output=3.652067669588282->0.0
DECISION t=0.03185250000000401 dt=1.25E-6 iter=16 id=10048 sensor=4.99995000025 ref=1.3051306220954513 rail=2.6102742954971223 before=HIGH/true after=BROWNOUT/false output=3.652067669588282->0.0
SETTER t=0.03185250000000401 dt=1.25E-6 iter=17 element=LimitedDcSupplyElm
RAIL t=0.03185250000000401 dt=1.25E-6 iter=17 vin=4.608513199051332 vout=3.8131775977943962 enable=4.562884355496368 target=3.8085131990513323 drop=0.0 requested=-0.004664398743063902 delivered=0.0 g=10.0 dtarget_dvin=1.0 dtarget_den=0.0 iin=0.001 diin_dvin=10.0 diin_dvout=-10.0 diin_den=0.0
DECISION t=0.03185250000000401 dt=1.25E-6 iter=17 id=9792 sensor=4.999950000249998 ref=1.906579266000869 rail=3.8131775977943962 before=BROWNOUT/false after=HIGH/true output=0.0->3.6631775977943963
DECISION t=0.03185250000000401 dt=1.25E-6 iter=17 id=10048 sensor=4.99995000025 ref=1.9065792660008682 rail=3.8131775977943962 before=BROWNOUT/false after=HIGH/true output=0.0->3.6631775977943963
timestep down to 6.25E-7 at 0.03185250000000401
SETTER t=0.03185250000000401 dt=6.25E-7 iter=0 element=LimitedDcSupplyElm
RAIL t=0.03185250000000401 dt=6.25E-7 iter=0 vin=4.609553750488404 vout=3.802055195326229 enable=4.563914604443964 target=3.809553750488404 drop=0.0074985551621749025 requested=0.0074985551621749025 delivered=0.07498555162174902 g=10.0 dtarget_dvin=1.0 dtarget_den=0.0 iin=0.07598555162174903 diin_dvin=10.0 diin_dvout=-10.0 diin_den=0.0
DECISION t=0.03185250000000401 dt=6.25E-7 iter=0 id=9792 sensor=4.999950000250003 ref=1.9010180925726523 rail=3.802055195326229 before=HIGH/true after=HIGH/true output=3.652066101757519->3.6520551953262292
DECISION t=0.03185250000000401 dt=6.25E-7 iter=0 id=10048 sensor=4.99995000025 ref=1.901018092572652 rail=3.802055195326229 before=HIGH/true after=HIGH/true output=3.652066101757519->3.6520551953262292
SETTER t=0.03185250000000401 dt=6.25E-7 iter=1 element=LimitedDcSupplyElm
RAIL t=0.03185250000000401 dt=6.25E-7 iter=1 vin=4.55135417880484 vout=3.333765099724672 enable=4.506291266143407 target=3.7513541788048403 drop=0.020000000000000004 requested=0.4175890790801682 delivered=0.20000000000000004 g=10.0 dtarget_dvin=1.0 dtarget_den=0.0 iin=0.20100000000000004 diin_dvin=10.0 diin_dvout=-10.0 diin_den=0.0
DECISION t=0.03185250000000401 dt=6.25E-7 iter=1 id=9792 sensor=4.999950000250006 ref=1.666874215491259 rail=3.333765099724672 before=HIGH/true after=BROWNOUT/false output=3.6520551953262292->0.0
DECISION t=0.03185250000000401 dt=6.25E-7 iter=1 id=10048 sensor=4.99995000025 ref=1.6668742154912586 rail=3.333765099724672 before=HIGH/true after=BROWNOUT/false output=3.6520551953262292->0.0
SETTER t=0.03185250000000401 dt=6.25E-7 iter=2 element=LimitedDcSupplyElm
RAIL t=0.03185250000000401 dt=6.25E-7 iter=2 vin=5.499688338219799 vout=10.974211869029736 enable=5.445235978435442 target=4.699688338219799 drop=0.0 requested=-6.274523530809937 delivered=0.0 g=10.0 dtarget_dvin=1.0 dtarget_den=0.0 iin=0.001 diin_dvin=10.0 diin_dvout=-10.0 diin_den=0.0
DECISION t=0.03185250000000401 dt=6.25E-7 iter=2 id=9792 sensor=4.999950000250519 ref=5.48707849912237 rail=10.974211869029736 before=BROWNOUT/false after=LOW/false output=0.0->0.0
DECISION t=0.03185250000000401 dt=6.25E-7 iter=2 id=10048 sensor=4.99995000025 ref=5.4870784991223704 rail=10.974211869029736 before=BROWNOUT/false after=LOW/false output=0.0->0.0
SETTER t=0.03185250000000401 dt=6.25E-7 iter=3 element=LimitedDcSupplyElm
RAIL t=0.03185250000000401 dt=6.25E-7 iter=3 vin=4.609509509173129 vout=3.8020289472745907 enable=4.563870801161513 target=3.809509509173129 drop=0.0 requested=0.007480561898538074 delivered=0.0 g=10.0 dtarget_dvin=1.0 dtarget_den=0.0 iin=0.001 diin_dvin=10.0 diin_dvout=-10.0 diin_den=0.0
DECISION t=0.03185250000000401 dt=6.25E-7 iter=3 id=9792 sensor=4.999950000250002 ref=1.9010049686124522 rail=3.8020289472745907 before=LOW/false after=HIGH/true output=0.0->3.652028947274591
DECISION t=0.03185250000000401 dt=6.25E-7 iter=3 id=10048 sensor=4.99995000025 ref=1.9010049686124522 rail=3.8020289472745907 before=LOW/false after=HIGH/true output=0.0->3.652028947274591
SETTER t=0.03185250000000401 dt=6.25E-7 iter=4 element=LimitedDcSupplyElm
RAIL t=0.03185250000000401 dt=6.25E-7 iter=4 vin=4.609554318483961 vout=3.802060444867873 enable=4.563915166815802 target=3.8095543184839613 drop=0.007493873616088109 requested=0.007493873616088109 delivered=0.07493873616088109 g=10.0 dtarget_dvin=1.0 dtarget_den=0.0 iin=0.07593873616088109 diin_dvin=10.0 diin_dvout=-10.0 diin_den=0.0
DECISION t=0.03185250000000401 dt=6.25E-7 iter=4 id=9792 sensor=4.999950000250002 ref=1.9010207173303493 rail=3.802060444867873 before=HIGH/true after=HIGH/true output=3.652028947274591->3.6520604448678733
DECISION t=0.03185250000000401 dt=6.25E-7 iter=4 id=10048 sensor=4.99995000025 ref=1.9010207173303502 rail=3.802060444867873 before=HIGH/true after=HIGH/true output=3.652028947274591->3.6520604448678733
SETTER t=0.03185250000000401 dt=6.25E-7 iter=5 element=LimitedDcSupplyElm
RAIL t=0.03185250000000401 dt=6.25E-7 iter=5 vin=4.609554206952665 vout=3.802058868168446 enable=4.563915056388777 target=3.809554206952665 drop=0.00749533878421893 requested=0.00749533878421893 delivered=0.0749533878421893 g=10.0 dtarget_dvin=1.0 dtarget_den=0.0 iin=0.0759533878421893 diin_dvin=10.0 diin_dvout=-10.0 diin_den=0.0
DECISION t=0.03185250000000401 dt=6.25E-7 iter=5 id=9792 sensor=4.999950000249996 ref=1.9010199289845777 rail=3.802058868168446 before=HIGH/true after=HIGH/true output=3.6520604448678733->3.6520588681684463
DECISION t=0.03185250000000401 dt=6.25E-7 iter=5 id=10048 sensor=4.99995000025 ref=1.9010199289845775 rail=3.802058868168446 before=HIGH/true after=HIGH/true output=3.6520604448678733->3.6520588681684463
RAIL t=0.03185250000000401 dt=6.25E-7 iter=6 vin=4.609554022524633 vout=3.8020573842061074 enable=4.563914873786764 target=3.809554022524633 drop=0.007496638318525761 requested=0.007496638318525761 delivered=0.07496638318525761 g=10.0 dtarget_dvin=1.0 dtarget_den=0.0 iin=0.07596638318525761 diin_dvin=10.0 diin_dvout=-10.0 diin_den=0.0
DECISION t=0.03185250000000401 dt=6.25E-7 iter=6 id=9792 sensor=4.999950000250007 ref=1.9010191870071191 rail=3.8020573842061074 before=HIGH/true after=HIGH/true output=3.6520588681684463->3.6520573842061075
DECISION t=0.03185250000000401 dt=6.25E-7 iter=6 id=10048 sensor=4.99995000025 ref=1.9010191870071196 rail=3.8020573842061074 before=HIGH/true after=HIGH/true output=3.6520588681684463->3.6520573842061075
SETTER t=0.03185250000000401 dt=6.25E-7 iter=6 element=NMosfetElm
RAIL t=0.03185250000000401 dt=6.25E-7 iter=7 vin=4.6095539408083495 vout=3.8020567266939485 enable=4.563914792879554 target=3.8095539408083496 drop=0.007497214114401185 requested=0.007497214114401185 delivered=0.07497214114401185 g=10.0 dtarget_dvin=1.0 dtarget_den=0.0 iin=0.07597214114401185 diin_dvin=10.0 diin_dvout=-10.0 diin_den=0.0
DECISION t=0.03185250000000401 dt=6.25E-7 iter=7 id=9792 sensor=4.999950000249996 ref=1.9010188582526826 rail=3.8020567266939485 before=HIGH/true after=HIGH/true output=3.6520573842061075->3.6520567266939485
DECISION t=0.03185250000000401 dt=6.25E-7 iter=7 id=10048 sensor=4.99995000025 ref=1.901018858252683 rail=3.8020567266939485 before=HIGH/true after=HIGH/true output=3.6520573842061075->3.6520567266939485
SETTER t=0.03185250000000401 dt=6.25E-7 iter=7 element=NMosfetElm
RAIL t=0.03185250000000401 dt=6.25E-7 iter=8 vin=4.609553929378095 vout=3.802056634722916 enable=4.56391478156247 target=3.8095539293780956 drop=0.007497294655179676 requested=0.007497294655179676 delivered=0.07497294655179676 g=10.0 dtarget_dvin=1.0 dtarget_den=0.0 iin=0.07597294655179676 diin_dvin=10.0 diin_dvout=-10.0 diin_den=0.0
DECISION t=0.03185250000000401 dt=6.25E-7 iter=8 id=9792 sensor=4.99995000025 ref=1.9010188122673968 rail=3.802056634722916 before=HIGH/true after=HIGH/true output=3.6520567266939485->3.652056634722916
DECISION t=0.03185250000000401 dt=6.25E-7 iter=8 id=10048 sensor=4.99995000025 ref=1.9010188122673968 rail=3.802056634722916 before=HIGH/true after=HIGH/true output=3.6520567266939485->3.652056634722916
SETTER t=0.03185250000000401 dt=6.25E-7 iter=8 element=NMosfetElm
RAIL t=0.03185250000000401 dt=6.25E-7 iter=9 vin=4.609553932326031 vout=3.8020566584428335 enable=4.563914784481219 target=3.809553932326031 drop=0.00749727388319732 requested=0.00749727388319732 delivered=0.0749727388319732 g=10.0 dtarget_dvin=1.0 dtarget_den=0.0 iin=0.0759727388319732 diin_dvin=10.0 diin_dvout=-10.0 diin_den=0.0
DECISION t=0.03185250000000401 dt=6.25E-7 iter=9 id=9792 sensor=4.99995000025 ref=1.9010188241272956 rail=3.8020566584428335 before=HIGH/true after=HIGH/true output=3.652056634722916->3.6520566584428336
DECISION t=0.03185250000000401 dt=6.25E-7 iter=9 id=10048 sensor=4.99995000025 ref=1.9010188241272954 rail=3.8020566584428335 before=HIGH/true after=HIGH/true output=3.652056634722916->3.6520566584428336
SETTER t=0.03185250000000401 dt=6.25E-7 iter=9 element=NMosfetElm
RAIL t=0.03185250000000401 dt=6.25E-7 iter=10 vin=4.609553944673468 vout=3.8020567577937854 enable=4.563914796706404 target=3.8095539446734685 drop=0.007497186879683149 requested=0.007497186879683149 delivered=0.07497186879683149 g=10.0 dtarget_dvin=1.0 dtarget_den=0.0 iin=0.07597186879683149 diin_dvin=10.0 diin_dvout=-10.0 diin_den=0.0
DECISION t=0.03185250000000401 dt=6.25E-7 iter=10 id=9792 sensor=4.999950000249996 ref=1.9010188738025233 rail=3.8020567577937854 before=HIGH/true after=HIGH/true output=3.6520566584428336->3.6520567577937855
DECISION t=0.03185250000000401 dt=6.25E-7 iter=10 id=10048 sensor=4.99995000025 ref=1.9010188738025229 rail=3.8020567577937854 before=HIGH/true after=HIGH/true output=3.6520566584428336->3.6520567577937855
SETTER t=0.03185250000000401 dt=6.25E-7 iter=10 element=NMosfetElm
RAIL t=0.03185250000000401 dt=6.25E-7 iter=11 vin=4.6095539572699336 vout=3.8020568591484842 enable=4.5639148091781525 target=3.8095539572699337 drop=0.007497098121449497 requested=0.007497098121449497 delivered=0.07497098121449497 g=10.0 dtarget_dvin=1.0 dtarget_den=0.0 iin=0.07597098121449497 diin_dvin=10.0 diin_dvout=-10.0 diin_den=0.0
DECISION t=0.03185250000000401 dt=6.25E-7 iter=11 id=9792 sensor=4.99995000025 ref=1.9010189244796198 rail=3.8020568591484842 before=HIGH/true after=HIGH/true output=3.6520567577937855->3.6520568591484843
DECISION t=0.03185250000000401 dt=6.25E-7 iter=11 id=10048 sensor=4.99995000025 ref=1.9010189244796192 rail=3.8020568591484842 before=HIGH/true after=HIGH/true output=3.6520567577937855->3.6520568591484843
SETTER t=0.03185250000000401 dt=6.25E-7 iter=11 element=NMosfetElm
RAIL t=0.03185250000000401 dt=6.25E-7 iter=12 vin=4.609553957442886 vout=3.8020568605400995 enable=4.563914809349391 target=3.809553957442886 drop=0.007497096902786549 requested=0.007497096902786549 delivered=0.07497096902786549 g=10.0 dtarget_dvin=1.0 dtarget_den=0.0 iin=0.07597096902786549 diin_dvin=10.0 diin_dvout=-10.0 diin_den=0.0
DECISION t=0.03185250000000401 dt=6.25E-7 iter=12 id=9792 sensor=4.99995000025 ref=1.9010189251754235 rail=3.8020568605400995 before=HIGH/true after=HIGH/true output=3.6520568591484843->3.6520568605400996
DECISION t=0.03185250000000401 dt=6.25E-7 iter=12 id=10048 sensor=4.99995000025 ref=1.9010189251754235 rail=3.8020568605400995 before=HIGH/true after=HIGH/true output=3.6520568591484843->3.6520568605400996
SETTER t=0.03185250000000401 dt=6.25E-7 iter=12 element=NMosfetElm
RAIL t=0.03185250000000401 dt=6.25E-7 iter=13 vin=4.609553957443103 vout=3.8020568605418394 enable=4.563914809349605 target=3.8095539574431028 drop=0.007497096901263323 requested=0.007497096901263323 delivered=0.07497096901263323 g=10.0 dtarget_dvin=1.0 dtarget_den=0.0 iin=0.07597096901263323 diin_dvin=10.0 diin_dvout=-10.0 diin_den=0.0
DECISION t=0.03185250000000401 dt=6.25E-7 iter=13 id=9792 sensor=4.999950000250005 ref=1.9010189251762926 rail=3.8020568605418394 before=HIGH/true after=HIGH/true output=3.6520568605400996->3.6520568605418395
DECISION t=0.03185250000000401 dt=6.25E-7 iter=13 id=10048 sensor=4.99995000025 ref=1.9010189251762932 rail=3.8020568605418394 before=HIGH/true after=HIGH/true output=3.6520568605400996->3.6520568605418395
converged after 13 iterations, timeStep = 6.25E-7
RAIL t=0.03185312500000401 dt=6.25E-7 iter=0 vin=4.609553957443103 vout=3.8020568605418394 enable=4.563914809349605 target=3.8095539574431028 drop=0.007497096901263323 requested=0.007497096901263323 delivered=0.07497096901263323 g=10.0 dtarget_dvin=1.0 dtarget_den=0.0 iin=0.07597096901263323 diin_dvin=10.0 diin_dvout=-10.0 diin_den=0.0
DECISION t=0.03185312500000401 dt=6.25E-7 iter=0 id=9792 sensor=4.999950000250005 ref=1.9010189251762926 rail=3.8020568605418394 before=HIGH/true after=HIGH/true output=3.6520568605418395->3.6520568605418395
DECISION t=0.03185312500000401 dt=6.25E-7 iter=0 id=10048 sensor=4.99995000025 ref=1.9010189251762932 rail=3.8020568605418394 before=HIGH/true after=HIGH/true output=3.6520568605418395->3.6520568605418395
SETTER t=0.03185312500000401 dt=6.25E-7 iter=1 element=LimitedDcSupplyElm
RAIL t=0.03185312500000401 dt=6.25E-7 iter=1 vin=4.607489349374108 vout=3.7999945846271985 enable=4.561870642944662 target=3.8074893493741078 drop=0.007494764746909244 requested=0.007494764746909244 delivered=0.07494764746909244 g=10.0 dtarget_dvin=1.0 dtarget_den=0.0 iin=0.07594764746909244 diin_dvin=10.0 diin_dvout=-10.0 diin_den=0.0
DECISION t=0.03185312500000401 dt=6.25E-7 iter=1 id=9792 sensor=4.99995000025 ref=1.8999877923746382 rail=3.7999945846271985 before=HIGH/true after=BROWNOUT/false output=3.6520568605418395->0.0
DECISION t=0.03185312500000401 dt=6.25E-7 iter=1 id=10048 sensor=4.99995000025 ref=1.899987792374638 rail=3.7999945846271985 before=HIGH/true after=BROWNOUT/false output=3.6520568605418395->0.0
RAIL t=0.03185312500000401 dt=6.25E-7 iter=2 vin=4.607489350632797 vout=3.799994594751574 enable=4.561870644190888 target=3.807489350632797 drop=0.0074947558812228365 requested=0.0074947558812228365 delivered=0.07494755881222837 g=10.0 dtarget_dvin=1.0 dtarget_den=0.0 iin=0.07594755881222837 diin_dvin=10.0 diin_dvout=-10.0 diin_den=0.0
DECISION t=0.03185312500000401 dt=6.25E-7 iter=2 id=9792 sensor=4.999950000250008 ref=1.8999877974367996 rail=3.799994594751574 before=BROWNOUT/false after=BROWNOUT/false output=0.0->0.0
DECISION t=0.03185312500000401 dt=6.25E-7 iter=2 id=10048 sensor=4.99995000025 ref=1.8999877974367996 rail=3.799994594751574 before=BROWNOUT/false after=BROWNOUT/false output=0.0->0.0
SETTER t=0.03185312500000401 dt=6.25E-7 iter=2 element=NMosfetElm
SETTER t=0.03185312500000401 dt=6.25E-7 iter=3 element=LimitedDcSupplyElm
RAIL t=0.03185312500000401 dt=6.25E-7 iter=3 vin=4.607704276166295 vout=3.8017239457501395 enable=4.562083441748808 target=3.8077042761662954 drop=0.005980330416155866 requested=0.005980330416155866 delivered=0.05980330416155866 g=10.0 dtarget_dvin=1.0 dtarget_den=0.0 iin=0.06080330416155866 diin_dvin=10.0 diin_dvout=-10.0 diin_den=0.0
DECISION t=0.03185312500000401 dt=6.25E-7 iter=3 id=9792 sensor=4.999950000250005 ref=1.9008524686127266 rail=3.8017239457501395 before=BROWNOUT/false after=HIGH/true output=0.0->3.6517239457501396
DECISION t=0.03185312500000401 dt=6.25E-7 iter=3 id=10048 sensor=4.99995000025 ref=1.9008524686127262 rail=3.8017239457501395 before=BROWNOUT/false after=HIGH/true output=0.0->3.6517239457501396
SETTER t=0.03185312500000401 dt=6.25E-7 iter=4 element=LimitedDcSupplyElm
RAIL t=0.03185312500000401 dt=6.25E-7 iter=4 vin=4.607893197500765 vout=3.8032440525290747 enable=4.562270492575015 target=3.807893197500765 drop=0.004649144971690333 requested=0.004649144971690333 delivered=0.04649144971690333 g=10.0 dtarget_dvin=1.0 dtarget_den=0.0 iin=0.04749144971690333 diin_dvin=10.0 diin_dvout=-10.0 diin_den=0.0
DECISION t=0.03185312500000401 dt=6.25E-7 iter=4 id=9792 sensor=4.999950000250006 ref=1.9016125182019459 rail=3.8032440525290747 before=HIGH/true after=HIGH/true output=3.6517239457501396->3.653244052529075
DECISION t=0.03185312500000401 dt=6.25E-7 iter=4 id=10048 sensor=4.99995000025 ref=1.9016125182019463 rail=3.8032440525290747 before=HIGH/true after=HIGH/true output=3.6517239457501396->3.653244052529075
SETTER t=0.03185312500000401 dt=6.25E-7 iter=5 element=LimitedDcSupplyElm
RAIL t=0.03185312500000401 dt=6.25E-7 iter=5 vin=4.583670010479382 vout=3.6083386049776305 enable=4.538287139088497 target=3.7836700104793826 drop=0.020000000000000004 requested=0.17533140550175208 delivered=0.20000000000000004 g=10.0 dtarget_dvin=1.0 dtarget_den=0.0 iin=0.20100000000000004 diin_dvin=10.0 diin_dvout=-10.0 diin_den=0.0
DECISION t=0.03185312500000401 dt=6.25E-7 iter=5 id=9792 sensor=4.999950000249992 ref=1.8041602816874067 rail=3.6083386049776305 before=HIGH/true after=BROWNOUT/false output=3.653244052529075->0.0
DECISION t=0.03185312500000401 dt=6.25E-7 iter=5 id=10048 sensor=4.99995000025 ref=1.8041602816874067 rail=3.6083386049776305 before=HIGH/true after=BROWNOUT/false output=3.653244052529075->0.0
SETTER t=0.03185312500000401 dt=6.25E-7 iter=6 element=LimitedDcSupplyElm
RAIL t=0.03185312500000401 dt=6.25E-7 iter=6 vin=4.6074836213578125 vout=3.7999905128562355 enable=4.561864971641399 target=3.8074836213578127 drop=0.00749310850157725 requested=0.00749310850157725 delivered=0.0749310850157725 g=10.0 dtarget_dvin=1.0 dtarget_den=0.0 iin=0.0759310850157725 diin_dvin=10.0 diin_dvout=-10.0 diin_den=0.0
DECISION t=0.03185312500000401 dt=6.25E-7 iter=6 id=9792 sensor=4.9999500002499975 ref=1.899985756499335 rail=3.7999905128562355 before=BROWNOUT/false after=BROWNOUT/false output=0.0->0.0
DECISION t=0.03185312500000401 dt=6.25E-7 iter=6 id=10048 sensor=4.99995000025 ref=1.8999857564993352 rail=3.7999905128562355 before=BROWNOUT/false after=BROWNOUT/false output=0.0->0.0
SETTER t=0.03185312500000401 dt=6.25E-7 iter=7 element=LimitedDcSupplyElm
RAIL t=0.03185312500000401 dt=6.25E-7 iter=7 vin=4.607891619478526 vout=3.8032313928555914 enable=4.562268930176759 target=3.807891619478526 drop=0.004660226622934527 requested=0.004660226622934527 delivered=0.04660226622934527 g=10.0 dtarget_dvin=1.0 dtarget_den=0.0 iin=0.04760226622934527 diin_dvin=10.0 diin_dvout=-10.0 diin_den=0.0
DECISION t=0.03185312500000401 dt=6.25E-7 iter=7 id=9792 sensor=4.999950000250001 ref=1.9016061883968538 rail=3.8032313928555914 before=BROWNOUT/false after=HIGH/true output=0.0->3.6532313928555915
DECISION t=0.03185312500000401 dt=6.25E-7 iter=7 id=10048 sensor=4.99995000025 ref=1.9016061883968534 rail=3.8032313928555914 before=BROWNOUT/false after=HIGH/true output=0.0->3.6532313928555915
RAIL t=0.03185312500000401 dt=6.25E-7 iter=8 vin=4.607893300837528 vout=3.803244882001474 enable=4.562270594888642 target=3.807893300837528 drop=0.004648418836054269 requested=0.004648418836054269 delivered=0.04648418836054269 g=10.0 dtarget_dvin=1.0 dtarget_den=0.0 iin=0.04748418836054269 diin_dvin=10.0 diin_dvout=-10.0 diin_den=0.0
SETTER t=0.03185312500000401 dt=6.25E-7 iter=8 element=LinearRegulatorElm
DECISION t=0.03185312500000401 dt=6.25E-7 iter=8 id=9792 sensor=4.999950000249998 ref=1.901612932936072 rail=3.803244882001474 before=HIGH/true after=HIGH/true output=3.6532313928555915->3.653244882001474
DECISION t=0.03185312500000401 dt=6.25E-7 iter=8 id=10048 sensor=4.99995000025 ref=1.9016129329360714 rail=3.803244882001474 before=HIGH/true after=HIGH/true output=3.6532313928555915->3.653244882001474
SETTER t=0.03185312500000401 dt=6.25E-7 iter=9 element=LimitedDcSupplyElm
RAIL t=0.03185312500000401 dt=6.25E-7 iter=9 vin=4.544767435231449 vout=3.2953193588327783 enable=4.49976973785292 target=3.7447674352314495 drop=0.020000000000000004 requested=0.44944807639867124 delivered=0.20000000000000004 g=10.0 dtarget_dvin=1.0 dtarget_den=0.0 iin=0.20100000000000004 diin_dvin=10.0 diin_dvout=-10.0 diin_den=0.0
DECISION t=0.03185312500000401 dt=6.25E-7 iter=9 id=9792 sensor=4.9999500002499975 ref=1.6476514411591836 rail=3.2953193588327783 before=HIGH/true after=BROWNOUT/false output=3.653244882001474->0.0
DECISION t=0.03185312500000401 dt=6.25E-7 iter=9 id=10048 sensor=4.99995000025 ref=1.6476514411591834 rail=3.2953193588327783 before=HIGH/true after=BROWNOUT/false output=3.653244882001474->0.0
SETTER t=0.03185312500000401 dt=6.25E-7 iter=10 element=LimitedDcSupplyElm
RAIL t=0.03185312500000401 dt=6.25E-7 iter=10 vin=4.607428181977118 vout=3.799949992314574 enable=4.561810081165465 target=3.8074281819771185 drop=0.007478189662544654 requested=0.007478189662544654 delivered=0.07478189662544654 g=10.0 dtarget_dvin=1.0 dtarget_den=0.0 iin=0.07578189662544654 diin_dvin=10.0 diin_dvout=-10.0 diin_den=0.0
DECISION t=0.03185312500000401 dt=6.25E-7 iter=10 id=9792 sensor=4.99995000025 ref=1.8999654963298052 rail=3.799949992314574 before=BROWNOUT/false after=BROWNOUT/false output=0.0->0.0
DECISION t=0.03185312500000401 dt=6.25E-7 iter=10 id=10048 sensor=4.99995000025 ref=1.8999654963298052 rail=3.799949992314574 before=BROWNOUT/false after=BROWNOUT/false output=0.0->0.0
SETTER t=0.03185312500000401 dt=6.25E-7 iter=11 element=LimitedDcSupplyElm
RAIL t=0.03185312500000401 dt=6.25E-7 iter=11 vin=4.607892408095294 vout=3.803239195347944 enable=4.56226971098544 target=3.8078924080952943 drop=0.004653212747350199 requested=0.004653212747350199 delivered=0.046532127473501994 g=10.0 dtarget_dvin=1.0 dtarget_den=0.0 iin=0.047532127473501995 diin_dvin=10.0 diin_dvout=-10.0 diin_den=0.0
DECISION t=0.03185312500000401 dt=6.25E-7 iter=11 id=9792 sensor=4.9999500002500055 ref=1.9016100896235237 rail=3.803239195347944 before=BROWNOUT/false after=HIGH/true output=0.0->3.653239195347944
DECISION t=0.03185312500000401 dt=6.25E-7 iter=11 id=10048 sensor=4.99995000025 ref=1.9016100896235242 rail=3.803239195347944 before=BROWNOUT/false after=HIGH/true output=0.0->3.653239195347944
SETTER t=0.03185312500000401 dt=6.25E-7 iter=12 element=LimitedDcSupplyElm
RAIL t=0.03185312500000401 dt=6.25E-7 iter=12 vin=4.607893156379636 vout=3.8032437196734517 enable=4.562270451861026 target=3.8078931563796363 drop=0.004649436706184673 requested=0.004649436706184673 delivered=0.04649436706184673 g=10.0 dtarget_dvin=1.0 dtarget_den=0.0 iin=0.04749436706184673 diin_dvin=10.0 diin_dvout=-10.0 diin_den=0.0
DECISION t=0.03185312500000401 dt=6.25E-7 iter=12 id=9792 sensor=4.999950000249998 ref=1.9016123517749672 rail=3.8032437196734517 before=HIGH/true after=HIGH/true output=3.653239195347944->3.6532437196734517
DECISION t=0.03185312500000401 dt=6.25E-7 iter=12 id=10048 sensor=4.99995000025 ref=1.9016123517749672 rail=3.8032437196734517 before=HIGH/true after=HIGH/true output=3.653239195347944->3.6532437196734517
SETTER t=0.03185312500000401 dt=6.25E-7 iter=13 element=LimitedDcSupplyElm
RAIL t=0.03185312500000401 dt=6.25E-7 iter=13 vin=4.49143339324895 vout=2.8661811436905538 enable=4.446963755692029 target=3.69143339324895 drop=0.020000000000000004 requested=0.825252249558396 delivered=0.20000000000000004 g=10.0 dtarget_dvin=1.0 dtarget_den=0.0 iin=0.20100000000000004 diin_dvin=10.0 diin_dvout=-10.0 diin_den=0.0
DECISION t=0.03185312500000401 dt=6.25E-7 iter=13 id=9792 sensor=4.9999500002499975 ref=1.4330834064282452 rail=2.8661811436905538 before=HIGH/true after=BROWNOUT/false output=3.6532437196734517->0.0
DECISION t=0.03185312500000401 dt=6.25E-7 iter=13 id=10048 sensor=4.99995000025 ref=1.433083406428245 rail=2.8661811436905538 before=HIGH/true after=BROWNOUT/false output=3.6532437196734517->0.0
SETTER t=0.03185312500000401 dt=6.25E-7 iter=14 element=LimitedDcSupplyElm
RAIL t=0.03185312500000401 dt=6.25E-7 iter=14 vin=4.607978953896384 vout=3.806463520374988 enable=4.56235539989741 target=3.8079789538963844 drop=0.001515433521396492 requested=0.001515433521396492 delivered=0.01515433521396492 g=10.0 dtarget_dvin=1.0 dtarget_den=0.0 iin=0.01615433521396492 diin_dvin=10.0 diin_dvout=-10.0 diin_den=0.0
DECISION t=0.03185312500000401 dt=6.25E-7 iter=14 id=9792 sensor=4.999950000249988 ref=1.9032222440762736 rail=3.806463520374988 before=BROWNOUT/false after=HIGH/true output=0.0->3.656463520374988
DECISION t=0.03185312500000401 dt=6.25E-7 iter=14 id=10048 sensor=4.99995000025 ref=1.9032222440762738 rail=3.806463520374988 before=BROWNOUT/false after=HIGH/true output=0.0->3.656463520374988
SETTER t=0.03185312500000401 dt=6.25E-7 iter=15 element=LimitedDcSupplyElm
RAIL t=0.03185312500000401 dt=6.25E-7 iter=15 vin=4.607886782775528 vout=3.803242038525976 enable=4.562264141361908 target=3.807886782775528 drop=0.0046447442495516356 requested=0.0046447442495516356 delivered=0.046447442495516356 g=10.0 dtarget_dvin=1.0 dtarget_den=0.0 iin=0.047447442495516357 diin_dvin=10.0 diin_dvout=-10.0 diin_den=0.0
DECISION t=0.03185312500000401 dt=6.25E-7 iter=15 id=9792 sensor=4.999950000250005 ref=1.9016115112054324 rail=3.803242038525976 before=HIGH/true after=HIGH/true output=3.656463520374988->3.6532420385259763
DECISION t=0.03185312500000401 dt=6.25E-7 iter=15 id=10048 sensor=4.99995000025 ref=1.9016115112054321 rail=3.803242038525976 before=HIGH/true after=HIGH/true output=3.656463520374988->3.6532420385259763
SETTER t=0.03185312500000401 dt=6.25E-7 iter=16 element=LimitedDcSupplyElm
RAIL t=0.03185312500000401 dt=6.25E-7 iter=16 vin=4.491434756939624 vout=2.8661854369561945 enable=4.446965105880816 target=3.691434756939624 drop=0.020000000000000004 requested=0.8252493199834294 delivered=0.20000000000000004 g=10.0 dtarget_dvin=1.0 dtarget_den=0.0 iin=0.20100000000000004 diin_dvin=10.0 diin_dvout=-10.0 diin_den=0.0
DECISION t=0.03185312500000401 dt=6.25E-7 iter=16 id=9792 sensor=4.9999500002499975 ref=1.4330855530503317 rail=2.8661854369561945 before=HIGH/true after=BROWNOUT/false output=3.6532420385259763->0.0
DECISION t=0.03185312500000401 dt=6.25E-7 iter=16 id=10048 sensor=4.99995000025 ref=1.4330855530503317 rail=2.8661854369561945 before=HIGH/true after=BROWNOUT/false output=3.6532420385259763->0.0
SETTER t=0.03185312500000401 dt=6.25E-7 iter=17 element=LimitedDcSupplyElm
RAIL t=0.03185312500000401 dt=6.25E-7 iter=17 vin=4.607914836476248 vout=3.805941192758334 enable=4.562291917303216 target=3.8079148364762485 drop=0.0019736437179145305 requested=0.0019736437179145305 delivered=0.019736437179145305 g=10.0 dtarget_dvin=1.0 dtarget_den=0.0 iin=0.020736437179145306 diin_dvin=10.0 diin_dvout=-10.0 diin_den=0.0
DECISION t=0.03185312500000401 dt=6.25E-7 iter=17 id=9792 sensor=4.999950000249986 ref=1.9029610815737588 rail=3.805941192758334 before=BROWNOUT/false after=HIGH/true output=0.0->3.655941192758334
DECISION t=0.03185312500000401 dt=6.25E-7 iter=17 id=10048 sensor=4.99995000025 ref=1.9029610815737585 rail=3.805941192758334 before=BROWNOUT/false after=HIGH/true output=0.0->3.655941192758334
timestep down to 3.125E-7 at 0.03185312500000401
SETTER t=0.03185312500000401 dt=3.125E-7 iter=0 element=LimitedDcSupplyElm
RAIL t=0.03185312500000401 dt=3.125E-7 iter=0 vin=4.609553957443103 vout=3.8020568605418394 enable=4.563914809349605 target=3.8095539574431028 drop=0.007497096901263323 requested=0.007497096901263323 delivered=0.07497096901263323 g=10.0 dtarget_dvin=1.0 dtarget_den=0.0 iin=0.07597096901263323 diin_dvin=10.0 diin_dvout=-10.0 diin_den=0.0
DECISION t=0.03185312500000401 dt=3.125E-7 iter=0 id=9792 sensor=4.999950000250005 ref=1.9010189251762926 rail=3.8020568605418394 before=HIGH/true after=HIGH/true output=3.653241751650284->3.6520568605418395
DECISION t=0.03185312500000401 dt=3.125E-7 iter=0 id=10048 sensor=4.99995000025 ref=1.9010189251762932 rail=3.8020568605418394 before=HIGH/true after=HIGH/true output=3.653241751650284->3.6520568605418395
SETTER t=0.03185312500000401 dt=3.125E-7 iter=1 element=LimitedDcSupplyElm
RAIL t=0.03185312500000401 dt=3.125E-7 iter=1 vin=4.593807066522156 vout=3.5644938627553224 enable=4.548323828239759 target=3.793807066522156 drop=0.020000000000000004 requested=0.2293132037668335 delivered=0.20000000000000004 g=10.0 dtarget_dvin=1.0 dtarget_den=0.0 iin=0.20100000000000004 diin_dvin=10.0 diin_dvout=-10.0 diin_den=0.0
DECISION t=0.03185312500000401 dt=3.125E-7 iter=1 id=9792 sensor=4.9999500002499975 ref=1.7822380201875598 rail=3.5644938627553224 before=HIGH/true after=BROWNOUT/false output=3.6520568605418395->0.0
DECISION t=0.03185312500000401 dt=3.125E-7 iter=1 id=10048 sensor=4.99995000025 ref=1.7822380201875596 rail=3.5644938627553224 before=HIGH/true after=BROWNOUT/false output=3.6520568605418395->0.0
SETTER t=0.03185312500000401 dt=3.125E-7 iter=2 element=LimitedDcSupplyElm
RAIL t=0.03185312500000401 dt=3.125E-7 iter=2 vin=4.990686109808886 vout=9.552762752826071 enable=4.941273376048402 target=4.190686109808886 drop=0.0 requested=-5.362076643017185 delivered=0.0 g=10.0 dtarget_dvin=1.0 dtarget_den=0.0 iin=0.001 diin_dvin=10.0 diin_dvout=-10.0 diin_den=0.0
DECISION t=0.03185312500000401 dt=3.125E-7 iter=2 id=9792 sensor=4.999950000250011 ref=4.776357494625564 rail=9.552762752826071 before=BROWNOUT/false after=HIGH/true output=0.0->9.40276275282607
DECISION t=0.03185312500000401 dt=3.125E-7 iter=2 id=10048 sensor=4.99995000025 ref=4.776357494625564 rail=9.552762752826071 before=BROWNOUT/false after=HIGH/true output=0.0->9.40276275282607
SETTER t=0.03185312500000401 dt=3.125E-7 iter=3 element=LimitedDcSupplyElm
RAIL t=0.03185312500000401 dt=3.125E-7 iter=3 vin=4.609531577200201 vout=3.8020467978201937 enable=4.563892650693268 target=3.809531577200201 drop=0.0 requested=0.007484779380007467 delivered=0.0 g=10.0 dtarget_dvin=1.0 dtarget_den=0.0 iin=0.001 diin_dvin=10.0 diin_dvout=-10.0 diin_den=0.0
DECISION t=0.03185312500000401 dt=3.125E-7 iter=3 id=9792 sensor=4.999950000249989 ref=1.9010138938406276 rail=3.8020467978201937 before=HIGH/true after=HIGH/true output=9.40276275282607->3.652046797820194
DECISION t=0.03185312500000401 dt=3.125E-7 iter=3 id=10048 sensor=4.99995000025 ref=1.9010138938406276 rail=3.8020467978201937 before=HIGH/true after=HIGH/true output=9.40276275282607->3.652046797820194
SETTER t=0.03185312500000401 dt=3.125E-7 iter=4 element=LimitedDcSupplyElm
RAIL t=0.03185312500000401 dt=3.125E-7 iter=4 vin=4.609554073756109 vout=3.802059081765423 enable=4.563914924510999 target=3.809554073756109 drop=0.007494991990685929 requested=0.007494991990685929 delivered=0.07494991990685929 g=10.0 dtarget_dvin=1.0 dtarget_den=0.0 iin=0.07594991990685929 diin_dvin=10.0 diin_dvout=-10.0 diin_den=0.0
DECISION t=0.03185312500000401 dt=3.125E-7 iter=4 id=9792 sensor=4.999950000249996 ref=1.9010200357825329 rail=3.802059081765423 before=HIGH/true after=HIGH/true output=3.652046797820194->3.6520590817654233
DECISION t=0.03185312500000401 dt=3.125E-7 iter=4 id=10048 sensor=4.99995000025 ref=1.9010200357825324 rail=3.802059081765423 before=HIGH/true after=HIGH/true output=3.652046797820194->3.6520590817654233
SETTER t=0.03185312500000401 dt=3.125E-7 iter=5 element=LimitedDcSupplyElm
RAIL t=0.03185312500000401 dt=3.125E-7 iter=5 vin=4.609553929210383 vout=3.8020564346141903 enable=4.563914781396421 target=3.8095539292103835 drop=0.007497494596193199 requested=0.007497494596193199 delivered=0.074974945961932 g=10.0 dtarget_dvin=1.0 dtarget_den=0.0 iin=0.075974945961932 diin_dvin=10.0 diin_dvout=-10.0 diin_den=0.0
DECISION t=0.03185312500000401 dt=3.125E-7 iter=5 id=9792 sensor=4.999950000249993 ref=1.901018712213534 rail=3.8020564346141903 before=HIGH/true after=HIGH/true output=3.6520590817654233->3.6520564346141904
DECISION t=0.03185312500000401 dt=3.125E-7 iter=5 id=10048 sensor=4.99995000025 ref=1.9010187122135336 rail=3.8020564346141903 before=HIGH/true after=HIGH/true output=3.6520590817654233->3.6520564346141904
RAIL t=0.03185312500000401 dt=3.125E-7 iter=6 vin=4.6095539982162705 vout=3.8020574756598373 enable=4.5639148497190805 target=3.8095539982162707 drop=0.007496522556433405 requested=0.007496522556433405 delivered=0.07496522556433405 g=10.0 dtarget_dvin=1.0 dtarget_den=0.0 iin=0.07596522556433405 diin_dvin=10.0 diin_dvout=-10.0 diin_den=0.0
DECISION t=0.03185312500000401 dt=3.125E-7 iter=6 id=9792 sensor=4.999950000250005 ref=1.9010192327337538 rail=3.8020574756598373 before=HIGH/true after=HIGH/true output=3.6520564346141904->3.6520574756598374
DECISION t=0.03185312500000401 dt=3.125E-7 iter=6 id=10048 sensor=4.99995000025 ref=1.9010192327337543 rail=3.8020574756598373 before=HIGH/true after=HIGH/true output=3.6520564346141904->3.6520574756598374
SETTER t=0.03185312500000401 dt=3.125E-7 iter=6 element=NMosfetElm
RAIL t=0.03185312500000401 dt=3.125E-7 iter=7 vin=4.609553993407693 vout=3.8020574031159833 enable=4.563914844958113 target=3.809553993407693 drop=0.007496590291709904 requested=0.007496590291709904 delivered=0.07496590291709904 g=10.0 dtarget_dvin=1.0 dtarget_den=0.0 iin=0.07596590291709904 diin_dvin=10.0 diin_dvout=-10.0 diin_den=0.0
DECISION t=0.03185312500000401 dt=3.125E-7 iter=7 id=9792 sensor=4.999950000250002 ref=1.9010191964620091 rail=3.8020574031159833 before=HIGH/true after=HIGH/true output=3.6520574756598374->3.6520574031159834
DECISION t=0.03185312500000401 dt=3.125E-7 iter=7 id=10048 sensor=4.99995000025 ref=1.901019196462009 rail=3.8020574031159833 before=HIGH/true after=HIGH/true output=3.6520574756598374->3.6520574031159834
SETTER t=0.03185312500000401 dt=3.125E-7 iter=7 element=NMosfetElm
RAIL t=0.03185312500000401 dt=3.125E-7 iter=8 vin=4.609553993604443 vout=3.8020574060842245 enable=4.5639148451529135 target=3.8095539936044434 drop=0.007496587520218867 requested=0.007496587520218867 delivered=0.07496587520218867 g=10.0 dtarget_dvin=1.0 dtarget_den=0.0 iin=0.07596587520218867 diin_dvin=10.0 diin_dvout=-10.0 diin_den=0.0
DECISION t=0.03185312500000401 dt=3.125E-7 iter=8 id=9792 sensor=4.999950000250006 ref=1.9010191979461228 rail=3.8020574060842245 before=HIGH/true after=HIGH/true output=3.6520574031159834->3.6520574060842246
DECISION t=0.03185312500000401 dt=3.125E-7 iter=8 id=10048 sensor=4.99995000025 ref=1.9010191979461226 rail=3.8020574060842245 before=HIGH/true after=HIGH/true output=3.6520574031159834->3.6520574060842246
SETTER t=0.03185312500000401 dt=3.125E-7 iter=8 element=NMosfetElm
RAIL t=0.03185312500000401 dt=3.125E-7 iter=9 vin=4.609553994274344 vout=3.802057416190571 enable=4.563914845816181 target=3.809553994274344 drop=0.00749657808377302 requested=0.00749657808377302 delivered=0.0749657808377302 g=10.0 dtarget_dvin=1.0 dtarget_den=0.0 iin=0.0759657808377302 diin_dvin=10.0 diin_dvout=-10.0 diin_den=0.0
DECISION t=0.03185312500000401 dt=3.125E-7 iter=9 id=9792 sensor=4.999950000250006 ref=1.901019202999271 rail=3.802057416190571 before=HIGH/true after=HIGH/true output=3.6520574060842246->3.652057416190571
DECISION t=0.03185312500000401 dt=3.125E-7 iter=9 id=10048 sensor=4.99995000025 ref=1.9010192029992705 rail=3.802057416190571 before=HIGH/true after=HIGH/true output=3.6520574060842246->3.652057416190571
SETTER t=0.03185312500000401 dt=3.125E-7 iter=9 element=NMosfetElm
RAIL t=0.03185312500000401 dt=3.125E-7 iter=10 vin=4.6095539968758725 vout=3.8020574554381406 enable=4.5639148483919545 target=3.8095539968758727 drop=0.0074965414377321515 requested=0.0074965414377321515 delivered=0.07496541437732152 g=10.0 dtarget_dvin=1.0 dtarget_den=0.0 iin=0.07596541437732152 diin_dvin=10.0 diin_dvout=-10.0 diin_den=0.0
DECISION t=0.03185312500000401 dt=3.125E-7 iter=10 id=9792 sensor=4.9999500002499975 ref=1.9010192226229576 rail=3.8020574554381406 before=HIGH/true after=HIGH/true output=3.652057416190571->3.6520574554381406
DECISION t=0.03185312500000401 dt=3.125E-7 iter=10 id=10048 sensor=4.99995000025 ref=1.9010192226229572 rail=3.8020574554381406 before=HIGH/true after=HIGH/true output=3.652057416190571->3.6520574554381406
SETTER t=0.03185312500000401 dt=3.125E-7 iter=10 element=NMosfetElm
RAIL t=0.03185312500000401 dt=3.125E-7 iter=11 vin=4.609553999295218 vout=3.8020574919372216 enable=4.563914850787347 target=3.8095539992952183 drop=0.0074965073579966734 requested=0.0074965073579966734 delivered=0.07496507357996673 g=10.0 dtarget_dvin=1.0 dtarget_den=0.0 iin=0.07596507357996674 diin_dvin=10.0 diin_dvout=-10.0 diin_den=0.0
DECISION t=0.03185312500000401 dt=3.125E-7 iter=11 id=9792 sensor=4.999950000250002 ref=1.9010192408724058 rail=3.8020574919372216 before=HIGH/true after=HIGH/true output=3.6520574554381406->3.6520574919372217
DECISION t=0.03185312500000401 dt=3.125E-7 iter=11 id=10048 sensor=4.99995000025 ref=1.9010192408724058 rail=3.8020574919372216 before=HIGH/true after=HIGH/true output=3.6520574554381406->3.6520574919372217
SETTER t=0.03185312500000401 dt=3.125E-7 iter=11 element=NMosfetElm
RAIL t=0.03185312500000401 dt=3.125E-7 iter=12 vin=4.609553999335601 vout=3.8020574925464388 enable=4.563914850827328 target=3.809553999335601 drop=0.0074965067891623605 requested=0.0074965067891623605 delivered=0.0749650678916236 g=10.0 dtarget_dvin=1.0 dtarget_den=0.0 iin=0.0759650678916236 diin_dvin=10.0 diin_dvout=-10.0 diin_den=0.0
DECISION t=0.03185312500000401 dt=3.125E-7 iter=12 id=9792 sensor=4.999950000250002 ref=1.901019241177013 rail=3.8020574925464388 before=HIGH/true after=HIGH/true output=3.6520574919372217->3.652057492546439
DECISION t=0.03185312500000401 dt=3.125E-7 iter=12 id=10048 sensor=4.99995000025 ref=1.9010192411770133 rail=3.8020574925464388 before=HIGH/true after=HIGH/true output=3.6520574919372217->3.652057492546439
SETTER t=0.03185312500000401 dt=3.125E-7 iter=12 element=NMosfetElm
RAIL t=0.03185312500000401 dt=3.125E-7 iter=13 vin=4.609553999335658 vout=3.802057492547309 enable=4.563914850827385 target=3.809553999335658 drop=0.007496506788348789 requested=0.007496506788348789 delivered=0.07496506788348789 g=10.0 dtarget_dvin=1.0 dtarget_den=0.0 iin=0.07596506788348789 diin_dvin=10.0 diin_dvout=-10.0 diin_den=0.0
DECISION t=0.03185312500000401 dt=3.125E-7 iter=13 id=9792 sensor=4.999950000250002 ref=1.9010192411774487 rail=3.802057492547309 before=HIGH/true after=HIGH/true output=3.652057492546439->3.6520574925473093
DECISION t=0.03185312500000401 dt=3.125E-7 iter=13 id=10048 sensor=4.99995000025 ref=1.9010192411774487 rail=3.802057492547309 before=HIGH/true after=HIGH/true output=3.652057492546439->3.6520574925473093
converged after 13 iterations, timeStep = 3.125E-7
RAIL t=0.03185343750000401 dt=3.125E-7 iter=0 vin=4.609553999335658 vout=3.802057492547309 enable=4.563914850827385 target=3.809553999335658 drop=0.007496506788348789 requested=0.007496506788348789 delivered=0.07496506788348789 g=10.0 dtarget_dvin=1.0 dtarget_den=0.0 iin=0.07596506788348789 diin_dvin=10.0 diin_dvout=-10.0 diin_den=0.0
DECISION t=0.03185343750000401 dt=3.125E-7 iter=0 id=9792 sensor=4.999950000250002 ref=1.9010192411774487 rail=3.802057492547309 before=HIGH/true after=HIGH/true output=3.6520574925473093->3.6520574925473093
DECISION t=0.03185343750000401 dt=3.125E-7 iter=0 id=10048 sensor=4.99995000025 ref=1.9010192411774487 rail=3.802057492547309 before=HIGH/true after=HIGH/true output=3.6520574925473093->3.6520574925473093
SETTER t=0.03185343750000401 dt=3.125E-7 iter=1 element=LimitedDcSupplyElm
RAIL t=0.03185343750000401 dt=3.125E-7 iter=1 vin=4.6085217653782715 vout=3.8010273742375538 enable=4.5628928370081905 target=3.8085217653782717 drop=0.0074943911407179264 requested=0.0074943911407179264 delivered=0.07494391140717926 g=10.0 dtarget_dvin=1.0 dtarget_den=0.0 iin=0.07594391140717927 diin_dvin=10.0 diin_dvout=-10.0 diin_den=0.0
DECISION t=0.03185343750000401 dt=3.125E-7 iter=1 id=9792 sensor=4.9999500002499975 ref=1.9005041845978539 rail=3.8010273742375538 before=HIGH/true after=HIGH/true output=3.6520574925473093->3.651027374237554
DECISION t=0.03185343750000401 dt=3.125E-7 iter=1 id=10048 sensor=4.99995000025 ref=1.9005041845978539 rail=3.8010273742375538 before=HIGH/true after=HIGH/true output=3.6520574925473093->3.651027374237554
RAIL t=0.03185343750000401 dt=3.125E-7 iter=2 vin=4.608521765378395 vout=3.8010273742385046 enable=4.562892837008312 target=3.808521765378395 drop=0.007494391139890588 requested=0.007494391139890588 delivered=0.07494391139890588 g=10.0 dtarget_dvin=1.0 dtarget_den=0.0 iin=0.07594391139890588 diin_dvin=10.0 diin_dvout=-10.0 diin_den=0.0
DECISION t=0.03185343750000401 dt=3.125E-7 iter=2 id=9792 sensor=4.999950000250002 ref=1.900504184598329 rail=3.8010273742385046 before=HIGH/true after=HIGH/true output=3.651027374237554->3.6510273742385047
DECISION t=0.03185343750000401 dt=3.125E-7 iter=2 id=10048 sensor=4.99995000025 ref=1.9005041845983293 rail=3.8010273742385046 before=HIGH/true after=HIGH/true output=3.651027374237554->3.6510273742385047
SETTER t=0.03185343750000401 dt=3.125E-7 iter=2 element=NMosfetElm
RAIL t=0.03185343750000401 dt=3.125E-7 iter=3 vin=4.608521765378395 vout=3.8010273742385037 enable=4.562892837008312 target=3.808521765378395 drop=0.007494391139891476 requested=0.007494391139891476 delivered=0.07494391139891476 g=10.0 dtarget_dvin=1.0 dtarget_den=0.0 iin=0.07594391139891477 diin_dvin=10.0 diin_dvout=-10.0 diin_den=0.0
DECISION t=0.03185343750000401 dt=3.125E-7 iter=3 id=9792 sensor=4.9999500002499975 ref=1.9005041845983286 rail=3.8010273742385037 before=HIGH/true after=HIGH/true output=3.6510273742385047->3.6510273742385038
DECISION t=0.03185343750000401 dt=3.125E-7 iter=3 id=10048 sensor=4.99995000025 ref=1.9005041845983286 rail=3.8010273742385037 before=HIGH/true after=HIGH/true output=3.6510273742385047->3.6510273742385038
converged after 3 iterations, timeStep = 3.125E-7
RAIL t=0.03185375000000401 dt=3.125E-7 iter=0 vin=4.608521765378395 vout=3.8010273742385037 enable=4.562892837008312 target=3.808521765378395 drop=0.007494391139891476 requested=0.007494391139891476 delivered=0.07494391139891476 g=10.0 dtarget_dvin=1.0 dtarget_den=0.0 iin=0.07594391139891477 diin_dvin=10.0 diin_dvout=-10.0 diin_den=0.0
DECISION t=0.03185375000000401 dt=3.125E-7 iter=0 id=9792 sensor=4.9999500002499975 ref=1.9005041845983286 rail=3.8010273742385037 before=HIGH/true after=HIGH/true output=3.6510273742385038->3.6510273742385038
DECISION t=0.03185375000000401 dt=3.125E-7 iter=0 id=10048 sensor=4.99995000025 ref=1.9005041845983286 rail=3.8010273742385037 before=HIGH/true after=HIGH/true output=3.6510273742385038->3.6510273742385038
SETTER t=0.03185375000000401 dt=3.125E-7 iter=1 element=LimitedDcSupplyElm
RAIL t=0.03185375000000401 dt=3.125E-7 iter=1 vin=4.607489673428178 vout=3.7999952162219723 enable=4.561870963790276 target=3.8074896734281785 drop=0.007494457206206118 requested=0.007494457206206118 delivered=0.07494457206206118 g=10.0 dtarget_dvin=1.0 dtarget_den=0.0 iin=0.07594457206206118 diin_dvin=10.0 diin_dvout=-10.0 diin_den=0.0
DECISION t=0.03185375000000401 dt=3.125E-7 iter=1 id=9792 sensor=4.9999500002499975 ref=1.8999881081704457 rail=3.7999952162219723 before=HIGH/true after=BROWNOUT/false output=3.6510273742385038->0.0
DECISION t=0.03185375000000401 dt=3.125E-7 iter=1 id=10048 sensor=4.99995000025 ref=1.8999881081704457 rail=3.7999952162219723 before=HIGH/true after=BROWNOUT/false output=3.6510273742385038->0.0
RAIL t=0.03185375000000401 dt=3.125E-7 iter=2 vin=4.607489673683303 vout=3.7999952200699245 enable=4.561870964042873 target=3.8074896736833033 drop=0.007494453613378749 requested=0.007494453613378749 delivered=0.07494453613378749 g=10.0 dtarget_dvin=1.0 dtarget_den=0.0 iin=0.07594453613378749 diin_dvin=10.0 diin_dvout=-10.0 diin_den=0.0
DECISION t=0.03185375000000401 dt=3.125E-7 iter=2 id=9792 sensor=4.999950000250006 ref=1.899988110094412 rail=3.7999952200699245 before=BROWNOUT/false after=BROWNOUT/false output=0.0->0.0
DECISION t=0.03185375000000401 dt=3.125E-7 iter=2 id=10048 sensor=4.99995000025 ref=1.899988110094412 rail=3.7999952200699245 before=BROWNOUT/false after=BROWNOUT/false output=0.0->0.0
SETTER t=0.03185375000000401 dt=3.125E-7 iter=2 element=NMosfetElm
SETTER t=0.03185375000000401 dt=3.125E-7 iter=3 element=LimitedDcSupplyElm
RAIL t=0.03185375000000401 dt=3.125E-7 iter=3 vin=4.607549019310073 vout=3.800890528496483 enable=4.5619297220891815 target=3.8075490193100734 drop=0.00665849081359049 requested=0.00665849081359049 delivered=0.0665849081359049 g=10.0 dtarget_dvin=1.0 dtarget_den=0.0 iin=0.0675849081359049 diin_dvin=10.0 diin_dvout=-10.0 diin_den=0.0
DECISION t=0.03185375000000401 dt=3.125E-7 iter=3 id=9792 sensor=4.999950000250002 ref=1.9004357620694314 rail=3.800890528496483 before=BROWNOUT/false after=HIGH/true output=0.0->3.650890528496483
DECISION t=0.03185375000000401 dt=3.125E-7 iter=3 id=10048 sensor=4.99995000025 ref=1.9004357620694312 rail=3.800890528496483 before=BROWNOUT/false after=HIGH/true output=0.0->3.650890528496483
SETTER t=0.03185375000000401 dt=3.125E-7 iter=4 element=LimitedDcSupplyElm
RAIL t=0.03185375000000401 dt=3.125E-7 iter=4 vin=4.607653337022203 vout=3.8024643002658607 enable=4.562033006952676 target=3.807653337022203 drop=0.005189036756342524 requested=0.005189036756342524 delivered=0.051890367563425244 g=10.0 dtarget_dvin=1.0 dtarget_den=0.0 iin=0.052890367563425245 diin_dvin=10.0 diin_dvout=-10.0 diin_den=0.0
DECISION t=0.03185375000000401 dt=3.125E-7 iter=4 id=9792 sensor=4.999950000250006 ref=1.9012226440197113 rail=3.8024643002658607 before=HIGH/true after=HIGH/true output=3.650890528496483->3.6524643002658608
DECISION t=0.03185375000000401 dt=3.125E-7 iter=4 id=10048 sensor=4.99995000025 ref=1.9012226440197106 rail=3.8024643002658607 before=HIGH/true after=HIGH/true output=3.650890528496483->3.6524643002658608
SETTER t=0.03185375000000401 dt=3.125E-7 iter=5 element=LimitedDcSupplyElm
RAIL t=0.03185375000000401 dt=3.125E-7 iter=5 vin=4.5977452485508765 vout=3.6529876752405834 enable=4.552223018367205 target=3.7977452485508767 drop=0.020000000000000004 requested=0.14475757331029326 delivered=0.20000000000000004 g=10.0 dtarget_dvin=1.0 dtarget_den=0.0 iin=0.20100000000000004 diin_dvin=10.0 diin_dvout=-10.0 diin_den=0.0
DECISION t=0.03185375000000401 dt=3.125E-7 iter=5 id=9792 sensor=4.999950000249998 ref=1.8264847051967656 rail=3.6529876752405834 before=HIGH/true after=BROWNOUT/false output=3.6524643002658608->0.0
DECISION t=0.03185375000000401 dt=3.125E-7 iter=5 id=10048 sensor=4.99995000025 ref=1.8264847051967654 rail=3.6529876752405834 before=HIGH/true after=BROWNOUT/false output=3.6524643002658608->0.0
SETTER t=0.03185375000000401 dt=3.125E-7 iter=6 element=LimitedDcSupplyElm
RAIL t=0.03185375000000401 dt=3.125E-7 iter=6 vin=4.607489254154497 vout=3.799995068763143 enable=4.561870548667819 target=3.807489254154497 drop=0.007494185391353714 requested=0.007494185391353714 delivered=0.07494185391353714 g=10.0 dtarget_dvin=1.0 dtarget_den=0.0 iin=0.07594185391353714 diin_dvin=10.0 diin_dvout=-10.0 diin_den=0.0
DECISION t=0.03185375000000401 dt=3.125E-7 iter=6 id=9792 sensor=4.99995000025001 ref=1.8999880344414 rail=3.799995068763143 before=BROWNOUT/false after=BROWNOUT/false output=0.0->0.0
DECISION t=0.03185375000000401 dt=3.125E-7 iter=6 id=10048 sensor=4.99995000025 ref=1.8999880344413995 rail=3.799995068763143 before=BROWNOUT/false after=BROWNOUT/false output=0.0->0.0
SETTER t=0.03185375000000401 dt=3.125E-7 iter=7 element=LimitedDcSupplyElm
RAIL t=0.03185375000000401 dt=3.125E-7 iter=7 vin=4.607652065098252 vout=3.8024451136584805 enable=4.562031747622032 target=3.807652065098252 drop=0.005206951439771679 requested=0.005206951439771679 delivered=0.05206951439771679 g=10.0 dtarget_dvin=1.0 dtarget_den=0.0 iin=0.05306951439771679 diin_dvin=10.0 diin_dvout=-10.0 diin_den=0.0
DECISION t=0.03185375000000401 dt=3.125E-7 iter=7 id=9792 sensor=4.9999500002499975 ref=1.9012130507639866 rail=3.8024451136584805 before=BROWNOUT/false after=HIGH/true output=0.0->3.6524451136584806
DECISION t=0.03185375000000401 dt=3.125E-7 iter=7 id=10048 sensor=4.99995000025 ref=1.9012130507639862 rail=3.8024451136584805 before=BROWNOUT/false after=HIGH/true output=0.0->3.6524451136584806
RAIL t=0.03185375000000401 dt=3.125E-7 iter=8 vin=4.607653450234768 vout=3.80246600759768 enable=4.562033119044323 target=3.807653450234768 drop=0.0051874426370877025 requested=0.0051874426370877025 delivered=0.051874426370877025 g=10.0 dtarget_dvin=1.0 dtarget_den=0.0 iin=0.052874426370877026 diin_dvin=10.0 diin_dvout=-10.0 diin_den=0.0
SETTER t=0.03185375000000401 dt=3.125E-7 iter=8 element=LinearRegulatorElm
DECISION t=0.03185375000000401 dt=3.125E-7 iter=8 id=9792 sensor=4.999950000250006 ref=1.9012234976813518 rail=3.80246600759768 before=HIGH/true after=HIGH/true output=3.6524451136584806->3.6524660075976803
DECISION t=0.03185375000000401 dt=3.125E-7 iter=8 id=10048 sensor=4.99995000025 ref=1.9012234976813518 rail=3.80246600759768 before=HIGH/true after=HIGH/true output=3.6524451136584806->3.6524660075976803
SETTER t=0.03185375000000401 dt=3.125E-7 iter=9 element=LimitedDcSupplyElm
RAIL t=0.03185375000000401 dt=3.125E-7 iter=9 vin=4.5818731771003325 vout=3.4135364767616223 enable=4.5365080961389435 target=3.7818731771003327 drop=0.020000000000000004 requested=0.36833670033871035 delivered=0.20000000000000004 g=10.0 dtarget_dvin=1.0 dtarget_den=0.0 iin=0.20100000000000004 diin_dvin=10.0 diin_dvout=-10.0 diin_den=0.0
DECISION t=0.03185375000000401 dt=3.125E-7 iter=9 id=9792 sensor=4.999950000249993 ref=1.7067597045822889 rail=3.4135364767616223 before=HIGH/true after=BROWNOUT/false output=3.6524660075976803->0.0
DECISION t=0.03185375000000401 dt=3.125E-7 iter=9 id=10048 sensor=4.99995000025 ref=1.7067597045822887 rail=3.4135364767616223 before=HIGH/true after=BROWNOUT/false output=3.6524660075976803->0.0
SETTER t=0.03185375000000401 dt=3.125E-7 iter=10 element=LimitedDcSupplyElm
RAIL t=0.03185375000000401 dt=3.125E-7 iter=10 vin=4.607486164001122 vout=3.7999937827883143 enable=4.561867489110021 target=3.807486164001122 drop=0.007492381212807597 requested=0.007492381212807597 delivered=0.07492381212807597 g=10.0 dtarget_dvin=1.0 dtarget_den=0.0 iin=0.07592381212807597 diin_dvin=10.0 diin_dvout=-10.0 diin_den=0.0
DECISION t=0.03185375000000401 dt=3.125E-7 iter=10 id=9792 sensor=4.999950000249997 ref=1.8999873914572003 rail=3.7999937827883143 before=BROWNOUT/false after=BROWNOUT/false output=0.0->0.0
DECISION t=0.03185375000000401 dt=3.125E-7 iter=10 id=10048 sensor=4.99995000025 ref=1.8999873914571999 rail=3.7999937827883143 before=BROWNOUT/false after=BROWNOUT/false output=0.0->0.0
SETTER t=0.03185375000000401 dt=3.125E-7 iter=11 element=LimitedDcSupplyElm
RAIL t=0.03185375000000401 dt=3.125E-7 iter=11 vin=4.607653027554798 vout=3.802459652008882 enable=4.562032700549306 target=3.8076530275547986 drop=0.005193375545916812 requested=0.005193375545916812 delivered=0.05193375545916812 g=10.0 dtarget_dvin=1.0 dtarget_den=0.0 iin=0.05293375545916812 diin_dvin=10.0 diin_dvout=-10.0 diin_den=0.0
DECISION t=0.03185375000000401 dt=3.125E-7 iter=11 id=9792 sensor=4.999950000250014 ref=1.9012203199028421 rail=3.802459652008882 before=BROWNOUT/false after=HIGH/true output=0.0->3.652459652008882
DECISION t=0.03185375000000401 dt=3.125E-7 iter=11 id=10048 sensor=4.99995000025 ref=1.9012203199028415 rail=3.802459652008882 before=BROWNOUT/false after=HIGH/true output=0.0->3.652459652008882
RAIL t=0.03185375000000401 dt=3.125E-7 iter=12 vin=4.607653309238234 vout=3.802463880478336 enable=4.5620329794437975 target=3.8076533092382343 drop=0.005189428759898362 requested=0.005189428759898362 delivered=0.051894287598983624 g=10.0 dtarget_dvin=1.0 dtarget_den=0.0 iin=0.052894287598983625 diin_dvin=10.0 diin_dvout=-10.0 diin_den=0.0
DECISION t=0.03185375000000401 dt=3.125E-7 iter=12 id=9792 sensor=4.999950000250006 ref=1.9012224341269974 rail=3.802463880478336 before=HIGH/true after=HIGH/true output=3.652459652008882->3.652463880478336
DECISION t=0.03185375000000401 dt=3.125E-7 iter=12 id=10048 sensor=4.99995000025 ref=1.9012224341269974 rail=3.802463880478336 before=HIGH/true after=HIGH/true output=3.652459652008882->3.652463880478336
SETTER t=0.03185375000000401 dt=3.125E-7 iter=12 element=NMosfetElm
SETTER t=0.03185375000000401 dt=3.125E-7 iter=13 element=LimitedDcSupplyElm
RAIL t=0.03185375000000401 dt=3.125E-7 iter=13 vin=4.560493199143251 vout=3.090991220061588 enable=4.515339801131932 target=3.7604931991432515 drop=0.020000000000000004 requested=0.6695019790816636 delivered=0.20000000000000004 g=10.0 dtarget_dvin=1.0 dtarget_den=0.0 iin=0.20100000000000004 diin_dvin=10.0 diin_dvout=-10.0 diin_den=0.0
DECISION t=0.03185375000000401 dt=3.125E-7 iter=13 id=9792 sensor=4.9999500002499975 ref=1.5454878825913811 rail=3.090991220061588 before=HIGH/true after=BROWNOUT/false output=3.652463880478336->0.0
DECISION t=0.03185375000000401 dt=3.125E-7 iter=13 id=10048 sensor=4.99995000025 ref=1.5454878825913811 rail=3.090991220061588 before=HIGH/true after=BROWNOUT/false output=3.652463880478336->0.0
SETTER t=0.03185375000000401 dt=3.125E-7 iter=14 element=LimitedDcSupplyElm
RAIL t=0.03185375000000401 dt=3.125E-7 iter=14 vin=4.6076366157258475 vout=3.8024357850090507 enable=4.562016450645644 target=3.8076366157258477 drop=0.005200830716797 requested=0.005200830716797 delivered=0.05200830716797 g=10.0 dtarget_dvin=1.0 dtarget_den=0.0 iin=0.053008307167970004 diin_dvin=10.0 diin_dvout=-10.0 diin_den=0.0
DECISION t=0.03185375000000401 dt=3.125E-7 iter=14 id=9792 sensor=4.999950000250001 ref=1.9012083864625926 rail=3.8024357850090507 before=BROWNOUT/false after=HIGH/true output=0.0->3.6524357850090508
DECISION t=0.03185375000000401 dt=3.125E-7 iter=14 id=10048 sensor=4.99995000025 ref=1.9012083864625933 rail=3.8024357850090507 before=BROWNOUT/false after=HIGH/true output=0.0->3.6524357850090508
SETTER t=0.03185375000000401 dt=3.125E-7 iter=15 element=LimitedDcSupplyElm
RAIL t=0.03185375000000401 dt=3.125E-7 iter=15 vin=4.607653445209232 vout=3.8024661468111347 enable=4.562033114068548 target=3.8076534452092323 drop=0.005187298398097617 requested=0.005187298398097617 delivered=0.05187298398097617 g=10.0 dtarget_dvin=1.0 dtarget_den=0.0 iin=0.052872983980976174 diin_dvin=10.0 diin_dvout=-10.0 diin_den=0.0
DECISION t=0.03185375000000401 dt=3.125E-7 iter=15 id=9792 sensor=4.9999500002500055 ref=1.9012235672877318 rail=3.8024661468111347 before=HIGH/true after=HIGH/true output=3.6524357850090508->3.652466146811135
DECISION t=0.03185375000000401 dt=3.125E-7 iter=15 id=10048 sensor=4.99995000025 ref=1.9012235672877316 rail=3.8024661468111347 before=HIGH/true after=HIGH/true output=3.6524357850090508->3.652466146811135
SETTER t=0.03185375000000401 dt=3.125E-7 iter=16 element=LimitedDcSupplyElm
RAIL t=0.03185375000000401 dt=3.125E-7 iter=16 vin=4.560493099687903 vout=3.090989710484428 enable=4.515339702661291 target=3.7604930996879036 drop=0.020000000000000004 requested=0.6695033892034754 delivered=0.20000000000000004 g=10.0 dtarget_dvin=1.0 dtarget_den=0.0 iin=0.20100000000000004 diin_dvin=10.0 diin_dvout=-10.0 diin_den=0.0
DECISION t=0.03185375000000401 dt=3.125E-7 iter=16 id=9792 sensor=4.999950000249993 ref=1.5454871278065754 rail=3.090989710484428 before=HIGH/true after=BROWNOUT/false output=3.652466146811135->0.0
DECISION t=0.03185375000000401 dt=3.125E-7 iter=16 id=10048 sensor=4.99995000025 ref=1.5454871278065756 rail=3.090989710484428 before=HIGH/true after=BROWNOUT/false output=3.652466146811135->0.0
SETTER t=0.03185375000000401 dt=3.125E-7 iter=17 element=LimitedDcSupplyElm
RAIL t=0.03185375000000401 dt=3.125E-7 iter=17 vin=4.607632886223182 vout=3.8023794899823398 enable=4.56201275843076 target=3.807632886223182 drop=0.00525339624084209 requested=0.00525339624084209 delivered=0.0525339624084209 g=10.0 dtarget_dvin=1.0 dtarget_den=0.0 iin=0.0535339624084209 diin_dvin=10.0 diin_dvout=-10.0 diin_den=0.0
DECISION t=0.03185375000000401 dt=3.125E-7 iter=17 id=9792 sensor=4.999950000250001 ref=1.9011802390899746 rail=3.8023794899823398 before=BROWNOUT/false after=HIGH/true output=0.0->3.65237948998234
DECISION t=0.03185375000000401 dt=3.125E-7 iter=17 id=10048 sensor=4.99995000025 ref=1.9011802390899752 rail=3.8023794899823398 before=BROWNOUT/false after=HIGH/true output=0.0->3.65237948998234
timestep down to 1.5625E-7 at 0.03185375000000401
SETTER t=0.03185375000000401 dt=1.5625E-7 iter=0 element=LimitedDcSupplyElm
RAIL t=0.03185375000000401 dt=1.5625E-7 iter=0 vin=4.608521765378395 vout=3.8010273742385037 enable=4.562892837008312 target=3.808521765378395 drop=0.007494391139891476 requested=0.007494391139891476 delivered=0.07494391139891476 g=10.0 dtarget_dvin=1.0 dtarget_den=0.0 iin=0.07594391139891477 diin_dvin=10.0 diin_dvout=-10.0 diin_den=0.0
DECISION t=0.03185375000000401 dt=1.5625E-7 iter=0 id=9792 sensor=4.9999500002499975 ref=1.9005041845983286 rail=3.8010273742385037 before=HIGH/true after=HIGH/true output=3.6524660849338306->3.6510273742385038
DECISION t=0.03185375000000401 dt=1.5625E-7 iter=0 id=10048 sensor=4.99995000025 ref=1.9005041845983286 rail=3.8010273742385037 before=HIGH/true after=HIGH/true output=3.6524660849338306->3.6510273742385038
SETTER t=0.03185375000000401 dt=1.5625E-7 iter=1 element=LimitedDcSupplyElm
RAIL t=0.03185375000000401 dt=1.5625E-7 iter=1 vin=4.605096143551592 vout=3.701114406408659 enable=4.559501119340178 target=3.8050961435515918 drop=0.020000000000000004 requested=0.10398173714293257 delivered=0.20000000000000004 g=10.0 dtarget_dvin=1.0 dtarget_den=0.0 iin=0.20100000000000004 diin_dvin=10.0 diin_dvout=-10.0 diin_den=0.0
DECISION t=0.03185375000000401 dt=1.5625E-7 iter=1 id=9792 sensor=4.999950000249997 ref=1.8505479504645785 rail=3.701114406408659 before=HIGH/true after=BROWNOUT/false output=3.6510273742385038->0.0
DECISION t=0.03185375000000401 dt=1.5625E-7 iter=1 id=10048 sensor=4.99995000025 ref=1.8505479504645774 rail=3.701114406408659 before=HIGH/true after=BROWNOUT/false output=3.6510273742385038->0.0
SETTER t=0.03185375000000401 dt=1.5625E-7 iter=2 element=LimitedDcSupplyElm
RAIL t=0.03185375000000401 dt=1.5625E-7 iter=2 vin=4.7523050789136985 vout=7.994725725372061 enable=4.705252551207415 target=3.9523050789136986 drop=-0.48 requested=-4.042420646458362 delivered=-4.8E-7 g=1.0E-6 dtarget_dvin=1.0 dtarget_den=0.0 iin=9.9952E-4 diin_dvin=1.0E-6 diin_dvout=-1.0E-6 diin_den=0.0
DECISION t=0.03185375000000401 dt=1.5625E-7 iter=2 id=9792 sensor=4.99995000025001 ref=3.9973428759716487 rail=7.994725725372061 before=BROWNOUT/false after=HIGH/true output=0.0->7.844725725372061
DECISION t=0.03185375000000401 dt=1.5625E-7 iter=2 id=10048 sensor=4.99995000025 ref=3.997342875971649 rail=7.994725725372061 before=BROWNOUT/false after=HIGH/true output=0.0->7.844725725372061
SETTER t=0.03185375000000401 dt=1.5625E-7 iter=3 element=LimitedDcSupplyElm
RAIL t=0.03185375000000401 dt=1.5625E-7 iter=3 vin=4.608778983357073 vout=3.7951751525885165 enable=4.563147511936342 target=3.8087789833570733 drop=0.013603830768556868 requested=0.013603830768556868 delivered=0.13603830768556868 g=10.0 dtarget_dvin=1.0 dtarget_den=0.0 iin=0.13703830768556868 diin_dvin=10.0 diin_dvout=-10.0 diin_den=0.0
DECISION t=0.03185375000000401 dt=1.5625E-7 iter=3 id=9792 sensor=4.999950000250006 ref=1.8975780884038167 rail=3.7951751525885165 before=HIGH/true after=BROWNOUT/false output=7.844725725372061->0.0
DECISION t=0.03185375000000401 dt=1.5625E-7 iter=3 id=10048 sensor=4.99995000025 ref=1.8975780884038167 rail=3.7951751525885165 before=HIGH/true after=BROWNOUT/false output=7.844725725372061->0.0
SETTER t=0.03185375000000401 dt=1.5625E-7 iter=4 element=LimitedDcSupplyElm
RAIL t=0.03185375000000401 dt=1.5625E-7 iter=4 vin=4.6085217825469265 vout=3.801028035592026 enable=4.562892852835873 target=3.8085217825469266 drop=0.007493746954900793 requested=0.007493746954900793 delivered=0.07493746954900793 g=10.0 dtarget_dvin=1.0 dtarget_den=0.0 iin=0.07593746954900793 diin_dvin=10.0 diin_dvout=-10.0 diin_den=0.0
DECISION t=0.03185375000000401 dt=1.5625E-7 iter=4 id=9792 sensor=4.99995000025 ref=1.900504515273437 rail=3.801028035592026 before=BROWNOUT/false after=HIGH/true output=0.0->3.651028035592026
DECISION t=0.03185375000000401 dt=1.5625E-7 iter=4 id=10048 sensor=4.99995000025 ref=1.9005045152734368 rail=3.801028035592026 before=BROWNOUT/false after=HIGH/true output=0.0->3.651028035592026
SETTER t=0.03185375000000401 dt=1.5625E-7 iter=5 element=LimitedDcSupplyElm
RAIL t=0.03185375000000401 dt=1.5625E-7 iter=5 vin=4.608521774814098 vout=3.8010276494438218 enable=4.562892846314045 target=3.808521774814098 drop=0.007494125370276272 requested=0.007494125370276272 delivered=0.07494125370276272 g=10.0 dtarget_dvin=1.0 dtarget_den=0.0 iin=0.07594125370276272 diin_dvin=10.0 diin_dvout=-10.0 diin_den=0.0
DECISION t=0.03185375000000401 dt=1.5625E-7 iter=5 id=9792 sensor=4.999950000249997 ref=1.9005043222003 rail=3.8010276494438218 before=HIGH/true after=HIGH/true output=3.651028035592026->3.651027649443822
DECISION t=0.03185375000000401 dt=1.5625E-7 iter=5 id=10048 sensor=4.99995000025 ref=1.9005043222003 rail=3.8010276494438218 before=HIGH/true after=HIGH/true output=3.651028035592026->3.651027649443822
RAIL t=0.03185375000000401 dt=1.5625E-7 iter=6 vin=4.608521624717074 vout=3.8010232716577534 enable=4.562892697681662 target=3.8085216247170743 drop=0.007498353059320895 requested=0.007498353059320895 delivered=0.07498353059320895 g=10.0 dtarget_dvin=1.0 dtarget_den=0.0 iin=0.07598353059320895 diin_dvin=10.0 diin_dvout=-10.0 diin_den=0.0
DECISION t=0.03185375000000401 dt=1.5625E-7 iter=6 id=9792 sensor=4.999950000249992 ref=1.9005021333182106 rail=3.8010232716577534 before=HIGH/true after=HIGH/true output=3.651027649443822->3.6510232716577535
DECISION t=0.03185375000000401 dt=1.5625E-7 iter=6 id=10048 sensor=4.99995000025 ref=1.9005021333182106 rail=3.8010232716577534 before=HIGH/true after=HIGH/true output=3.651027649443822->3.6510232716577535
SETTER t=0.03185375000000401 dt=1.5625E-7 iter=6 element=NMosfetElm
SETTER t=0.03185375000000401 dt=1.5625E-7 iter=7 element=LimitedDcSupplyElm
RAIL t=0.03185375000000401 dt=1.5625E-7 iter=7 vin=4.608559020593232 vout=3.8021139737733094 enable=4.562929723272782 target=3.808559020593232 drop=0.006445046819922418 requested=0.006445046819922418 delivered=0.06445046819922418 g=10.0 dtarget_dvin=1.0 dtarget_den=0.0 iin=0.06545046819922418 diin_dvin=10.0 diin_dvout=-10.0 diin_den=0.0
DECISION t=0.03185375000000401 dt=1.5625E-7 iter=7 id=9792 sensor=4.999950000250001 ref=1.9010474816492469 rail=3.8021139737733094 before=HIGH/true after=HIGH/true output=3.6510232716577535->3.6521139737733095
DECISION t=0.03185375000000401 dt=1.5625E-7 iter=7 id=10048 sensor=4.99995000025 ref=1.9010474816492462 rail=3.8021139737733094 before=HIGH/true after=HIGH/true output=3.6510232716577535->3.6521139737733095
SETTER t=0.03185375000000401 dt=1.5625E-7 iter=8 element=LimitedDcSupplyElm
RAIL t=0.03185375000000401 dt=1.5625E-7 iter=8 vin=4.608521771933167 vout=3.8010275654989876 enable=4.562892843702164 target=3.808521771933167 drop=0.007494206434179418 requested=0.007494206434179418 delivered=0.07494206434179418 g=10.0 dtarget_dvin=1.0 dtarget_den=0.0 iin=0.07594206434179418 diin_dvin=10.0 diin_dvout=-10.0 diin_den=0.0
DECISION t=0.03185375000000401 dt=1.5625E-7 iter=8 id=9792 sensor=4.9999500002499975 ref=1.900504280228093 rail=3.8010275654989876 before=HIGH/true after=HIGH/true output=3.6521139737733095->3.6510275654989877
DECISION t=0.03185375000000401 dt=1.5625E-7 iter=8 id=10048 sensor=4.99995000025 ref=1.900504280228093 rail=3.8010275654989876 before=HIGH/true after=HIGH/true output=3.6521139737733095->3.6510275654989877
RAIL t=0.03185375000000401 dt=1.5625E-7 iter=9 vin=4.608521772060761 vout=3.8010275691388755 enable=4.5628928436560585 target=3.808521772060761 drop=0.007494202921885407 requested=0.007494202921885407 delivered=0.07494202921885407 g=10.0 dtarget_dvin=1.0 dtarget_den=0.0 iin=0.07594202921885407 diin_dvin=10.0 diin_dvout=-10.0 diin_den=0.0
DECISION t=0.03185375000000401 dt=1.5625E-7 iter=9 id=9792 sensor=4.999950000249992 ref=1.9005042820480276 rail=3.8010275691388755 before=HIGH/true after=HIGH/true output=3.6510275654989877->3.6510275691388756
DECISION t=0.03185375000000401 dt=1.5625E-7 iter=9 id=10048 sensor=4.99995000025 ref=1.900504282048028 rail=3.8010275691388755 before=HIGH/true after=HIGH/true output=3.6510275654989877->3.6510275691388756
SETTER t=0.03185375000000401 dt=1.5625E-7 iter=9 element=NMosfetElm
RAIL t=0.03185375000000401 dt=1.5625E-7 iter=10 vin=4.608521772890081 vout=3.801027593327118 enable=4.5628928444581005 target=3.8085217728900815 drop=0.007494179562963499 requested=0.007494179562963499 delivered=0.07494179562963499 g=10.0 dtarget_dvin=1.0 dtarget_den=0.0 iin=0.07594179562963499 diin_dvin=10.0 diin_dvout=-10.0 diin_den=0.0
DECISION t=0.03185375000000401 dt=1.5625E-7 iter=10 id=9792 sensor=4.999950000249997 ref=1.900504294142088 rail=3.801027593327118 before=HIGH/true after=HIGH/true output=3.6510275691388756->3.651027593327118
DECISION t=0.03185375000000401 dt=1.5625E-7 iter=10 id=10048 sensor=4.99995000025 ref=1.900504294142088 rail=3.801027593327118 before=HIGH/true after=HIGH/true output=3.6510275691388756->3.651027593327118
SETTER t=0.03185375000000401 dt=1.5625E-7 iter=10 element=NMosfetElm
RAIL t=0.03185375000000401 dt=1.5625E-7 iter=11 vin=4.6085217729717485 vout=3.80102759570905 enable=4.5628928444853525 target=3.8085217729717487 drop=0.007494177262698631 requested=0.007494177262698631 delivered=0.07494177262698631 g=10.0 dtarget_dvin=1.0 dtarget_den=0.0 iin=0.07594177262698631 diin_dvin=10.0 diin_dvout=-10.0 diin_den=0.0
DECISION t=0.03185375000000401 dt=1.5625E-7 iter=11 id=9792 sensor=4.999950000250001 ref=1.9005042953330482 rail=3.80102759570905 before=HIGH/true after=HIGH/true output=3.651027593327118->3.65102759570905
DECISION t=0.03185375000000401 dt=1.5625E-7 iter=11 id=10048 sensor=4.99995000025 ref=1.9005042953330484 rail=3.80102759570905 before=HIGH/true after=HIGH/true output=3.651027593327118->3.65102759570905
SETTER t=0.03185375000000401 dt=1.5625E-7 iter=11 element=NMosfetElm
RAIL t=0.03185375000000401 dt=1.5625E-7 iter=12 vin=4.608521772973068 vout=3.8010275957475694 enable=4.562892844498963 target=3.8085217729730685 drop=0.007494177225499055 requested=0.007494177225499055 delivered=0.07494177225499055 g=10.0 dtarget_dvin=1.0 dtarget_den=0.0 iin=0.07594177225499055 diin_dvin=10.0 diin_dvout=-10.0 diin_den=0.0
DECISION t=0.03185375000000401 dt=1.5625E-7 iter=12 id=9792 sensor=4.999950000250001 ref=1.9005042953523081 rail=3.8010275957475694 before=HIGH/true after=HIGH/true output=3.65102759570905->3.6510275957475695
DECISION t=0.03185375000000401 dt=1.5625E-7 iter=12 id=10048 sensor=4.99995000025 ref=1.900504295352308 rail=3.8010275957475694 before=HIGH/true after=HIGH/true output=3.65102759570905->3.6510275957475695
SETTER t=0.03185375000000401 dt=1.5625E-7 iter=12 element=NMosfetElm
RAIL t=0.03185375000000401 dt=1.5625E-7 iter=13 vin=4.608521772973069 vout=3.801027595747577 enable=4.562892844483745 target=3.8085217729730694 drop=0.007494177225492393 requested=0.007494177225492393 delivered=0.07494177225492393 g=10.0 dtarget_dvin=1.0 dtarget_den=0.0 iin=0.07594177225492393 diin_dvin=10.0 diin_dvout=-10.0 diin_den=0.0
DECISION t=0.03185375000000401 dt=1.5625E-7 iter=13 id=9792 sensor=4.9999500002500055 ref=1.9005042953523117 rail=3.801027595747577 before=HIGH/true after=HIGH/true output=3.6510275957475695->3.651027595747577
DECISION t=0.03185375000000401 dt=1.5625E-7 iter=13 id=10048 sensor=4.99995000025 ref=1.9005042953523115 rail=3.801027595747577 before=HIGH/true after=HIGH/true output=3.6510275957475695->3.651027595747577
converged after 13 iterations, timeStep = 1.5625E-7
RAIL t=0.03185390625000401 dt=1.5625E-7 iter=0 vin=4.608521772973069 vout=3.801027595747577 enable=4.562892844483745 target=3.8085217729730694 drop=0.007494177225492393 requested=0.007494177225492393 delivered=0.07494177225492393 g=10.0 dtarget_dvin=1.0 dtarget_den=0.0 iin=0.07594177225492393 diin_dvin=10.0 diin_dvout=-10.0 diin_den=0.0
DECISION t=0.03185390625000401 dt=1.5625E-7 iter=0 id=9792 sensor=4.9999500002500055 ref=1.9005042953523117 rail=3.801027595747577 before=HIGH/true after=HIGH/true output=3.651027595747577->3.651027595747577
DECISION t=0.03185390625000401 dt=1.5625E-7 iter=0 id=10048 sensor=4.99995000025 ref=1.9005042953523115 rail=3.801027595747577 before=HIGH/true after=HIGH/true output=3.651027595747577->3.651027595747577
SETTER t=0.03185390625000401 dt=1.5625E-7 iter=1 element=LimitedDcSupplyElm
RAIL t=0.03185390625000401 dt=1.5625E-7 iter=1 vin=4.608005748784186 vout=3.8005116788315356 enable=4.562381929435426 target=3.8080057487841863 drop=0.007494069952650673 requested=0.007494069952650673 delivered=0.07494069952650673 g=10.0 dtarget_dvin=1.0 dtarget_den=0.0 iin=0.07594069952650673 diin_dvin=10.0 diin_dvout=-10.0 diin_den=0.0
DECISION t=0.03185390625000401 dt=1.5625E-7 iter=1 id=9792 sensor=4.99995000025001 ref=1.9002463381840773 rail=3.8005116788315356 before=HIGH/true after=HIGH/true output=3.651027595747577->3.6505116788315357
DECISION t=0.03185390625000401 dt=1.5625E-7 iter=1 id=10048 sensor=4.99995000025 ref=1.9002463381840762 rail=3.8005116788315356 before=HIGH/true after=HIGH/true output=3.651027595747577->3.6505116788315357
RAIL t=0.03185390625000401 dt=1.5625E-7 iter=2 vin=4.608005748784201 vout=3.8005116788316973 enable=4.562381929496582 target=3.8080057487842014 drop=0.007494069952504123 requested=0.007494069952504123 delivered=0.07494069952504123 g=10.0 dtarget_dvin=1.0 dtarget_den=0.0 iin=0.07594069952504123 diin_dvin=10.0 diin_dvout=-10.0 diin_den=0.0
DECISION t=0.03185390625000401 dt=1.5625E-7 iter=2 id=9792 sensor=4.999950000250001 ref=1.900246338184158 rail=3.8005116788316973 before=HIGH/true after=HIGH/true output=3.6505116788315357->3.6505116788316974
DECISION t=0.03185390625000401 dt=1.5625E-7 iter=2 id=10048 sensor=4.99995000025 ref=1.9002463381841577 rail=3.8005116788316973 before=HIGH/true after=HIGH/true output=3.6505116788315357->3.6505116788316974
SETTER t=0.03185390625000401 dt=1.5625E-7 iter=2 element=NMosfetElm
RAIL t=0.03185390625000401 dt=1.5625E-7 iter=3 vin=4.608005748784201 vout=3.8005116788316977 enable=4.5623819294870565 target=3.8080057487842014 drop=0.007494069952503679 requested=0.007494069952503679 delivered=0.07494069952503679 g=10.0 dtarget_dvin=1.0 dtarget_den=0.0 iin=0.07594069952503679 diin_dvin=10.0 diin_dvout=-10.0 diin_den=0.0
DECISION t=0.03185390625000401 dt=1.5625E-7 iter=3 id=9792 sensor=4.999950000250001 ref=1.9002463381841581 rail=3.8005116788316977 before=HIGH/true after=HIGH/true output=3.6505116788316974->3.650511678831698
DECISION t=0.03185390625000401 dt=1.5625E-7 iter=3 id=10048 sensor=4.99995000025 ref=1.9002463381841581 rail=3.8005116788316977 before=HIGH/true after=HIGH/true output=3.6505116788316974->3.650511678831698
converged after 3 iterations, timeStep = 1.5625E-7
RAIL t=0.03185406250000401 dt=1.5625E-7 iter=0 vin=4.608005748784201 vout=3.8005116788316977 enable=4.5623819294870565 target=3.8080057487842014 drop=0.007494069952503679 requested=0.007494069952503679 delivered=0.07494069952503679 g=10.0 dtarget_dvin=1.0 dtarget_den=0.0 iin=0.07594069952503679 diin_dvin=10.0 diin_dvout=-10.0 diin_den=0.0
DECISION t=0.03185406250000401 dt=1.5625E-7 iter=0 id=9792 sensor=4.999950000250001 ref=1.9002463381841581 rail=3.8005116788316977 before=HIGH/true after=HIGH/true output=3.650511678831698->3.650511678831698
DECISION t=0.03185406250000401 dt=1.5625E-7 iter=0 id=10048 sensor=4.99995000025 ref=1.9002463381841581 rail=3.8005116788316977 before=HIGH/true after=HIGH/true output=3.650511678831698->3.650511678831698
SETTER t=0.03185406250000401 dt=1.5625E-7 iter=1 element=LimitedDcSupplyElm
RAIL t=0.03185406250000401 dt=1.5625E-7 iter=1 vin=4.607489733579746 vout=3.7999958349485685 enable=4.561871023361953 target=3.8074897335797457 drop=0.0074938986311772204 requested=0.0074938986311772204 delivered=0.0749389863117722 g=10.0 dtarget_dvin=1.0 dtarget_den=0.0 iin=0.0759389863117722 diin_dvin=10.0 diin_dvout=-10.0 diin_den=0.0
DECISION t=0.03185406250000401 dt=1.5625E-7 iter=1 id=9792 sensor=4.999950000249997 ref=1.899988417532197 rail=3.7999958349485685 before=HIGH/true after=BROWNOUT/false output=3.650511678831698->0.0
DECISION t=0.03185406250000401 dt=1.5625E-7 iter=1 id=10048 sensor=4.99995000025 ref=1.8999884175321962 rail=3.7999958349485685 before=HIGH/true after=BROWNOUT/false output=3.650511678831698->0.0
RAIL t=0.03185406250000401 dt=1.5625E-7 iter=2 vin=4.607489733625991 vout=3.7999958362971538 enable=4.561871023367393 target=3.8074897336259914 drop=0.007493897328837651 requested=0.007493897328837651 delivered=0.07493897328837651 g=10.0 dtarget_dvin=1.0 dtarget_den=0.0 iin=0.07593897328837651 diin_dvin=10.0 diin_dvout=-10.0 diin_den=0.0
DECISION t=0.03185406250000401 dt=1.5625E-7 iter=2 id=9792 sensor=4.99995000025001 ref=1.8999884182064861 rail=3.7999958362971538 before=BROWNOUT/false after=BROWNOUT/false output=0.0->0.0
DECISION t=0.03185406250000401 dt=1.5625E-7 iter=2 id=10048 sensor=4.99995000025 ref=1.8999884182064857 rail=3.7999958362971538 before=BROWNOUT/false after=BROWNOUT/false output=0.0->0.0
SETTER t=0.03185406250000401 dt=1.5625E-7 iter=2 element=NMosfetElm
RAIL t=0.03185406250000401 dt=1.5625E-7 iter=3 vin=4.607502872958358 vout=3.8003790629745184 enable=4.561884032632974 target=3.8075028729583584 drop=0.00712380998383999 requested=0.00712380998383999 delivered=0.0712380998383999 g=10.0 dtarget_dvin=1.0 dtarget_den=0.0 iin=0.0722380998383999 diin_dvin=10.0 diin_dvout=-10.0 diin_den=0.0
SETTER t=0.03185406250000401 dt=1.5625E-7 iter=3 element=LinearRegulatorElm
DECISION t=0.03185406250000401 dt=1.5625E-7 iter=3 id=9792 sensor=4.999950000249997 ref=1.9001800305871068 rail=3.8003790629745184 before=BROWNOUT/false after=HIGH/true output=0.0->3.6503790629745185
DECISION t=0.03185406250000401 dt=1.5625E-7 iter=3 id=10048 sensor=4.99995000025 ref=1.9001800305871073 rail=3.8003790629745184 before=BROWNOUT/false after=HIGH/true output=0.0->3.6503790629745185
SETTER t=0.03185406250000401 dt=1.5625E-7 iter=4 element=LimitedDcSupplyElm
RAIL t=0.03185406250000401 dt=1.5625E-7 iter=4 vin=4.6075490605543195 vout=3.801726187574946 enable=4.561929762894824 target=3.8075490605543196 drop=0.00582287297937345 requested=0.00582287297937345 delivered=0.0582287297937345 g=10.0 dtarget_dvin=1.0 dtarget_den=0.0 iin=0.0592287297937345 diin_dvin=10.0 diin_dvout=-10.0 diin_den=0.0
DECISION t=0.03185406250000401 dt=1.5625E-7 iter=4 id=9792 sensor=4.999950000250002 ref=1.9008535895195253 rail=3.801726187574946 before=HIGH/true after=HIGH/true output=3.6503790629745185->3.6517261875749463
DECISION t=0.03185406250000401 dt=1.5625E-7 iter=4 id=10048 sensor=4.99995000025 ref=1.9008535895195253 rail=3.801726187574946 before=HIGH/true after=HIGH/true output=3.6503790629745185->3.6517261875749463
SETTER t=0.03185406250000401 dt=1.5625E-7 iter=5 element=LimitedDcSupplyElm
RAIL t=0.03185406250000401 dt=1.5625E-7 iter=5 vin=4.60392603243981 vout=3.696055620975311 enable=4.558342606347419 target=3.8039260324398105 drop=0.020000000000000004 requested=0.1078704114644995 delivered=0.20000000000000004 g=10.0 dtarget_dvin=1.0 dtarget_den=0.0 iin=0.20100000000000004 diin_dvin=10.0 diin_dvout=-10.0 diin_den=0.0
DECISION t=0.03185406250000401 dt=1.5625E-7 iter=5 id=9792 sensor=4.999950000250003 ref=1.848018570394803 rail=3.696055620975311 before=HIGH/true after=BROWNOUT/false output=3.6517261875749463->0.0
DECISION t=0.03185406250000401 dt=1.5625E-7 iter=5 id=10048 sensor=4.99995000025 ref=1.8480185703948033 rail=3.696055620975311 before=HIGH/true after=BROWNOUT/false output=3.6517261875749463->0.0
SETTER t=0.03185406250000401 dt=1.5625E-7 iter=6 element=LimitedDcSupplyElm
RAIL t=0.03185406250000401 dt=1.5625E-7 iter=6 vin=4.607489707794167 vout=3.799995862556376 enable=4.561870997879888 target=3.8074897077941676 drop=0.007493845237791508 requested=0.007493845237791508 delivered=0.07493845237791508 g=10.0 dtarget_dvin=1.0 dtarget_den=0.0 iin=0.07593845237791508 diin_dvin=10.0 diin_dvout=-10.0 diin_den=0.0
DECISION t=0.03185406250000401 dt=1.5625E-7 iter=6 id=9792 sensor=4.999950000249997 ref=1.8999884313360322 rail=3.799995862556376 before=BROWNOUT/false after=BROWNOUT/false output=0.0->0.0
DECISION t=0.03185406250000401 dt=1.5625E-7 iter=6 id=10048 sensor=4.99995000025 ref=1.8999884313360316 rail=3.799995862556376 before=BROWNOUT/false after=BROWNOUT/false output=0.0->0.0
SETTER t=0.03185406250000401 dt=1.5625E-7 iter=7 element=LimitedDcSupplyElm
RAIL t=0.03185406250000401 dt=1.5625E-7 iter=7 vin=4.607548157701565 vout=3.8016998547586183 enable=4.561928868962135 target=3.8075481577015653 drop=0.005848302942947026 requested=0.005848302942947026 delivered=0.05848302942947026 g=10.0 dtarget_dvin=1.0 dtarget_den=0.0 iin=0.05948302942947026 diin_dvin=10.0 diin_dvout=-10.0 diin_den=0.0
DECISION t=0.03185406250000401 dt=1.5625E-7 iter=7 id=9792 sensor=4.999950000250001 ref=1.900840423177193 rail=3.8016998547586183 before=BROWNOUT/false after=HIGH/true output=0.0->3.6516998547586184
DECISION t=0.03185406250000401 dt=1.5625E-7 iter=7 id=10048 sensor=4.99995000025 ref=1.9008404231771932 rail=3.8016998547586183 before=BROWNOUT/false after=HIGH/true output=0.0->3.6516998547586184
RAIL t=0.03185406250000401 dt=1.5625E-7 iter=8 vin=4.6075491599629625 vout=3.8017290868385323 enable=4.561929861325701 target=3.8075491599629627 drop=0.005820073124430447 requested=0.005820073124430447 delivered=0.05820073124430447 g=10.0 dtarget_dvin=1.0 dtarget_den=0.0 iin=0.05920073124430447 diin_dvin=10.0 diin_dvout=-10.0 diin_den=0.0
SETTER t=0.03185406250000401 dt=1.5625E-7 iter=8 element=LinearRegulatorElm
DECISION t=0.03185406250000401 dt=1.5625E-7 iter=8 id=9792 sensor=4.999950000250006 ref=1.9008550391440706 rail=3.8017290868385323 before=HIGH/true after=HIGH/true output=3.6516998547586184->3.6517290868385324
DECISION t=0.03185406250000401 dt=1.5625E-7 iter=8 id=10048 sensor=4.99995000025 ref=1.9008550391440713 rail=3.8017290868385323 before=HIGH/true after=HIGH/true output=3.6516998547586184->3.6517290868385324
SETTER t=0.03185406250000401 dt=1.5625E-7 iter=9 element=LimitedDcSupplyElm
RAIL t=0.03185406250000401 dt=1.5625E-7 iter=9 vin=4.598134261126001 vout=3.527130695229906 enable=4.552608179423494 target=3.798134261126001 drop=0.020000000000000004 requested=0.27100356589609476 delivered=0.20000000000000004 g=10.0 dtarget_dvin=1.0 dtarget_den=0.0 iin=0.20100000000000004 diin_dvin=10.0 diin_dvout=-10.0 diin_den=0.0
DECISION t=0.03185406250000401 dt=1.5625E-7 iter=9 id=9792 sensor=4.999950000250002 ref=1.7635565298323044 rail=3.527130695229906 before=HIGH/true after=BROWNOUT/false output=3.6517290868385324->0.0
DECISION t=0.03185406250000401 dt=1.5625E-7 iter=9 id=10048 sensor=4.99995000025 ref=1.7635565298323037 rail=3.527130695229906 before=HIGH/true after=BROWNOUT/false output=3.6517290868385324->0.0
SETTER t=0.03185406250000401 dt=1.5625E-7 iter=10 element=LimitedDcSupplyElm
RAIL t=0.03185406250000401 dt=1.5625E-7 iter=10 vin=4.6074895418959185 vout=3.7999960050676975 enable=4.561870833582428 target=3.8074895418959187 drop=0.007493536828221181 requested=0.007493536828221181 delivered=0.07493536828221181 g=10.0 dtarget_dvin=1.0 dtarget_den=0.0 iin=0.07593536828221181 diin_dvin=10.0 diin_dvout=-10.0 diin_den=0.0
DECISION t=0.03185406250000401 dt=1.5625E-7 iter=10 id=9792 sensor=4.999950000250014 ref=1.8999885025913366 rail=3.7999960050676975 before=BROWNOUT/false after=BROWNOUT/false output=0.0->0.0
DECISION t=0.03185406250000401 dt=1.5625E-7 iter=10 id=10048 sensor=4.99995000025 ref=1.8999885025913368 rail=3.7999960050676975 before=BROWNOUT/false after=BROWNOUT/false output=0.0->0.0
SETTER t=0.03185406250000401 dt=1.5625E-7 iter=11 element=LimitedDcSupplyElm
RAIL t=0.03185406250000401 dt=1.5625E-7 iter=11 vin=4.607548931271101 vout=3.8017224173531727 enable=4.561929634909959 target=3.807548931271101 drop=0.0058265139179281 requested=0.0058265139179281 delivered=0.058265139179281 g=10.0 dtarget_dvin=1.0 dtarget_den=0.0 iin=0.059265139179281 diin_dvin=10.0 diin_dvout=-10.0 diin_den=0.0
DECISION t=0.03185406250000401 dt=1.5625E-7 iter=11 id=9792 sensor=4.999950000250002 ref=1.9008517044180635 rail=3.8017224173531727 before=BROWNOUT/false after=HIGH/true output=0.0->3.651722417353173
DECISION t=0.03185406250000401 dt=1.5625E-7 iter=11 id=10048 sensor=4.99995000025 ref=1.900851704418064 rail=3.8017224173531727 before=BROWNOUT/false after=HIGH/true output=0.0->3.651722417353173
RAIL t=0.03185406250000401 dt=1.5625E-7 iter=12 vin=4.607549046759514 vout=3.801725785105161 enable=4.56192974926431 target=3.8075490467595143 drop=0.005823261654353207 requested=0.005823261654353207 delivered=0.05823261654353207 g=10.0 dtarget_dvin=1.0 dtarget_den=0.0 iin=0.05923261654353207 diin_dvin=10.0 diin_dvout=-10.0 diin_den=0.0
DECISION t=0.03185406250000401 dt=1.5625E-7 iter=12 id=9792 sensor=4.999950000250006 ref=1.9008533882856393 rail=3.801725785105161 before=HIGH/true after=HIGH/true output=3.651722417353173->3.651725785105161
DECISION t=0.03185406250000401 dt=1.5625E-7 iter=12 id=10048 sensor=4.99995000025 ref=1.9008533882856389 rail=3.801725785105161 before=HIGH/true after=HIGH/true output=3.651722417353173->3.651725785105161
SETTER t=0.03185406250000401 dt=1.5625E-7 iter=12 element=NMosfetElm
SETTER t=0.03185406250000401 dt=1.5625E-7 iter=13 element=LimitedDcSupplyElm
RAIL t=0.03185406250000401 dt=1.5625E-7 iter=13 vin=4.590466570278588 vout=3.3034920122602607 enable=4.54501640636073 target=3.7904665702785882 drop=0.020000000000000004 requested=0.48697455801832756 delivered=0.20000000000000004 g=10.0 dtarget_dvin=1.0 dtarget_den=0.0 iin=0.20100000000000004 diin_dvin=10.0 diin_dvout=-10.0 diin_den=0.0
DECISION t=0.03185406250000401 dt=1.5625E-7 iter=13 id=9792 sensor=4.999950000250002 ref=1.6517377474413928 rail=3.3034920122602607 before=HIGH/true after=BROWNOUT/false output=3.651725785105161->0.0
DECISION t=0.03185406250000401 dt=1.5625E-7 iter=13 id=10048 sensor=4.99995000025 ref=1.651737747441393 rail=3.3034920122602607 before=HIGH/true after=BROWNOUT/false output=3.651725785105161->0.0
SETTER t=0.03185406250000401 dt=1.5625E-7 iter=14 element=LimitedDcSupplyElm
RAIL t=0.03185406250000401 dt=1.5625E-7 iter=14 vin=4.607518321767898 vout=3.8008506331601115 enable=4.561899329140152 target=3.8075183217678985 drop=0.006667688607786992 requested=0.006667688607786992 delivered=0.06667688607786992 g=10.0 dtarget_dvin=1.0 dtarget_den=0.0 iin=0.06767688607786992 diin_dvin=10.0 diin_dvout=-10.0 diin_den=0.0
DECISION t=0.03185406250000401 dt=1.5625E-7 iter=14 id=9792 sensor=4.99995000025 ref=1.900415814500983 rail=3.8008506331601115 before=BROWNOUT/false after=HIGH/true output=0.0->3.6508506331601116
DECISION t=0.03185406250000401 dt=1.5625E-7 iter=14 id=10048 sensor=4.99995000025 ref=1.900415814500984 rail=3.8008506331601115 before=BROWNOUT/false after=HIGH/true output=0.0->3.6508506331601116
SETTER t=0.03185406250000401 dt=1.5625E-7 iter=15 element=LimitedDcSupplyElm
RAIL t=0.03185406250000401 dt=1.5625E-7 iter=15 vin=4.60754909777838 vout=3.8017272752666647 enable=4.561929799773635 target=3.80754909777838 drop=0.005821822511715258 requested=0.005821822511715258 delivered=0.05821822511715258 g=10.0 dtarget_dvin=1.0 dtarget_den=0.0 iin=0.05921822511715258 diin_dvin=10.0 diin_dvout=-10.0 diin_den=0.0
DECISION t=0.03185406250000401 dt=1.5625E-7 iter=15 id=9792 sensor=4.999950000249997 ref=1.9008541333626654 rail=3.8017272752666647 before=HIGH/true after=HIGH/true output=3.6508506331601116->3.6517272752666647
DECISION t=0.03185406250000401 dt=1.5625E-7 iter=15 id=10048 sensor=4.99995000025 ref=1.9008541333626658 rail=3.8017272752666647 before=HIGH/true after=HIGH/true output=3.6508506331601116->3.6517272752666647
SETTER t=0.03185406250000401 dt=1.5625E-7 iter=16 element=LimitedDcSupplyElm
RAIL t=0.03185406250000401 dt=1.5625E-7 iter=16 vin=4.590466549302742 vout=3.3034914005410685 enable=4.545016385535032 target=3.7904665493027423 drop=0.020000000000000004 requested=0.4869751487616738 delivered=0.20000000000000004 g=10.0 dtarget_dvin=1.0 dtarget_den=0.0 iin=0.20100000000000004 diin_dvin=10.0 diin_dvout=-10.0 diin_den=0.0
DECISION t=0.03185406250000401 dt=1.5625E-7 iter=16 id=9792 sensor=4.999950000250002 ref=1.651737441583326 rail=3.3034914005410685 before=HIGH/true after=BROWNOUT/false output=3.6517272752666647->0.0
DECISION t=0.03185406250000401 dt=1.5625E-7 iter=16 id=10048 sensor=4.99995000025 ref=1.6517374415833261 rail=3.3034914005410685 before=HIGH/true after=BROWNOUT/false output=3.6517272752666647->0.0
SETTER t=0.03185406250000401 dt=1.5625E-7 iter=17 element=LimitedDcSupplyElm
RAIL t=0.03185406250000401 dt=1.5625E-7 iter=17 vin=4.607518147485763 vout=3.8008455496345555 enable=4.561899156353733 target=3.807518147485763 drop=0.006672597851207662 requested=0.006672597851207662 delivered=0.06672597851207662 g=10.0 dtarget_dvin=1.0 dtarget_den=0.0 iin=0.06772597851207662 diin_dvin=10.0 diin_dvout=-10.0 diin_den=0.0
DECISION t=0.03185406250000401 dt=1.5625E-7 iter=17 id=9792 sensor=4.9999500002499975 ref=1.900413272750914 rail=3.8008455496345555 before=BROWNOUT/false after=HIGH/true output=0.0->3.6508455496345555
DECISION t=0.03185406250000401 dt=1.5625E-7 iter=17 id=10048 sensor=4.99995000025 ref=1.9004132727509142 rail=3.8008455496345555 before=BROWNOUT/false after=HIGH/true output=0.0->3.6508455496345555
timestep down to 7.8125E-8 at 0.03185406250000401
SETTER t=0.03185406250000401 dt=7.8125E-8 iter=0 element=LimitedDcSupplyElm
RAIL t=0.03185406250000401 dt=7.8125E-8 iter=0 vin=4.608005748784201 vout=3.8005116788316977 enable=4.5623819294870565 target=3.8080057487842014 drop=0.007494069952503679 requested=0.007494069952503679 delivered=0.07494069952503679 g=10.0 dtarget_dvin=1.0 dtarget_den=0.0 iin=0.07594069952503679 diin_dvin=10.0 diin_dvout=-10.0 diin_den=0.0
DECISION t=0.03185406250000401 dt=7.8125E-8 iter=0 id=9792 sensor=4.999950000250001 ref=1.9002463381841581 rail=3.8005116788316977 before=HIGH/true after=HIGH/true output=3.6517272641038985->3.650511678831698
DECISION t=0.03185406250000401 dt=7.8125E-8 iter=0 id=10048 sensor=4.99995000025 ref=1.9002463381841581 rail=3.8005116788316977 before=HIGH/true after=HIGH/true output=3.6517272641038985->3.650511678831698
SETTER t=0.03185406250000401 dt=7.8125E-8 iter=1 element=LimitedDcSupplyElm
RAIL t=0.03185406250000401 dt=7.8125E-8 iter=1 vin=4.607391705239817 vout=3.76531077925264 enable=4.56177397121028 target=3.8073917052398167 drop=0.020000000000000004 requested=0.04208092598717661 delivered=0.20000000000000004 g=10.0 dtarget_dvin=1.0 dtarget_den=0.0 iin=0.20100000000000004 diin_dvin=10.0 diin_dvout=-10.0 diin_den=0.0
DECISION t=0.03185406250000401 dt=7.8125E-8 iter=1 id=9792 sensor=4.999950000249998 ref=1.882645976396438 rail=3.76531077925264 before=HIGH/true after=BROWNOUT/false output=3.650511678831698->0.0
DECISION t=0.03185406250000401 dt=7.8125E-8 iter=1 id=10048 sensor=4.99995000025 ref=1.882645976396439 rail=3.76531077925264 before=HIGH/true after=BROWNOUT/false output=3.650511678831698->0.0
SETTER t=0.03185406250000401 dt=7.8125E-8 iter=2 element=LimitedDcSupplyElm
RAIL t=0.03185406250000401 dt=7.8125E-8 iter=2 vin=4.655785755803056 vout=6.5395705043687835 enable=4.60968887066379 target=3.8557857558030566 drop=-0.48 requested=-2.683784748565727 delivered=-4.8E-7 g=1.0E-6 dtarget_dvin=1.0 dtarget_den=0.0 iin=9.9952E-4 diin_dvin=1.0E-6 diin_dvout=-1.0E-6 diin_den=0.0
DECISION t=0.03185406250000401 dt=7.8125E-8 iter=2 id=9792 sensor=4.999950000250001 ref=3.2697689033398754 rail=6.5395705043687835 before=BROWNOUT/false after=HIGH/true output=0.0->6.389570504368783
DECISION t=0.03185406250000401 dt=7.8125E-8 iter=2 id=10048 sensor=4.99995000025 ref=3.2697689033398745 rail=6.5395705043687835 before=BROWNOUT/false after=HIGH/true output=0.0->6.389570504368783
SETTER t=0.03185406250000401 dt=7.8125E-8 iter=3 element=LimitedDcSupplyElm
RAIL t=0.03185406250000401 dt=7.8125E-8 iter=3 vin=4.60813744260734 vout=3.7975849768137024 enable=4.562512318093395 target=3.8081374426073404 drop=0.010552465793638 requested=0.010552465793638 delivered=0.10552465793638 g=10.0 dtarget_dvin=1.0 dtarget_den=0.0 iin=0.10652465793638 diin_dvin=10.0 diin_dvout=-10.0 diin_den=0.0
DECISION t=0.03185406250000401 dt=7.8125E-8 iter=3 id=9792 sensor=4.999950000250006 ref=1.898782994491879 rail=3.7975849768137024 before=HIGH/true after=BROWNOUT/false output=6.389570504368783->0.0
DECISION t=0.03185406250000401 dt=7.8125E-8 iter=3 id=10048 sensor=4.99995000025 ref=1.8987829944918793 rail=3.7975849768137024 before=HIGH/true after=BROWNOUT/false output=6.389570504368783->0.0
SETTER t=0.03185406250000401 dt=7.8125E-8 iter=4 element=LimitedDcSupplyElm
RAIL t=0.03185406250000401 dt=7.8125E-8 iter=4 vin=4.60800575104471 vout=3.800511818639843 enable=4.5623819309463 target=3.8080057510447105 drop=0.007493932404867287 requested=0.007493932404867287 delivered=0.07493932404867287 g=10.0 dtarget_dvin=1.0 dtarget_den=0.0 iin=0.07593932404867287 diin_dvin=10.0 diin_dvout=-10.0 diin_den=0.0
DECISION t=0.03185406250000401 dt=7.8125E-8 iter=4 id=9792 sensor=4.999950000249997 ref=1.9002464080878816 rail=3.800511818639843 before=BROWNOUT/false after=HIGH/true output=0.0->3.6505118186398433
DECISION t=0.03185406250000401 dt=7.8125E-8 iter=4 id=10048 sensor=4.99995000025 ref=1.9002464080878823 rail=3.800511818639843 before=BROWNOUT/false after=HIGH/true output=0.0->3.6505118186398433
RAIL t=0.03185406250000401 dt=7.8125E-8 iter=5 vin=4.608005749966083 vout=3.8005117465847795 enable=4.562381930612804 target=3.8080057499660835 drop=0.007494003381304015 requested=0.007494003381304015 delivered=0.07494003381304015 g=10.0 dtarget_dvin=1.0 dtarget_den=0.0 iin=0.07594003381304015 diin_dvin=10.0 diin_dvout=-10.0 diin_den=0.0
DECISION t=0.03185406250000401 dt=7.8125E-8 iter=5 id=9792 sensor=4.999950000249998 ref=1.9002463720605287 rail=3.8005117465847795 before=HIGH/true after=HIGH/true output=3.6505118186398433->3.6505117465847796
DECISION t=0.03185406250000401 dt=7.8125E-8 iter=5 id=10048 sensor=4.99995000025 ref=1.900246372060529 rail=3.8005117465847795 before=HIGH/true after=HIGH/true output=3.6505118186398433->3.6505117465847796
SETTER t=0.03185406250000401 dt=7.8125E-8 iter=5 element=NMosfetElm
RAIL t=0.03185406250000401 dt=7.8125E-8 iter=6 vin=4.608005726100775 vout=3.8005103784728425 enable=4.562381907214364 target=3.8080057261007756 drop=0.0074953476279331355 requested=0.0074953476279331355 delivered=0.07495347627933135 g=10.0 dtarget_dvin=1.0 dtarget_den=0.0 iin=0.07595347627933136 diin_dvin=10.0 diin_dvout=-10.0 diin_den=0.0
DECISION t=0.03185406250000401 dt=7.8125E-8 iter=6 id=9792 sensor=4.999950000249998 ref=1.9002456880079812 rail=3.8005103784728425 before=HIGH/true after=HIGH/true output=3.6505117465847796->3.6505103784728425
DECISION t=0.03185406250000401 dt=7.8125E-8 iter=6 id=10048 sensor=4.99995000025 ref=1.900245688007981 rail=3.8005103784728425 before=HIGH/true after=HIGH/true output=3.6505117465847796->3.6505103784728425
SETTER t=0.03185406250000401 dt=7.8125E-8 iter=6 element=NMosfetElm
RAIL t=0.03185406250000401 dt=7.8125E-8 iter=7 vin=4.60801774869862 vout=3.801199590603313 enable=4.562393810401192 target=3.80801774869862 drop=0.006818158095307059 requested=0.006818158095307059 delivered=0.06818158095307059 g=10.0 dtarget_dvin=1.0 dtarget_den=0.0 iin=0.06918158095307059 diin_dvin=10.0 diin_dvout=-10.0 diin_den=0.0
SETTER t=0.03185406250000401 dt=7.8125E-8 iter=7 element=LinearRegulatorElm
DECISION t=0.03185406250000401 dt=7.8125E-8 iter=7 id=9792 sensor=4.999950000250003 ref=1.9005902923501954 rail=3.801199590603313 before=HIGH/true after=HIGH/true output=3.6505103784728425->3.651199590603313
DECISION t=0.03185406250000401 dt=7.8125E-8 iter=7 id=10048 sensor=4.99995000025 ref=1.9005902923501947 rail=3.801199590603313 before=HIGH/true after=HIGH/true output=3.6505103784728425->3.651199590603313
RAIL t=0.03185406250000401 dt=7.8125E-8 iter=8 vin=4.608005749842021 vout=3.8005117394812915 enable=4.562381931055501 target=3.808005749842021 drop=0.007494010360729497 requested=0.007494010360729497 delivered=0.07494010360729497 g=10.0 dtarget_dvin=1.0 dtarget_den=0.0 iin=0.07594010360729497 diin_dvin=10.0 diin_dvout=-10.0 diin_den=0.0
SETTER t=0.03185406250000401 dt=7.8125E-8 iter=8 element=LinearRegulatorElm
DECISION t=0.03185406250000401 dt=7.8125E-8 iter=8 id=9792 sensor=4.999950000249998 ref=1.9002463685088031 rail=3.8005117394812915 before=HIGH/true after=HIGH/true output=3.651199590603313->3.6505117394812916
DECISION t=0.03185406250000401 dt=7.8125E-8 iter=8 id=10048 sensor=4.99995000025 ref=1.9002463685088036 rail=3.8005117394812915 before=HIGH/true after=HIGH/true output=3.651199590603313->3.6505117394812916
RAIL t=0.03185406250000401 dt=7.8125E-8 iter=9 vin=4.608005749862793 vout=3.8005117406634605 enable=4.562381930640684 target=3.808005749862793 drop=0.007494009199332297 requested=0.007494009199332297 delivered=0.07494009199332297 g=10.0 dtarget_dvin=1.0 dtarget_den=0.0 iin=0.07594009199332297 diin_dvin=10.0 diin_dvout=-10.0 diin_den=0.0
DECISION t=0.03185406250000401 dt=7.8125E-8 iter=9 id=9792 sensor=4.999950000249995 ref=1.9002463690998854 rail=3.8005117406634605 before=HIGH/true after=HIGH/true output=3.6505117394812916->3.6505117406634606
DECISION t=0.03185406250000401 dt=7.8125E-8 iter=9 id=10048 sensor=4.99995000025 ref=1.9002463690998852 rail=3.8005117406634605 before=HIGH/true after=HIGH/true output=3.6505117394812916->3.6505117406634606
SETTER t=0.03185406250000401 dt=7.8125E-8 iter=9 element=NMosfetElm
RAIL t=0.03185406250000401 dt=7.8125E-8 iter=10 vin=4.608005749996203 vout=3.80051174831144 enable=4.5623819306542215 target=3.8080057499962034 drop=0.0074940016847633295 requested=0.0074940016847633295 delivered=0.0749400168476333 g=10.0 dtarget_dvin=1.0 dtarget_den=0.0 iin=0.0759400168476333 diin_dvin=10.0 diin_dvout=-10.0 diin_den=0.0
DECISION t=0.03185406250000401 dt=7.8125E-8 iter=10 id=9792 sensor=4.999950000249998 ref=1.900246372923855 rail=3.80051174831144 before=HIGH/true after=HIGH/true output=3.6505117406634606->3.65051174831144
DECISION t=0.03185406250000401 dt=7.8125E-8 iter=10 id=10048 sensor=4.99995000025 ref=1.9002463729238557 rail=3.80051174831144 before=HIGH/true after=HIGH/true output=3.6505117406634606->3.65051174831144
SETTER t=0.03185406250000401 dt=7.8125E-8 iter=10 element=NMosfetElm
RAIL t=0.03185406250000401 dt=7.8125E-8 iter=11 vin=4.60800575000893 vout=3.8005117490410374 enable=4.56238193069938 target=3.80800575000893 drop=0.007494000967892767 requested=0.007494000967892767 delivered=0.07494000967892767 g=10.0 dtarget_dvin=1.0 dtarget_den=0.0 iin=0.07594000967892767 diin_dvin=10.0 diin_dvout=-10.0 diin_den=0.0
DECISION t=0.03185406250000401 dt=7.8125E-8 iter=11 id=9792 sensor=4.999950000249998 ref=1.9002463732886512 rail=3.8005117490410374 before=HIGH/true after=HIGH/true output=3.65051174831144->3.6505117490410375
DECISION t=0.03185406250000401 dt=7.8125E-8 iter=11 id=10048 sensor=4.99995000025 ref=1.900246373288652 rail=3.8005117490410374 before=HIGH/true after=HIGH/true output=3.65051174831144->3.6505117490410375
SETTER t=0.03185406250000401 dt=7.8125E-8 iter=11 element=NMosfetElm
RAIL t=0.03185406250000401 dt=7.8125E-8 iter=12 vin=4.608005750009129 vout=3.8005117490524127 enable=4.562381930676537 target=3.808005750009129 drop=0.0074940009567163735 requested=0.0074940009567163735 delivered=0.07494000956716373 g=10.0 dtarget_dvin=1.0 dtarget_den=0.0 iin=0.07594000956716374 diin_dvin=10.0 diin_dvout=-10.0 diin_den=0.0
DECISION t=0.03185406250000401 dt=7.8125E-8 iter=12 id=9792 sensor=4.999950000250007 ref=1.900246373294339 rail=3.8005117490524127 before=HIGH/true after=HIGH/true output=3.6505117490410375->3.650511749052413
DECISION t=0.03185406250000401 dt=7.8125E-8 iter=12 id=10048 sensor=4.99995000025 ref=1.9002463732943398 rail=3.8005117490524127 before=HIGH/true after=HIGH/true output=3.6505117490410375->3.650511749052413
SETTER t=0.03185406250000401 dt=7.8125E-8 iter=12 element=NMosfetElm
RAIL t=0.03185406250000401 dt=7.8125E-8 iter=13 vin=4.608005750009129 vout=3.800511749052415 enable=4.562381930669772 target=3.808005750009129 drop=0.007494000956714153 requested=0.007494000956714153 delivered=0.07494000956714153 g=10.0 dtarget_dvin=1.0 dtarget_den=0.0 iin=0.07594000956714153 diin_dvin=10.0 diin_dvout=-10.0 diin_den=0.0
DECISION t=0.03185406250000401 dt=7.8125E-8 iter=13 id=9792 sensor=4.999950000250003 ref=1.9002463732943404 rail=3.800511749052415 before=HIGH/true after=HIGH/true output=3.650511749052413->3.650511749052415
DECISION t=0.03185406250000401 dt=7.8125E-8 iter=13 id=10048 sensor=4.99995000025 ref=1.900246373294341 rail=3.800511749052415 before=HIGH/true after=HIGH/true output=3.650511749052413->3.650511749052415
converged after 13 iterations, timeStep = 7.8125E-8
RAIL t=0.03185414062500401 dt=7.8125E-8 iter=0 vin=4.608005750009129 vout=3.800511749052415 enable=4.562381930669772 target=3.808005750009129 drop=0.007494000956714153 requested=0.007494000956714153 delivered=0.07494000956714153 g=10.0 dtarget_dvin=1.0 dtarget_den=0.0 iin=0.07594000956714153 diin_dvin=10.0 diin_dvout=-10.0 diin_den=0.0
DECISION t=0.03185414062500401 dt=7.8125E-8 iter=0 id=9792 sensor=4.999950000250003 ref=1.9002463732943404 rail=3.800511749052415 before=HIGH/true after=HIGH/true output=3.650511749052415->3.650511749052415
DECISION t=0.03185414062500401 dt=7.8125E-8 iter=0 id=10048 sensor=4.99995000025 ref=1.900246373294341 rail=3.800511749052415 before=HIGH/true after=HIGH/true output=3.650511749052415->3.650511749052415
SETTER t=0.03185414062500401 dt=7.8125E-8 iter=1 element=LimitedDcSupplyElm
RAIL t=0.03185414062500401 dt=7.8125E-8 iter=1 vin=4.607747745169446 vout=3.8002539267981197 enable=4.562126480352393 target=3.807747745169446 drop=0.007493818371326455 requested=0.007493818371326455 delivered=0.07493818371326455 g=10.0 dtarget_dvin=1.0 dtarget_den=0.0 iin=0.07593818371326455 diin_dvin=10.0 diin_dvout=-10.0 diin_den=0.0
DECISION t=0.03185414062500401 dt=7.8125E-8 iter=1 id=9792 sensor=4.999950000250003 ref=1.9001174628117463 rail=3.8002539267981197 before=HIGH/true after=HIGH/true output=3.650511749052415->3.6502539267981198
DECISION t=0.03185414062500401 dt=7.8125E-8 iter=1 id=10048 sensor=4.99995000025 ref=1.9001174628117465 rail=3.8002539267981197 before=HIGH/true after=HIGH/true output=3.650511749052415->3.6502539267981198
RAIL t=0.03185414062500401 dt=7.8125E-8 iter=2 vin=4.607747745169447 vout=3.8002539267981446 enable=4.562126480377829 target=3.807747745169447 drop=0.007493818371302474 requested=0.007493818371302474 delivered=0.07493818371302474 g=10.0 dtarget_dvin=1.0 dtarget_den=0.0 iin=0.07593818371302474 diin_dvin=10.0 diin_dvout=-10.0 diin_den=0.0
DECISION t=0.03185414062500401 dt=7.8125E-8 iter=2 id=9792 sensor=4.999950000249995 ref=1.9001174628117592 rail=3.8002539267981446 before=HIGH/true after=HIGH/true output=3.6502539267981198->3.6502539267981446
DECISION t=0.03185414062500401 dt=7.8125E-8 iter=2 id=10048 sensor=4.99995000025 ref=1.9001174628117594 rail=3.8002539267981446 before=HIGH/true after=HIGH/true output=3.6502539267981198->3.6502539267981446
SETTER t=0.03185414062500401 dt=7.8125E-8 iter=2 element=NMosfetElm
RAIL t=0.03185414062500401 dt=7.8125E-8 iter=3 vin=4.607747745169447 vout=3.8002539267981446 enable=4.562126480368302 target=3.807747745169447 drop=0.007493818371302474 requested=0.007493818371302474 delivered=0.07493818371302474 g=10.0 dtarget_dvin=1.0 dtarget_den=0.0 iin=0.07593818371302474 diin_dvin=10.0 diin_dvout=-10.0 diin_den=0.0
DECISION t=0.03185414062500401 dt=7.8125E-8 iter=3 id=9792 sensor=4.999950000249998 ref=1.9001174628117588 rail=3.8002539267981446 before=HIGH/true after=HIGH/true output=3.6502539267981446->3.6502539267981446
DECISION t=0.03185414062500401 dt=7.8125E-8 iter=3 id=10048 sensor=4.99995000025 ref=1.9001174628117596 rail=3.8002539267981446 before=HIGH/true after=HIGH/true output=3.6502539267981446->3.6502539267981446
converged after 3 iterations, timeStep = 7.8125E-8
RAIL t=0.03185421875000401 dt=7.8125E-8 iter=0 vin=4.607747745169447 vout=3.8002539267981446 enable=4.562126480368302 target=3.807747745169447 drop=0.007493818371302474 requested=0.007493818371302474 delivered=0.07493818371302474 g=10.0 dtarget_dvin=1.0 dtarget_den=0.0 iin=0.07593818371302474 diin_dvin=10.0 diin_dvout=-10.0 diin_den=0.0
DECISION t=0.03185421875000401 dt=7.8125E-8 iter=0 id=9792 sensor=4.999950000249998 ref=1.9001174628117588 rail=3.8002539267981446 before=HIGH/true after=HIGH/true output=3.6502539267981446->3.6502539267981446
DECISION t=0.03185421875000401 dt=7.8125E-8 iter=0 id=10048 sensor=4.99995000025 ref=1.9001174628117596 rail=3.8002539267981446 before=HIGH/true after=HIGH/true output=3.6502539267981446->3.6502539267981446
SETTER t=0.03185421875000401 dt=7.8125E-8 iter=1 element=LimitedDcSupplyElm
RAIL t=0.03185421875000401 dt=7.8125E-8 iter=1 vin=4.607489745624715 vout=3.7999960557086916 enable=4.561871035282176 target=3.807489745624715 drop=0.007493689916023616 requested=0.007493689916023616 delivered=0.07493689916023616 g=10.0 dtarget_dvin=1.0 dtarget_den=0.0 iin=0.07593689916023616 diin_dvin=10.0 diin_dvout=-10.0 diin_den=0.0
DECISION t=0.03185421875000401 dt=7.8125E-8 iter=1 id=9792 sensor=4.999950000249998 ref=1.8999885279117068 rail=3.7999960557086916 before=HIGH/true after=BROWNOUT/false output=3.6502539267981446->0.0
DECISION t=0.03185421875000401 dt=7.8125E-8 iter=1 id=10048 sensor=4.99995000025 ref=1.8999885279117068 rail=3.7999960557086916 before=HIGH/true after=BROWNOUT/false output=3.6502539267981446->0.0
RAIL t=0.03185421875000401 dt=7.8125E-8 iter=2 vin=4.607489745632173 vout=3.7999960561362154 enable=4.561871035275736 target=3.8074897456321732 drop=0.007493689495957856 requested=0.007493689495957856 delivered=0.07493689495957856 g=10.0 dtarget_dvin=1.0 dtarget_den=0.0 iin=0.07593689495957856 diin_dvin=10.0 diin_dvout=-10.0 diin_den=0.0
DECISION t=0.03185421875000401 dt=7.8125E-8 iter=2 id=9792 sensor=4.999950000249996 ref=1.8999885281254667 rail=3.7999960561362154 before=BROWNOUT/false after=BROWNOUT/false output=0.0->0.0
DECISION t=0.03185421875000401 dt=7.8125E-8 iter=2 id=10048 sensor=4.99995000025 ref=1.899988528125467 rail=3.7999960561362154 before=BROWNOUT/false after=BROWNOUT/false output=0.0->0.0
SETTER t=0.03185421875000401 dt=7.8125E-8 iter=2 element=NMosfetElm
RAIL t=0.03185421875000401 dt=7.8125E-8 iter=3 vin=4.607492128717702 vout=3.8001326698256572 enable=4.561873394760871 target=3.807492128717702 drop=0.007359458892044923 requested=0.007359458892044923 delivered=0.07359458892044923 g=10.0 dtarget_dvin=1.0 dtarget_den=0.0 iin=0.07459458892044923 diin_dvin=10.0 diin_dvout=-10.0 diin_den=0.0
SETTER t=0.03185421875000401 dt=7.8125E-8 iter=3 element=LinearRegulatorElm
DECISION t=0.03185421875000401 dt=7.8125E-8 iter=3 id=9792 sensor=4.999950000250002 ref=1.9000568346286557 rail=3.8001326698256572 before=BROWNOUT/false after=HIGH/true output=0.0->3.6501326698256573
DECISION t=0.03185421875000401 dt=7.8125E-8 iter=3 id=10048 sensor=4.99995000025 ref=1.900056834628656 rail=3.8001326698256572 before=BROWNOUT/false after=HIGH/true output=0.0->3.6501326698256573
RAIL t=0.03185421875000401 dt=7.8125E-8 iter=4 vin=4.607508881115615 vout=3.801093024309385 enable=4.561889981269997 target=3.8075088811156155 drop=0.006415856806230469 requested=0.006415856806230469 delivered=0.06415856806230469 g=10.0 dtarget_dvin=1.0 dtarget_den=0.0 iin=0.06515856806230469 diin_dvin=10.0 diin_dvout=-10.0 diin_den=0.0
SETTER t=0.03185421875000401 dt=7.8125E-8 iter=4 element=LinearRegulatorElm
DECISION t=0.03185421875000401 dt=7.8125E-8 iter=4 id=9792 sensor=4.999950000249998 ref=1.9005370094696459 rail=3.801093024309385 before=HIGH/true after=HIGH/true output=3.6501326698256573->3.651093024309385
DECISION t=0.03185421875000401 dt=7.8125E-8 iter=4 id=10048 sensor=4.99995000025 ref=1.9005370094696452 rail=3.801093024309385 before=HIGH/true after=HIGH/true output=3.6501326698256573->3.651093024309385
SETTER t=0.03185421875000401 dt=7.8125E-8 iter=5 element=LimitedDcSupplyElm
RAIL t=0.03185421875000401 dt=7.8125E-8 iter=5 vin=4.606331541401022 vout=3.7336003918400533 enable=4.5607242984129615 target=3.806331541401022 drop=0.020000000000000004 requested=0.0727311495609686 delivered=0.20000000000000004 g=10.0 dtarget_dvin=1.0 dtarget_den=0.0 iin=0.20100000000000004 diin_dvin=10.0 diin_dvout=-10.0 diin_den=0.0
DECISION t=0.03185421875000401 dt=7.8125E-8 iter=5 id=9792 sensor=4.99995000024999 ref=1.8667908619657163 rail=3.7336003918400533 before=HIGH/true after=BROWNOUT/false output=3.651093024309385->0.0
DECISION t=0.03185421875000401 dt=7.8125E-8 iter=5 id=10048 sensor=4.99995000025 ref=1.8667908619657163 rail=3.7336003918400533 before=HIGH/true after=BROWNOUT/false output=3.651093024309385->0.0
SETTER t=0.03185421875000401 dt=7.8125E-8 iter=6 element=LimitedDcSupplyElm
RAIL t=0.03185421875000401 dt=7.8125E-8 iter=6 vin=4.607489744428883 vout=3.7999960677661857 enable=4.561871034059445 target=3.8074897444288833 drop=0.007493676662697624 requested=0.007493676662697624 delivered=0.07493676662697624 g=10.0 dtarget_dvin=1.0 dtarget_den=0.0 iin=0.07593676662697624 diin_dvin=10.0 diin_dvout=-10.0 diin_den=0.0
DECISION t=0.03185421875000401 dt=7.8125E-8 iter=6 id=9792 sensor=4.999950000250001 ref=1.8999885339404237 rail=3.7999960677661857 before=BROWNOUT/false after=BROWNOUT/false output=0.0->0.0
DECISION t=0.03185421875000401 dt=7.8125E-8 iter=6 id=10048 sensor=4.99995000025 ref=1.8999885339404237 rail=3.7999960677661857 before=BROWNOUT/false after=BROWNOUT/false output=0.0->0.0
RAIL t=0.03185421875000401 dt=7.8125E-8 iter=7 vin=4.607508314193494 vout=3.8010605247173803 enable=4.561889420003558 target=3.807508314193494 drop=0.0064477894761134635 requested=0.0064477894761134635 delivered=0.06447789476113464 g=10.0 dtarget_dvin=1.0 dtarget_den=0.0 iin=0.06547789476113464 diin_dvin=10.0 diin_dvout=-10.0 diin_den=0.0
SETTER t=0.03185421875000401 dt=7.8125E-8 iter=7 element=LinearRegulatorElm
DECISION t=0.03185421875000401 dt=7.8125E-8 iter=7 id=9792 sensor=4.999950000250005 ref=1.9005207597548917 rail=3.8010605247173803 before=BROWNOUT/false after=HIGH/true output=0.0->3.6510605247173804
DECISION t=0.03185421875000401 dt=7.8125E-8 iter=7 id=10048 sensor=4.99995000025 ref=1.9005207597548914 rail=3.8010605247173803 before=BROWNOUT/false after=HIGH/true output=0.0->3.6510605247173804
RAIL t=0.03185421875000401 dt=7.8125E-8 iter=8 vin=4.607508952153863 vout=3.8010970966588915 enable=4.5618900515830445 target=3.8075089521538628 drop=0.0064118554949712525 requested=0.0064118554949712525 delivered=0.06411855494971253 g=10.0 dtarget_dvin=1.0 dtarget_den=0.0 iin=0.06511855494971253 diin_dvin=10.0 diin_dvout=-10.0 diin_den=0.0
SETTER t=0.03185421875000401 dt=7.8125E-8 iter=8 element=LinearRegulatorElm
DECISION t=0.03185421875000401 dt=7.8125E-8 iter=8 id=9792 sensor=4.999950000249998 ref=1.9005390456342173 rail=3.8010970966588915 before=HIGH/true after=HIGH/true output=3.6510605247173804->3.6510970966588916
DECISION t=0.03185421875000401 dt=7.8125E-8 iter=8 id=10048 sensor=4.99995000025 ref=1.9005390456342173 rail=3.8010970966588915 before=HIGH/true after=HIGH/true output=3.6510605247173804->3.6510970966588916
SETTER t=0.03185421875000401 dt=7.8125E-8 iter=9 element=LimitedDcSupplyElm
RAIL t=0.03185421875000401 dt=7.8125E-8 iter=9 vin=4.604451642281007 vout=3.6258325668423685 enable=4.558863012404219 target=3.8044516422810073 drop=0.020000000000000004 requested=0.17861907543863875 delivered=0.20000000000000004 g=10.0 dtarget_dvin=1.0 dtarget_den=0.0 iin=0.20100000000000004 diin_dvin=10.0 diin_dvout=-10.0 diin_den=0.0
DECISION t=0.03185421875000401 dt=7.8125E-8 iter=9 id=9792 sensor=4.999950000250003 ref=1.8129072188850899 rail=3.6258325668423685 before=HIGH/true after=BROWNOUT/false output=3.6510970966588916->0.0
DECISION t=0.03185421875000401 dt=7.8125E-8 iter=9 id=10048 sensor=4.99995000025 ref=1.8129072188850905 rail=3.6258325668423685 before=HIGH/true after=BROWNOUT/false output=3.6510970966588916->0.0
SETTER t=0.03185421875000401 dt=7.8125E-8 iter=10 element=LimitedDcSupplyElm
RAIL t=0.03185421875000401 dt=7.8125E-8 iter=10 vin=4.60748973709712 vout=3.7999961342613426 enable=4.561871026743816 target=3.8074897370971206 drop=0.007493602835777935 requested=0.007493602835777935 delivered=0.07493602835777935 g=10.0 dtarget_dvin=1.0 dtarget_den=0.0 iin=0.07593602835777935 diin_dvin=10.0 diin_dvout=-10.0 diin_den=0.0
DECISION t=0.03185421875000401 dt=7.8125E-8 iter=10 id=9792 sensor=4.99995000025 ref=1.899988567187836 rail=3.7999961342613426 before=BROWNOUT/false after=BROWNOUT/false output=0.0->0.0
DECISION t=0.03185421875000401 dt=7.8125E-8 iter=10 id=10048 sensor=4.99995000025 ref=1.8999885671878363 rail=3.7999961342613426 before=BROWNOUT/false after=BROWNOUT/false output=0.0->0.0
SETTER t=0.03185421875000401 dt=7.8125E-8 iter=11 element=LimitedDcSupplyElm
RAIL t=0.03185421875000401 dt=7.8125E-8 iter=11 vin=4.6075088359893925 vout=3.80109043740115 enable=4.561889936642802 target=3.8075088359893927 drop=0.006418398588242891 requested=0.006418398588242891 delivered=0.0641839858824289 g=10.0 dtarget_dvin=1.0 dtarget_den=0.0 iin=0.06518398588242891 diin_dvin=10.0 diin_dvout=-10.0 diin_den=0.0
DECISION t=0.03185421875000401 dt=7.8125E-8 iter=11 id=9792 sensor=4.99995000025 ref=1.9005357160219947 rail=3.80109043740115 before=BROWNOUT/false after=HIGH/true output=0.0->3.65109043740115
DECISION t=0.03185421875000401 dt=7.8125E-8 iter=11 id=10048 sensor=4.99995000025 ref=1.900535716021995 rail=3.80109043740115 before=BROWNOUT/false after=HIGH/true output=0.0->3.65109043740115
RAIL t=0.03185421875000401 dt=7.8125E-8 iter=12 vin=4.6075088757922735 vout=3.8010927191248 enable=4.56188997602285 target=3.8075088757922737 drop=0.00641615666747386 requested=0.00641615666747386 delivered=0.0641615666747386 g=10.0 dtarget_dvin=1.0 dtarget_den=0.0 iin=0.0651615666747386 diin_dvin=10.0 diin_dvout=-10.0 diin_den=0.0
DECISION t=0.03185421875000401 dt=7.8125E-8 iter=12 id=9792 sensor=4.999950000249995 ref=1.9005368568781156 rail=3.8010927191248 before=HIGH/true after=HIGH/true output=3.65109043740115->3.6510927191248
DECISION t=0.03185421875000401 dt=7.8125E-8 iter=12 id=10048 sensor=4.99995000025 ref=1.9005368568781162 rail=3.8010927191248 before=HIGH/true after=HIGH/true output=3.65109043740115->3.6510927191248
SETTER t=0.03185421875000401 dt=7.8125E-8 iter=12 element=NMosfetElm
SETTER t=0.03185421875000401 dt=7.8125E-8 iter=13 element=LimitedDcSupplyElm
RAIL t=0.03185421875000401 dt=7.8125E-8 iter=13 vin=4.602002552133622 vout=3.4854350765118083 enable=4.556438170698667 target=3.8020025521336223 drop=0.020000000000000004 requested=0.316567475621814 delivered=0.20000000000000004 g=10.0 dtarget_dvin=1.0 dtarget_den=0.0 iin=0.20100000000000004 diin_dvin=10.0 diin_dvout=-10.0 diin_den=0.0
DECISION t=0.03185421875000401 dt=7.8125E-8 iter=13 id=9792 sensor=4.999950000249995 ref=1.7427088247117808 rail=3.4854350765118083 before=HIGH/true after=BROWNOUT/false output=3.6510927191248->0.0
DECISION t=0.03185421875000401 dt=7.8125E-8 iter=13 id=10048 sensor=4.99995000025 ref=1.742708824711781 rail=3.4854350765118083 before=HIGH/true after=BROWNOUT/false output=3.6510927191248->0.0
SETTER t=0.03185421875000401 dt=7.8125E-8 iter=14 element=LimitedDcSupplyElm
RAIL t=0.03185421875000401 dt=7.8125E-8 iter=14 vin=4.607494471164536 vout=3.8002688636975996 enable=4.5618757140892905 target=3.807494471164536 drop=0.007225607466936346 requested=0.007225607466936346 delivered=0.07225607466936346 g=10.0 dtarget_dvin=1.0 dtarget_den=0.0 iin=0.07325607466936346 diin_dvin=10.0 diin_dvout=-10.0 diin_den=0.0
DECISION t=0.03185421875000401 dt=7.8125E-8 iter=14 id=9792 sensor=4.999950000250003 ref=1.9001249312241433 rail=3.8002688636975996 before=BROWNOUT/false after=HIGH/true output=0.0->3.6502688636975997
DECISION t=0.03185421875000401 dt=7.8125E-8 iter=14 id=10048 sensor=4.99995000025 ref=1.9001249312241433 rail=3.8002688636975996 before=BROWNOUT/false after=HIGH/true output=0.0->3.6502688636975997
SETTER t=0.03185421875000401 dt=7.8125E-8 iter=15 element=LimitedDcSupplyElm
RAIL t=0.03185421875000401 dt=7.8125E-8 iter=15 vin=4.607508891830833 vout=3.8010936386042666 enable=4.561889991892649 target=3.8075088918308335 drop=0.006415253226566886 requested=0.006415253226566886 delivered=0.06415253226566886 g=10.0 dtarget_dvin=1.0 dtarget_den=0.0 iin=0.06515253226566886 diin_dvin=10.0 diin_dvout=-10.0 diin_den=0.0
DECISION t=0.03185421875000401 dt=7.8125E-8 iter=15 id=9792 sensor=4.999950000250007 ref=1.9005373166155497 rail=3.8010936386042666 before=HIGH/true after=HIGH/true output=3.6502688636975997->3.6510936386042667
DECISION t=0.03185421875000401 dt=7.8125E-8 iter=15 id=10048 sensor=4.99995000025 ref=1.90053731661555 rail=3.8010936386042666 before=HIGH/true after=HIGH/true output=3.6502688636975997->3.6510936386042667
SETTER t=0.03185421875000401 dt=7.8125E-8 iter=16 element=LimitedDcSupplyElm
RAIL t=0.03185421875000401 dt=7.8125E-8 iter=16 vin=4.602002548210219 vout=3.4854348516075224 enable=4.556438166539297 target=3.8020025482102193 drop=0.020000000000000004 requested=0.3165676966026969 delivered=0.20000000000000004 g=10.0 dtarget_dvin=1.0 dtarget_den=0.0 iin=0.20100000000000004 diin_dvin=10.0 diin_dvout=-10.0 diin_den=0.0
DECISION t=0.03185421875000401 dt=7.8125E-8 iter=16 id=9792 sensor=4.999950000249995 ref=1.7427087122602007 rail=3.4854348516075224 before=HIGH/true after=BROWNOUT/false output=3.6510936386042667->0.0
DECISION t=0.03185421875000401 dt=7.8125E-8 iter=16 id=10048 sensor=4.99995000025 ref=1.7427087122602005 rail=3.4854348516075224 before=HIGH/true after=BROWNOUT/false output=3.6510936386042667->0.0
SETTER t=0.03185421875000401 dt=7.8125E-8 iter=17 element=LimitedDcSupplyElm
RAIL t=0.03185421875000401 dt=7.8125E-8 iter=17 vin=4.607494465816853 vout=3.800268557133406 enable=4.561875707597164 target=3.807494465816853 drop=0.007225908683446747 requested=0.007225908683446747 delivered=0.07225908683446747 g=10.0 dtarget_dvin=1.0 dtarget_den=0.0 iin=0.07325908683446747 diin_dvin=10.0 diin_dvout=-10.0 diin_den=0.0
DECISION t=0.03185421875000401 dt=7.8125E-8 iter=17 id=9792 sensor=4.999950000249992 ref=1.9001247779428139 rail=3.800268557133406 before=BROWNOUT/false after=HIGH/true output=0.0->3.650268557133406
DECISION t=0.03185421875000401 dt=7.8125E-8 iter=17 id=10048 sensor=4.99995000025 ref=1.9001247779428134 rail=3.800268557133406 before=BROWNOUT/false after=HIGH/true output=0.0->3.650268557133406
timestep down to 3.90625E-8 at 0.03185421875000401
SETTER t=0.03185421875000401 dt=3.90625E-8 iter=0 element=LimitedDcSupplyElm
RAIL t=0.03185421875000401 dt=3.90625E-8 iter=0 vin=4.607747745169447 vout=3.8002539267981446 enable=4.562126480368302 target=3.807747745169447 drop=0.007493818371302474 requested=0.007493818371302474 delivered=0.07493818371302474 g=10.0 dtarget_dvin=1.0 dtarget_den=0.0 iin=0.07593818371302474 diin_dvin=10.0 diin_dvout=-10.0 diin_den=0.0
DECISION t=0.03185421875000401 dt=3.90625E-8 iter=0 id=9792 sensor=4.999950000249998 ref=1.9001174628117588 rail=3.8002539267981446 before=HIGH/true after=HIGH/true output=3.6510936372599443->3.6502539267981446
DECISION t=0.03185421875000401 dt=3.90625E-8 iter=0 id=10048 sensor=4.99995000025 ref=1.9001174628117596 rail=3.8002539267981446 before=HIGH/true after=HIGH/true output=3.6510936372599443->3.6502539267981446
SETTER t=0.03185421875000401 dt=3.90625E-8 iter=1 element=LimitedDcSupplyElm
RAIL t=0.03185421875000401 dt=3.90625E-8 iter=1 vin=4.607652655542217 vout=3.7894473332082645 enable=4.562032343228661 target=3.807652655542217 drop=0.018205322333952445 requested=0.018205322333952445 delivered=0.18205322333952445 g=10.0 dtarget_dvin=1.0 dtarget_den=0.0 iin=0.18305322333952445 diin_dvin=10.0 diin_dvout=-10.0 diin_den=0.0
DECISION t=0.03185421875000401 dt=3.90625E-8 iter=1 id=9792 sensor=4.999950000250003 ref=1.894714193033167 rail=3.7894473332082645 before=HIGH/true after=BROWNOUT/false output=3.6502539267981446->0.0
DECISION t=0.03185421875000401 dt=3.90625E-8 iter=1 id=10048 sensor=4.99995000025 ref=1.8947141930331675 rail=3.7894473332082645 before=HIGH/true after=BROWNOUT/false output=3.6502539267981446->0.0
SETTER t=0.03185421875000401 dt=3.90625E-8 iter=2 element=LimitedDcSupplyElm
RAIL t=0.03185421875000401 dt=3.90625E-8 iter=2 vin=4.622008079626036 vout=5.420889729237925 enable=4.576245622038197 target=3.822008079626036 drop=-0.48179467766604755 requested=-1.5988816496118892 delivered=-4.817946776660476E-7 g=1.0E-6 dtarget_dvin=1.0 dtarget_den=0.0 iin=9.99518205322334E-4 diin_dvin=1.0E-6 diin_dvout=-1.0E-6 diin_den=0.0
DECISION t=0.03185421875000401 dt=3.90625E-8 iter=2 id=9792 sensor=4.9999500002499975 ref=2.7104313124624007 rail=5.420889729237925 before=BROWNOUT/false after=HIGH/true output=0.0->5.270889729237925
DECISION t=0.03185421875000401 dt=3.90625E-8 iter=2 id=10048 sensor=4.99995000025 ref=2.7104313124624007 rail=5.420889729237925 before=BROWNOUT/false after=HIGH/true output=0.0->5.270889729237925
SETTER t=0.03185421875000401 dt=3.90625E-8 iter=3 element=LimitedDcSupplyElm
RAIL t=0.03185421875000401 dt=3.90625E-8 iter=3 vin=4.607814180810176 vout=3.7987904282750686 enable=4.562192260373369 target=3.807814180810176 drop=0.009023752535107565 requested=0.009023752535107565 delivered=0.09023752535107565 g=10.0 dtarget_dvin=1.0 dtarget_den=0.0 iin=0.09123752535107565 diin_dvin=10.0 diin_dvout=-10.0 diin_den=0.0
DECISION t=0.03185421875000401 dt=3.90625E-8 iter=3 id=9792 sensor=4.999950000249989 ref=1.8993857172089488 rail=3.7987904282750686 before=HIGH/true after=BROWNOUT/false output=5.270889729237925->0.0
DECISION t=0.03185421875000401 dt=3.90625E-8 iter=3 id=10048 sensor=4.99995000025 ref=1.8993857172089483 rail=3.7987904282750686 before=HIGH/true after=BROWNOUT/false output=5.270889729237925->0.0
SETTER t=0.03185421875000401 dt=3.90625E-8 iter=4 element=LimitedDcSupplyElm
RAIL t=0.03185421875000401 dt=3.90625E-8 iter=4 vin=4.60774774539214 vout=3.8002539521072745 enable=4.562126481292609 target=3.80774774539214 drop=0.007493793284865546 requested=0.007493793284865546 delivered=0.07493793284865546 g=10.0 dtarget_dvin=1.0 dtarget_den=0.0 iin=0.07593793284865547 diin_dvin=10.0 diin_dvout=-10.0 diin_den=0.0
DECISION t=0.03185421875000401 dt=3.90625E-8 iter=4 id=9792 sensor=4.9999500002500055 ref=1.9001174754662598 rail=3.8002539521072745 before=BROWNOUT/false after=HIGH/true output=0.0->3.6502539521072745
DECISION t=0.03185421875000401 dt=3.90625E-8 iter=4 id=10048 sensor=4.99995000025 ref=1.9001174754662598 rail=3.8002539521072745 before=BROWNOUT/false after=HIGH/true output=0.0->3.6502539521072745
RAIL t=0.03185421875000401 dt=3.90625E-8 iter=5 vin=4.607747745333815 vout=3.800253945477973 enable=4.562126480571726 target=3.807747745333815 drop=0.007493799855842198 requested=0.007493799855842198 delivered=0.07493799855842198 g=10.0 dtarget_dvin=1.0 dtarget_den=0.0 iin=0.07593799855842198 diin_dvin=10.0 diin_dvout=-10.0 diin_den=0.0
DECISION t=0.03185421875000401 dt=3.90625E-8 iter=5 id=9792 sensor=4.999950000249998 ref=1.900117472151626 rail=3.800253945477973 before=HIGH/true after=HIGH/true output=3.6502539521072745->3.650253945477973
DECISION t=0.03185421875000401 dt=3.90625E-8 iter=5 id=10048 sensor=4.99995000025 ref=1.900117472151626 rail=3.800253945477973 before=HIGH/true after=HIGH/true output=3.6502539521072745->3.650253945477973
SETTER t=0.03185421875000401 dt=3.90625E-8 iter=5 element=NMosfetElm
RAIL t=0.03185421875000401 dt=3.90625E-8 iter=6 vin=4.60774774185345 vout=3.8002535499470085 enable=4.5621264770975705 target=3.8077477418534498 drop=0.007494191906441294 requested=0.007494191906441294 delivered=0.07494191906441294 g=10.0 dtarget_dvin=1.0 dtarget_den=0.0 iin=0.07594191906441294 diin_dvin=10.0 diin_dvout=-10.0 diin_den=0.0
DECISION t=0.03185421875000401 dt=3.90625E-8 iter=6 id=9792 sensor=4.999950000250003 ref=1.9001172743871333 rail=3.8002535499470085 before=HIGH/true after=HIGH/true output=3.650253945477973->3.6502535499470086
DECISION t=0.03185421875000401 dt=3.90625E-8 iter=6 id=10048 sensor=4.99995000025 ref=1.900117274387133 rail=3.8002535499470085 before=HIGH/true after=HIGH/true output=3.650253945477973->3.6502535499470086
SETTER t=0.03185421875000401 dt=3.90625E-8 iter=6 element=NMosfetElm
RAIL t=0.03185421875000401 dt=3.90625E-8 iter=7 vin=4.607751251740528 vout=3.800652435969656 enable=4.562129952530863 target=3.8077512517405285 drop=0.0070988157708726796 requested=0.0070988157708726796 delivered=0.0709881577087268 g=10.0 dtarget_dvin=1.0 dtarget_den=0.0 iin=0.0719881577087268 diin_dvin=10.0 diin_dvout=-10.0 diin_den=0.0
SETTER t=0.03185421875000401 dt=3.90625E-8 iter=7 element=LinearRegulatorElm
DECISION t=0.03185421875000401 dt=3.90625E-8 iter=7 id=9792 sensor=4.999950000249998 ref=1.9003167164012458 rail=3.800652435969656 before=HIGH/true after=HIGH/true output=3.6502535499470086->3.650652435969656
DECISION t=0.03185421875000401 dt=3.90625E-8 iter=7 id=10048 sensor=4.99995000025 ref=1.900316716401246 rail=3.800652435969656 before=HIGH/true after=HIGH/true output=3.6502535499470086->3.650652435969656
RAIL t=0.03185421875000401 dt=3.90625E-8 iter=8 vin=4.607747745324169 vout=3.8002539443825247 enable=4.5621264806161195 target=3.8077477453241695 drop=0.007493800941644757 requested=0.007493800941644757 delivered=0.07493800941644757 g=10.0 dtarget_dvin=1.0 dtarget_den=0.0 iin=0.07593800941644757 diin_dvin=10.0 diin_dvout=-10.0 diin_den=0.0
SETTER t=0.03185421875000401 dt=3.90625E-8 iter=8 element=LinearRegulatorElm
DECISION t=0.03185421875000401 dt=3.90625E-8 iter=8 id=9792 sensor=4.999950000249998 ref=1.9001174716039053 rail=3.8002539443825247 before=HIGH/true after=HIGH/true output=3.650652435969656->3.650253944382525
DECISION t=0.03185421875000401 dt=3.90625E-8 iter=8 id=10048 sensor=4.99995000025 ref=1.900117471603905 rail=3.8002539443825247 before=HIGH/true after=HIGH/true output=3.650652435969656->3.650253944382525
RAIL t=0.03185421875000401 dt=3.90625E-8 iter=9 vin=4.607747745327255 vout=3.800253944732458 enable=4.562126480613887 target=3.807747745327255 drop=0.007493800594796873 requested=0.007493800594796873 delivered=0.07493800594796873 g=10.0 dtarget_dvin=1.0 dtarget_den=0.0 iin=0.07593800594796873 diin_dvin=10.0 diin_dvout=-10.0 diin_den=0.0
DECISION t=0.03185421875000401 dt=3.90625E-8 iter=9 id=9792 sensor=4.999950000250003 ref=1.900117471778871 rail=3.800253944732458 before=HIGH/true after=HIGH/true output=3.650253944382525->3.6502539447324582
DECISION t=0.03185421875000401 dt=3.90625E-8 iter=9 id=10048 sensor=4.99995000025 ref=1.9001174717788707 rail=3.800253944732458 before=HIGH/true after=HIGH/true output=3.650253944382525->3.6502539447324582
SETTER t=0.03185421875000401 dt=3.90625E-8 iter=9 element=NMosfetElm
RAIL t=0.03185421875000401 dt=3.90625E-8 iter=10 vin=4.607747745346716 vout=3.800253946944108 enable=4.5621264805887805 target=3.807747745346716 drop=0.007493798402607776 requested=0.007493798402607776 delivered=0.07493798402607776 g=10.0 dtarget_dvin=1.0 dtarget_den=0.0 iin=0.07593798402607776 diin_dvin=10.0 diin_dvout=-10.0 diin_den=0.0
DECISION t=0.03185421875000401 dt=3.90625E-8 iter=10 id=9792 sensor=4.999950000249998 ref=1.9001174728846901 rail=3.800253946944108 before=HIGH/true after=HIGH/true output=3.6502539447324582->3.650253946944108
DECISION t=0.03185421875000401 dt=3.90625E-8 iter=10 id=10048 sensor=4.99995000025 ref=1.9001174728846901 rail=3.800253946944108 before=HIGH/true after=HIGH/true output=3.6502539447324582->3.650253946944108
SETTER t=0.03185421875000401 dt=3.90625E-8 iter=10 element=NMosfetElm
RAIL t=0.03185421875000401 dt=3.90625E-8 iter=11 vin=4.607747745348522 vout=3.8002539471494834 enable=4.562126480540785 target=3.8077477453485225 drop=0.007493798199039059 requested=0.007493798199039059 delivered=0.07493798199039059 g=10.0 dtarget_dvin=1.0 dtarget_den=0.0 iin=0.07593798199039059 diin_dvin=10.0 diin_dvout=-10.0 diin_den=0.0
DECISION t=0.03185421875000401 dt=3.90625E-8 iter=11 id=9792 sensor=4.999950000250003 ref=1.9001174729873778 rail=3.8002539471494834 before=HIGH/true after=HIGH/true output=3.650253946944108->3.6502539471494835
DECISION t=0.03185421875000401 dt=3.90625E-8 iter=11 id=10048 sensor=4.99995000025 ref=1.9001174729873764 rail=3.8002539471494834 before=HIGH/true after=HIGH/true output=3.650253946944108->3.6502539471494835
SETTER t=0.03185421875000401 dt=3.90625E-8 iter=11 element=NMosfetElm
RAIL t=0.03185421875000401 dt=3.90625E-8 iter=12 vin=4.60774774534855 vout=3.8002539471525774 enable=4.562126480540355 target=3.80774774534855 drop=0.007493798195972623 requested=0.007493798195972623 delivered=0.07493798195972623 g=10.0 dtarget_dvin=1.0 dtarget_den=0.0 iin=0.07593798195972623 diin_dvin=10.0 diin_dvout=-10.0 diin_den=0.0
DECISION t=0.03185421875000401 dt=3.90625E-8 iter=12 id=9792 sensor=4.999950000250003 ref=1.9001174729889245 rail=3.8002539471525774 before=HIGH/true after=HIGH/true output=3.6502539471494835->3.6502539471525774
DECISION t=0.03185421875000401 dt=3.90625E-8 iter=12 id=10048 sensor=4.99995000025 ref=1.900117472988924 rail=3.8002539471525774 before=HIGH/true after=HIGH/true output=3.6502539471494835->3.6502539471525774
SETTER t=0.03185421875000401 dt=3.90625E-8 iter=12 element=NMosfetElm
RAIL t=0.03185421875000401 dt=3.90625E-8 iter=13 vin=4.60774774534855 vout=3.8002539471525774 enable=4.562126480514329 target=3.80774774534855 drop=0.007493798195972623 requested=0.007493798195972623 delivered=0.07493798195972623 g=10.0 dtarget_dvin=1.0 dtarget_den=0.0 iin=0.07593798195972623 diin_dvin=10.0 diin_dvout=-10.0 diin_den=0.0
DECISION t=0.03185421875000401 dt=3.90625E-8 iter=13 id=9792 sensor=4.999950000250007 ref=1.9001174729889247 rail=3.8002539471525774 before=HIGH/true after=HIGH/true output=3.6502539471525774->3.6502539471525774
DECISION t=0.03185421875000401 dt=3.90625E-8 iter=13 id=10048 sensor=4.99995000025 ref=1.900117472988924 rail=3.8002539471525774 before=HIGH/true after=HIGH/true output=3.6502539471525774->3.6502539471525774
converged after 13 iterations, timeStep = 3.90625E-8
RAIL t=0.031854257812504005 dt=3.90625E-8 iter=0 vin=4.60774774534855 vout=3.8002539471525774 enable=4.562126480514329 target=3.80774774534855 drop=0.007493798195972623 requested=0.007493798195972623 delivered=0.07493798195972623 g=10.0 dtarget_dvin=1.0 dtarget_den=0.0 iin=0.07593798195972623 diin_dvin=10.0 diin_dvout=-10.0 diin_den=0.0
DECISION t=0.031854257812504005 dt=3.90625E-8 iter=0 id=9792 sensor=4.999950000250007 ref=1.9001174729889247 rail=3.8002539471525774 before=HIGH/true after=HIGH/true output=3.6502539471525774->3.6502539471525774
DECISION t=0.031854257812504005 dt=3.90625E-8 iter=0 id=10048 sensor=4.99995000025 ref=1.900117472988924 rail=3.8002539471525774 before=HIGH/true after=HIGH/true output=3.6502539471525774->3.6502539471525774
SETTER t=0.031854257812504005 dt=3.90625E-8 iter=1 element=LimitedDcSupplyElm
RAIL t=0.031854257812504005 dt=3.90625E-8 iter=1 vin=4.607618745719595 vout=3.800125048581998 enable=4.561998758126425 target=3.807618745719595 drop=0.007493697137597177 requested=0.007493697137597177 delivered=0.07493697137597177 g=10.0 dtarget_dvin=1.0 dtarget_den=0.0 iin=0.07593697137597177 diin_dvin=10.0 diin_dvout=-10.0 diin_den=0.0
DECISION t=0.031854257812504005 dt=3.90625E-8 iter=1 id=9792 sensor=4.999950000250007 ref=1.9000530240258788 rail=3.800125048581998 before=HIGH/true after=HIGH/true output=3.6502539471525774->3.650125048581998
DECISION t=0.031854257812504005 dt=3.90625E-8 iter=1 id=10048 sensor=4.99995000025 ref=1.9000530240258786 rail=3.800125048581998 before=HIGH/true after=HIGH/true output=3.6502539471525774->3.650125048581998
RAIL t=0.031854257812504005 dt=3.90625E-8 iter=2 vin=4.607618745719595 vout=3.8001250485820015 enable=4.561998758126178 target=3.807618745719595 drop=0.0074936971375936245 requested=0.0074936971375936245 delivered=0.07493697137593625 g=10.0 dtarget_dvin=1.0 dtarget_den=0.0 iin=0.07593697137593625 diin_dvin=10.0 diin_dvout=-10.0 diin_den=0.0
DECISION t=0.031854257812504005 dt=3.90625E-8 iter=2 id=9792 sensor=4.999950000250003 ref=1.900053024025881 rail=3.8001250485820015 before=HIGH/true after=HIGH/true output=3.650125048581998->3.6501250485820016
DECISION t=0.031854257812504005 dt=3.90625E-8 iter=2 id=10048 sensor=4.99995000025 ref=1.9000530240258808 rail=3.8001250485820015 before=HIGH/true after=HIGH/true output=3.650125048581998->3.6501250485820016
SETTER t=0.031854257812504005 dt=3.90625E-8 iter=2 element=NMosfetElm
RAIL t=0.031854257812504005 dt=3.90625E-8 iter=3 vin=4.607618745719595 vout=3.8001250485820015 enable=4.561998758140335 target=3.807618745719595 drop=0.0074936971375936245 requested=0.0074936971375936245 delivered=0.07493697137593625 g=10.0 dtarget_dvin=1.0 dtarget_den=0.0 iin=0.07593697137593625 diin_dvin=10.0 diin_dvout=-10.0 diin_den=0.0
DECISION t=0.031854257812504005 dt=3.90625E-8 iter=3 id=9792 sensor=4.999950000250003 ref=1.9000530240258817 rail=3.8001250485820015 before=HIGH/true after=HIGH/true output=3.6501250485820016->3.6501250485820016
DECISION t=0.031854257812504005 dt=3.90625E-8 iter=3 id=10048 sensor=4.99995000025 ref=1.9000530240258806 rail=3.8001250485820015 before=HIGH/true after=HIGH/true output=3.6501250485820016->3.6501250485820016
converged after 3 iterations, timeStep = 3.90625E-8
RAIL t=0.031854296875004004 dt=3.90625E-8 iter=0 vin=4.607618745719595 vout=3.8001250485820015 enable=4.561998758140335 target=3.807618745719595 drop=0.0074936971375936245 requested=0.0074936971375936245 delivered=0.07493697137593625 g=10.0 dtarget_dvin=1.0 dtarget_den=0.0 iin=0.07593697137593625 diin_dvin=10.0 diin_dvout=-10.0 diin_den=0.0
DECISION t=0.031854296875004004 dt=3.90625E-8 iter=0 id=9792 sensor=4.999950000250003 ref=1.9000530240258817 rail=3.8001250485820015 before=HIGH/true after=HIGH/true output=3.6501250485820016->3.6501250485820016
DECISION t=0.031854296875004004 dt=3.90625E-8 iter=0 id=10048 sensor=4.99995000025 ref=1.9000530240258806 rail=3.8001250485820015 before=HIGH/true after=HIGH/true output=3.6501250485820016->3.6501250485820016
SETTER t=0.031854296875004004 dt=3.90625E-8 iter=1 element=LimitedDcSupplyElm
RAIL t=0.031854296875004004 dt=3.90625E-8 iter=1 vin=4.6074897476580245 vout=3.7999961324393103 enable=4.561871037268833 target=3.8074897476580247 drop=0.007493615218714389 requested=0.007493615218714389 delivered=0.07493615218714389 g=10.0 dtarget_dvin=1.0 dtarget_den=0.0 iin=0.07593615218714389 diin_dvin=10.0 diin_dvout=-10.0 diin_den=0.0
DECISION t=0.031854296875004004 dt=3.90625E-8 iter=1 id=9792 sensor=4.999950000250003 ref=1.899988566276824 rail=3.7999961324393103 before=HIGH/true after=BROWNOUT/false output=3.6501250485820016->0.0
DECISION t=0.031854296875004004 dt=3.90625E-8 iter=1 id=10048 sensor=4.99995000025 ref=1.899988566276824 rail=3.7999961324393103 before=HIGH/true after=BROWNOUT/false output=3.6501250485820016->0.0
RAIL t=0.031854296875004004 dt=3.90625E-8 iter=2 vin=4.607489747659114 vout=3.799996132563245 enable=4.561871037261744 target=3.8074897476591145 drop=0.0074936150958695436 requested=0.0074936150958695436 delivered=0.07493615095869544 g=10.0 dtarget_dvin=1.0 dtarget_den=0.0 iin=0.07593615095869544 diin_dvin=10.0 diin_dvout=-10.0 diin_den=0.0
DECISION t=0.031854296875004004 dt=3.90625E-8 iter=2 id=9792 sensor=4.999950000250005 ref=1.899988566338791 rail=3.799996132563245 before=BROWNOUT/false after=BROWNOUT/false output=0.0->0.0
DECISION t=0.031854296875004004 dt=3.90625E-8 iter=2 id=10048 sensor=4.99995000025 ref=1.899988566338791 rail=3.799996132563245 before=BROWNOUT/false after=BROWNOUT/false output=0.0->0.0
SETTER t=0.031854296875004004 dt=3.90625E-8 iter=2 element=NMosfetElm
RAIL t=0.031854296875004004 dt=3.90625E-8 iter=3 vin=4.607490119271386 vout=3.8000383649591756 enable=4.5618714051869995 target=3.807490119271386 drop=0.007451754312210568 requested=0.007451754312210568 delivered=0.07451754312210568 g=10.0 dtarget_dvin=1.0 dtarget_den=0.0 iin=0.07551754312210568 diin_dvin=10.0 diin_dvout=-10.0 diin_den=0.0
SETTER t=0.031854296875004004 dt=3.90625E-8 iter=3 element=LinearRegulatorElm
DECISION t=0.031854296875004004 dt=3.90625E-8 iter=3 id=9792 sensor=4.999950000250001 ref=1.9000096824311756 rail=3.8000383649591756 before=BROWNOUT/false after=HIGH/true output=0.0->3.6500383649591757
DECISION t=0.031854296875004004 dt=3.90625E-8 iter=3 id=10048 sensor=4.99995000025 ref=1.9000096824311759 rail=3.8000383649591756 before=BROWNOUT/false after=HIGH/true output=0.0->3.6500383649591757
RAIL t=0.031854296875004004 dt=3.90625E-8 iter=4 vin=4.607495343209361 vout=3.800632046690776 enable=4.561876577427868 target=3.807495343209361 drop=0.0068632965185848605 requested=0.0068632965185848605 delivered=0.0686329651858486 g=10.0 dtarget_dvin=1.0 dtarget_den=0.0 iin=0.0696329651858486 diin_dvin=10.0 diin_dvout=-10.0 diin_den=0.0
SETTER t=0.031854296875004004 dt=3.90625E-8 iter=4 element=LinearRegulatorElm
DECISION t=0.031854296875004004 dt=3.90625E-8 iter=4 id=9792 sensor=4.999950000250003 ref=1.9003065218127795 rail=3.800632046690776 before=HIGH/true after=HIGH/true output=3.6500383649591757->3.650632046690776
DECISION t=0.031854296875004004 dt=3.90625E-8 iter=4 id=10048 sensor=4.99995000025 ref=1.9003065218127793 rail=3.800632046690776 before=HIGH/true after=HIGH/true output=3.6500383649591757->3.650632046690776
SETTER t=0.031854296875004004 dt=3.90625E-8 iter=5 element=LimitedDcSupplyElm
RAIL t=0.031854296875004004 dt=3.90625E-8 iter=5 vin=4.607149187132517 vout=3.7612926557988917 enable=4.561533848581645 target=3.8071491871325174 drop=0.020000000000000004 requested=0.04585653133362566 delivered=0.20000000000000004 g=10.0 dtarget_dvin=1.0 dtarget_den=0.0 iin=0.20100000000000004 diin_dvin=10.0 diin_dvout=-10.0 diin_den=0.0
DECISION t=0.031854296875004004 dt=3.90625E-8 iter=5 id=9792 sensor=4.999950000250003 ref=1.8806369247148225 rail=3.7612926557988917 before=HIGH/true after=BROWNOUT/false output=3.650632046690776->0.0
DECISION t=0.031854296875004004 dt=3.90625E-8 iter=5 id=10048 sensor=4.99995000025 ref=1.880636924714822 rail=3.7612926557988917 before=HIGH/true after=BROWNOUT/false output=3.650632046690776->0.0
SETTER t=0.031854296875004004 dt=3.90625E-8 iter=6 element=LimitedDcSupplyElm
RAIL t=0.031854296875004004 dt=3.90625E-8 iter=6 vin=4.607489747628495 vout=3.7999961360103907 enable=4.56187103727113 target=3.8074897476284955 drop=0.007493611618104801 requested=0.007493611618104801 delivered=0.07493611618104801 g=10.0 dtarget_dvin=1.0 dtarget_den=0.0 iin=0.07593611618104801 diin_dvin=10.0 diin_dvout=-10.0 diin_den=0.0
DECISION t=0.031854296875004004 dt=3.90625E-8 iter=6 id=9792 sensor=4.999950000250005 ref=1.8999885680623556 rail=3.7999961360103907 before=BROWNOUT/false after=BROWNOUT/false output=0.0->0.0
DECISION t=0.031854296875004004 dt=3.90625E-8 iter=6 id=10048 sensor=4.99995000025 ref=1.8999885680623556 rail=3.7999961360103907 before=BROWNOUT/false after=BROWNOUT/false output=0.0->0.0
RAIL t=0.031854296875004004 dt=3.90625E-8 iter=7 vin=4.607495023627788 vout=3.800595727396594 enable=4.561876261047855 target=3.807495023627788 drop=0.006899296231194008 requested=0.006899296231194008 delivered=0.06899296231194008 g=10.0 dtarget_dvin=1.0 dtarget_den=0.0 iin=0.06999296231194008 diin_dvin=10.0 diin_dvout=-10.0 diin_den=0.0
SETTER t=0.031854296875004004 dt=3.90625E-8 iter=7 element=LinearRegulatorElm
DECISION t=0.031854296875004004 dt=3.90625E-8 iter=7 id=9792 sensor=4.99995000025 ref=1.9002883622564863 rail=3.800595727396594 before=BROWNOUT/false after=HIGH/true output=0.0->3.650595727396594
DECISION t=0.031854296875004004 dt=3.90625E-8 iter=7 id=10048 sensor=4.99995000025 ref=1.9002883622564863 rail=3.800595727396594 before=BROWNOUT/false after=HIGH/true output=0.0->3.650595727396594
RAIL t=0.031854296875004004 dt=3.90625E-8 iter=8 vin=4.607495386251136 vout=3.800636938231869 enable=4.561876620058796 target=3.8074953862511363 drop=0.0068584480192672714 requested=0.0068584480192672714 delivered=0.06858448019267271 g=10.0 dtarget_dvin=1.0 dtarget_den=0.0 iin=0.06958448019267272 diin_dvin=10.0 diin_dvout=-10.0 diin_den=0.0
SETTER t=0.031854296875004004 dt=3.90625E-8 iter=8 element=LinearRegulatorElm
DECISION t=0.031854296875004004 dt=3.90625E-8 iter=8 id=9792 sensor=4.999950000250007 ref=1.9003089675710965 rail=3.800636938231869 before=HIGH/true after=HIGH/true output=3.650595727396594->3.650636938231869
DECISION t=0.031854296875004004 dt=3.90625E-8 iter=8 id=10048 sensor=4.99995000025 ref=1.900308967571097 rail=3.800636938231869 before=HIGH/true after=HIGH/true output=3.650595727396594->3.650636938231869
SETTER t=0.031854296875004004 dt=3.90625E-8 iter=9 element=LimitedDcSupplyElm
RAIL t=0.031854296875004004 dt=3.90625E-8 iter=9 vin=4.606461647281577 vout=3.6831562290357525 enable=4.5608531160937416 target=3.8064616472815773 drop=0.020000000000000004 requested=0.12330541824582486 delivered=0.20000000000000004 g=10.0 dtarget_dvin=1.0 dtarget_den=0.0 iin=0.20100000000000004 diin_dvin=10.0 diin_dvout=-10.0 diin_den=0.0
DECISION t=0.031854296875004004 dt=3.90625E-8 iter=9 id=9792 sensor=4.999950000250007 ref=1.841568906673343 rail=3.6831562290357525 before=HIGH/true after=BROWNOUT/false output=3.650636938231869->0.0
DECISION t=0.031854296875004004 dt=3.90625E-8 iter=9 id=10048 sensor=4.99995000025 ref=1.8415689066733434 rail=3.6831562290357525 before=HIGH/true after=BROWNOUT/false output=3.650636938231869->0.0
SETTER t=0.031854296875004004 dt=3.90625E-8 iter=10 element=LimitedDcSupplyElm
RAIL t=0.031854296875004004 dt=3.90625E-8 iter=10 vin=4.607489747304117 vout=3.7999961558755113 enable=4.561871036996892 target=3.8074897473041176 drop=0.007493591428606283 requested=0.007493591428606283 delivered=0.07493591428606283 g=10.0 dtarget_dvin=1.0 dtarget_den=0.0 iin=0.07593591428606283 diin_dvin=10.0 diin_dvout=-10.0 diin_den=0.0
DECISION t=0.031854296875004004 dt=3.90625E-8 iter=10 id=9792 sensor=4.999950000250014 ref=1.8999885779948655 rail=3.7999961558755113 before=BROWNOUT/false after=BROWNOUT/false output=0.0->0.0
DECISION t=0.031854296875004004 dt=3.90625E-8 iter=10 id=10048 sensor=4.99995000025 ref=1.8999885779948655 rail=3.7999961558755113 before=BROWNOUT/false after=BROWNOUT/false output=0.0->0.0
RAIL t=0.031854296875004004 dt=3.90625E-8 iter=11 vin=4.607495329456838 vout=3.800630483766569 enable=4.561876563794523 target=3.807495329456838 drop=0.006864845690269128 requested=0.006864845690269128 delivered=0.06864845690269128 g=10.0 dtarget_dvin=1.0 dtarget_den=0.0 iin=0.06964845690269128 diin_dvin=10.0 diin_dvout=-10.0 diin_den=0.0
SETTER t=0.031854296875004004 dt=3.90625E-8 iter=11 element=LinearRegulatorElm
DECISION t=0.031854296875004004 dt=3.90625E-8 iter=11 id=9792 sensor=4.99995000025001 ref=1.900305740354583 rail=3.800630483766569 before=BROWNOUT/false after=HIGH/true output=0.0->3.650630483766569
DECISION t=0.031854296875004004 dt=3.90625E-8 iter=11 id=10048 sensor=4.99995000025 ref=1.900305740354583 rail=3.800630483766569 before=BROWNOUT/false after=HIGH/true output=0.0->3.650630483766569
RAIL t=0.031854296875004004 dt=3.90625E-8 iter=12 vin=4.607495341494444 vout=3.8006318517951687 enable=4.561876575737504 target=3.8074953414944446 drop=0.00686348969927586 requested=0.00686348969927586 delivered=0.0686348969927586 g=10.0 dtarget_dvin=1.0 dtarget_den=0.0 iin=0.0696348969927586 diin_dvin=10.0 diin_dvout=-10.0 diin_den=0.0
DECISION t=0.031854296875004004 dt=3.90625E-8 iter=12 id=9792 sensor=4.999950000250003 ref=1.900306424365463 rail=3.8006318517951687 before=HIGH/true after=HIGH/true output=3.650630483766569->3.650631851795169
DECISION t=0.031854296875004004 dt=3.90625E-8 iter=12 id=10048 sensor=4.99995000025 ref=1.900306424365463 rail=3.8006318517951687 before=HIGH/true after=HIGH/true output=3.650630483766569->3.650631851795169
SETTER t=0.031854296875004004 dt=3.90625E-8 iter=12 element=NMosfetElm
SETTER t=0.031854296875004004 dt=3.90625E-8 iter=13 element=LimitedDcSupplyElm
RAIL t=0.031854296875004004 dt=3.90625E-8 iter=13 vin=4.605885936173027 vout=3.6177287359014763 enable=4.560283105037128 target=3.805885936173027 drop=0.020000000000000004 requested=0.1881572002715508 delivered=0.20000000000000004 g=10.0 dtarget_dvin=1.0 dtarget_den=0.0 iin=0.20100000000000004 diin_dvin=10.0 diin_dvout=-10.0 diin_den=0.0
DECISION t=0.031854296875004004 dt=3.90625E-8 iter=13 id=9792 sensor=4.999950000249998 ref=1.8088553236741203 rail=3.6177287359014763 before=HIGH/true after=BROWNOUT/false output=3.650631851795169->0.0
DECISION t=0.031854296875004004 dt=3.90625E-8 iter=13 id=10048 sensor=4.99995000025 ref=1.8088553236741203 rail=3.6177287359014763 before=HIGH/true after=BROWNOUT/false output=3.650631851795169->0.0
SETTER t=0.031854296875004004 dt=3.90625E-8 iter=14 element=LimitedDcSupplyElm
RAIL t=0.031854296875004004 dt=3.90625E-8 iter=14 vin=4.607490446967388 vout=3.800075762559439 enable=4.5618717304516645 target=3.807490446967388 drop=0.007414684407949235 requested=0.007414684407949235 delivered=0.07414684407949235 g=10.0 dtarget_dvin=1.0 dtarget_den=0.0 iin=0.07514684407949235 diin_dvin=10.0 diin_dvout=-10.0 diin_den=0.0
DECISION t=0.031854296875004004 dt=3.90625E-8 iter=14 id=9792 sensor=4.999950000250002 ref=1.9000283811378147 rail=3.800075762559439 before=BROWNOUT/false after=HIGH/true output=0.0->3.650075762559439
DECISION t=0.031854296875004004 dt=3.90625E-8 iter=14 id=10048 sensor=4.99995000025 ref=1.900028381137814 rail=3.800075762559439 before=BROWNOUT/false after=HIGH/true output=0.0->3.650075762559439
RAIL t=0.031854296875004004 dt=3.90625E-8 iter=15 vin=4.607495346139945 vout=3.800632379741725 enable=4.561876580309442 target=3.8074953461399454 drop=0.0068629663982204825 requested=0.0068629663982204825 delivered=0.06862966398220482 g=10.0 dtarget_dvin=1.0 dtarget_den=0.0 iin=0.06962966398220483 diin_dvin=10.0 diin_dvout=-10.0 diin_den=0.0
SETTER t=0.031854296875004004 dt=3.90625E-8 iter=15 element=LinearRegulatorElm
DECISION t=0.031854296875004004 dt=3.90625E-8 iter=15 id=9792 sensor=4.999950000250003 ref=1.9003066883374213 rail=3.800632379741725 before=HIGH/true after=HIGH/true output=3.650075762559439->3.650632379741725
DECISION t=0.031854296875004004 dt=3.90625E-8 iter=15 id=10048 sensor=4.99995000025 ref=1.900306688337421 rail=3.800632379741725 before=HIGH/true after=HIGH/true output=3.650075762559439->3.650632379741725
SETTER t=0.031854296875004004 dt=3.90625E-8 iter=16 element=LimitedDcSupplyElm
RAIL t=0.031854296875004004 dt=3.90625E-8 iter=16 vin=4.605885935486129 vout=3.6177286578389607 enable=4.560283104275451 target=3.8058859354861294 drop=0.020000000000000004 requested=0.18815727764716872 delivered=0.20000000000000004 g=10.0 dtarget_dvin=1.0 dtarget_den=0.0 iin=0.20100000000000004 diin_dvin=10.0 diin_dvout=-10.0 diin_den=0.0
DECISION t=0.031854296875004004 dt=3.90625E-8 iter=16 id=9792 sensor=4.999950000250003 ref=1.808855284643058 rail=3.6177286578389607 before=HIGH/true after=BROWNOUT/false output=3.650632379741725->0.0
DECISION t=0.031854296875004004 dt=3.90625E-8 iter=16 id=10048 sensor=4.99995000025 ref=1.8088552846430574 rail=3.6177286578389607 before=HIGH/true after=BROWNOUT/false output=3.650632379741725->0.0
SETTER t=0.031854296875004004 dt=3.90625E-8 iter=17 element=LimitedDcSupplyElm
RAIL t=0.031854296875004004 dt=3.90625E-8 iter=17 vin=4.607490447100521 vout=3.800075777689877 enable=4.561871730229455 target=3.8074904471005215 drop=0.007414669410644503 requested=0.007414669410644503 delivered=0.07414669410644503 g=10.0 dtarget_dvin=1.0 dtarget_den=0.0 iin=0.07514669410644503 diin_dvin=10.0 diin_dvout=-10.0 diin_den=0.0
DECISION t=0.031854296875004004 dt=3.90625E-8 iter=17 id=9792 sensor=4.999950000250008 ref=1.9000283887029943 rail=3.800075777689877 before=BROWNOUT/false after=HIGH/true output=0.0->3.650075777689877
DECISION t=0.031854296875004004 dt=3.90625E-8 iter=17 id=10048 sensor=4.99995000025 ref=1.9000283887029943 rail=3.800075777689877 before=BROWNOUT/false after=HIGH/true output=0.0->3.650075777689877
timestep down to 1.953125E-8 at 0.031854296875004004
SETTER t=0.031854296875004004 dt=1.953125E-8 iter=0 element=LimitedDcSupplyElm
RAIL t=0.031854296875004004 dt=1.953125E-8 iter=0 vin=4.607618745719595 vout=3.8001250485820015 enable=4.561998758140335 target=3.807618745719595 drop=0.0074936971375936245 requested=0.0074936971375936245 delivered=0.07493697137593625 g=10.0 dtarget_dvin=1.0 dtarget_den=0.0 iin=0.07593697137593625 diin_dvin=10.0 diin_dvout=-10.0 diin_den=0.0
DECISION t=0.031854296875004004 dt=1.953125E-8 iter=0 id=9792 sensor=4.999950000250003 ref=1.9000530240258817 rail=3.8001250485820015 before=HIGH/true after=HIGH/true output=3.6506323798758156->3.6501250485820016
DECISION t=0.031854296875004004 dt=1.953125E-8 iter=0 id=10048 sensor=4.99995000025 ref=1.9000530240258806 rail=3.8001250485820015 before=HIGH/true after=HIGH/true output=3.6506323798758156->3.6501250485820016
RAIL t=0.031854296875004004 dt=1.953125E-8 iter=1 vin=4.607605359614722 vout=3.7970959550777903 enable=4.561985619431213 target=3.8076053596147226 drop=0.010509404536932276 requested=0.010509404536932276 delivered=0.10509404536932276 g=10.0 dtarget_dvin=1.0 dtarget_den=0.0 iin=0.10609404536932276 diin_dvin=10.0 diin_dvout=-10.0 diin_den=0.0
SETTER t=0.031854296875004004 dt=1.953125E-8 iter=1 element=LinearRegulatorElm
DECISION t=0.031854296875004004 dt=1.953125E-8 iter=1 id=9792 sensor=4.999950000250002 ref=1.898538484846471 rail=3.7970959550777903 before=HIGH/true after=BROWNOUT/false output=3.6501250485820016->0.0
DECISION t=0.031854296875004004 dt=1.953125E-8 iter=1 id=10048 sensor=4.99995000025 ref=1.8985384848464715 rail=3.7970959550777903 before=HIGH/true after=BROWNOUT/false output=3.6501250485820016->0.0
SETTER t=0.031854296875004004 dt=1.953125E-8 iter=2 element=LimitedDcSupplyElm
RAIL t=0.031854296875004004 dt=1.953125E-8 iter=2 vin=4.611563496742004 vout=4.692768568962475 enable=4.565904452676828 target=3.8115634967420045 drop=-0.4894905954630677 requested=-0.881205072220471 delivered=-4.894905954630677E-7 g=1.0E-6 dtarget_dvin=1.0 dtarget_den=0.0 iin=9.99510509404537E-4 diin_dvin=1.0E-6 diin_dvout=-1.0E-6 diin_den=0.0
DECISION t=0.031854296875004004 dt=1.953125E-8 iter=2 id=9792 sensor=4.999950000249998 ref=2.3463725526184747 rail=4.692768568962475 before=BROWNOUT/false after=HIGH/true output=0.0->4.542768568962475
DECISION t=0.031854296875004004 dt=1.953125E-8 iter=2 id=10048 sensor=4.99995000025 ref=2.346372552618474 rail=4.692768568962475 before=BROWNOUT/false after=HIGH/true output=0.0->4.542768568962475
SETTER t=0.031854296875004004 dt=1.953125E-8 iter=3 element=LimitedDcSupplyElm
RAIL t=0.031854296875004004 dt=1.953125E-8 iter=3 vin=4.607652004839598 vout=3.799393267667258 enable=4.562031695195858 target=3.807652004839598 drop=0.008258737172340158 requested=0.008258737172340158 delivered=0.08258737172340158 g=10.0 dtarget_dvin=1.0 dtarget_den=0.0 iin=0.08358737172340158 diin_dvin=10.0 diin_dvout=-10.0 diin_den=0.0
DECISION t=0.031854296875004004 dt=1.953125E-8 iter=3 id=9792 sensor=4.999950000250002 ref=1.899687135397952 rail=3.799393267667258 before=HIGH/true after=BROWNOUT/false output=4.542768568962475->0.0
DECISION t=0.031854296875004004 dt=1.953125E-8 iter=3 id=10048 sensor=4.99995000025 ref=1.899687135397952 rail=3.799393267667258 before=HIGH/true after=BROWNOUT/false output=4.542768568962475->0.0
SETTER t=0.031854296875004004 dt=1.953125E-8 iter=4 element=LimitedDcSupplyElm
RAIL t=0.031854296875004004 dt=1.953125E-8 iter=4 vin=4.607618745742726 vout=3.8001250538605844 enable=4.561998757792878 target=3.807618745742726 drop=0.007493691882141551 requested=0.007493691882141551 delivered=0.07493691882141551 g=10.0 dtarget_dvin=1.0 dtarget_den=0.0 iin=0.07593691882141551 diin_dvin=10.0 diin_dvout=-10.0 diin_den=0.0
DECISION t=0.031854296875004004 dt=1.953125E-8 iter=4 id=9792 sensor=4.999950000250003 ref=1.9000530266651592 rail=3.8001250538605844 before=BROWNOUT/false after=HIGH/true output=0.0->3.6501250538605845
DECISION t=0.031854296875004004 dt=1.953125E-8 iter=4 id=10048 sensor=4.99995000025 ref=1.900053026665159 rail=3.8001250538605844 before=BROWNOUT/false after=HIGH/true output=0.0->3.6501250538605845
RAIL t=0.031854296875004004 dt=1.953125E-8 iter=5 vin=4.607618745741945 vout=3.800125053639624 enable=4.561998758198075 target=3.8076187457419453 drop=0.007493692102321425 requested=0.007493692102321425 delivered=0.07493692102321425 g=10.0 dtarget_dvin=1.0 dtarget_den=0.0 iin=0.07593692102321425 diin_dvin=10.0 diin_dvout=-10.0 diin_den=0.0
DECISION t=0.031854296875004004 dt=1.953125E-8 iter=5 id=9792 sensor=4.999950000250002 ref=1.9000530265546793 rail=3.800125053639624 before=HIGH/true after=HIGH/true output=3.6501250538605845->3.650125053639624
DECISION t=0.031854296875004004 dt=1.953125E-8 iter=5 id=10048 sensor=4.99995000025 ref=1.9000530265546796 rail=3.800125053639624 before=HIGH/true after=HIGH/true output=3.6501250538605845->3.650125053639624
SETTER t=0.031854296875004004 dt=1.953125E-8 iter=5 element=NMosfetElm
RAIL t=0.031854296875004004 dt=1.953125E-8 iter=6 vin=4.607618745266622 vout=3.8001249460803126 enable=4.561998757880413 target=3.8076187452666224 drop=0.007493799186309769 requested=0.007493799186309769 delivered=0.07493799186309769 g=10.0 dtarget_dvin=1.0 dtarget_den=0.0 iin=0.07593799186309769 diin_dvin=10.0 diin_dvout=-10.0 diin_den=0.0
DECISION t=0.031854296875004004 dt=1.953125E-8 iter=6 id=9792 sensor=4.9999500002499975 ref=1.9000529727752926 rail=3.8001249460803126 before=HIGH/true after=HIGH/true output=3.650125053639624->3.6501249460803127
DECISION t=0.031854296875004004 dt=1.953125E-8 iter=6 id=10048 sensor=4.99995000025 ref=1.9000529727752924 rail=3.8001249460803126 before=HIGH/true after=HIGH/true output=3.650125053639624->3.6501249460803127
SETTER t=0.031854296875004004 dt=1.953125E-8 iter=6 element=NMosfetElm
RAIL t=0.031854296875004004 dt=1.953125E-8 iter=7 vin=4.607619703288144 vout=3.8003417333233225 enable=4.561999706195312 target=3.807619703288144 drop=0.007277969964821551 requested=0.007277969964821551 delivered=0.07277969964821551 g=10.0 dtarget_dvin=1.0 dtarget_den=0.0 iin=0.07377969964821551 diin_dvin=10.0 diin_dvout=-10.0 diin_den=0.0
SETTER t=0.031854296875004004 dt=1.953125E-8 iter=7 element=LinearRegulatorElm
DECISION t=0.031854296875004004 dt=1.953125E-8 iter=7 id=9792 sensor=4.999950000250002 ref=1.9001613658548324 rail=3.8003417333233225 before=HIGH/true after=HIGH/true output=3.6501249460803127->3.6503417333233226
DECISION t=0.031854296875004004 dt=1.953125E-8 iter=7 id=10048 sensor=4.99995000025 ref=1.900161365854832 rail=3.8003417333233225 before=HIGH/true after=HIGH/true output=3.6501249460803127->3.6503417333233226
RAIL t=0.031854296875004004 dt=1.953125E-8 iter=8 vin=4.607618745740733 vout=3.8001250533652273 enable=4.5619987585814705 target=3.807618745740733 drop=0.007493692375505567 requested=0.007493692375505567 delivered=0.07493692375505567 g=10.0 dtarget_dvin=1.0 dtarget_den=0.0 iin=0.07593692375505567 diin_dvin=10.0 diin_dvout=-10.0 diin_den=0.0
SETTER t=0.031854296875004004 dt=1.953125E-8 iter=8 element=LinearRegulatorElm
DECISION t=0.031854296875004004 dt=1.953125E-8 iter=8 id=9792 sensor=4.999950000249985 ref=1.9000530264174817 rail=3.8001250533652273 before=HIGH/true after=HIGH/true output=3.6503417333233226->3.6501250533652274
DECISION t=0.031854296875004004 dt=1.953125E-8 iter=8 id=10048 sensor=4.99995000025 ref=1.900053026417482 rail=3.8001250533652273 before=HIGH/true after=HIGH/true output=3.6503417333233226->3.6501250533652274
RAIL t=0.031854296875004004 dt=1.953125E-8 iter=9 vin=4.60761874574116 vout=3.8001250534618802 enable=4.561998758254089 target=3.80761874574116 drop=0.007493692279279873 requested=0.007493692279279873 delivered=0.07493692279279873 g=10.0 dtarget_dvin=1.0 dtarget_den=0.0 iin=0.07593692279279873 diin_dvin=10.0 diin_dvout=-10.0 diin_den=0.0
DECISION t=0.031854296875004004 dt=1.953125E-8 iter=9 id=9792 sensor=4.9999500002499975 ref=1.9000530264658073 rail=3.8001250534618802 before=HIGH/true after=HIGH/true output=3.6501250533652274->3.6501250534618803
DECISION t=0.031854296875004004 dt=1.953125E-8 iter=9 id=10048 sensor=4.99995000025 ref=1.9000530264658075 rail=3.8001250534618802 before=HIGH/true after=HIGH/true output=3.6501250533652274->3.6501250534618803
SETTER t=0.031854296875004004 dt=1.953125E-8 iter=9 element=NMosfetElm
RAIL t=0.031854296875004004 dt=1.953125E-8 iter=10 vin=4.607618745743813 vout=3.800125054062348 enable=4.5619987581367605 target=3.807618745743813 drop=0.007493691681465187 requested=0.007493691681465187 delivered=0.07493691681465187 g=10.0 dtarget_dvin=1.0 dtarget_den=0.0 iin=0.07593691681465187 diin_dvin=10.0 diin_dvout=-10.0 diin_den=0.0
DECISION t=0.031854296875004004 dt=1.953125E-8 iter=10 id=9792 sensor=4.9999500002499975 ref=1.90005302676604 rail=3.800125054062348 before=HIGH/true after=HIGH/true output=3.6501250534618803->3.650125054062348
DECISION t=0.031854296875004004 dt=1.953125E-8 iter=10 id=10048 sensor=4.99995000025 ref=1.9000530267660405 rail=3.800125054062348 before=HIGH/true after=HIGH/true output=3.6501250534618803->3.650125054062348
SETTER t=0.031854296875004004 dt=1.953125E-8 iter=10 element=NMosfetElm
RAIL t=0.031854296875004004 dt=1.953125E-8 iter=11 vin=4.607618745744055 vout=3.8001250541169633 enable=4.561998758167015 target=3.8076187457440556 drop=0.007493691627092236 requested=0.007493691627092236 delivered=0.07493691627092236 g=10.0 dtarget_dvin=1.0 dtarget_den=0.0 iin=0.07593691627092236 diin_dvin=10.0 diin_dvout=-10.0 diin_den=0.0
DECISION t=0.031854296875004004 dt=1.953125E-8 iter=11 id=9792 sensor=4.9999500002499975 ref=1.9000530267933478 rail=3.8001250541169633 before=HIGH/true after=HIGH/true output=3.650125054062348->3.6501250541169634
DECISION t=0.031854296875004004 dt=1.953125E-8 iter=11 id=10048 sensor=4.99995000025 ref=1.900053026793348 rail=3.8001250541169633 before=HIGH/true after=HIGH/true output=3.650125054062348->3.6501250541169634
SETTER t=0.031854296875004004 dt=1.953125E-8 iter=11 element=NMosfetElm
RAIL t=0.031854296875004004 dt=1.953125E-8 iter=12 vin=4.607618745744058 vout=3.8001250541177582 enable=4.561998758183694 target=3.8076187457440582 drop=0.007493691626299981 requested=0.007493691626299981 delivered=0.07493691626299981 g=10.0 dtarget_dvin=1.0 dtarget_den=0.0 iin=0.07593691626299981 diin_dvin=10.0 diin_dvout=-10.0 diin_den=0.0
DECISION t=0.031854296875004004 dt=1.953125E-8 iter=12 id=9792 sensor=4.9999500002499975 ref=1.9000530267937459 rail=3.8001250541177582 before=HIGH/true after=HIGH/true output=3.6501250541169634->3.6501250541177583
DECISION t=0.031854296875004004 dt=1.953125E-8 iter=12 id=10048 sensor=4.99995000025 ref=1.900053026793746 rail=3.8001250541177582 before=HIGH/true after=HIGH/true output=3.6501250541169634->3.6501250541177583
SETTER t=0.031854296875004004 dt=1.953125E-8 iter=12 element=NMosfetElm
RAIL t=0.031854296875004004 dt=1.953125E-8 iter=13 vin=4.607618745744058 vout=3.8001250541177582 enable=4.561998758196727 target=3.8076187457440582 drop=0.007493691626299981 requested=0.007493691626299981 delivered=0.07493691626299981 g=10.0 dtarget_dvin=1.0 dtarget_den=0.0 iin=0.07593691626299981 diin_dvin=10.0 diin_dvout=-10.0 diin_den=0.0
DECISION t=0.031854296875004004 dt=1.953125E-8 iter=13 id=9792 sensor=4.999950000249993 ref=1.9000530267937452 rail=3.8001250541177582 before=HIGH/true after=HIGH/true output=3.6501250541177583->3.6501250541177583
DECISION t=0.031854296875004004 dt=1.953125E-8 iter=13 id=10048 sensor=4.99995000025 ref=1.9000530267937459 rail=3.8001250541177582 before=HIGH/true after=HIGH/true output=3.6501250541177583->3.6501250541177583
converged after 13 iterations, timeStep = 1.953125E-8
RAIL t=0.031854316406254 dt=1.953125E-8 iter=0 vin=4.607618745744058 vout=3.8001250541177582 enable=4.561998758196727 target=3.8076187457440582 drop=0.007493691626299981 requested=0.007493691626299981 delivered=0.07493691626299981 g=10.0 dtarget_dvin=1.0 dtarget_den=0.0 iin=0.07593691626299981 diin_dvin=10.0 diin_dvout=-10.0 diin_den=0.0
DECISION t=0.031854316406254 dt=1.953125E-8 iter=0 id=9792 sensor=4.999950000249993 ref=1.9000530267937452 rail=3.8001250541177582 before=HIGH/true after=HIGH/true output=3.6501250541177583->3.6501250541177583
DECISION t=0.031854316406254 dt=1.953125E-8 iter=0 id=10048 sensor=4.99995000025 ref=1.9000530267937459 rail=3.8001250541177582 before=HIGH/true after=HIGH/true output=3.6501250541177583->3.6501250541177583
SETTER t=0.031854316406254 dt=1.953125E-8 iter=1 element=LimitedDcSupplyElm
RAIL t=0.031854316406254 dt=1.953125E-8 iter=1 vin=4.607554246639579 vout=3.800060607701454 enable=4.561934897683155 target=3.8075542466395795 drop=0.007493638938125713 requested=0.007493638938125713 delivered=0.07493638938125713 g=10.0 dtarget_dvin=1.0 dtarget_den=0.0 iin=0.07593638938125713 diin_dvin=10.0 diin_dvout=-10.0 diin_den=0.0
DECISION t=0.031854316406254 dt=1.953125E-8 iter=1 id=9792 sensor=4.999950000249993 ref=1.900020803746708 rail=3.800060607701454 before=HIGH/true after=HIGH/true output=3.6501250541177583->3.650060607701454
DECISION t=0.031854316406254 dt=1.953125E-8 iter=1 id=10048 sensor=4.99995000025 ref=1.9000208037467072 rail=3.800060607701454 before=HIGH/true after=HIGH/true output=3.6501250541177583->3.650060607701454
RAIL t=0.031854316406254 dt=1.953125E-8 iter=2 vin=4.607554246639579 vout=3.8000606077014543 enable=4.561934897647228 target=3.8075542466395795 drop=0.007493638938125269 requested=0.007493638938125269 delivered=0.07493638938125269 g=10.0 dtarget_dvin=1.0 dtarget_den=0.0 iin=0.07593638938125269 diin_dvin=10.0 diin_dvout=-10.0 diin_den=0.0
DECISION t=0.031854316406254 dt=1.953125E-8 iter=2 id=9792 sensor=4.9999500002499975 ref=1.900020803746708 rail=3.8000606077014543 before=HIGH/true after=HIGH/true output=3.650060607701454->3.6500606077014544
DECISION t=0.031854316406254 dt=1.953125E-8 iter=2 id=10048 sensor=4.99995000025 ref=1.900020803746708 rail=3.8000606077014543 before=HIGH/true after=HIGH/true output=3.650060607701454->3.6500606077014544
converged after 2 iterations, timeStep = 1.953125E-8
RAIL t=0.031854335937504 dt=1.953125E-8 iter=0 vin=4.607554246639579 vout=3.8000606077014543 enable=4.561934897647228 target=3.8075542466395795 drop=0.007493638938125269 requested=0.007493638938125269 delivered=0.07493638938125269 g=10.0 dtarget_dvin=1.0 dtarget_den=0.0 iin=0.07593638938125269 diin_dvin=10.0 diin_dvout=-10.0 diin_den=0.0
DECISION t=0.031854335937504 dt=1.953125E-8 iter=0 id=9792 sensor=4.9999500002499975 ref=1.900020803746708 rail=3.8000606077014543 before=HIGH/true after=HIGH/true output=3.6500606077014544->3.6500606077014544
DECISION t=0.031854335937504 dt=1.953125E-8 iter=0 id=10048 sensor=4.99995000025 ref=1.900020803746708 rail=3.8000606077014543 before=HIGH/true after=HIGH/true output=3.6500606077014544->3.6500606077014544
SETTER t=0.031854335937504 dt=1.953125E-8 iter=1 element=LimitedDcSupplyElm
RAIL t=0.031854335937504 dt=1.953125E-8 iter=1 vin=4.607489747963598 vout=3.799996156085443 enable=4.5618710375905005 target=3.807489747963598 drop=0.007493591878155126 requested=0.007493591878155126 delivered=0.07493591878155126 g=10.0 dtarget_dvin=1.0 dtarget_den=0.0 iin=0.07593591878155126 diin_dvin=10.0 diin_dvout=-10.0 diin_den=0.0
DECISION t=0.031854335937504 dt=1.953125E-8 iter=1 id=9792 sensor=4.999950000249993 ref=1.8999885780998307 rail=3.799996156085443 before=HIGH/true after=BROWNOUT/false output=3.6500606077014544->0.0
DECISION t=0.031854335937504 dt=1.953125E-8 iter=1 id=10048 sensor=4.99995000025 ref=1.899988578099831 rail=3.799996156085443 before=HIGH/true after=BROWNOUT/false output=3.6500606077014544->0.0
RAIL t=0.031854335937504 dt=1.953125E-8 iter=2 vin=4.607489747963747 vout=3.799996156119156 enable=4.561871037561042 target=3.8074897479637473 drop=0.0074935918445913074 requested=0.0074935918445913074 delivered=0.07493591844591307 g=10.0 dtarget_dvin=1.0 dtarget_den=0.0 iin=0.07593591844591308 diin_dvin=10.0 diin_dvout=-10.0 diin_den=0.0
DECISION t=0.031854335937504 dt=1.953125E-8 iter=2 id=9792 sensor=4.999950000249995 ref=1.8999885781166879 rail=3.799996156119156 before=BROWNOUT/false after=BROWNOUT/false output=0.0->0.0
DECISION t=0.031854335937504 dt=1.953125E-8 iter=2 id=10048 sensor=4.99995000025 ref=1.899988578116687 rail=3.799996156119156 before=BROWNOUT/false after=BROWNOUT/false output=0.0->0.0
SETTER t=0.031854335937504 dt=1.953125E-8 iter=2 element=NMosfetElm
RAIL t=0.031854335937504 dt=1.953125E-8 iter=3 vin=4.607489800476101 vout=3.8000080389507755 enable=4.561871089577238 target=3.807489800476101 drop=0.0074817615253253145 requested=0.0074817615253253145 delivered=0.07481761525325314 g=10.0 dtarget_dvin=1.0 dtarget_den=0.0 iin=0.07581761525325315 diin_dvin=10.0 diin_dvout=-10.0 diin_den=0.0
SETTER t=0.031854335937504 dt=1.953125E-8 iter=3 element=LinearRegulatorElm
DECISION t=0.031854335937504 dt=1.953125E-8 iter=3 id=9792 sensor=4.999950000250005 ref=1.8999945195027896 rail=3.8000080389507755 before=BROWNOUT/false after=HIGH/true output=0.0->3.6500080389507756
DECISION t=0.031854335937504 dt=1.953125E-8 iter=3 id=10048 sensor=4.99995000025 ref=1.8999945195027899 rail=3.8000080389507755 before=BROWNOUT/false after=HIGH/true output=0.0->3.6500080389507756
RAIL t=0.031854335937504 dt=1.953125E-8 iter=4 vin=4.607491276512336 vout=3.800342045879101 enable=4.5618725509838605 target=3.8074912765123363 drop=0.007149230633235248 requested=0.007149230633235248 delivered=0.07149230633235248 g=10.0 dtarget_dvin=1.0 dtarget_den=0.0 iin=0.07249230633235249 diin_dvin=10.0 diin_dvout=-10.0 diin_den=0.0
SETTER t=0.031854335937504 dt=1.953125E-8 iter=4 element=LinearRegulatorElm
DECISION t=0.031854335937504 dt=1.953125E-8 iter=4 id=9792 sensor=4.999950000250002 ref=1.9001615221319397 rail=3.800342045879101 before=HIGH/true after=HIGH/true output=3.6500080389507756->3.650342045879101
DECISION t=0.031854335937504 dt=1.953125E-8 iter=4 id=10048 sensor=4.99995000025 ref=1.9001615221319395 rail=3.800342045879101 before=HIGH/true after=HIGH/true output=3.6500080389507756->3.650342045879101
RAIL t=0.031854335937504 dt=1.953125E-8 iter=5 vin=4.60739639069266 vout=3.7788706752044017 enable=4.56177860453836 target=3.8073963906926602 drop=0.020000000000000004 requested=0.028525715488258552 delivered=0.20000000000000004 g=10.0 dtarget_dvin=1.0 dtarget_den=0.0 iin=0.20100000000000004 diin_dvin=10.0 diin_dvout=-10.0 diin_den=0.0
SETTER t=0.031854335937504 dt=1.953125E-8 iter=5 element=LinearRegulatorElm
DECISION t=0.031854335937504 dt=1.953125E-8 iter=5 id=9792 sensor=4.999950000249993 ref=1.8894258904727492 rail=3.7788706752044017 before=HIGH/true after=BROWNOUT/false output=3.650342045879101->0.0
DECISION t=0.031854335937504 dt=1.953125E-8 iter=5 id=10048 sensor=4.99995000025 ref=1.8894258904727481 rail=3.7788706752044017 before=HIGH/true after=BROWNOUT/false output=3.650342045879101->0.0
RAIL t=0.031854335937504 dt=1.953125E-8 iter=6 vin=4.607489747965573 vout=3.799996157052388 enable=4.561871037599224 target=3.8074897479655734 drop=0.007493590913185244 requested=0.007493590913185244 delivered=0.07493590913185244 g=10.0 dtarget_dvin=1.0 dtarget_den=0.0 iin=0.07593590913185244 diin_dvin=10.0 diin_dvout=-10.0 diin_den=0.0
SETTER t=0.031854335937504 dt=1.953125E-8 iter=6 element=LinearRegulatorElm
DECISION t=0.031854335937504 dt=1.953125E-8 iter=6 id=9792 sensor=4.999950000250002 ref=1.899988578583301 rail=3.799996157052388 before=BROWNOUT/false after=BROWNOUT/false output=0.0->0.0
DECISION t=0.031854335937504 dt=1.953125E-8 iter=6 id=10048 sensor=4.99995000025 ref=1.8999885785833008 rail=3.799996157052388 before=BROWNOUT/false after=BROWNOUT/false output=0.0->0.0
RAIL t=0.031854335937504 dt=1.953125E-8 iter=7 vin=4.60749111204277 vout=3.8003048286529855 enable=4.561872388155472 target=3.8074911120427704 drop=0.0071862833897848866 requested=0.0071862833897848866 delivered=0.07186283389784887 g=10.0 dtarget_dvin=1.0 dtarget_den=0.0 iin=0.07286283389784887 diin_dvin=10.0 diin_dvout=-10.0 diin_den=0.0
SETTER t=0.031854335937504 dt=1.953125E-8 iter=7 element=LinearRegulatorElm
DECISION t=0.031854335937504 dt=1.953125E-8 iter=7 id=9792 sensor=4.999950000250008 ref=1.9001429136119248 rail=3.8003048286529855 before=BROWNOUT/false after=HIGH/true output=0.0->3.6503048286529856
DECISION t=0.031854335937504 dt=1.953125E-8 iter=7 id=10048 sensor=4.99995000025 ref=1.9001429136119243 rail=3.8003048286529855 before=BROWNOUT/false after=HIGH/true output=0.0->3.6503048286529856
RAIL t=0.031854335937504 dt=1.953125E-8 iter=8 vin=4.60749129952751 vout=3.8003472538997887 enable=4.561872573788203 target=3.80749129952751 drop=0.007144045627721418 requested=0.007144045627721418 delivered=0.07144045627721418 g=10.0 dtarget_dvin=1.0 dtarget_den=0.0 iin=0.07244045627721418 diin_dvin=10.0 diin_dvout=-10.0 diin_den=0.0
SETTER t=0.031854335937504 dt=1.953125E-8 iter=8 element=LinearRegulatorElm
DECISION t=0.031854335937504 dt=1.953125E-8 iter=8 id=9792 sensor=4.999950000249993 ref=1.900164126129264 rail=3.8003472538997887 before=HIGH/true after=HIGH/true output=3.6503048286529856->3.6503472538997888
DECISION t=0.031854335937504 dt=1.953125E-8 iter=8 id=10048 sensor=4.99995000025 ref=1.900164126129264 rail=3.8003472538997887 before=HIGH/true after=HIGH/true output=3.6503048286529856->3.6503472538997888
SETTER t=0.031854335937504 dt=1.953125E-8 iter=9 element=LimitedDcSupplyElm
RAIL t=0.031854335937504 dt=1.953125E-8 iter=9 vin=4.607242089894061 vout=3.7439545027635175 enable=4.561625831633738 target=3.8072420898940615 drop=0.020000000000000004 requested=0.06328758713054405 delivered=0.20000000000000004 g=10.0 dtarget_dvin=1.0 dtarget_den=0.0 iin=0.20100000000000004 diin_dvin=10.0 diin_dvout=-10.0 diin_den=0.0
DECISION t=0.031854335937504 dt=1.953125E-8 iter=9 id=9792 sensor=4.9999500002499975 ref=1.8719678915423017 rail=3.7439545027635175 before=HIGH/true after=BROWNOUT/false output=3.6503472538997888->0.0
DECISION t=0.031854335937504 dt=1.953125E-8 iter=9 id=10048 sensor=4.99995000025 ref=1.8719678915423013 rail=3.7439545027635175 before=HIGH/true after=BROWNOUT/false output=3.6503472538997888->0.0
SETTER t=0.031854335937504 dt=1.953125E-8 iter=10 element=LimitedDcSupplyElm
RAIL t=0.031854335937504 dt=1.953125E-8 iter=10 vin=4.607489747975319 vout=3.7999961624037124 enable=4.561871037663504 target=3.8074897479753194 drop=0.007493585571606953 requested=0.007493585571606953 delivered=0.07493585571606953 g=10.0 dtarget_dvin=1.0 dtarget_den=0.0 iin=0.07593585571606953 diin_dvin=10.0 diin_dvout=-10.0 diin_den=0.0
DECISION t=0.031854335937504 dt=1.953125E-8 iter=10 id=9792 sensor=4.999950000249998 ref=1.8999885812589499 rail=3.7999961624037124 before=BROWNOUT/false after=BROWNOUT/false output=0.0->0.0
DECISION t=0.031854335937504 dt=1.953125E-8 iter=10 id=10048 sensor=4.99995000025 ref=1.8999885812589499 rail=3.7999961624037124 before=BROWNOUT/false after=BROWNOUT/false output=0.0->0.0
RAIL t=0.031854335937504 dt=1.953125E-8 iter=11 vin=4.607491272674813 vout=3.8003411774998157 enable=4.561872547146956 target=3.807491272674813 drop=0.007150095174997428 requested=0.007150095174997428 delivered=0.07150095174997428 g=10.0 dtarget_dvin=1.0 dtarget_den=0.0 iin=0.07250095174997429 diin_dvin=10.0 diin_dvout=-10.0 diin_den=0.0
SETTER t=0.031854335937504 dt=1.953125E-8 iter=11 element=LinearRegulatorElm
DECISION t=0.031854335937504 dt=1.953125E-8 iter=11 id=9792 sensor=4.999950000250003 ref=1.9001610879444688 rail=3.8003411774998157 before=BROWNOUT/false after=HIGH/true output=0.0->3.650341177499816
DECISION t=0.031854335937504 dt=1.953125E-8 iter=11 id=10048 sensor=4.99995000025 ref=1.9001610879444684 rail=3.8003411774998157 before=BROWNOUT/false after=HIGH/true output=0.0->3.650341177499816
RAIL t=0.031854335937504 dt=1.953125E-8 iter=12 vin=4.607491276019664 vout=3.800341934393953 enable=4.561872550492644 target=3.8074912760196638 drop=0.007149341625710903 requested=0.007149341625710903 delivered=0.07149341625710903 g=10.0 dtarget_dvin=1.0 dtarget_den=0.0 iin=0.07249341625710903 diin_dvin=10.0 diin_dvout=-10.0 diin_den=0.0
DECISION t=0.031854335937504 dt=1.953125E-8 iter=12 id=9792 sensor=4.999950000250002 ref=1.900161466389644 rail=3.800341934393953 before=HIGH/true after=HIGH/true output=3.650341177499816->3.650341934393953
DECISION t=0.031854335937504 dt=1.953125E-8 iter=12 id=10048 sensor=4.99995000025 ref=1.9001614663896451 rail=3.800341934393953 before=HIGH/true after=HIGH/true output=3.650341177499816->3.650341934393953
SETTER t=0.031854335937504 dt=1.953125E-8 iter=12 element=NMosfetElm
SETTER t=0.031854335937504 dt=1.953125E-8 iter=13 element=LimitedDcSupplyElm
RAIL t=0.031854335937504 dt=1.953125E-8 iter=13 vin=4.607051757650364 vout=3.700884904273743 enable=4.561437384042225 target=3.807051757650364 drop=0.020000000000000004 requested=0.10616685337662135 delivered=0.20000000000000004 g=10.0 dtarget_dvin=1.0 dtarget_den=0.0 iin=0.20100000000000004 diin_dvin=10.0 diin_dvout=-10.0 diin_den=0.0
DECISION t=0.031854335937504 dt=1.953125E-8 iter=13 id=9792 sensor=4.999950000250006 ref=1.8504331999708712 rail=3.700884904273743 before=HIGH/true after=BROWNOUT/false output=3.650341934393953->0.0
DECISION t=0.031854335937504 dt=1.953125E-8 iter=13 id=10048 sensor=4.99995000025 ref=1.8504331999708714 rail=3.700884904273743 before=HIGH/true after=BROWNOUT/false output=3.650341934393953->0.0
SETTER t=0.031854335937504 dt=1.953125E-8 iter=14 element=LimitedDcSupplyElm
RAIL t=0.031854335937504 dt=1.953125E-8 iter=14 vin=4.6074898440983025 vout=3.8000179215593244 enable=4.561871132022004 target=3.8074898440983027 drop=0.007471922538978326 requested=0.007471922538978326 delivered=0.07471922538978326 g=10.0 dtarget_dvin=1.0 dtarget_den=0.0 iin=0.07571922538978326 diin_dvin=10.0 diin_dvout=-10.0 diin_den=0.0
DECISION t=0.031854335937504 dt=1.953125E-8 iter=14 id=9792 sensor=4.9999500002499975 ref=1.8999994607823576 rail=3.8000179215593244 before=BROWNOUT/false after=HIGH/true output=0.0->3.6500179215593245
DECISION t=0.031854335937504 dt=1.953125E-8 iter=14 id=10048 sensor=4.99995000025 ref=1.8999994607823576 rail=3.8000179215593244 before=BROWNOUT/false after=HIGH/true output=0.0->3.6500179215593245
RAIL t=0.031854335937504 dt=1.953125E-8 iter=15 vin=4.607491277284669 vout=3.80034222064732 enable=4.561872551707218 target=3.8074912772846687 drop=0.007149056637348661 requested=0.007149056637348661 delivered=0.07149056637348661 g=10.0 dtarget_dvin=1.0 dtarget_den=0.0 iin=0.07249056637348661 diin_dvin=10.0 diin_dvout=-10.0 diin_den=0.0
SETTER t=0.031854335937504 dt=1.953125E-8 iter=15 element=LinearRegulatorElm
DECISION t=0.031854335937504 dt=1.953125E-8 iter=15 id=9792 sensor=4.999950000249993 ref=1.9001616095156122 rail=3.80034222064732 before=HIGH/true after=HIGH/true output=3.6500179215593245->3.65034222064732
DECISION t=0.031854335937504 dt=1.953125E-8 iter=15 id=10048 sensor=4.99995000025 ref=1.9001616095156122 rail=3.80034222064732 before=HIGH/true after=HIGH/true output=3.6500179215593245->3.65034222064732
SETTER t=0.031854335937504 dt=1.953125E-8 iter=16 element=LimitedDcSupplyElm
RAIL t=0.031854335937504 dt=1.953125E-8 iter=16 vin=4.607051757542611 vout=3.700884879890912 enable=4.561437383702204 target=3.8070517575426113 drop=0.020000000000000004 requested=0.1061668776516993 delivered=0.20000000000000004 g=10.0 dtarget_dvin=1.0 dtarget_den=0.0 iin=0.20100000000000004 diin_dvin=10.0 diin_dvout=-10.0 diin_den=0.0
DECISION t=0.031854335937504 dt=1.953125E-8 iter=16 id=9792 sensor=4.999950000250002 ref=1.850433187779517 rail=3.700884879890912 before=HIGH/true after=BROWNOUT/false output=3.65034222064732->0.0
DECISION t=0.031854335937504 dt=1.953125E-8 iter=16 id=10048 sensor=4.99995000025 ref=1.8504331877795175 rail=3.700884879890912 before=HIGH/true after=BROWNOUT/false output=3.65034222064732->0.0
SETTER t=0.031854335937504 dt=1.953125E-8 iter=17 element=LimitedDcSupplyElm
RAIL t=0.031854335937504 dt=1.953125E-8 iter=17 vin=4.607489844150967 vout=3.800017933476574 enable=4.561871132513498 target=3.8074898441509673 drop=0.007471910674393456 requested=0.007471910674393456 delivered=0.07471910674393456 g=10.0 dtarget_dvin=1.0 dtarget_den=0.0 iin=0.07571910674393456 diin_dvin=10.0 diin_dvout=-10.0 diin_den=0.0
DECISION t=0.031854335937504 dt=1.953125E-8 iter=17 id=9792 sensor=4.99995000025001 ref=1.8999994667409528 rail=3.800017933476574 before=BROWNOUT/false after=HIGH/true output=0.0->3.650017933476574
DECISION t=0.031854335937504 dt=1.953125E-8 iter=17 id=10048 sensor=4.99995000025 ref=1.8999994667409532 rail=3.800017933476574 before=BROWNOUT/false after=HIGH/true output=0.0->3.650017933476574
timestep down to 9.765625E-9 at 0.031854335937504
SETTER t=0.031854335937504 dt=9.765625E-9 iter=0 element=LimitedDcSupplyElm
RAIL t=0.031854335937504 dt=9.765625E-9 iter=0 vin=4.607554246639579 vout=3.8000606077014543 enable=4.561934897647228 target=3.8075542466395795 drop=0.007493638938125269 requested=0.007493638938125269 delivered=0.07493638938125269 g=10.0 dtarget_dvin=1.0 dtarget_den=0.0 iin=0.07593638938125269 diin_dvin=10.0 diin_dvout=-10.0 diin_den=0.0
DECISION t=0.031854335937504 dt=9.765625E-9 iter=0 id=9792 sensor=4.9999500002499975 ref=1.900020803746708 rail=3.8000606077014543 before=HIGH/true after=HIGH/true output=3.650342220857218->3.6500606077014544
DECISION t=0.031854335937504 dt=9.765625E-9 iter=0 id=10048 sensor=4.99995000025 ref=1.900020803746708 rail=3.8000606077014543 before=HIGH/true after=HIGH/true output=3.650342220857218->3.6500606077014544
RAIL t=0.031854335937504 dt=9.765625E-9 iter=1 vin=4.607552464160964 vout=3.7992557002434078 enable=4.561933169527865 target=3.807552464160964 drop=0.008296763917556405 requested=0.008296763917556405 delivered=0.08296763917556405 g=10.0 dtarget_dvin=1.0 dtarget_den=0.0 iin=0.08396763917556405 diin_dvin=10.0 diin_dvout=-10.0 diin_den=0.0
SETTER t=0.031854335937504 dt=9.765625E-9 iter=1 element=LinearRegulatorElm
DECISION t=0.031854335937504 dt=9.765625E-9 iter=1 id=9792 sensor=4.999950000250006 ref=1.8996183520299432 rail=3.7992557002434078 before=HIGH/true after=BROWNOUT/false output=3.6500606077014544->0.0
DECISION t=0.031854335937504 dt=9.765625E-9 iter=1 id=10048 sensor=4.99995000025 ref=1.8996183520299434 rail=3.7992557002434078 before=HIGH/true after=BROWNOUT/false output=3.6500606077014544->0.0
SETTER t=0.031854335937504 dt=9.765625E-9 iter=2 element=LimitedDcSupplyElm
RAIL t=0.031854335937504 dt=9.765625E-9 iter=2 vin=4.608595696563943 vout=4.2703444047695625 enable=4.562966034491527 target=3.808595696563943 drop=-0.46174870820561953 requested=-0.46174870820561953 delivered=-4.617487082056195E-7 g=1.0E-6 dtarget_dvin=1.0 dtarget_den=0.0 iin=9.995382512917943E-4 diin_dvin=1.0E-6 diin_dvout=-1.0E-6 diin_den=0.0
DECISION t=0.031854335937504 dt=9.765625E-9 iter=2 id=9792 sensor=4.999950000250003 ref=2.1351615265771478 rail=4.2703444047695625 before=BROWNOUT/false after=HIGH/true output=0.0->4.120344404769562
DECISION t=0.031854335937504 dt=9.765625E-9 iter=2 id=10048 sensor=4.99995000025 ref=2.135161526577148 rail=4.2703444047695625 before=BROWNOUT/false after=HIGH/true output=0.0->4.120344404769562
SETTER t=0.031854335937504 dt=9.765625E-9 iter=3 element=LimitedDcSupplyElm
RAIL t=0.031854335937504 dt=9.765625E-9 iter=3 vin=4.607570878097801 vout=3.7996947119321027 enable=4.561951364911515 target=3.807570878097801 drop=0.007876166165698084 requested=0.007876166165698084 delivered=0.07876166165698084 g=10.0 dtarget_dvin=1.0 dtarget_den=0.0 iin=0.07976166165698084 diin_dvin=10.0 diin_dvout=-10.0 diin_den=0.0
DECISION t=0.031854335937504 dt=9.765625E-9 iter=3 id=9792 sensor=4.9999500002499975 ref=1.8998378567767684 rail=3.7996947119321027 before=HIGH/true after=BROWNOUT/false output=4.120344404769562->0.0
DECISION t=0.031854335937504 dt=9.765625E-9 iter=3 id=10048 sensor=4.99995000025 ref=1.8998378567767686 rail=3.7996947119321027 before=HIGH/true after=BROWNOUT/false output=4.120344404769562->0.0
RAIL t=0.031854335937504 dt=9.765625E-9 iter=4 vin=4.607554246642377 vout=3.8000606089803304 enable=4.5619348980939884 target=3.8075542466423773 drop=0.007493637662046915 requested=0.007493637662046915 delivered=0.07493637662046915 g=10.0 dtarget_dvin=1.0 dtarget_den=0.0 iin=0.07593637662046915 diin_dvin=10.0 diin_dvout=-10.0 diin_den=0.0
SETTER t=0.031854335937504 dt=9.765625E-9 iter=4 element=LinearRegulatorElm
DECISION t=0.031854335937504 dt=9.765625E-9 iter=4 id=9792 sensor=4.999950000249996 ref=1.9000208043861435 rail=3.8000606089803304 before=BROWNOUT/false after=HIGH/true output=0.0->3.6500606089803305
DECISION t=0.031854335937504 dt=9.765625E-9 iter=4 id=10048 sensor=4.99995000025 ref=1.9000208043861437 rail=3.8000606089803304 before=BROWNOUT/false after=HIGH/true output=0.0->3.6500606089803305
RAIL t=0.031854335937504 dt=9.765625E-9 iter=5 vin=4.607554246642504 vout=3.800060609022254 enable=4.561934897670897 target=3.8075542466425043 drop=0.0074936376202501265 requested=0.0074936376202501265 delivered=0.07493637620250126 g=10.0 dtarget_dvin=1.0 dtarget_den=0.0 iin=0.07593637620250127 diin_dvin=10.0 diin_dvout=-10.0 diin_den=0.0
DECISION t=0.031854335937504 dt=9.765625E-9 iter=5 id=9792 sensor=4.9999500002499975 ref=1.900020804407105 rail=3.800060609022254 before=HIGH/true after=HIGH/true output=3.6500606089803305->3.6500606090222543
DECISION t=0.031854335937504 dt=9.765625E-9 iter=5 id=10048 sensor=4.99995000025 ref=1.9000208044071052 rail=3.800060609022254 before=HIGH/true after=HIGH/true output=3.6500606089803305->3.6500606090222543
SETTER t=0.031854335937504 dt=9.765625E-9 iter=5 element=NMosfetElm
RAIL t=0.031854335937504 dt=9.765625E-9 iter=6 vin=4.60755424658018 vout=3.800060580878785 enable=4.561934897569434 target=3.80755424658018 drop=0.007493665701395091 requested=0.007493665701395091 delivered=0.07493665701395091 g=10.0 dtarget_dvin=1.0 dtarget_den=0.0 iin=0.07593665701395091 diin_dvin=10.0 diin_dvout=-10.0 diin_den=0.0
DECISION t=0.031854335937504 dt=9.765625E-9 iter=6 id=9792 sensor=4.999950000250006 ref=1.9000207903354405 rail=3.800060580878785 before=HIGH/true after=HIGH/true output=3.6500606090222543->3.650060580878785
DECISION t=0.031854335937504 dt=9.765625E-9 iter=6 id=10048 sensor=4.99995000025 ref=1.900020790335441 rail=3.800060580878785 before=HIGH/true after=HIGH/true output=3.6500606090222543->3.650060580878785
SETTER t=0.031854335937504 dt=9.765625E-9 iter=6 element=NMosfetElm
RAIL t=0.031854335937504 dt=9.765625E-9 iter=7 vin=4.607554497621664 vout=3.8001739427791614 enable=4.561935145980186 target=3.8075544976216644 drop=0.007380554842502995 requested=0.007380554842502995 delivered=0.07380554842502995 g=10.0 dtarget_dvin=1.0 dtarget_den=0.0 iin=0.07480554842502996 diin_dvin=10.0 diin_dvout=-10.0 diin_den=0.0
SETTER t=0.031854335937504 dt=9.765625E-9 iter=7 element=LinearRegulatorElm
DECISION t=0.031854335937504 dt=9.765625E-9 iter=7 id=9792 sensor=4.999950000250006 ref=1.9000774710022261 rail=3.8001739427791614 before=HIGH/true after=HIGH/true output=3.650060580878785->3.6501739427791615
DECISION t=0.031854335937504 dt=9.765625E-9 iter=7 id=10048 sensor=4.99995000025 ref=1.9000774710022261 rail=3.8001739427791614 before=HIGH/true after=HIGH/true output=3.650060580878785->3.6501739427791615
RAIL t=0.031854335937504 dt=9.765625E-9 iter=8 vin=4.6075542466423505 vout=3.8000606089527205 enable=4.561934898092345 target=3.8075542466423506 drop=0.007493637689630184 requested=0.007493637689630184 delivered=0.07493637689630184 g=10.0 dtarget_dvin=1.0 dtarget_den=0.0 iin=0.07593637689630184 diin_dvin=10.0 diin_dvout=-10.0 diin_den=0.0
SETTER t=0.031854335937504 dt=9.765625E-9 iter=8 element=LinearRegulatorElm
DECISION t=0.031854335937504 dt=9.765625E-9 iter=8 id=9792 sensor=4.999950000250002 ref=1.9000208043723381 rail=3.8000606089527205 before=HIGH/true after=HIGH/true output=3.6501739427791615->3.6500606089527206
DECISION t=0.031854335937504 dt=9.765625E-9 iter=8 id=10048 sensor=4.99995000025 ref=1.9000208043723386 rail=3.8000606089527205 before=HIGH/true after=HIGH/true output=3.6501739427791615->3.6500606089527206
RAIL t=0.031854335937504 dt=9.765625E-9 iter=9 vin=4.607554246642406 vout=3.8000606089782676 enable=4.561934897557196 target=3.8075542466424066 drop=0.007493637664139019 requested=0.007493637664139019 delivered=0.07493637664139019 g=10.0 dtarget_dvin=1.0 dtarget_den=0.0 iin=0.07593637664139019 diin_dvin=10.0 diin_dvout=-10.0 diin_den=0.0
DECISION t=0.031854335937504 dt=9.765625E-9 iter=9 id=9792 sensor=4.999950000250006 ref=1.9000208043851121 rail=3.8000606089782676 before=HIGH/true after=HIGH/true output=3.6500606089527206->3.6500606089782677
DECISION t=0.031854335937504 dt=9.765625E-9 iter=9 id=10048 sensor=4.99995000025 ref=1.9000208043851121 rail=3.8000606089782676 before=HIGH/true after=HIGH/true output=3.6500606089527206->3.6500606089782677
SETTER t=0.031854335937504 dt=9.765625E-9 iter=9 element=NMosfetElm
RAIL t=0.031854335937504 dt=9.765625E-9 iter=10 vin=4.607554246642754 vout=3.8000606091351936 enable=4.561934897649679 target=3.807554246642754 drop=0.007493637507560269 requested=0.007493637507560269 delivered=0.07493637507560269 g=10.0 dtarget_dvin=1.0 dtarget_den=0.0 iin=0.07593637507560269 diin_dvin=10.0 diin_dvout=-10.0 diin_den=0.0
DECISION t=0.031854335937504 dt=9.765625E-9 iter=10 id=9792 sensor=4.999950000250002 ref=1.900020804463574 rail=3.8000606091351936 before=HIGH/true after=HIGH/true output=3.6500606089782677->3.6500606091351937
DECISION t=0.031854335937504 dt=9.765625E-9 iter=10 id=10048 sensor=4.99995000025 ref=1.900020804463575 rail=3.8000606091351936 before=HIGH/true after=HIGH/true output=3.6500606089782677->3.6500606091351937
SETTER t=0.031854335937504 dt=9.765625E-9 iter=10 element=NMosfetElm
RAIL t=0.031854335937504 dt=9.765625E-9 iter=11 vin=4.607554246642785 vout=3.8000606091492366 enable=4.561934897654578 target=3.807554246642785 drop=0.007493637493548366 requested=0.007493637493548366 delivered=0.07493637493548366 g=10.0 dtarget_dvin=1.0 dtarget_den=0.0 iin=0.07593637493548366 diin_dvin=10.0 diin_dvout=-10.0 diin_den=0.0
DECISION t=0.031854335937504 dt=9.765625E-9 iter=11 id=9792 sensor=4.9999500002499975 ref=1.9000208044705955 rail=3.8000606091492366 before=HIGH/true after=HIGH/true output=3.6500606091351937->3.6500606091492367
DECISION t=0.031854335937504 dt=9.765625E-9 iter=11 id=10048 sensor=4.99995000025 ref=1.9000208044705955 rail=3.8000606091492366 before=HIGH/true after=HIGH/true output=3.6500606091351937->3.6500606091492367
SETTER t=0.031854335937504 dt=9.765625E-9 iter=11 element=NMosfetElm
RAIL t=0.031854335937504 dt=9.765625E-9 iter=12 vin=4.607554246642785 vout=3.800060609149433 enable=4.5619348976539165 target=3.807554246642785 drop=0.007493637493352079 requested=0.007493637493352079 delivered=0.07493637493352079 g=10.0 dtarget_dvin=1.0 dtarget_den=0.0 iin=0.07593637493352079 diin_dvin=10.0 diin_dvout=-10.0 diin_den=0.0
DECISION t=0.031854335937504 dt=9.765625E-9 iter=12 id=9792 sensor=4.9999500002499975 ref=1.9000208044706937 rail=3.800060609149433 before=HIGH/true after=HIGH/true output=3.6500606091492367->3.650060609149433
DECISION t=0.031854335937504 dt=9.765625E-9 iter=12 id=10048 sensor=4.99995000025 ref=1.900020804470694 rail=3.800060609149433 before=HIGH/true after=HIGH/true output=3.6500606091492367->3.650060609149433
SETTER t=0.031854335937504 dt=9.765625E-9 iter=12 element=NMosfetElm
RAIL t=0.031854335937504 dt=9.765625E-9 iter=13 vin=4.607554246642785 vout=3.8000606091494324 enable=4.56193489762574 target=3.807554246642785 drop=0.007493637493352523 requested=0.007493637493352523 delivered=0.07493637493352523 g=10.0 dtarget_dvin=1.0 dtarget_den=0.0 iin=0.07593637493352523 diin_dvin=10.0 diin_dvout=-10.0 diin_den=0.0
DECISION t=0.031854335937504 dt=9.765625E-9 iter=13 id=9792 sensor=4.9999500002499975 ref=1.9000208044706937 rail=3.8000606091494324 before=HIGH/true after=HIGH/true output=3.650060609149433->3.6500606091494325
DECISION t=0.031854335937504 dt=9.765625E-9 iter=13 id=10048 sensor=4.99995000025 ref=1.900020804470694 rail=3.8000606091494324 before=HIGH/true after=HIGH/true output=3.650060609149433->3.6500606091494325
converged after 13 iterations, timeStep = 9.765625E-9
RAIL t=0.031854345703129006 dt=9.765625E-9 iter=0 vin=4.607554246642785 vout=3.8000606091494324 enable=4.56193489762574 target=3.807554246642785 drop=0.007493637493352523 requested=0.007493637493352523 delivered=0.07493637493352523 g=10.0 dtarget_dvin=1.0 dtarget_den=0.0 iin=0.07593637493352523 diin_dvin=10.0 diin_dvout=-10.0 diin_den=0.0
DECISION t=0.031854345703129006 dt=9.765625E-9 iter=0 id=9792 sensor=4.9999500002499975 ref=1.9000208044706937 rail=3.8000606091494324 before=HIGH/true after=HIGH/true output=3.6500606091494325->3.6500606091494325
DECISION t=0.031854345703129006 dt=9.765625E-9 iter=0 id=10048 sensor=4.99995000025 ref=1.900020804470694 rail=3.8000606091494324 before=HIGH/true after=HIGH/true output=3.6500606091494325->3.6500606091494325
SETTER t=0.031854345703129006 dt=9.765625E-9 iter=1 element=LimitedDcSupplyElm
RAIL t=0.031854345703129006 dt=9.765625E-9 iter=1 vin=4.607521997268202 vout=3.8000283866550157 enable=4.561902967607626 target=3.8075219972682026 drop=0.007493610613186874 requested=0.007493610613186874 delivered=0.07493610613186874 g=10.0 dtarget_dvin=1.0 dtarget_den=0.0 iin=0.07593610613186874 diin_dvin=10.0 diin_dvout=-10.0 diin_den=0.0
DECISION t=0.031854345703129006 dt=9.765625E-9 iter=1 id=9792 sensor=4.999950000250002 ref=1.9000046933040424 rail=3.8000283866550157 before=HIGH/true after=HIGH/true output=3.6500606091494325->3.650028386655016
DECISION t=0.031854345703129006 dt=9.765625E-9 iter=1 id=10048 sensor=4.99995000025 ref=1.9000046933040422 rail=3.8000283866550157 before=HIGH/true after=HIGH/true output=3.6500606091494325->3.650028386655016
RAIL t=0.031854345703129006 dt=9.765625E-9 iter=2 vin=4.607521997268202 vout=3.8000283866550166 enable=4.561902967607706 target=3.8075219972682026 drop=0.007493610613185986 requested=0.007493610613185986 delivered=0.07493610613185986 g=10.0 dtarget_dvin=1.0 dtarget_den=0.0 iin=0.07593610613185986 diin_dvin=10.0 diin_dvout=-10.0 diin_den=0.0
DECISION t=0.031854345703129006 dt=9.765625E-9 iter=2 id=9792 sensor=4.999950000249993 ref=1.9000046933040422 rail=3.8000283866550166 before=HIGH/true after=HIGH/true output=3.650028386655016->3.6500283866550167
DECISION t=0.031854345703129006 dt=9.765625E-9 iter=2 id=10048 sensor=4.99995000025 ref=1.9000046933040424 rail=3.8000283866550166 before=HIGH/true after=HIGH/true output=3.650028386655016->3.6500283866550167
converged after 2 iterations, timeStep = 9.765625E-9
RAIL t=0.03185435546875401 dt=9.765625E-9 iter=0 vin=4.607521997268202 vout=3.8000283866550166 enable=4.561902967607706 target=3.8075219972682026 drop=0.007493610613185986 requested=0.007493610613185986 delivered=0.07493610613185986 g=10.0 dtarget_dvin=1.0 dtarget_den=0.0 iin=0.07593610613185986 diin_dvin=10.0 diin_dvout=-10.0 diin_den=0.0
DECISION t=0.03185435546875401 dt=9.765625E-9 iter=0 id=9792 sensor=4.999950000249993 ref=1.9000046933040422 rail=3.8000283866550166 before=HIGH/true after=HIGH/true output=3.6500283866550167->3.6500283866550167
DECISION t=0.03185435546875401 dt=9.765625E-9 iter=0 id=10048 sensor=4.99995000025 ref=1.9000046933040424 rail=3.8000283866550166 before=HIGH/true after=HIGH/true output=3.6500283866550167->3.6500283866550167
SETTER t=0.03185435546875401 dt=9.765625E-9 iter=1 element=LimitedDcSupplyElm
RAIL t=0.03185435546875401 dt=9.765625E-9 iter=1 vin=4.607489748005978 vout=3.7999961627454883 enable=4.561871037642626 target=3.8074897480059784 drop=0.007493585260490043 requested=0.007493585260490043 delivered=0.07493585260490043 g=10.0 dtarget_dvin=1.0 dtarget_den=0.0 iin=0.07593585260490043 diin_dvin=10.0 diin_dvout=-10.0 diin_den=0.0
DECISION t=0.03185435546875401 dt=9.765625E-9 iter=1 id=9792 sensor=4.9999500002499975 ref=1.8999885814298376 rail=3.7999961627454883 before=HIGH/true after=BROWNOUT/false output=3.6500283866550167->0.0
DECISION t=0.03185435546875401 dt=9.765625E-9 iter=1 id=10048 sensor=4.99995000025 ref=1.8999885814298367 rail=3.7999961627454883 before=HIGH/true after=BROWNOUT/false output=3.6500283866550167->0.0
RAIL t=0.03185435546875401 dt=9.765625E-9 iter=2 vin=4.607489748005998 vout=3.7999961627543115 enable=4.56187103761359 target=3.807489748005998 drop=0.007493585251686419 requested=0.007493585251686419 delivered=0.07493585251686419 g=10.0 dtarget_dvin=1.0 dtarget_den=0.0 iin=0.07593585251686419 diin_dvin=10.0 diin_dvout=-10.0 diin_den=0.0
DECISION t=0.03185435546875401 dt=9.765625E-9 iter=2 id=9792 sensor=4.999950000250007 ref=1.8999885814342483 rail=3.7999961627543115 before=BROWNOUT/false after=BROWNOUT/false output=0.0->0.0
DECISION t=0.03185435546875401 dt=9.765625E-9 iter=2 id=10048 sensor=4.99995000025 ref=1.899988581434248 rail=3.7999961627543115 before=BROWNOUT/false after=BROWNOUT/false output=0.0->0.0
SETTER t=0.03185435546875401 dt=9.765625E-9 iter=2 element=NMosfetElm
RAIL t=0.03185435546875401 dt=9.765625E-9 iter=3 vin=4.607489755012422 vout=3.7999993266200125 enable=4.561871044571374 target=3.807489755012422 drop=0.007490428392409321 requested=0.007490428392409321 delivered=0.0749042839240932 g=10.0 dtarget_dvin=1.0 dtarget_den=0.0 iin=0.07590428392409321 diin_dvin=10.0 diin_dvout=-10.0 diin_den=0.0
DECISION t=0.03185435546875401 dt=9.765625E-9 iter=3 id=9792 sensor=4.9999500002500055 ref=1.8999901633591902 rail=3.7999993266200125 before=BROWNOUT/false after=BROWNOUT/false output=0.0->0.0
DECISION t=0.03185435546875401 dt=9.765625E-9 iter=3 id=10048 sensor=4.99995000025 ref=1.8999901633591898 rail=3.7999993266200125 before=BROWNOUT/false after=BROWNOUT/false output=0.0->0.0
SETTER t=0.03185435546875401 dt=9.765625E-9 iter=3 element=NMosfetElm
RAIL t=0.03185435546875401 dt=9.765625E-9 iter=4 vin=4.6074901487138105 vout=3.8001771089400513 enable=4.561871434360051 target=3.8074901487138106 drop=0.0073130397737593 requested=0.0073130397737593 delivered=0.073130397737593 g=10.0 dtarget_dvin=1.0 dtarget_den=0.0 iin=0.074130397737593 diin_dvin=10.0 diin_dvout=-10.0 diin_den=0.0
SETTER t=0.03185435546875401 dt=9.765625E-9 iter=4 element=LinearRegulatorElm
DECISION t=0.03185435546875401 dt=9.765625E-9 iter=4 id=9792 sensor=4.999950000250007 ref=1.900079054074756 rail=3.8001771089400513 before=BROWNOUT/false after=HIGH/true output=0.0->3.6501771089400514
DECISION t=0.03185435546875401 dt=9.765625E-9 iter=4 id=10048 sensor=4.99995000025 ref=1.9000790540747552 rail=3.8001771089400513 before=BROWNOUT/false after=HIGH/true output=0.0->3.6501771089400514
RAIL t=0.03185435546875401 dt=9.765625E-9 iter=5 vin=4.607487683918951 vout=3.7990640903894852 enable=4.561868994011684 target=3.807487683918951 drop=0.008423593529465645 requested=0.008423593529465645 delivered=0.08423593529465645 g=10.0 dtarget_dvin=1.0 dtarget_den=0.0 iin=0.08523593529465645 diin_dvin=10.0 diin_dvout=-10.0 diin_den=0.0
SETTER t=0.03185435546875401 dt=9.765625E-9 iter=5 element=LinearRegulatorElm
DECISION t=0.03185435546875401 dt=9.765625E-9 iter=5 id=9792 sensor=4.999950000249989 ref=1.899522547582005 rail=3.7990640903894852 before=HIGH/true after=BROWNOUT/false output=3.6501771089400514->0.0
DECISION t=0.03185435546875401 dt=9.765625E-9 iter=5 id=10048 sensor=4.99995000025 ref=1.8995225475820046 rail=3.7990640903894852 before=HIGH/true after=BROWNOUT/false output=3.6501771089400514->0.0
RAIL t=0.03185435546875401 dt=9.765625E-9 iter=6 vin=4.607554277974984 vout=3.8291357287863828 enable=4.561934928693462 target=3.807554277974984 drop=-0.021581450811398728 requested=-0.021581450811398728 delivered=-2.1581450811398725E-8 g=1.0E-6 dtarget_dvin=1.0 dtarget_den=0.0 iin=9.999784185491887E-4 diin_dvin=1.0E-6 diin_dvout=-1.0E-6 diin_den=0.0
SETTER t=0.03185435546875401 dt=9.765625E-9 iter=6 element=LinearRegulatorElm
DECISION t=0.03185435546875401 dt=9.765625E-9 iter=6 id=9792 sensor=4.999950000250001 ref=1.9145582916017334 rail=3.8291357287863828 before=BROWNOUT/false after=HIGH/true output=0.0->3.679135728786383
DECISION t=0.03185435546875401 dt=9.765625E-9 iter=6 id=10048 sensor=4.99995000025 ref=1.914558291601734 rail=3.8291357287863828 before=BROWNOUT/false after=HIGH/true output=0.0->3.679135728786383
RAIL t=0.03185435546875401 dt=9.765625E-9 iter=7 vin=4.607506379482266 vout=3.800664340564804 enable=4.561887504485828 target=3.807506379482266 drop=0.0068420389174619345 requested=0.0068420389174619345 delivered=0.06842038917461934 g=10.0 dtarget_dvin=1.0 dtarget_den=0.0 iin=0.06942038917461935 diin_dvin=10.0 diin_dvout=-10.0 diin_den=0.0
SETTER t=0.03185435546875401 dt=9.765625E-9 iter=7 element=LinearRegulatorElm
DECISION t=0.03185435546875401 dt=9.765625E-9 iter=7 id=9792 sensor=4.99995000025 ref=1.9003226686690589 rail=3.800664340564804 before=HIGH/true after=HIGH/true output=3.679135728786383->3.6506643405648043
DECISION t=0.03185435546875401 dt=9.765625E-9 iter=7 id=10048 sensor=4.99995000025 ref=1.9003226686690593 rail=3.800664340564804 before=HIGH/true after=HIGH/true output=3.679135728786383->3.6506643405648043
RAIL t=0.03185435546875401 dt=9.765625E-9 iter=8 vin=4.607374916201539 vout=3.7481419780462137 enable=4.561757342555282 target=3.807374916201539 drop=0.020000000000000004 requested=0.059232938155325154 delivered=0.20000000000000004 g=10.0 dtarget_dvin=1.0 dtarget_den=0.0 iin=0.20100000000000004 diin_dvin=10.0 diin_dvout=-10.0 diin_den=0.0
SETTER t=0.03185435546875401 dt=9.765625E-9 iter=8 element=LinearRegulatorElm
DECISION t=0.03185435546875401 dt=9.765625E-9 iter=8 id=9792 sensor=4.99995000024999 ref=1.8740616187150132 rail=3.7481419780462137 before=HIGH/true after=BROWNOUT/false output=3.6506643405648043->0.0
DECISION t=0.03185435546875401 dt=9.765625E-9 iter=8 id=10048 sensor=4.99995000025 ref=1.8740616187150134 rail=3.7481419780462137 before=HIGH/true after=BROWNOUT/false output=3.6506643405648043->0.0
RAIL t=0.03185435546875401 dt=9.765625E-9 iter=9 vin=4.607489752761865 vout=3.799998311131816 enable=4.561871042481491 target=3.8074897527618647 drop=0.0074914416300488895 requested=0.0074914416300488895 delivered=0.0749144163004889 g=10.0 dtarget_dvin=1.0 dtarget_den=0.0 iin=0.0759144163004889 diin_dvin=10.0 diin_dvout=-10.0 diin_den=0.0
SETTER t=0.03185435546875401 dt=9.765625E-9 iter=9 element=LinearRegulatorElm
DECISION t=0.03185435546875401 dt=9.765625E-9 iter=9 id=9792 sensor=4.99995000025 ref=1.89998965561763 rail=3.799998311131816 before=BROWNOUT/false after=BROWNOUT/false output=0.0->0.0
DECISION t=0.03185435546875401 dt=9.765625E-9 iter=9 id=10048 sensor=4.99995000025 ref=1.8999896556176301 rail=3.799998311131816 before=BROWNOUT/false after=BROWNOUT/false output=0.0->0.0
RAIL t=0.03185435546875401 dt=9.765625E-9 iter=10 vin=4.607490389644839 vout=3.8002859052980993 enable=4.561871672923822 target=3.8074903896448395 drop=0.007204484346740259 requested=0.007204484346740259 delivered=0.07204484346740259 g=10.0 dtarget_dvin=1.0 dtarget_den=0.0 iin=0.07304484346740259 diin_dvin=10.0 diin_dvout=-10.0 diin_den=0.0
SETTER t=0.03185435546875401 dt=9.765625E-9 iter=10 element=LinearRegulatorElm
DECISION t=0.03185435546875401 dt=9.765625E-9 iter=10 id=9792 sensor=4.99995000025 ref=1.9001334519817903 rail=3.8002859052980993 before=BROWNOUT/false after=HIGH/true output=0.0->3.6502859052980994
DECISION t=0.03185435546875401 dt=9.765625E-9 iter=10 id=10048 sensor=4.99995000025 ref=1.9001334519817896 rail=3.8002859052980993 before=BROWNOUT/false after=HIGH/true output=0.0->3.6502859052980994
RAIL t=0.03185435546875401 dt=9.765625E-9 iter=11 vin=4.607490491048797 vout=3.8003316959182882 enable=4.561871773342289 target=3.8074904910487968 drop=0.007158795130508544 requested=0.007158795130508544 delivered=0.07158795130508544 g=10.0 dtarget_dvin=1.0 dtarget_den=0.0 iin=0.07258795130508544 diin_dvin=10.0 diin_dvout=-10.0 diin_den=0.0
SETTER t=0.03185435546875401 dt=9.765625E-9 iter=11 element=LinearRegulatorElm
DECISION t=0.03185435546875401 dt=9.765625E-9 iter=11 id=9792 sensor=4.99995000025 ref=1.900156347177409 rail=3.8003316959182882 before=HIGH/true after=HIGH/true output=3.6502859052980994->3.6503316959182883
DECISION t=0.03185435546875401 dt=9.765625E-9 iter=11 id=10048 sensor=4.99995000025 ref=1.9001563471774083 rail=3.8003316959182882 before=HIGH/true after=HIGH/true output=3.6502859052980994->3.6503316959182883
RAIL t=0.03185435546875401 dt=9.765625E-9 iter=12 vin=4.607373695787481 vout=3.747590879825177 enable=4.561756134387355 target=3.807373695787481 drop=0.020000000000000004 requested=0.05978281596230417 delivered=0.20000000000000004 g=10.0 dtarget_dvin=1.0 dtarget_den=0.0 iin=0.20100000000000004 diin_dvin=10.0 diin_dvout=-10.0 diin_den=0.0
SETTER t=0.03185435546875401 dt=9.765625E-9 iter=12 element=LinearRegulatorElm
DECISION t=0.03185435546875401 dt=9.765625E-9 iter=12 id=9792 sensor=4.99995000025 ref=1.8737860709822343 rail=3.747590879825177 before=HIGH/true after=BROWNOUT/false output=3.6503316959182883->0.0
DECISION t=0.03185435546875401 dt=9.765625E-9 iter=12 id=10048 sensor=4.99995000025 ref=1.8737860709822338 rail=3.747590879825177 before=HIGH/true after=BROWNOUT/false output=3.6503316959182883->0.0
RAIL t=0.03185435546875401 dt=9.765625E-9 iter=13 vin=4.60749087363761 vout=3.800504460992918 enable=4.561872152245251 target=3.80749087363761 drop=0.006986412644691686 requested=0.006986412644691686 delivered=0.06986412644691686 g=10.0 dtarget_dvin=1.0 dtarget_den=0.0 iin=0.07086412644691686 diin_dvin=10.0 diin_dvout=-10.0 diin_den=0.0
SETTER t=0.03185435546875401 dt=9.765625E-9 iter=13 element=LinearRegulatorElm
DECISION t=0.03185435546875401 dt=9.765625E-9 iter=13 id=9792 sensor=4.999950000250001 ref=1.9002427292828132 rail=3.800504460992918 before=BROWNOUT/false after=HIGH/true output=0.0->3.6505044609929183
DECISION t=0.03185435546875401 dt=9.765625E-9 iter=13 id=10048 sensor=4.99995000025 ref=1.900242729282813 rail=3.800504460992918 before=BROWNOUT/false after=HIGH/true output=0.0->3.6505044609929183
RAIL t=0.03185435546875401 dt=9.765625E-9 iter=14 vin=4.607487671303687 vout=3.79905839376092 enable=4.561868981489668 target=3.8074876713036874 drop=0.008429277542767455 requested=0.008429277542767455 delivered=0.08429277542767455 g=10.0 dtarget_dvin=1.0 dtarget_den=0.0 iin=0.08529277542767455 diin_dvin=10.0 diin_dvout=-10.0 diin_den=0.0
SETTER t=0.03185435546875401 dt=9.765625E-9 iter=14 element=LinearRegulatorElm
DECISION t=0.03185435546875401 dt=9.765625E-9 iter=14 id=9792 sensor=4.999950000249991 ref=1.8995196992819638 rail=3.79905839376092 before=HIGH/true after=BROWNOUT/false output=3.6505044609929183->0.0
DECISION t=0.03185435546875401 dt=9.765625E-9 iter=14 id=10048 sensor=4.99995000025 ref=1.8995196992819634 rail=3.79905839376092 before=HIGH/true after=BROWNOUT/false output=3.6505044609929183->0.0
RAIL t=0.03185435546875401 dt=9.765625E-9 iter=15 vin=4.607770021169023 vout=3.926558107060478 enable=4.562148535779605 target=3.8077700211690235 drop=-0.11878808589145429 requested=-0.11878808589145429 delivered=-1.1878808589145428E-7 g=1.0E-6 dtarget_dvin=1.0 dtarget_den=0.0 iin=9.998812119141086E-4 diin_dvin=1.0E-6 diin_dvout=-1.0E-6 diin_den=0.0
SETTER t=0.03185435546875401 dt=9.765625E-9 iter=15 element=LinearRegulatorElm
DECISION t=0.03185435546875401 dt=9.765625E-9 iter=15 id=9792 sensor=4.999950000250003 ref=1.9632692371840539 rail=3.926558107060478 before=BROWNOUT/false after=HIGH/true output=0.0->3.776558107060478
DECISION t=0.03185435546875401 dt=9.765625E-9 iter=15 id=10048 sensor=4.99995000025 ref=1.963269237184053 rail=3.926558107060478 before=BROWNOUT/false after=HIGH/true output=0.0->3.776558107060478
RAIL t=0.03185435546875401 dt=9.765625E-9 iter=16 vin=4.607506379472931 vout=3.798547853109372 enable=4.5618875043961635 target=3.8075063794729314 drop=0.008958526363559205 requested=0.008958526363559205 delivered=0.08958526363559205 g=10.0 dtarget_dvin=1.0 dtarget_den=0.0 iin=0.09058526363559205 diin_dvin=10.0 diin_dvout=-10.0 diin_den=0.0
SETTER t=0.03185435546875401 dt=9.765625E-9 iter=16 element=LinearRegulatorElm
DECISION t=0.03185435546875401 dt=9.765625E-9 iter=16 id=9792 sensor=4.9999500002499975 ref=1.899264430232535 rail=3.798547853109372 before=HIGH/true after=BROWNOUT/false output=3.776558107060478->0.0
DECISION t=0.03185435546875401 dt=9.765625E-9 iter=16 id=10048 sensor=4.99995000025 ref=1.899264430232535 rail=3.798547853109372 before=HIGH/true after=BROWNOUT/false output=3.776558107060478->0.0
RAIL t=0.03185435546875401 dt=9.765625E-9 iter=17 vin=4.607793680410015 vout=3.9372418247708323 enable=4.562171974404209 target=3.8077936804100148 drop=-0.12944814436081753 requested=-0.12944814436081753 delivered=-1.2944814436081753E-7 g=1.0E-6 dtarget_dvin=1.0 dtarget_den=0.0 iin=9.998705518556392E-4 diin_dvin=1.0E-6 diin_dvout=-1.0E-6 diin_den=0.0
SETTER t=0.03185435546875401 dt=9.765625E-9 iter=17 element=LinearRegulatorElm
DECISION t=0.03185435546875401 dt=9.765625E-9 iter=17 id=9792 sensor=4.999950000250002 ref=1.9686110693300696 rail=3.9372418247708323 before=BROWNOUT/false after=HIGH/true output=0.0->3.7872418247708324
DECISION t=0.03185435546875401 dt=9.765625E-9 iter=17 id=10048 sensor=4.99995000025 ref=1.9686110693300691 rail=3.9372418247708323 before=BROWNOUT/false after=HIGH/true output=0.0->3.7872418247708324
timestep down to 4.8828125E-9 at 0.03185435546875401
SETTER t=0.03185435546875401 dt=4.8828125E-9 iter=0 element=LimitedDcSupplyElm
RAIL t=0.03185435546875401 dt=4.8828125E-9 iter=0 vin=4.607521997268202 vout=3.8000283866550166 enable=4.561902967607706 target=3.8075219972682026 drop=0.007493610613185986 requested=0.007493610613185986 delivered=0.07493610613185986 g=10.0 dtarget_dvin=1.0 dtarget_den=0.0 iin=0.07593610613185986 diin_dvin=10.0 diin_dvout=-10.0 diin_den=0.0
DECISION t=0.03185435546875401 dt=4.8828125E-9 iter=0 id=9792 sensor=4.999950000249993 ref=1.9000046933040422 rail=3.8000283866550166 before=HIGH/true after=HIGH/true output=3.788251249217135->3.6500283866550167
DECISION t=0.03185435546875401 dt=4.8828125E-9 iter=0 id=10048 sensor=4.99995000025 ref=1.9000046933040424 rail=3.8000283866550166 before=HIGH/true after=HIGH/true output=3.788251249217135->3.6500283866550167
RAIL t=0.03185435546875401 dt=4.8828125E-9 iter=1 vin=4.607521766927015 vout=3.79982058978849 enable=4.5619026698443115 target=3.8075217669270156 drop=0.007701177138525583 requested=0.007701177138525583 delivered=0.07701177138525583 g=10.0 dtarget_dvin=1.0 dtarget_den=0.0 iin=0.07801177138525583 diin_dvin=10.0 diin_dvout=-10.0 diin_den=0.0
SETTER t=0.03185435546875401 dt=4.8828125E-9 iter=1 element=LinearRegulatorElm
DECISION t=0.03185435546875401 dt=4.8828125E-9 iter=1 id=9792 sensor=4.9999500002499975 ref=1.8999007953902682 rail=3.79982058978849 before=HIGH/true after=BROWNOUT/false output=3.6500283866550167->0.0
DECISION t=0.03185435546875401 dt=4.8828125E-9 iter=1 id=10048 sensor=4.99995000025 ref=1.8999007953902682 rail=3.79982058978849 before=HIGH/true after=BROWNOUT/false output=3.6500283866550167->0.0
RAIL t=0.03185435546875401 dt=4.8828125E-9 iter=2 vin=4.607789851402659 vout=4.041666673925167 enable=4.562168169713161 target=3.807789851402659 drop=-0.2338768225225083 requested=-0.2338768225225083 delivered=-2.338768225225083E-7 g=1.0E-6 dtarget_dvin=1.0 dtarget_den=0.0 iin=9.997661231774776E-4 diin_dvin=1.0E-6 diin_dvout=-1.0E-6 diin_den=0.0
SETTER t=0.03185435546875401 dt=4.8828125E-9 iter=2 element=LinearRegulatorElm
DECISION t=0.03185435546875401 dt=4.8828125E-9 iter=2 id=9792 sensor=4.999950000249997 ref=2.0208232328464195 rail=4.041666673925167 before=BROWNOUT/false after=HIGH/true output=0.0->3.8916666739251675
DECISION t=0.03185435546875401 dt=4.8828125E-9 iter=2 id=10048 sensor=4.99995000025 ref=2.02082323284642 rail=4.041666673925167 before=BROWNOUT/false after=HIGH/true output=0.0->3.8916666739251675
RAIL t=0.03185435546875401 dt=4.8828125E-9 iter=3 vin=4.607530313089162 vout=3.7998454380412894 enable=4.561911197698071 target=3.8075303130891625 drop=0.007684875047873074 requested=0.007684875047873074 delivered=0.07684875047873074 g=10.0 dtarget_dvin=1.0 dtarget_den=0.0 iin=0.07784875047873074 diin_dvin=10.0 diin_dvout=-10.0 diin_den=0.0
SETTER t=0.03185435546875401 dt=4.8828125E-9 iter=3 element=LinearRegulatorElm
DECISION t=0.03185435546875401 dt=4.8828125E-9 iter=3 id=9792 sensor=4.999950000250002 ref=1.8999132194545476 rail=3.7998454380412894 before=HIGH/true after=BROWNOUT/false output=3.8916666739251675->0.0
DECISION t=0.03185435546875401 dt=4.8828125E-9 iter=3 id=10048 sensor=4.99995000025 ref=1.8999132194545474 rail=3.7998454380412894 before=HIGH/true after=BROWNOUT/false output=3.8916666739251675->0.0
RAIL t=0.03185435546875401 dt=4.8828125E-9 iter=4 vin=4.607521997268556 vout=3.8000283869775195 enable=4.561902968540668 target=3.807521997268556 drop=0.007493610291036568 requested=0.007493610291036568 delivered=0.07493610291036568 g=10.0 dtarget_dvin=1.0 dtarget_den=0.0 iin=0.07593610291036568 diin_dvin=10.0 diin_dvout=-10.0 diin_den=0.0
SETTER t=0.03185435546875401 dt=4.8828125E-9 iter=4 element=LinearRegulatorElm
DECISION t=0.03185435546875401 dt=4.8828125E-9 iter=4 id=9792 sensor=4.999950000250006 ref=1.9000046934652928 rail=3.8000283869775195 before=BROWNOUT/false after=HIGH/true output=0.0->3.6500283869775196
DECISION t=0.03185435546875401 dt=4.8828125E-9 iter=4 id=10048 sensor=4.99995000025 ref=1.9000046934652925 rail=3.8000283869775195 before=BROWNOUT/false after=HIGH/true output=0.0->3.6500283869775196
RAIL t=0.03185435546875401 dt=4.8828125E-9 iter=5 vin=4.607521997268577 vout=3.800028386992682 enable=4.561902967619515 target=3.8075219972685774 drop=0.007493610275895346 requested=0.007493610275895346 delivered=0.07493610275895346 g=10.0 dtarget_dvin=1.0 dtarget_den=0.0 iin=0.07593610275895346 diin_dvin=10.0 diin_dvout=-10.0 diin_den=0.0
DECISION t=0.03185435546875401 dt=4.8828125E-9 iter=5 id=9792 sensor=4.999950000249993 ref=1.9000046934728734 rail=3.800028386992682 before=HIGH/true after=HIGH/true output=3.6500283869775196->3.650028386992682
DECISION t=0.03185435546875401 dt=4.8828125E-9 iter=5 id=10048 sensor=4.99995000025 ref=1.9000046934728736 rail=3.800028386992682 before=HIGH/true after=HIGH/true output=3.6500283869775196->3.650028386992682
SETTER t=0.03185435546875401 dt=4.8828125E-9 iter=5 element=NMosfetElm
RAIL t=0.03185435546875401 dt=4.8828125E-9 iter=6 vin=4.607521997260586 vout=3.8000283797835914 enable=4.561902967512176 target=3.8075219972605865 drop=0.0074936174769950625 requested=0.0074936174769950625 delivered=0.07493617476995063 g=10.0 dtarget_dvin=1.0 dtarget_den=0.0 iin=0.07593617476995063 diin_dvin=10.0 diin_dvout=-10.0 diin_den=0.0
DECISION t=0.03185435546875401 dt=4.8828125E-9 iter=6 id=9792 sensor=4.999950000250002 ref=1.9000046898683463 rail=3.8000283797835914 before=HIGH/true after=HIGH/true output=3.650028386992682->3.6500283797835915
DECISION t=0.03185435546875401 dt=4.8828125E-9 iter=6 id=10048 sensor=4.99995000025 ref=1.9000046898683467 rail=3.8000283797835914 before=HIGH/true after=HIGH/true output=3.650028386992682->3.6500283797835915
SETTER t=0.03185435546875401 dt=4.8828125E-9 iter=6 element=NMosfetElm
RAIL t=0.03185435546875401 dt=4.8828125E-9 iter=7 vin=4.607522061562182 vout=3.8000863879514424 enable=4.561903030747227 target=3.8075220615621825 drop=0.007435673610740157 requested=0.007435673610740157 delivered=0.07435673610740157 g=10.0 dtarget_dvin=1.0 dtarget_den=0.0 iin=0.07535673610740157 diin_dvin=10.0 diin_dvout=-10.0 diin_den=0.0
SETTER t=0.03185435546875401 dt=4.8828125E-9 iter=7 element=LinearRegulatorElm
DECISION t=0.03185435546875401 dt=4.8828125E-9 iter=7 id=9792 sensor=4.999950000250002 ref=1.900033693807252 rail=3.8000863879514424 before=HIGH/true after=HIGH/true output=3.6500283797835915->3.6500863879514425
DECISION t=0.03185435546875401 dt=4.8828125E-9 iter=7 id=10048 sensor=4.99995000025 ref=1.900033693807252 rail=3.8000863879514424 before=HIGH/true after=HIGH/true output=3.6500283797835915->3.6500863879514425
RAIL t=0.03185435546875401 dt=4.8828125E-9 iter=8 vin=4.607521997268557 vout=3.8000283869742475 enable=4.561902967402822 target=3.807521997268557 drop=0.007493610294309505 requested=0.007493610294309505 delivered=0.07493610294309505 g=10.0 dtarget_dvin=1.0 dtarget_den=0.0 iin=0.07593610294309505 diin_dvin=10.0 diin_dvout=-10.0 diin_den=0.0
SETTER t=0.03185435546875401 dt=4.8828125E-9 iter=8 element=LinearRegulatorElm
DECISION t=0.03185435546875401 dt=4.8828125E-9 iter=8 id=9792 sensor=4.9999500002499975 ref=1.900004693463656 rail=3.8000283869742475 before=HIGH/true after=HIGH/true output=3.6500863879514425->3.6500283869742476
DECISION t=0.03185435546875401 dt=4.8828125E-9 iter=8 id=10048 sensor=4.99995000025 ref=1.9000046934636565 rail=3.8000283869742475 before=HIGH/true after=HIGH/true output=3.6500863879514425->3.6500283869742476
RAIL t=0.03185435546875401 dt=4.8828125E-9 iter=9 vin=4.607521997268562 vout=3.800028386979155 enable=4.561902967700514 target=3.8075219972685623 drop=0.007493610289407204 requested=0.007493610289407204 delivered=0.07493610289407204 g=10.0 dtarget_dvin=1.0 dtarget_den=0.0 iin=0.07593610289407204 diin_dvin=10.0 diin_dvout=-10.0 diin_den=0.0
DECISION t=0.03185435546875401 dt=4.8828125E-9 iter=9 id=9792 sensor=4.999950000250002 ref=1.9000046934661097 rail=3.800028386979155 before=HIGH/true after=HIGH/true output=3.6500283869742476->3.650028386979155
DECISION t=0.03185435546875401 dt=4.8828125E-9 iter=9 id=10048 sensor=4.99995000025 ref=1.9000046934661101 rail=3.800028386979155 before=HIGH/true after=HIGH/true output=3.6500283869742476->3.650028386979155
SETTER t=0.03185435546875401 dt=4.8828125E-9 iter=9 element=NMosfetElm
RAIL t=0.03185435546875401 dt=4.8828125E-9 iter=10 vin=4.607521997268582 vout=3.800028386996264 enable=4.561902967572441 target=3.807521997268582 drop=0.007493610272317763 requested=0.007493610272317763 delivered=0.07493610272317763 g=10.0 dtarget_dvin=1.0 dtarget_den=0.0 iin=0.07593610272317763 diin_dvin=10.0 diin_dvout=-10.0 diin_den=0.0
DECISION t=0.03185435546875401 dt=4.8828125E-9 iter=10 id=9792 sensor=4.999950000250002 ref=1.9000046934746644 rail=3.800028386996264 before=HIGH/true after=HIGH/true output=3.650028386979155->3.650028386996264
DECISION t=0.03185435546875401 dt=4.8828125E-9 iter=10 id=10048 sensor=4.99995000025 ref=1.900004693474665 rail=3.800028386996264 before=HIGH/true after=HIGH/true output=3.650028386979155->3.650028386996264
SETTER t=0.03185435546875401 dt=4.8828125E-9 iter=10 element=NMosfetElm
RAIL t=0.03185435546875401 dt=4.8828125E-9 iter=11 vin=4.607521997268614 vout=3.8000283870254705 enable=4.561902967628129 target=3.807521997268614 drop=0.007493610243143323 requested=0.007493610243143323 delivered=0.07493610243143323 g=10.0 dtarget_dvin=1.0 dtarget_den=0.0 iin=0.07593610243143323 diin_dvin=10.0 diin_dvout=-10.0 diin_den=0.0
DECISION t=0.03185435546875401 dt=4.8828125E-9 iter=11 id=9792 sensor=4.9999500002499975 ref=1.9000046934892674 rail=3.8000283870254705 before=HIGH/true after=HIGH/true output=3.650028386996264->3.6500283870254706
DECISION t=0.03185435546875401 dt=4.8828125E-9 iter=11 id=10048 sensor=4.99995000025 ref=1.9000046934892678 rail=3.8000283870254705 before=HIGH/true after=HIGH/true output=3.650028386996264->3.6500283870254706
SETTER t=0.03185435546875401 dt=4.8828125E-9 iter=11 element=NMosfetElm
RAIL t=0.03185435546875401 dt=4.8828125E-9 iter=12 vin=4.607521997268614 vout=3.800028387025614 enable=4.561902967605263 target=3.807521997268614 drop=0.007493610242999882 requested=0.007493610242999882 delivered=0.07493610242999882 g=10.0 dtarget_dvin=1.0 dtarget_den=0.0 iin=0.07593610242999882 diin_dvin=10.0 diin_dvout=-10.0 diin_den=0.0
DECISION t=0.03185435546875401 dt=4.8828125E-9 iter=12 id=9792 sensor=4.999950000250002 ref=1.9000046934893395 rail=3.800028387025614 before=HIGH/true after=HIGH/true output=3.6500283870254706->3.650028387025614
DECISION t=0.03185435546875401 dt=4.8828125E-9 iter=12 id=10048 sensor=4.99995000025 ref=1.9000046934893402 rail=3.800028387025614 before=HIGH/true after=HIGH/true output=3.6500283870254706->3.650028387025614
SETTER t=0.03185435546875401 dt=4.8828125E-9 iter=12 element=NMosfetElm
RAIL t=0.03185435546875401 dt=4.8828125E-9 iter=13 vin=4.607521997268614 vout=3.800028387025614 enable=4.5619029675833085 target=3.807521997268614 drop=0.007493610242999882 requested=0.007493610242999882 delivered=0.07493610242999882 g=10.0 dtarget_dvin=1.0 dtarget_den=0.0 iin=0.07593610242999882 diin_dvin=10.0 diin_dvout=-10.0 diin_den=0.0
DECISION t=0.03185435546875401 dt=4.8828125E-9 iter=13 id=9792 sensor=4.999950000250002 ref=1.9000046934893395 rail=3.800028387025614 before=HIGH/true after=HIGH/true output=3.650028387025614->3.650028387025614
DECISION t=0.03185435546875401 dt=4.8828125E-9 iter=13 id=10048 sensor=4.99995000025 ref=1.9000046934893398 rail=3.800028387025614 before=HIGH/true after=HIGH/true output=3.650028387025614->3.650028387025614
converged after 13 iterations, timeStep = 4.8828125E-9
RAIL t=0.03185436035156651 dt=4.8828125E-9 iter=0 vin=4.607521997268614 vout=3.800028387025614 enable=4.5619029675833085 target=3.807521997268614 drop=0.007493610242999882 requested=0.007493610242999882 delivered=0.07493610242999882 g=10.0 dtarget_dvin=1.0 dtarget_den=0.0 iin=0.07593610242999882 diin_dvin=10.0 diin_dvout=-10.0 diin_den=0.0
DECISION t=0.03185436035156651 dt=4.8828125E-9 iter=0 id=9792 sensor=4.999950000250002 ref=1.9000046934893395 rail=3.800028387025614 before=HIGH/true after=HIGH/true output=3.650028387025614->3.650028387025614
DECISION t=0.03185436035156651 dt=4.8828125E-9 iter=0 id=10048 sensor=4.99995000025 ref=1.9000046934893398 rail=3.800028387025614 before=HIGH/true after=HIGH/true output=3.650028387025614->3.650028387025614
SETTER t=0.03185436035156651 dt=4.8828125E-9 iter=1 element=LimitedDcSupplyElm
RAIL t=0.03185436035156651 dt=4.8828125E-9 iter=1 vin=4.607505872625703 vout=3.8000122759576653 enable=4.561887002561941 target=3.807505872625703 drop=0.0074935966680378385 requested=0.0074935966680378385 delivered=0.07493596668037839 g=10.0 dtarget_dvin=1.0 dtarget_den=0.0 iin=0.07593596668037839 diin_dvin=10.0 diin_dvout=-10.0 diin_den=0.0
DECISION t=0.03185436035156651 dt=4.8828125E-9 iter=1 id=9792 sensor=4.999950000249993 ref=1.8999966379956434 rail=3.8000122759576653 before=HIGH/true after=HIGH/true output=3.650028387025614->3.6500122759576654
DECISION t=0.03185436035156651 dt=4.8828125E-9 iter=1 id=10048 sensor=4.99995000025 ref=1.8999966379956437 rail=3.8000122759576653 before=HIGH/true after=HIGH/true output=3.650028387025614->3.6500122759576654
RAIL t=0.03185436035156651 dt=4.8828125E-9 iter=2 vin=4.607505872625703 vout=3.8000122759576658 enable=4.561887002538428 target=3.807505872625703 drop=0.0074935966680373944 requested=0.0074935966680373944 delivered=0.07493596668037394 g=10.0 dtarget_dvin=1.0 dtarget_den=0.0 iin=0.07593596668037395 diin_dvin=10.0 diin_dvout=-10.0 diin_den=0.0
DECISION t=0.03185436035156651 dt=4.8828125E-9 iter=2 id=9792 sensor=4.999950000249993 ref=1.8999966379956437 rail=3.8000122759576658 before=HIGH/true after=HIGH/true output=3.6500122759576654->3.650012275957666
DECISION t=0.03185436035156651 dt=4.8828125E-9 iter=2 id=10048 sensor=4.99995000025 ref=1.8999966379956439 rail=3.8000122759576658 before=HIGH/true after=HIGH/true output=3.6500122759576654->3.650012275957666
converged after 2 iterations, timeStep = 4.8828125E-9
RAIL t=0.03185436523437901 dt=4.8828125E-9 iter=0 vin=4.607505872625703 vout=3.8000122759576658 enable=4.561887002538428 target=3.807505872625703 drop=0.0074935966680373944 requested=0.0074935966680373944 delivered=0.07493596668037394 g=10.0 dtarget_dvin=1.0 dtarget_den=0.0 iin=0.07593596668037395 diin_dvin=10.0 diin_dvout=-10.0 diin_den=0.0
DECISION t=0.03185436523437901 dt=4.8828125E-9 iter=0 id=9792 sensor=4.999950000249993 ref=1.8999966379956437 rail=3.8000122759576658 before=HIGH/true after=HIGH/true output=3.650012275957666->3.650012275957666
DECISION t=0.03185436523437901 dt=4.8828125E-9 iter=0 id=10048 sensor=4.99995000025 ref=1.8999966379956439 rail=3.8000122759576658 before=HIGH/true after=HIGH/true output=3.650012275957666->3.650012275957666
SETTER t=0.03185436523437901 dt=4.8828125E-9 iter=1 element=LimitedDcSupplyElm
RAIL t=0.03185436523437901 dt=4.8828125E-9 iter=1 vin=4.607489748011587 vout=3.7999961645204245 enable=4.561871037633776 target=3.8074897480115872 drop=0.007493583491162692 requested=0.007493583491162692 delivered=0.07493583491162692 g=10.0 dtarget_dvin=1.0 dtarget_den=0.0 iin=0.07593583491162692 diin_dvin=10.0 diin_dvout=-10.0 diin_den=0.0
DECISION t=0.03185436523437901 dt=4.8828125E-9 iter=1 id=9792 sensor=4.9999500002499975 ref=1.8999885823173004 rail=3.7999961645204245 before=HIGH/true after=BROWNOUT/false output=3.650012275957666->0.0
DECISION t=0.03185436523437901 dt=4.8828125E-9 iter=1 id=10048 sensor=4.99995000025 ref=1.8999885823173008 rail=3.7999961645204245 before=HIGH/true after=BROWNOUT/false output=3.650012275957666->0.0
RAIL t=0.03185436523437901 dt=4.8828125E-9 iter=2 vin=4.607489748011589 vout=3.7999961645226836 enable=4.561871037617638 target=3.807489748011589 drop=0.0074935834889053865 requested=0.0074935834889053865 delivered=0.07493583488905387 g=10.0 dtarget_dvin=1.0 dtarget_den=0.0 iin=0.07593583488905387 diin_dvin=10.0 diin_dvout=-10.0 diin_den=0.0
DECISION t=0.03185436523437901 dt=4.8828125E-9 iter=2 id=9792 sensor=4.999950000250001 ref=1.8999885823184306 rail=3.7999961645226836 before=BROWNOUT/false after=BROWNOUT/false output=0.0->0.0
DECISION t=0.03185436523437901 dt=4.8828125E-9 iter=2 id=10048 sensor=4.99995000025 ref=1.8999885823184306 rail=3.7999961645226836 before=BROWNOUT/false after=BROWNOUT/false output=0.0->0.0
SETTER t=0.03185436523437901 dt=4.8828125E-9 iter=2 element=NMosfetElm
RAIL t=0.03185436523437901 dt=4.8828125E-9 iter=3 vin=4.607489748917921 vout=3.7999969821473494 enable=4.561871038541472 target=3.807489748917921 drop=0.007492766770571535 requested=0.007492766770571535 delivered=0.07492766770571535 g=10.0 dtarget_dvin=1.0 dtarget_den=0.0 iin=0.07592766770571535 diin_dvin=10.0 diin_dvout=-10.0 diin_den=0.0
DECISION t=0.03185436523437901 dt=4.8828125E-9 iter=3 id=9792 sensor=4.999950000250002 ref=1.8999889911287193 rail=3.7999969821473494 before=BROWNOUT/false after=BROWNOUT/false output=0.0->0.0
DECISION t=0.03185436523437901 dt=4.8828125E-9 iter=3 id=10048 sensor=4.99995000025 ref=1.8999889911287193 rail=3.7999969821473494 before=BROWNOUT/false after=BROWNOUT/false output=0.0->0.0
SETTER t=0.03185436523437901 dt=4.8828125E-9 iter=3 element=NMosfetElm
RAIL t=0.03185436523437901 dt=4.8828125E-9 iter=4 vin=4.60748985068292 vout=3.800088787040415 enable=4.561871139301868 target=3.80748985068292 drop=0.007401063642504813 requested=0.007401063642504813 delivered=0.07401063642504813 g=10.0 dtarget_dvin=1.0 dtarget_den=0.0 iin=0.07501063642504813 diin_dvin=10.0 diin_dvout=-10.0 diin_den=0.0
SETTER t=0.03185436523437901 dt=4.8828125E-9 iter=4 element=LinearRegulatorElm
DECISION t=0.03185436523437901 dt=4.8828125E-9 iter=4 id=9792 sensor=4.999950000249992 ref=1.9000348933457414 rail=3.800088787040415 before=BROWNOUT/false after=HIGH/true output=0.0->3.6500887870404153
DECISION t=0.03185436523437901 dt=4.8828125E-9 iter=4 id=10048 sensor=4.99995000025 ref=1.9000348933457416 rail=3.800088787040415 before=BROWNOUT/false after=HIGH/true output=0.0->3.6500887870404153
RAIL t=0.03185436523437901 dt=4.8828125E-9 iter=5 vin=4.607489220967529 vout=3.7995207041587307 enable=4.5618705157862385 target=3.807489220967529 drop=0.007968516808798398 requested=0.007968516808798398 delivered=0.07968516808798398 g=10.0 dtarget_dvin=1.0 dtarget_den=0.0 iin=0.08068516808798398 diin_dvin=10.0 diin_dvout=-10.0 diin_den=0.0
SETTER t=0.03185436523437901 dt=4.8828125E-9 iter=5 element=LinearRegulatorElm
DECISION t=0.03185436523437901 dt=4.8828125E-9 iter=5 id=9792 sensor=4.999950000250002 ref=1.8997508533250989 rail=3.7995207041587307 before=HIGH/true after=BROWNOUT/false output=3.6500887870404153->0.0
DECISION t=0.03185436523437901 dt=4.8828125E-9 iter=5 id=10048 sensor=4.99995000025 ref=1.8997508533250989 rail=3.7995207041587307 before=HIGH/true after=BROWNOUT/false output=3.6500887870404153->0.0
RAIL t=0.03185436523437901 dt=4.8828125E-9 iter=6 vin=4.607518105080552 vout=3.825577825191363 enable=4.561899114071733 target=3.807518105080552 drop=-0.018059720110810584 requested=-0.018059720110810584 delivered=-1.8059720110810585E-8 g=1.0E-6 dtarget_dvin=1.0 dtarget_den=0.0 iin=9.999819402798892E-4 diin_dvin=1.0E-6 diin_dvout=-1.0E-6 diin_den=0.0
SETTER t=0.03185436523437901 dt=4.8828125E-9 iter=6 element=LinearRegulatorElm
DECISION t=0.03185436523437901 dt=4.8828125E-9 iter=6 id=9792 sensor=4.999950000250001 ref=1.9127793486989377 rail=3.825577825191363 before=BROWNOUT/false after=HIGH/true output=0.0->3.675577825191363
DECISION t=0.03185436523437901 dt=4.8828125E-9 iter=6 id=10048 sensor=4.99995000025 ref=1.9127793486989382 rail=3.825577825191363 before=BROWNOUT/false after=HIGH/true output=0.0->3.675577825191363
RAIL t=0.03185436523437901 dt=4.8828125E-9 iter=7 vin=4.607498063806929 vout=3.800353083684444 enable=4.5618792707914 target=3.8074980638069293 drop=0.007144980122485212 requested=0.007144980122485212 delivered=0.07144980122485212 g=10.0 dtarget_dvin=1.0 dtarget_den=0.0 iin=0.07244980122485212 diin_dvin=10.0 diin_dvout=-10.0 diin_den=0.0
SETTER t=0.03185436523437901 dt=4.8828125E-9 iter=7 element=LinearRegulatorElm
DECISION t=0.03185436523437901 dt=4.8828125E-9 iter=7 id=9792 sensor=4.99995000025 ref=1.9001670410070173 rail=3.800353083684444 before=HIGH/true after=HIGH/true output=3.675577825191363->3.650353083684444
DECISION t=0.03185436523437901 dt=4.8828125E-9 iter=7 id=10048 sensor=4.99995000025 ref=1.9001670410070173 rail=3.800353083684444 before=HIGH/true after=HIGH/true output=3.675577825191363->3.650353083684444
RAIL t=0.03185436523437901 dt=4.8828125E-9 iter=8 vin=4.607460332803744 vout=3.773459928863194 enable=4.561841913995324 target=3.8074603328037444 drop=0.020000000000000004 requested=0.034000403940550594 delivered=0.20000000000000004 g=10.0 dtarget_dvin=1.0 dtarget_den=0.0 iin=0.20100000000000004 diin_dvin=10.0 diin_dvout=-10.0 diin_den=0.0
SETTER t=0.03185436523437901 dt=4.8828125E-9 iter=8 element=LinearRegulatorElm
DECISION t=0.03185436523437901 dt=4.8828125E-9 iter=8 id=9792 sensor=4.999950000250001 ref=1.8867205308289428 rail=3.773459928863194 before=HIGH/true after=BROWNOUT/false output=3.650353083684444->0.0
DECISION t=0.03185436523437901 dt=4.8828125E-9 iter=8 id=10048 sensor=4.99995000025 ref=1.8867205308289434 rail=3.773459928863194 before=HIGH/true after=BROWNOUT/false output=3.650353083684444->0.0
RAIL t=0.03185436523437901 dt=4.8828125E-9 iter=9 vin=4.607489749224156 vout=3.7999972584622577 enable=4.561871039028029 target=3.807489749224156 drop=0.007492490761898285 requested=0.007492490761898285 delivered=0.07492490761898285 g=10.0 dtarget_dvin=1.0 dtarget_den=0.0 iin=0.07592490761898285 diin_dvin=10.0 diin_dvout=-10.0 diin_den=0.0
SETTER t=0.03185436523437901 dt=4.8828125E-9 iter=9 element=LinearRegulatorElm
DECISION t=0.03185436523437901 dt=4.8828125E-9 iter=9 id=9792 sensor=4.99995000025 ref=1.8999891292854827 rail=3.7999972584622577 before=BROWNOUT/false after=BROWNOUT/false output=0.0->0.0
DECISION t=0.03185436523437901 dt=4.8828125E-9 iter=9 id=10048 sensor=4.99995000025 ref=1.899989129285483 rail=3.7999972584622577 before=BROWNOUT/false after=BROWNOUT/false output=0.0->0.0
RAIL t=0.03185436523437901 dt=4.8828125E-9 iter=10 vin=4.607489912353537 vout=3.800144421732793 enable=4.56187120034478 target=3.807489912353537 drop=0.007345490620743966 requested=0.007345490620743966 delivered=0.07345490620743966 g=10.0 dtarget_dvin=1.0 dtarget_den=0.0 iin=0.07445490620743966 diin_dvin=10.0 diin_dvout=-10.0 diin_den=0.0
SETTER t=0.03185436523437901 dt=4.8828125E-9 iter=10 element=LinearRegulatorElm
DECISION t=0.03185436523437901 dt=4.8828125E-9 iter=10 id=9792 sensor=4.99995000025 ref=1.9000627105528436 rail=3.800144421732793 before=BROWNOUT/false after=HIGH/true output=0.0->3.650144421732793
DECISION t=0.03185436523437901 dt=4.8828125E-9 iter=10 id=10048 sensor=4.99995000025 ref=1.9000627105528436 rail=3.800144421732793 before=BROWNOUT/false after=HIGH/true output=0.0->3.650144421732793
RAIL t=0.03185436523437901 dt=4.8828125E-9 iter=11 vin=4.607489937606077 vout=3.800167202715906 enable=4.561871225317587 target=3.8074899376060776 drop=0.007322734890171656 requested=0.007322734890171656 delivered=0.07322734890171656 g=10.0 dtarget_dvin=1.0 dtarget_den=0.0 iin=0.07422734890171656 diin_dvin=10.0 diin_dvout=-10.0 diin_den=0.0
SETTER t=0.03185436523437901 dt=4.8828125E-9 iter=11 element=LinearRegulatorElm
DECISION t=0.03185436523437901 dt=4.8828125E-9 iter=11 id=9792 sensor=4.99995000025 ref=1.9000741009874482 rail=3.800167202715906 before=HIGH/true after=HIGH/true output=3.650144421732793->3.650167202715906
DECISION t=0.03185436523437901 dt=4.8828125E-9 iter=11 id=10048 sensor=4.99995000025 ref=1.9000741009874478 rail=3.800167202715906 before=HIGH/true after=HIGH/true output=3.650144421732793->3.650167202715906
RAIL t=0.03185436523437901 dt=4.8828125E-9 iter=12 vin=4.607460011871128 vout=3.773170407043734 enable=4.561841595818465 target=3.807460011871128 drop=0.020000000000000004 requested=0.03428960482739374 delivered=0.20000000000000004 g=10.0 dtarget_dvin=1.0 dtarget_den=0.0 iin=0.20100000000000004 diin_dvin=10.0 diin_dvout=-10.0 diin_den=0.0
SETTER t=0.03185436523437901 dt=4.8828125E-9 iter=12 element=LinearRegulatorElm
DECISION t=0.03185436523437901 dt=4.8828125E-9 iter=12 id=9792 sensor=4.999950000250005 ref=1.8865757706430133 rail=3.773170407043734 before=HIGH/true after=BROWNOUT/false output=3.650167202715906->0.0
DECISION t=0.03185436523437901 dt=4.8828125E-9 iter=12 id=10048 sensor=4.99995000025 ref=1.8865757706430133 rail=3.773170407043734 before=HIGH/true after=BROWNOUT/false output=3.650167202715906->0.0
RAIL t=0.03185436523437901 dt=4.8828125E-9 iter=13 vin=4.607490034933153 vout=3.800255004094867 enable=4.5618713213424815 target=3.807490034933153 drop=0.007235030838285805 requested=0.007235030838285805 delivered=0.07235030838285805 g=10.0 dtarget_dvin=1.0 dtarget_den=0.0 iin=0.07335030838285805 diin_dvin=10.0 diin_dvout=-10.0 diin_den=0.0
SETTER t=0.03185436523437901 dt=4.8828125E-9 iter=13 element=LinearRegulatorElm
DECISION t=0.03185436523437901 dt=4.8828125E-9 iter=13 id=9792 sensor=4.999950000250008 ref=1.9001180014574264 rail=3.800255004094867 before=BROWNOUT/false after=HIGH/true output=0.0->3.650255004094867
DECISION t=0.03185436523437901 dt=4.8828125E-9 iter=13 id=10048 sensor=4.99995000025 ref=1.9001180014574262 rail=3.800255004094867 before=BROWNOUT/false after=HIGH/true output=0.0->3.650255004094867
RAIL t=0.03185436523437901 dt=4.8828125E-9 iter=14 vin=4.6074892152379565 vout=3.7995155353606527 enable=4.561870510162304 target=3.8074892152379567 drop=0.007973679877304019 requested=0.007973679877304019 delivered=0.07973679877304019 g=10.0 dtarget_dvin=1.0 dtarget_den=0.0 iin=0.08073679877304019 diin_dvin=10.0 diin_dvout=-10.0 diin_den=0.0
SETTER t=0.03185436523437901 dt=4.8828125E-9 iter=14 element=LinearRegulatorElm
DECISION t=0.03185436523437901 dt=4.8828125E-9 iter=14 id=9792 sensor=4.999950000249993 ref=1.899748268938982 rail=3.7995155353606527 before=HIGH/true after=BROWNOUT/false output=3.650255004094867->0.0
DECISION t=0.03185436523437901 dt=4.8828125E-9 iter=14 id=10048 sensor=4.99995000025 ref=1.8997482689389817 rail=3.7995155353606527 before=HIGH/true after=BROWNOUT/false output=3.650255004094867->0.0
RAIL t=0.03185436523437901 dt=4.8828125E-9 iter=15 vin=4.607561548988347 vout=3.8647697215322587 enable=4.56194212778463 target=3.807561548988347 drop=-0.05720817254391175 requested=-0.05720817254391175 delivered=-5.7208172543911745E-8 g=1.0E-6 dtarget_dvin=1.0 dtarget_den=0.0 iin=9.99942791827456E-4 diin_dvin=1.0E-6 diin_dvout=-1.0E-6 diin_den=0.0
SETTER t=0.03185436523437901 dt=4.8828125E-9 iter=15 element=LinearRegulatorElm
DECISION t=0.03185436523437901 dt=4.8828125E-9 iter=15 id=9792 sensor=4.999950000249993 ref=1.9323751988901352 rail=3.8647697215322587 before=BROWNOUT/false after=HIGH/true output=0.0->3.714769721532259
DECISION t=0.03185436523437901 dt=4.8828125E-9 iter=15 id=10048 sensor=4.99995000025 ref=1.9323751988901348 rail=3.8647697215322587 before=BROWNOUT/false after=HIGH/true output=0.0->3.714769721532259
RAIL t=0.03185436523437901 dt=4.8828125E-9 iter=16 vin=4.60749806380657 vout=3.7992865935299536 enable=4.561879271060281 target=3.8074980638065705 drop=0.00821147027661695 requested=0.00821147027661695 delivered=0.0821147027661695 g=10.0 dtarget_dvin=1.0 dtarget_den=0.0 iin=0.0831147027661695 diin_dvin=10.0 diin_dvout=-10.0 diin_den=0.0
SETTER t=0.03185436523437901 dt=4.8828125E-9 iter=16 element=LinearRegulatorElm
DECISION t=0.03185436523437901 dt=4.8828125E-9 iter=16 id=9792 sensor=4.999950000250002 ref=1.8996337985959837 rail=3.7992865935299536 before=HIGH/true after=BROWNOUT/false output=3.714769721532259->0.0
DECISION t=0.03185436523437901 dt=4.8828125E-9 iter=16 id=10048 sensor=4.99995000025 ref=1.8996337985959835 rail=3.7992865935299536 before=HIGH/true after=BROWNOUT/false output=3.714769721532259->0.0
RAIL t=0.03185436523437901 dt=4.8828125E-9 iter=17 vin=4.607564625777565 vout=3.8675453742520616 enable=4.561945158454825 target=3.807564625777565 drop=-0.059980748474496526 requested=-0.059980748474496526 delivered=-5.998074847449653E-8 g=1.0E-6 dtarget_dvin=1.0 dtarget_den=0.0 iin=9.999400192515254E-4 diin_dvin=1.0E-6 diin_dvout=-1.0E-6 diin_den=0.0
SETTER t=0.03185436523437901 dt=4.8828125E-9 iter=17 element=LinearRegulatorElm
DECISION t=0.03185436523437901 dt=4.8828125E-9 iter=17 id=9792 sensor=4.999950000250008 ref=1.9337630183109393 rail=3.8675453742520616 before=BROWNOUT/false after=HIGH/true output=0.0->3.7175453742520617
DECISION t=0.03185436523437901 dt=4.8828125E-9 iter=17 id=10048 sensor=4.99995000025 ref=1.9337630183109387 rail=3.8675453742520616 before=BROWNOUT/false after=HIGH/true output=0.0->3.7175453742520617
timestep down to 2.44140625E-9 at 0.03185436523437901
SETTER t=0.03185436523437901 dt=2.44140625E-9 iter=0 element=LimitedDcSupplyElm
RAIL t=0.03185436523437901 dt=2.44140625E-9 iter=0 vin=4.607505872625703 vout=3.8000122759576658 enable=4.561887002538428 target=3.807505872625703 drop=0.0074935966680373944 requested=0.0074935966680373944 delivered=0.07493596668037394 g=10.0 dtarget_dvin=1.0 dtarget_den=0.0 iin=0.07593596668037395 diin_dvin=10.0 diin_dvout=-10.0 diin_den=0.0
DECISION t=0.03185436523437901 dt=2.44140625E-9 iter=0 id=9792 sensor=4.999950000249993 ref=1.8999966379956437 rail=3.8000122759576658 before=HIGH/true after=HIGH/true output=3.717671356699612->3.650012275957666
DECISION t=0.03185436523437901 dt=2.44140625E-9 iter=0 id=10048 sensor=4.99995000025 ref=1.8999966379956439 rail=3.8000122759576658 before=HIGH/true after=HIGH/true output=3.717671356699612->3.650012275957666
RAIL t=0.03185436523437901 dt=2.44140625E-9 iter=1 vin=4.607505843304007 vout=3.7999594017160407 enable=4.561886976564941 target=3.807505843304007 drop=0.007546441587966246 requested=0.007546441587966246 delivered=0.07546441587966246 g=10.0 dtarget_dvin=1.0 dtarget_den=0.0 iin=0.07646441587966246 diin_dvin=10.0 diin_dvout=-10.0 diin_den=0.0
SETTER t=0.03185436523437901 dt=2.44140625E-9 iter=1 element=LinearRegulatorElm
DECISION t=0.03185436523437901 dt=2.44140625E-9 iter=1 id=9792 sensor=4.999950000250006 ref=1.899970201007016 rail=3.7999594017160407 before=HIGH/true after=BROWNOUT/false output=3.650012275957666->0.0
DECISION t=0.03185436523437901 dt=2.44140625E-9 iter=1 id=10048 sensor=4.99995000025 ref=1.8999702010070154 rail=3.7999594017160407 before=HIGH/true after=BROWNOUT/false output=3.650012275957666->0.0
RAIL t=0.03185436523437901 dt=2.44140625E-9 iter=2 vin=4.607573812756903 vout=3.9225250733053616 enable=4.561954268438673 target=3.807573812756903 drop=-0.11495126054845839 requested=-0.11495126054845839 delivered=-1.1495126054845838E-7 g=1.0E-6 dtarget_dvin=1.0 dtarget_den=0.0 iin=9.998850487394515E-4 diin_dvin=1.0E-6 diin_dvout=-1.0E-6 diin_den=0.0
SETTER t=0.03185436523437901 dt=2.44140625E-9 iter=2 element=LinearRegulatorElm
DECISION t=0.03185436523437901 dt=2.44140625E-9 iter=2 id=9792 sensor=4.999950000250011 ref=1.9612527303890288 rail=3.9225250733053616 before=BROWNOUT/false after=HIGH/true output=0.0->3.7725250733053617
DECISION t=0.03185436523437901 dt=2.44140625E-9 iter=2 id=10048 sensor=4.99995000025 ref=1.9612527303890286 rail=3.9225250733053616 before=BROWNOUT/false after=HIGH/true output=0.0->3.7725250733053617
RAIL t=0.03185436523437901 dt=2.44140625E-9 iter=3 vin=4.607510030545311 vout=3.7999208015700288 enable=4.561891117034161 target=3.807510030545311 drop=0.007589228975282136 requested=0.007589228975282136 delivered=0.07589228975282136 g=10.0 dtarget_dvin=1.0 dtarget_den=0.0 iin=0.07689228975282136 diin_dvin=10.0 diin_dvout=-10.0 diin_den=0.0
SETTER t=0.03185436523437901 dt=2.44140625E-9 iter=3 element=LinearRegulatorElm
DECISION t=0.03185436523437901 dt=2.44140625E-9 iter=3 id=9792 sensor=4.9999500002499975 ref=1.8999509010305085 rail=3.7999208015700288 before=HIGH/true after=BROWNOUT/false output=3.7725250733053617->0.0
DECISION t=0.03185436523437901 dt=2.44140625E-9 iter=3 id=10048 sensor=4.99995000025 ref=1.8999509010305085 rail=3.7999208015700288 before=HIGH/true after=BROWNOUT/false output=3.7725250733053617->0.0
RAIL t=0.03185436523437901 dt=2.44140625E-9 iter=4 vin=4.6075058726257465 vout=3.8000122760382133 enable=4.561887003053796 target=3.8075058726257467 drop=0.0074935965875333466 requested=0.0074935965875333466 delivered=0.07493596587533347 g=10.0 dtarget_dvin=1.0 dtarget_den=0.0 iin=0.07593596587533347 diin_dvin=10.0 diin_dvout=-10.0 diin_den=0.0
SETTER t=0.03185436523437901 dt=2.44140625E-9 iter=4 element=LinearRegulatorElm
DECISION t=0.03185436523437901 dt=2.44140625E-9 iter=4 id=9792 sensor=4.999950000250007 ref=1.8999966380359166 rail=3.8000122760382133 before=BROWNOUT/false after=HIGH/true output=0.0->3.6500122760382134
DECISION t=0.03185436523437901 dt=2.44140625E-9 iter=4 id=10048 sensor=4.99995000025 ref=1.899996638035917 rail=3.8000122760382133 before=BROWNOUT/false after=HIGH/true output=0.0->3.6500122760382134
RAIL t=0.03185436523437901 dt=2.44140625E-9 iter=5 vin=4.607505872625749 vout=3.80001227604352 enable=4.5618870025722495 target=3.8075058726257494 drop=0.007493596582229145 requested=0.007493596582229145 delivered=0.07493596582229145 g=10.0 dtarget_dvin=1.0 dtarget_den=0.0 iin=0.07593596582229145 diin_dvin=10.0 diin_dvout=-10.0 diin_den=0.0
DECISION t=0.03185436523437901 dt=2.44140625E-9 iter=5 id=9792 sensor=4.999950000250002 ref=1.8999966380385707 rail=3.80001227604352 before=HIGH/true after=HIGH/true output=3.6500122760382134->3.6500122760435203
DECISION t=0.03185436523437901 dt=2.44140625E-9 iter=5 id=10048 sensor=4.99995000025 ref=1.8999966380385702 rail=3.80001227604352 before=HIGH/true after=HIGH/true output=3.6500122760382134->3.6500122760435203
SETTER t=0.03185436523437901 dt=2.44140625E-9 iter=5 element=NMosfetElm
RAIL t=0.03185436523437901 dt=2.44140625E-9 iter=6 vin=4.607505872624736 vout=3.8000122742161278 enable=4.561887002586649 target=3.807505872624736 drop=0.007493598408608193 requested=0.007493598408608193 delivered=0.07493598408608193 g=10.0 dtarget_dvin=1.0 dtarget_den=0.0 iin=0.07593598408608193 diin_dvin=10.0 diin_dvout=-10.0 diin_den=0.0
DECISION t=0.03185436523437901 dt=2.44140625E-9 iter=6 id=9792 sensor=4.999950000250002 ref=1.8999966371248782 rail=3.8000122742161278 before=HIGH/true after=HIGH/true output=3.6500122760435203->3.650012274216128
DECISION t=0.03185436523437901 dt=2.44140625E-9 iter=6 id=10048 sensor=4.99995000025 ref=1.8999966371248789 rail=3.8000122742161278 before=HIGH/true after=HIGH/true output=3.6500122760435203->3.650012274216128
SETTER t=0.03185436523437901 dt=2.44140625E-9 iter=6 element=NMosfetElm
RAIL t=0.03185436523437901 dt=2.44140625E-9 iter=7 vin=4.607505888901201 vout=3.80004162469318 enable=4.561887019084281 target=3.8075058889012015 drop=0.007464264208021376 requested=0.007464264208021376 delivered=0.07464264208021376 g=10.0 dtarget_dvin=1.0 dtarget_den=0.0 iin=0.07564264208021376 diin_dvin=10.0 diin_dvout=-10.0 diin_den=0.0
SETTER t=0.03185436523437901 dt=2.44140625E-9 iter=7 element=LinearRegulatorElm
DECISION t=0.03185436523437901 dt=2.44140625E-9 iter=7 id=9792 sensor=4.999950000249993 ref=1.900011312290029 rail=3.80004162469318 before=HIGH/true after=HIGH/true output=3.650012274216128->3.65004162469318
DECISION t=0.03185436523437901 dt=2.44140625E-9 iter=7 id=10048 sensor=4.99995000025 ref=1.9000113122900293 rail=3.80004162469318 before=HIGH/true after=HIGH/true output=3.650012274216128->3.65004162469318
RAIL t=0.03185436523437901 dt=2.44140625E-9 iter=8 vin=4.6075058726257465 vout=3.8000122760384487 enable=4.561887002363252 target=3.8075058726257467 drop=0.007493596587297979 requested=0.007493596587297979 delivered=0.07493596587297979 g=10.0 dtarget_dvin=1.0 dtarget_den=0.0 iin=0.0759359658729798 diin_dvin=10.0 diin_dvout=-10.0 diin_den=0.0
SETTER t=0.03185436523437901 dt=2.44140625E-9 iter=8 element=LinearRegulatorElm
DECISION t=0.03185436523437901 dt=2.44140625E-9 iter=8 id=9792 sensor=4.999950000249993 ref=1.8999966380360347 rail=3.8000122760384487 before=HIGH/true after=HIGH/true output=3.65004162469318->3.650012276038449
DECISION t=0.03185436523437901 dt=2.44140625E-9 iter=8 id=10048 sensor=4.99995000025 ref=1.8999966380360342 rail=3.8000122760384487 before=HIGH/true after=HIGH/true output=3.65004162469318->3.650012276038449
RAIL t=0.03185436523437901 dt=2.44140625E-9 iter=9 vin=4.607505872625747 vout=3.800012276039699 enable=4.5618870023217 target=3.8075058726257476 drop=0.007493596586048756 requested=0.007493596586048756 delivered=0.07493596586048756 g=10.0 dtarget_dvin=1.0 dtarget_den=0.0 iin=0.07593596586048756 diin_dvin=10.0 diin_dvout=-10.0 diin_den=0.0
DECISION t=0.03185436523437901 dt=2.44140625E-9 iter=9 id=9792 sensor=4.9999500002499975 ref=1.899996638036659 rail=3.800012276039699 before=HIGH/true after=HIGH/true output=3.650012276038449->3.650012276039699
DECISION t=0.03185436523437901 dt=2.44140625E-9 iter=9 id=10048 sensor=4.99995000025 ref=1.899996638036659 rail=3.800012276039699 before=HIGH/true after=HIGH/true output=3.650012276038449->3.650012276039699
SETTER t=0.03185436523437901 dt=2.44140625E-9 iter=9 element=NMosfetElm
RAIL t=0.03185436523437901 dt=2.44140625E-9 iter=10 vin=4.607505872625749 vout=3.8000122760440997 enable=4.561887002577064 target=3.8075058726257494 drop=0.007493596581649609 requested=0.007493596581649609 delivered=0.07493596581649609 g=10.0 dtarget_dvin=1.0 dtarget_den=0.0 iin=0.07593596581649609 diin_dvin=10.0 diin_dvout=-10.0 diin_den=0.0
DECISION t=0.03185436523437901 dt=2.44140625E-9 iter=10 id=9792 sensor=4.999950000249993 ref=1.89999663803886 rail=3.8000122760440997 before=HIGH/true after=HIGH/true output=3.650012276039699->3.6500122760441
DECISION t=0.03185436523437901 dt=2.44140625E-9 iter=10 id=10048 sensor=4.99995000025 ref=1.89999663803886 rail=3.8000122760440997 before=HIGH/true after=HIGH/true output=3.650012276039699->3.6500122760441
SETTER t=0.03185436523437901 dt=2.44140625E-9 iter=10 element=NMosfetElm
RAIL t=0.03185436523437901 dt=2.44140625E-9 iter=11 vin=4.607505872625754 vout=3.8000122760514086 enable=4.561887002592742 target=3.807505872625754 drop=0.007493596574345229 requested=0.007493596574345229 delivered=0.07493596574345229 g=10.0 dtarget_dvin=1.0 dtarget_den=0.0 iin=0.0759359657434523 diin_dvin=10.0 diin_dvout=-10.0 diin_den=0.0
DECISION t=0.03185436523437901 dt=2.44140625E-9 iter=11 id=9792 sensor=4.999950000249993 ref=1.8999966380425142 rail=3.8000122760514086 before=HIGH/true after=HIGH/true output=3.6500122760441->3.6500122760514087
DECISION t=0.03185436523437901 dt=2.44140625E-9 iter=11 id=10048 sensor=4.99995000025 ref=1.8999966380425142 rail=3.8000122760514086 before=HIGH/true after=HIGH/true output=3.6500122760441->3.6500122760514087
SETTER t=0.03185436523437901 dt=2.44140625E-9 iter=11 element=NMosfetElm
RAIL t=0.03185436523437901 dt=2.44140625E-9 iter=12 vin=4.607505872625754 vout=3.800012276051431 enable=4.561887002570877 target=3.807505872625754 drop=0.007493596574322581 requested=0.007493596574322581 delivered=0.07493596574322581 g=10.0 dtarget_dvin=1.0 dtarget_den=0.0 iin=0.07593596574322581 diin_dvin=10.0 diin_dvout=-10.0 diin_den=0.0
DECISION t=0.03185436523437901 dt=2.44140625E-9 iter=12 id=9792 sensor=4.9999500002499975 ref=1.8999966380425253 rail=3.800012276051431 before=HIGH/true after=HIGH/true output=3.6500122760514087->3.6500122760514313
DECISION t=0.03185436523437901 dt=2.44140625E-9 iter=12 id=10048 sensor=4.99995000025 ref=1.8999966380425255 rail=3.800012276051431 before=HIGH/true after=HIGH/true output=3.6500122760514087->3.6500122760514313
SETTER t=0.03185436523437901 dt=2.44140625E-9 iter=12 element=NMosfetElm
RAIL t=0.03185436523437901 dt=2.44140625E-9 iter=13 vin=4.607505872625754 vout=3.8000122760514303 enable=4.561887002552147 target=3.807505872625754 drop=0.007493596574323469 requested=0.007493596574323469 delivered=0.07493596574323469 g=10.0 dtarget_dvin=1.0 dtarget_den=0.0 iin=0.07593596574323469 diin_dvin=10.0 diin_dvout=-10.0 diin_den=0.0
DECISION t=0.03185436523437901 dt=2.44140625E-9 iter=13 id=9792 sensor=4.999950000249993 ref=1.8999966380425253 rail=3.8000122760514303 before=HIGH/true after=HIGH/true output=3.6500122760514313->3.6500122760514304
DECISION t=0.03185436523437901 dt=2.44140625E-9 iter=13 id=10048 sensor=4.99995000025 ref=1.8999966380425255 rail=3.8000122760514303 before=HIGH/true after=HIGH/true output=3.6500122760514313->3.6500122760514304
converged after 13 iterations, timeStep = 2.44140625E-9
RAIL t=0.03185436767578526 dt=2.44140625E-9 iter=0 vin=4.607505872625754 vout=3.8000122760514303 enable=4.561887002552147 target=3.807505872625754 drop=0.007493596574323469 requested=0.007493596574323469 delivered=0.07493596574323469 g=10.0 dtarget_dvin=1.0 dtarget_den=0.0 iin=0.07593596574323469 diin_dvin=10.0 diin_dvout=-10.0 diin_den=0.0
DECISION t=0.03185436767578526 dt=2.44140625E-9 iter=0 id=9792 sensor=4.999950000249993 ref=1.8999966380425253 rail=3.8000122760514303 before=HIGH/true after=HIGH/true output=3.6500122760514304->3.6500122760514304
DECISION t=0.03185436767578526 dt=2.44140625E-9 iter=0 id=10048 sensor=4.99995000025 ref=1.8999966380425255 rail=3.8000122760514303 before=HIGH/true after=HIGH/true output=3.6500122760514304->3.6500122760514304
SETTER t=0.03185436767578526 dt=2.44140625E-9 iter=1 element=LimitedDcSupplyElm
RAIL t=0.03185436767578526 dt=2.44140625E-9 iter=1 vin=4.607497810315381 vout=3.8000042205624425 enable=4.56187902012257 target=3.8074978103153816 drop=0.007493589752939123 requested=0.007493589752939123 delivered=0.07493589752939123 g=10.0 dtarget_dvin=1.0 dtarget_den=0.0 iin=0.07593589752939123 diin_dvin=10.0 diin_dvout=-10.0 diin_den=0.0
DECISION t=0.03185436767578526 dt=2.44140625E-9 iter=1 id=9792 sensor=4.999950000249993 ref=1.8999926103181695 rail=3.8000042205624425 before=HIGH/true after=HIGH/true output=3.6500122760514304->3.6500042205624426
DECISION t=0.03185436767578526 dt=2.44140625E-9 iter=1 id=10048 sensor=4.99995000025 ref=1.8999926103181692 rail=3.8000042205624425 before=HIGH/true after=HIGH/true output=3.6500122760514304->3.6500042205624426
RAIL t=0.03185436767578526 dt=2.44140625E-9 iter=2 vin=4.607497810315381 vout=3.8000042205624425 enable=4.561879020073453 target=3.8074978103153816 drop=0.007493589752939123 requested=0.007493589752939123 delivered=0.07493589752939123 g=10.0 dtarget_dvin=1.0 dtarget_den=0.0 iin=0.07593589752939123 diin_dvin=10.0 diin_dvout=-10.0 diin_den=0.0
DECISION t=0.03185436767578526 dt=2.44140625E-9 iter=2 id=9792 sensor=4.999950000250002 ref=1.899992610318169 rail=3.8000042205624425 before=HIGH/true after=HIGH/true output=3.6500042205624426->3.6500042205624426
DECISION t=0.03185436767578526 dt=2.44140625E-9 iter=2 id=10048 sensor=4.99995000025 ref=1.899992610318169 rail=3.8000042205624425 before=HIGH/true after=HIGH/true output=3.6500042205624426->3.6500042205624426
converged after 2 iterations, timeStep = 2.44140625E-9
RAIL t=0.03185437011719151 dt=2.44140625E-9 iter=0 vin=4.607497810315381 vout=3.8000042205624425 enable=4.561879020073453 target=3.8074978103153816 drop=0.007493589752939123 requested=0.007493589752939123 delivered=0.07493589752939123 g=10.0 dtarget_dvin=1.0 dtarget_den=0.0 iin=0.07593589752939123 diin_dvin=10.0 diin_dvout=-10.0 diin_den=0.0
DECISION t=0.03185437011719151 dt=2.44140625E-9 iter=0 id=9792 sensor=4.999950000250002 ref=1.899992610318169 rail=3.8000042205624425 before=HIGH/true after=HIGH/true output=3.6500042205624426->3.6500042205624426
DECISION t=0.03185437011719151 dt=2.44140625E-9 iter=0 id=10048 sensor=4.99995000025 ref=1.899992610318169 rail=3.8000042205624425 before=HIGH/true after=HIGH/true output=3.6500042205624426->3.6500042205624426
SETTER t=0.03185437011719151 dt=2.44140625E-9 iter=1 element=LimitedDcSupplyElm
RAIL t=0.03185437011719151 dt=2.44140625E-9 iter=1 vin=4.607489748012301 vout=3.7999961649791154 enable=4.561871037567174 target=3.8074897480123013 drop=0.007493583033185924 requested=0.007493583033185924 delivered=0.07493583033185924 g=10.0 dtarget_dvin=1.0 dtarget_den=0.0 iin=0.07593583033185924 diin_dvin=10.0 diin_dvout=-10.0 diin_den=0.0
DECISION t=0.03185437011719151 dt=2.44140625E-9 iter=1 id=9792 sensor=4.9999500002499975 ref=1.8999885825466445 rail=3.7999961649791154 before=HIGH/true after=BROWNOUT/false output=3.6500042205624426->0.0
DECISION t=0.03185437011719151 dt=2.44140625E-9 iter=1 id=10048 sensor=4.99995000025 ref=1.899988582546645 rail=3.7999961649791154 before=HIGH/true after=BROWNOUT/false output=3.6500042205624426->0.0
RAIL t=0.03185437011719151 dt=2.44140625E-9 iter=2 vin=4.607489748012301 vout=3.7999961649796874 enable=4.561871037570311 target=3.8074897480123013 drop=0.007493583032613937 requested=0.007493583032613937 delivered=0.07493583032613937 g=10.0 dtarget_dvin=1.0 dtarget_den=0.0 iin=0.07593583032613938 diin_dvin=10.0 diin_dvout=-10.0 diin_den=0.0
DECISION t=0.03185437011719151 dt=2.44140625E-9 iter=2 id=9792 sensor=4.999950000250003 ref=1.8999885825469307 rail=3.7999961649796874 before=BROWNOUT/false after=BROWNOUT/false output=0.0->0.0
DECISION t=0.03185437011719151 dt=2.44140625E-9 iter=2 id=10048 sensor=4.99995000025 ref=1.8999885825469311 rail=3.7999961649796874 before=BROWNOUT/false after=BROWNOUT/false output=0.0->0.0
SETTER t=0.03185437011719151 dt=2.44140625E-9 iter=2 element=NMosfetElm
RAIL t=0.03185437011719151 dt=2.44140625E-9 iter=3 vin=4.607489748127733 vout=3.7999963731329816 enable=4.561871037702047 target=3.8074897481277334 drop=0.007493374994751889 requested=0.007493374994751889 delivered=0.07493374994751889 g=10.0 dtarget_dvin=1.0 dtarget_den=0.0 iin=0.07593374994751889 diin_dvin=10.0 diin_dvout=-10.0 diin_den=0.0
DECISION t=0.03185437011719151 dt=2.44140625E-9 iter=3 id=9792 sensor=4.999950000250001 ref=1.8999886866230575 rail=3.7999963731329816 before=BROWNOUT/false after=BROWNOUT/false output=0.0->0.0
DECISION t=0.03185437011719151 dt=2.44140625E-9 iter=3 id=10048 sensor=4.99995000025 ref=1.899988686623057 rail=3.7999963731329816 before=BROWNOUT/false after=BROWNOUT/false output=0.0->0.0
SETTER t=0.03185437011719151 dt=2.44140625E-9 iter=3 element=NMosfetElm
RAIL t=0.03185437011719151 dt=2.44140625E-9 iter=4 vin=4.607489774003718 vout=3.8000430339108386 enable=4.561871063352974 target=3.8074897740037184 drop=0.007446740092879711 requested=0.007446740092879711 delivered=0.07446740092879711 g=10.0 dtarget_dvin=1.0 dtarget_den=0.0 iin=0.07546740092879711 diin_dvin=10.0 diin_dvout=-10.0 diin_den=0.0
SETTER t=0.03185437011719151 dt=2.44140625E-9 iter=4 element=LinearRegulatorElm
DECISION t=0.03185437011719151 dt=2.44140625E-9 iter=4 id=9792 sensor=4.999950000250002 ref=1.9000120168953354 rail=3.8000430339108386 before=BROWNOUT/false after=HIGH/true output=0.0->3.6500430339108387
DECISION t=0.03185437011719151 dt=2.44140625E-9 iter=4 id=10048 sensor=4.99995000025 ref=1.9000120168953354 rail=3.8000430339108386 before=BROWNOUT/false after=HIGH/true output=0.0->3.6500430339108387
RAIL t=0.03185437011719151 dt=2.44140625E-9 iter=5 vin=4.6074896154961795 vout=3.7997572057600166 enable=4.561870906379529 target=3.8074896154961797 drop=0.007732409736163071 requested=0.007732409736163071 delivered=0.0773240973616307 g=10.0 dtarget_dvin=1.0 dtarget_den=0.0 iin=0.0783240973616307 diin_dvin=10.0 diin_dvout=-10.0 diin_den=0.0
SETTER t=0.03185437011719151 dt=2.44140625E-9 iter=5 element=LinearRegulatorElm
DECISION t=0.03185437011719151 dt=2.44140625E-9 iter=5 id=9792 sensor=4.999950000250002 ref=1.8998691035344903 rail=3.7997572057600166 before=HIGH/true after=BROWNOUT/false output=3.6500430339108387->0.0
DECISION t=0.03185437011719151 dt=2.44140625E-9 iter=5 id=10048 sensor=4.99995000025 ref=1.8998691035344908 rail=3.7997572057600166 before=HIGH/true after=BROWNOUT/false output=3.6500430339108387->0.0
RAIL t=0.03185437011719151 dt=2.44140625E-9 iter=6 vin=4.607502060994438 vout=3.822199505752571 enable=4.561883228758815 target=3.8075020609944383 drop=-0.014697444758132505 requested=-0.014697444758132505 delivered=-1.4697444758132505E-8 g=1.0E-6 dtarget_dvin=1.0 dtarget_den=0.0 iin=9.999853025552418E-4 diin_dvin=1.0E-6 diin_dvout=-1.0E-6 diin_den=0.0
SETTER t=0.03185437011719151 dt=2.44140625E-9 iter=6 element=LinearRegulatorElm
DECISION t=0.03185437011719151 dt=2.44140625E-9 iter=6 id=9792 sensor=4.99995000025 ref=1.9110901974252978 rail=3.822199505752571 before=BROWNOUT/false after=HIGH/true output=0.0->3.672199505752571
DECISION t=0.03185437011719151 dt=2.44140625E-9 iter=6 id=10048 sensor=4.99995000025 ref=1.9110901974252985 rail=3.822199505752571 before=BROWNOUT/false after=HIGH/true output=0.0->3.672199505752571
RAIL t=0.03185437011719151 dt=2.44140625E-9 iter=7 vin=4.607493905924492 vout=3.8001793218119446 enable=4.561875154991964 target=3.807493905924492 drop=0.007314584112547262 requested=0.007314584112547262 delivered=0.07314584112547262 g=10.0 dtarget_dvin=1.0 dtarget_den=0.0 iin=0.07414584112547262 diin_dvin=10.0 diin_dvout=-10.0 diin_den=0.0
SETTER t=0.03185437011719151 dt=2.44140625E-9 iter=7 element=LinearRegulatorElm
DECISION t=0.03185437011719151 dt=2.44140625E-9 iter=7 id=9792 sensor=4.99995000025 ref=1.9000801605051698 rail=3.8001793218119446 before=HIGH/true after=HIGH/true output=3.672199505752571->3.6501793218119447
DECISION t=0.03185437011719151 dt=2.44140625E-9 iter=7 id=10048 sensor=4.99995000025 ref=1.9000801605051698 rail=3.8001793218119446 before=HIGH/true after=HIGH/true output=3.672199505752571->3.6501793218119447
RAIL t=0.03185437011719151 dt=2.44140625E-9 iter=8 vin=4.607482302482534 vout=3.7865700401994387 enable=4.561863666131835 target=3.8074823024825344 drop=0.020000000000000004 requested=0.02091226228309573 delivered=0.20000000000000004 g=10.0 dtarget_dvin=1.0 dtarget_den=0.0 iin=0.20100000000000004 diin_dvin=10.0 diin_dvout=-10.0 diin_den=0.0
SETTER t=0.03185437011719151 dt=2.44140625E-9 iter=8 element=LinearRegulatorElm
DECISION t=0.03185437011719151 dt=2.44140625E-9 iter=8 id=9792 sensor=4.9999500002500366 ref=1.893275553721951 rail=3.7865700401994387 before=HIGH/true after=BROWNOUT/false output=3.6501793218119447->0.0
DECISION t=0.03185437011719151 dt=2.44140625E-9 iter=8 id=10048 sensor=4.99995000025 ref=1.8932755537219514 rail=3.7865700401994387 before=HIGH/true after=BROWNOUT/false output=3.6501793218119447->0.0
RAIL t=0.03185437011719151 dt=2.44140625E-9 iter=9 vin=4.607489748318052 vout=3.7999967163281676 enable=4.561871038003029 target=3.8074897483180523 drop=0.007493031989884713 requested=0.007493031989884713 delivered=0.07493031989884713 g=10.0 dtarget_dvin=1.0 dtarget_den=0.0 iin=0.07593031989884713 diin_dvin=10.0 diin_dvout=-10.0 diin_den=0.0
SETTER t=0.03185437011719151 dt=2.44140625E-9 iter=9 element=LinearRegulatorElm
DECISION t=0.03185437011719151 dt=2.44140625E-9 iter=9 id=9792 sensor=4.99995000025 ref=1.8999888582197928 rail=3.7999967163281676 before=BROWNOUT/false after=BROWNOUT/false output=0.0->0.0
DECISION t=0.03185437011719151 dt=2.44140625E-9 iter=9 id=10048 sensor=4.99995000025 ref=1.8999888582197935 rail=3.7999967163281676 before=BROWNOUT/false after=BROWNOUT/false output=0.0->0.0
RAIL t=0.03185437011719151 dt=2.44140625E-9 iter=10 vin=4.607489789564505 vout=3.8000710938413844 enable=4.561871078735954 target=3.807489789564505 drop=0.007418695723120372 requested=0.007418695723120372 delivered=0.07418695723120372 g=10.0 dtarget_dvin=1.0 dtarget_den=0.0 iin=0.07518695723120372 diin_dvin=10.0 diin_dvout=-10.0 diin_den=0.0
SETTER t=0.03185437011719151 dt=2.44140625E-9 iter=10 element=LinearRegulatorElm
DECISION t=0.03185437011719151 dt=2.44140625E-9 iter=10 id=9792 sensor=4.99995000025 ref=1.9000260467904584 rail=3.8000710938413844 before=BROWNOUT/false after=HIGH/true output=0.0->3.6500710938413845
DECISION t=0.03185437011719151 dt=2.44140625E-9 iter=10 id=10048 sensor=4.99995000025 ref=1.9000260467904586 rail=3.8000710938413844 before=BROWNOUT/false after=HIGH/true output=0.0->3.6500710938413845
RAIL t=0.03185437011719151 dt=2.44140625E-9 iter=11 vin=4.607489795531027 vout=3.800081852951883 enable=4.5618710846314965 target=3.807489795531027 drop=0.007407942579144233 requested=0.007407942579144233 delivered=0.07407942579144233 g=10.0 dtarget_dvin=1.0 dtarget_den=0.0 iin=0.07507942579144233 diin_dvin=10.0 diin_dvout=-10.0 diin_den=0.0
SETTER t=0.03185437011719151 dt=2.44140625E-9 iter=11 element=LinearRegulatorElm
DECISION t=0.03185437011719151 dt=2.44140625E-9 iter=11 id=9792 sensor=4.99995000025 ref=1.90003142631881 rail=3.800081852951883 before=HIGH/true after=HIGH/true output=3.6500710938413845->3.650081852951883
DECISION t=0.03185437011719151 dt=2.44140625E-9 iter=11 id=10048 sensor=4.99995000025 ref=1.90003142631881 rail=3.800081852951883 before=HIGH/true after=HIGH/true output=3.6500710938413845->3.650081852951883
RAIL t=0.03185437011719151 dt=2.44140625E-9 iter=12 vin=4.607482181062116 vout=3.786351089259993 enable=4.561863545646894 target=3.807482181062116 drop=0.020000000000000004 requested=0.021131091802122803 delivered=0.20000000000000004 g=10.0 dtarget_dvin=1.0 dtarget_den=0.0 iin=0.20100000000000004 diin_dvin=10.0 diin_dvout=-10.0 diin_den=0.0
SETTER t=0.03185437011719151 dt=2.44140625E-9 iter=12 element=LinearRegulatorElm
DECISION t=0.03185437011719151 dt=2.44140625E-9 iter=12 id=9792 sensor=4.9999500002499975 ref=1.8931660787996025 rail=3.786351089259993 before=HIGH/true after=BROWNOUT/false output=3.650081852951883->0.0
DECISION t=0.03185437011719151 dt=2.44140625E-9 iter=12 id=10048 sensor=4.99995000025 ref=1.8931660787996032 rail=3.786351089259993 before=HIGH/true after=BROWNOUT/false output=3.650081852951883->0.0
RAIL t=0.03185437011719151 dt=2.44140625E-9 iter=13 vin=4.607489821170319 vout=3.800128086915437 enable=4.5618711106939385 target=3.8074898211703188 drop=0.0073617342548817355 requested=0.0073617342548817355 delivered=0.07361734254881735 g=10.0 dtarget_dvin=1.0 dtarget_den=0.0 iin=0.07461734254881736 diin_dvin=10.0 diin_dvout=-10.0 diin_den=0.0
SETTER t=0.03185437011719151 dt=2.44140625E-9 iter=13 element=LinearRegulatorElm
DECISION t=0.03185437011719151 dt=2.44140625E-9 iter=13 id=9792 sensor=4.999950000250008 ref=1.9000545431850027 rail=3.800128086915437 before=BROWNOUT/false after=HIGH/true output=0.0->3.650128086915437
DECISION t=0.03185437011719151 dt=2.44140625E-9 iter=13 id=10048 sensor=4.99995000025 ref=1.9000545431850022 rail=3.800128086915437 before=BROWNOUT/false after=HIGH/true output=0.0->3.650128086915437
RAIL t=0.03185437011719151 dt=2.44140625E-9 iter=14 vin=4.607489609678516 vout=3.799746715077815 enable=4.561870900665438 target=3.807489609678516 drop=0.007742894600700989 requested=0.007742894600700989 delivered=0.07742894600700989 g=10.0 dtarget_dvin=1.0 dtarget_den=0.0 iin=0.07842894600700989 diin_dvin=10.0 diin_dvout=-10.0 diin_den=0.0
SETTER t=0.03185437011719151 dt=2.44140625E-9 iter=14 element=LinearRegulatorElm
DECISION t=0.03185437011719151 dt=2.44140625E-9 iter=14 id=9792 sensor=4.999950000249997 ref=1.899863858219617 rail=3.799746715077815 before=HIGH/true after=BROWNOUT/false output=3.650128086915437->0.0
DECISION t=0.03185437011719151 dt=2.44140625E-9 iter=14 id=10048 sensor=4.99995000025 ref=1.8998638582196168 rail=3.799746715077815 before=HIGH/true after=BROWNOUT/false output=3.650128086915437->0.0
RAIL t=0.03185437011719151 dt=2.44140625E-9 iter=15 vin=4.607507923043095 vout=3.83277022392212 enable=4.561889032659282 target=3.8075079230430955 drop=-0.02526230087902448 requested=-0.02526230087902448 delivered=-2.526230087902448E-8 g=1.0E-6 dtarget_dvin=1.0 dtarget_den=0.0 iin=9.99974737699121E-4 diin_dvin=1.0E-6 diin_dvout=-1.0E-6 diin_den=0.0
SETTER t=0.03185437011719151 dt=2.44140625E-9 iter=15 element=LinearRegulatorElm
DECISION t=0.03185437011719151 dt=2.44140625E-9 iter=15 id=9792 sensor=4.999950000250012 ref=1.916375530083409 rail=3.83277022392212 before=BROWNOUT/false after=HIGH/true output=0.0->3.68277022392212
DECISION t=0.03185437011719151 dt=2.44140625E-9 iter=15 id=10048 sensor=4.99995000025 ref=1.9163755300834093 rail=3.83277022392212 before=BROWNOUT/false after=HIGH/true output=0.0->3.68277022392212
RAIL t=0.03185437011719151 dt=2.44140625E-9 iter=16 vin=4.607493905924458 vout=3.7996449766593936 enable=4.561875154345397 target=3.807493905924458 drop=0.00784892926506453 requested=0.00784892926506453 delivered=0.0784892926506453 g=10.0 dtarget_dvin=1.0 dtarget_den=0.0 iin=0.0794892926506453 diin_dvin=10.0 diin_dvout=-10.0 diin_den=0.0
SETTER t=0.03185437011719151 dt=2.44140625E-9 iter=16 element=LinearRegulatorElm
DECISION t=0.03185437011719151 dt=2.44140625E-9 iter=16 id=9792 sensor=4.999950000250002 ref=1.899812989264751 rail=3.7996449766593936 before=HIGH/true after=BROWNOUT/false output=3.68277022392212->0.0
DECISION t=0.03185437011719151 dt=2.44140625E-9 iter=16 id=10048 sensor=4.99995000025 ref=1.8998129892647506 rail=3.7996449766593936 before=HIGH/true after=BROWNOUT/false output=3.68277022392212->0.0
RAIL t=0.03185437011719151 dt=2.44140625E-9 iter=17 vin=4.607508315407087 vout=3.833477752870414 enable=4.561889414808422 target=3.8075083154070875 drop=-0.02596943746332636 requested=-0.02596943746332636 delivered=-2.596943746332636E-8 g=1.0E-6 dtarget_dvin=1.0 dtarget_den=0.0 iin=9.999740305625367E-4 diin_dvin=1.0E-6 diin_dvout=-1.0E-6 diin_den=0.0
SETTER t=0.03185437011719151 dt=2.44140625E-9 iter=17 element=LinearRegulatorElm
DECISION t=0.03185437011719151 dt=2.44140625E-9 iter=17 id=9792 sensor=4.999950000250008 ref=1.9167292927887432 rail=3.833477752870414 before=BROWNOUT/false after=HIGH/true output=0.0->3.683477752870414
DECISION t=0.03185437011719151 dt=2.44140625E-9 iter=17 id=10048 sensor=4.99995000025 ref=1.9167292927887432 rail=3.833477752870414 before=BROWNOUT/false after=HIGH/true output=0.0->3.683477752870414
timestep down to 1.220703125E-9 at 0.03185437011719151
SETTER t=0.03185437011719151 dt=1.220703125E-9 iter=0 element=LimitedDcSupplyElm
RAIL t=0.03185437011719151 dt=1.220703125E-9 iter=0 vin=4.607497810315381 vout=3.8000042205624425 enable=4.561879020073453 target=3.8074978103153816 drop=0.007493589752939123 requested=0.007493589752939123 delivered=0.07493589752939123 g=10.0 dtarget_dvin=1.0 dtarget_den=0.0 iin=0.07593589752939123 diin_dvin=10.0 diin_dvout=-10.0 diin_den=0.0
DECISION t=0.03185437011719151 dt=1.220703125E-9 iter=0 id=9792 sensor=4.999950000250002 ref=1.899992610318169 rail=3.8000042205624425 before=HIGH/true after=HIGH/true output=3.683493502928359->3.6500042205624426
DECISION t=0.03185437011719151 dt=1.220703125E-9 iter=0 id=10048 sensor=4.99995000025 ref=1.899992610318169 rail=3.8000042205624425 before=HIGH/true after=HIGH/true output=3.683493502928359->3.6500042205624426
RAIL t=0.03185437011719151 dt=1.220703125E-9 iter=1 vin=4.607497806606568 vout=3.7999908484816327 enable=4.561878976143384 target=3.807497806606568 drop=0.007506958124935181 requested=0.007506958124935181 delivered=0.07506958124935181 g=10.0 dtarget_dvin=1.0 dtarget_den=0.0 iin=0.07606958124935181 diin_dvin=10.0 diin_dvout=-10.0 diin_den=0.0
SETTER t=0.03185437011719151 dt=1.220703125E-9 iter=1 element=LinearRegulatorElm
DECISION t=0.03185437011719151 dt=1.220703125E-9 iter=1 id=9792 sensor=4.999950000250002 ref=1.8999859243111952 rail=3.7999908484816327 before=HIGH/true after=BROWNOUT/false output=3.6500042205624426->0.0
DECISION t=0.03185437011719151 dt=1.220703125E-9 iter=1 id=10048 sensor=4.99995000025 ref=1.8999859243111952 rail=3.7999908484816327 before=HIGH/true after=BROWNOUT/false output=3.6500042205624426->0.0
RAIL t=0.03185437011719151 dt=1.220703125E-9 iter=2 vin=4.607514920057996 vout=3.8616931649540045 enable=4.561895961969627 target=3.8075149200579963 drop=-0.0541782448960082 requested=-0.0541782448960082 delivered=-5.4178244896008196E-8 g=1.0E-6 dtarget_dvin=1.0 dtarget_den=0.0 iin=9.99945821755104E-4 diin_dvin=1.0E-6 diin_dvout=-1.0E-6 diin_den=0.0
SETTER t=0.03185437011719151 dt=1.220703125E-9 iter=2 element=LinearRegulatorElm
DECISION t=0.03185437011719151 dt=1.220703125E-9 iter=2 id=9792 sensor=4.999950000249997 ref=1.9308369282923605 rail=3.8616931649540045 before=BROWNOUT/false after=HIGH/true output=0.0->3.7116931649540046
DECISION t=0.03185437011719151 dt=1.220703125E-9 iter=2 id=10048 sensor=4.99995000025 ref=1.9308369282923608 rail=3.8616931649540045 before=BROWNOUT/false after=HIGH/true output=0.0->3.7116931649540046
RAIL t=0.03185437011719151 dt=1.220703125E-9 iter=3 vin=4.607499889277028 vout=3.799958483363219 enable=4.5618810751776415 target=3.807499889277028 drop=0.0075414059138090295 requested=0.0075414059138090295 delivered=0.0754140591380903 g=10.0 dtarget_dvin=1.0 dtarget_den=0.0 iin=0.0764140591380903 diin_dvin=10.0 diin_dvout=-10.0 diin_den=0.0
SETTER t=0.03185437011719151 dt=1.220703125E-9 iter=3 element=LinearRegulatorElm
DECISION t=0.03185437011719151 dt=1.220703125E-9 iter=3 id=9792 sensor=4.999950000249989 ref=1.899969741832901 rail=3.799958483363219 before=HIGH/true after=BROWNOUT/false output=3.7116931649540046->0.0
DECISION t=0.03185437011719151 dt=1.220703125E-9 iter=3 id=10048 sensor=4.99995000025 ref=1.8999697418329011 rail=3.799958483363219 before=HIGH/true after=BROWNOUT/false output=3.7116931649540046->0.0
RAIL t=0.03185437011719151 dt=1.220703125E-9 iter=4 vin=4.607497810315388 vout=3.8000042205826996 enable=4.561879021894686 target=3.807497810315388 drop=0.007493589732688211 requested=0.007493589732688211 delivered=0.0749358973268821 g=10.0 dtarget_dvin=1.0 dtarget_den=0.0 iin=0.0759358973268821 diin_dvin=10.0 diin_dvout=-10.0 diin_den=0.0
SETTER t=0.03185437011719151 dt=1.220703125E-9 iter=4 element=LinearRegulatorElm
DECISION t=0.03185437011719151 dt=1.220703125E-9 iter=4 id=9792 sensor=4.999950000250007 ref=1.899992610328298 rail=3.8000042205826996 before=BROWNOUT/false after=HIGH/true output=0.0->3.6500042205826997
DECISION t=0.03185437011719151 dt=1.220703125E-9 iter=4 id=10048 sensor=4.99995000025 ref=1.899992610328298 rail=3.8000042205826996 before=BROWNOUT/false after=HIGH/true output=0.0->3.6500042205826997
RAIL t=0.03185437011719151 dt=1.220703125E-9 iter=5 vin=4.607497810315389 vout=3.800004220584047 enable=4.561879020091358 target=3.8074978103153896 drop=0.00749358973134262 requested=0.00749358973134262 delivered=0.0749358973134262 g=10.0 dtarget_dvin=1.0 dtarget_den=0.0 iin=0.0759358973134262 diin_dvin=10.0 diin_dvout=-10.0 diin_den=0.0
DECISION t=0.03185437011719151 dt=1.220703125E-9 iter=5 id=9792 sensor=4.9999500002499975 ref=1.8999926103289715 rail=3.800004220584047 before=HIGH/true after=HIGH/true output=3.6500042205826997->3.650004220584047
DECISION t=0.03185437011719151 dt=1.220703125E-9 iter=5 id=10048 sensor=4.99995000025 ref=1.8999926103289717 rail=3.800004220584047 before=HIGH/true after=HIGH/true output=3.6500042205826997->3.650004220584047
SETTER t=0.03185437011719151 dt=1.220703125E-9 iter=5 element=NMosfetElm
RAIL t=0.03185437011719151 dt=1.220703125E-9 iter=6 vin=4.607497810315261 vout=3.8000042201227915 enable=4.561879019932792 target=3.807497810315261 drop=0.007493590192469313 requested=0.007493590192469313 delivered=0.07493590192469313 g=10.0 dtarget_dvin=1.0 dtarget_den=0.0 iin=0.07593590192469313 diin_dvin=10.0 diin_dvout=-10.0 diin_den=0.0
DECISION t=0.03185437011719151 dt=1.220703125E-9 iter=6 id=9792 sensor=4.999950000250002 ref=1.8999926100983449 rail=3.8000042201227915 before=HIGH/true after=HIGH/true output=3.650004220584047->3.6500042201227916
DECISION t=0.03185437011719151 dt=1.220703125E-9 iter=6 id=10048 sensor=4.99995000025 ref=1.8999926100983453 rail=3.8000042201227915 before=HIGH/true after=HIGH/true output=3.650004220584047->3.6500042201227916
SETTER t=0.03185437011719151 dt=1.220703125E-9 iter=6 element=NMosfetElm
RAIL t=0.03185437011719151 dt=1.220703125E-9 iter=7 vin=4.607497814409989 vout=3.8000189836086373 enable=4.561879023846486 target=3.807497814409989 drop=0.007478830801351588 requested=0.007478830801351588 delivered=0.07478830801351588 g=10.0 dtarget_dvin=1.0 dtarget_den=0.0 iin=0.07578830801351588 diin_dvin=10.0 diin_dvout=-10.0 diin_den=0.0
SETTER t=0.03185437011719151 dt=1.220703125E-9 iter=7 element=LinearRegulatorElm
DECISION t=0.03185437011719151 dt=1.220703125E-9 iter=7 id=9792 sensor=4.9999500002499975 ref=1.8999999918043602 rail=3.8000189836086373 before=HIGH/true after=HIGH/true output=3.6500042201227916->3.6500189836086374
DECISION t=0.03185437011719151 dt=1.220703125E-9 iter=7 id=10048 sensor=4.99995000025 ref=1.8999999918043597 rail=3.8000189836086373 before=HIGH/true after=HIGH/true output=3.6500042201227916->3.6500189836086374
RAIL t=0.03185437011719151 dt=1.220703125E-9 iter=8 vin=4.6074978103153885 vout=3.8000042205827627 enable=4.561879020596934 target=3.8074978103153887 drop=0.007493589732626038 requested=0.007493589732626038 delivered=0.07493589732626038 g=10.0 dtarget_dvin=1.0 dtarget_den=0.0 iin=0.07593589732626038 diin_dvin=10.0 diin_dvout=-10.0 diin_den=0.0
SETTER t=0.03185437011719151 dt=1.220703125E-9 iter=8 element=LinearRegulatorElm
DECISION t=0.03185437011719151 dt=1.220703125E-9 iter=8 id=9792 sensor=4.9999500002499975 ref=1.8999926103283296 rail=3.8000042205827627 before=HIGH/true after=HIGH/true output=3.6500189836086374->3.6500042205827627
DECISION t=0.03185437011719151 dt=1.220703125E-9 iter=8 id=10048 sensor=4.99995000025 ref=1.89999261032833 rail=3.8000042205827627 before=HIGH/true after=HIGH/true output=3.6500189836086374->3.6500042205827627
RAIL t=0.03185437011719151 dt=1.220703125E-9 iter=9 vin=4.6074978103153885 vout=3.800004220583079 enable=4.5618790201584165 target=3.8074978103153887 drop=0.007493589732309847 requested=0.007493589732309847 delivered=0.07493589732309847 g=10.0 dtarget_dvin=1.0 dtarget_den=0.0 iin=0.07593589732309847 diin_dvin=10.0 diin_dvout=-10.0 diin_den=0.0
DECISION t=0.03185437011719151 dt=1.220703125E-9 iter=9 id=9792 sensor=4.9999500002499975 ref=1.8999926103284874 rail=3.800004220583079 before=HIGH/true after=HIGH/true output=3.6500042205827627->3.650004220583079
DECISION t=0.03185437011719151 dt=1.220703125E-9 iter=9 id=10048 sensor=4.99995000025 ref=1.8999926103284877 rail=3.800004220583079 before=HIGH/true after=HIGH/true output=3.6500042205827627->3.650004220583079
SETTER t=0.03185437011719151 dt=1.220703125E-9 iter=9 element=NMosfetElm
RAIL t=0.03185437011719151 dt=1.220703125E-9 iter=10 vin=4.607497810315389 vout=3.8000042205841975 enable=4.56187902012678 target=3.8074978103153896 drop=0.007493589731192074 requested=0.007493589731192074 delivered=0.07493589731192074 g=10.0 dtarget_dvin=1.0 dtarget_den=0.0 iin=0.07593589731192074 diin_dvin=10.0 diin_dvout=-10.0 diin_den=0.0
DECISION t=0.03185437011719151 dt=1.220703125E-9 iter=10 id=9792 sensor=4.9999500002499975 ref=1.899992610329047 rail=3.8000042205841975 before=HIGH/true after=HIGH/true output=3.650004220583079->3.6500042205841976
DECISION t=0.03185437011719151 dt=1.220703125E-9 iter=10 id=10048 sensor=4.99995000025 ref=1.8999926103290472 rail=3.8000042205841975 before=HIGH/true after=HIGH/true output=3.650004220583079->3.6500042205841976
SETTER t=0.03185437011719151 dt=1.220703125E-9 iter=10 element=NMosfetElm
RAIL t=0.03185437011719151 dt=1.220703125E-9 iter=11 vin=4.607497810315389 vout=3.800004220586027 enable=4.561879020109922 target=3.8074978103153896 drop=0.0074935897293624265 requested=0.0074935897293624265 delivered=0.07493589729362427 g=10.0 dtarget_dvin=1.0 dtarget_den=0.0 iin=0.07593589729362427 diin_dvin=10.0 diin_dvout=-10.0 diin_den=0.0
DECISION t=0.03185437011719151 dt=1.220703125E-9 iter=11 id=9792 sensor=4.9999500002499975 ref=1.8999926103299618 rail=3.800004220586027 before=HIGH/true after=HIGH/true output=3.6500042205841976->3.6500042205860272
DECISION t=0.03185437011719151 dt=1.220703125E-9 iter=11 id=10048 sensor=4.99995000025 ref=1.8999926103299618 rail=3.800004220586027 before=HIGH/true after=HIGH/true output=3.6500042205841976->3.6500042205860272
SETTER t=0.03185437011719151 dt=1.220703125E-9 iter=11 element=NMosfetElm
RAIL t=0.03185437011719151 dt=1.220703125E-9 iter=12 vin=4.607497810315389 vout=3.800004220586026 enable=4.561879020111334 target=3.8074978103153896 drop=0.007493589729363759 requested=0.007493589729363759 delivered=0.07493589729363759 g=10.0 dtarget_dvin=1.0 dtarget_den=0.0 iin=0.07593589729363759 diin_dvin=10.0 diin_dvout=-10.0 diin_den=0.0
DECISION t=0.03185437011719151 dt=1.220703125E-9 iter=12 id=9792 sensor=4.9999500002499975 ref=1.8999926103299614 rail=3.800004220586026 before=HIGH/true after=HIGH/true output=3.6500042205860272->3.650004220586026
DECISION t=0.03185437011719151 dt=1.220703125E-9 iter=12 id=10048 sensor=4.99995000025 ref=1.8999926103299614 rail=3.800004220586026 before=HIGH/true after=HIGH/true output=3.6500042205860272->3.650004220586026
SETTER t=0.03185437011719151 dt=1.220703125E-9 iter=12 element=NMosfetElm
RAIL t=0.03185437011719151 dt=1.220703125E-9 iter=13 vin=4.607497810315389 vout=3.800004220586026 enable=4.56187902008877 target=3.8074978103153896 drop=0.007493589729363759 requested=0.007493589729363759 delivered=0.07493589729363759 g=10.0 dtarget_dvin=1.0 dtarget_den=0.0 iin=0.07593589729363759 diin_dvin=10.0 diin_dvout=-10.0 diin_den=0.0
DECISION t=0.03185437011719151 dt=1.220703125E-9 iter=13 id=9792 sensor=4.999950000249993 ref=1.8999926103299614 rail=3.800004220586026 before=HIGH/true after=HIGH/true output=3.650004220586026->3.650004220586026
DECISION t=0.03185437011719151 dt=1.220703125E-9 iter=13 id=10048 sensor=4.99995000025 ref=1.8999926103299614 rail=3.800004220586026 before=HIGH/true after=HIGH/true output=3.650004220586026->3.650004220586026
converged after 13 iterations, timeStep = 1.220703125E-9
RAIL t=0.031854371337894635 dt=1.220703125E-9 iter=0 vin=4.607497810315389 vout=3.800004220586026 enable=4.56187902008877 target=3.8074978103153896 drop=0.007493589729363759 requested=0.007493589729363759 delivered=0.07493589729363759 g=10.0 dtarget_dvin=1.0 dtarget_den=0.0 iin=0.07593589729363759 diin_dvin=10.0 diin_dvout=-10.0 diin_den=0.0
DECISION t=0.031854371337894635 dt=1.220703125E-9 iter=0 id=9792 sensor=4.999950000249993 ref=1.8999926103299614 rail=3.800004220586026 before=HIGH/true after=HIGH/true output=3.650004220586026->3.650004220586026
DECISION t=0.031854371337894635 dt=1.220703125E-9 iter=0 id=10048 sensor=4.99995000025 ref=1.8999926103299614 rail=3.800004220586026 before=HIGH/true after=HIGH/true output=3.650004220586026->3.650004220586026
SETTER t=0.031854371337894635 dt=1.220703125E-9 iter=1 element=LimitedDcSupplyElm
RAIL t=0.031854371337894635 dt=1.220703125E-9 iter=1 vin=4.6074937791629775 vout=3.8000001928528038 enable=4.561875028845296 target=3.8074937791629777 drop=0.007493586310173939 requested=0.007493586310173939 delivered=0.07493586310173939 g=10.0 dtarget_dvin=1.0 dtarget_den=0.0 iin=0.07593586310173939 diin_dvin=10.0 diin_dvout=-10.0 diin_den=0.0
DECISION t=0.031854371337894635 dt=1.220703125E-9 iter=1 id=9792 sensor=4.9999500002499975 ref=1.89999059647342 rail=3.8000001928528038 before=HIGH/true after=HIGH/true output=3.650004220586026->3.650000192852804
DECISION t=0.031854371337894635 dt=1.220703125E-9 iter=1 id=10048 sensor=4.99995000025 ref=1.8999905964734196 rail=3.8000001928528038 before=HIGH/true after=HIGH/true output=3.650004220586026->3.650000192852804
RAIL t=0.031854371337894635 dt=1.220703125E-9 iter=2 vin=4.6074937791629775 vout=3.8000001928528038 enable=4.5618750288771945 target=3.8074937791629777 drop=0.007493586310173939 requested=0.007493586310173939 delivered=0.07493586310173939 g=10.0 dtarget_dvin=1.0 dtarget_den=0.0 iin=0.07593586310173939 diin_dvin=10.0 diin_dvout=-10.0 diin_den=0.0
DECISION t=0.031854371337894635 dt=1.220703125E-9 iter=2 id=9792 sensor=4.9999500002499975 ref=1.89999059647342 rail=3.8000001928528038 before=HIGH/true after=HIGH/true output=3.650000192852804->3.650000192852804
DECISION t=0.031854371337894635 dt=1.220703125E-9 iter=2 id=10048 sensor=4.99995000025 ref=1.8999905964734198 rail=3.8000001928528038 before=HIGH/true after=HIGH/true output=3.650000192852804->3.650000192852804
converged after 2 iterations, timeStep = 1.220703125E-9
RAIL t=0.03185437255859776 dt=1.220703125E-9 iter=0 vin=4.6074937791629775 vout=3.8000001928528038 enable=4.5618750288771945 target=3.8074937791629777 drop=0.007493586310173939 requested=0.007493586310173939 delivered=0.07493586310173939 g=10.0 dtarget_dvin=1.0 dtarget_den=0.0 iin=0.07593586310173939 diin_dvin=10.0 diin_dvout=-10.0 diin_den=0.0
DECISION t=0.03185437255859776 dt=1.220703125E-9 iter=0 id=9792 sensor=4.9999500002499975 ref=1.89999059647342 rail=3.8000001928528038 before=HIGH/true after=HIGH/true output=3.650000192852804->3.650000192852804
DECISION t=0.03185437255859776 dt=1.220703125E-9 iter=0 id=10048 sensor=4.99995000025 ref=1.8999905964734198 rail=3.8000001928528038 before=HIGH/true after=HIGH/true output=3.650000192852804->3.650000192852804
SETTER t=0.03185437255859776 dt=1.220703125E-9 iter=1 element=LimitedDcSupplyElm
RAIL t=0.03185437255859776 dt=1.220703125E-9 iter=1 vin=4.6074897480124 vout=3.7999961650957395 enable=4.561871037587118 target=3.8074897480124 drop=0.007493582916660468 requested=0.007493582916660468 delivered=0.07493582916660468 g=10.0 dtarget_dvin=1.0 dtarget_den=0.0 iin=0.07593582916660468 diin_dvin=10.0 diin_dvout=-10.0 diin_den=0.0
DECISION t=0.03185437255859776 dt=1.220703125E-9 iter=1 id=9792 sensor=4.999950000250006 ref=1.8999885826049558 rail=3.7999961650957395 before=HIGH/true after=BROWNOUT/false output=3.650000192852804->0.0
DECISION t=0.03185437255859776 dt=1.220703125E-9 iter=1 id=10048 sensor=4.99995000025 ref=1.899988582604957 rail=3.7999961650957395 before=HIGH/true after=BROWNOUT/false output=3.650000192852804->0.0
RAIL t=0.03185437255859776 dt=1.220703125E-9 iter=2 vin=4.6074897480124 vout=3.799996165095884 enable=4.561871037633945 target=3.8074897480124 drop=0.007493582916516139 requested=0.007493582916516139 delivered=0.0749358291651614 g=10.0 dtarget_dvin=1.0 dtarget_den=0.0 iin=0.0759358291651614 diin_dvin=10.0 diin_dvout=-10.0 diin_den=0.0
DECISION t=0.03185437255859776 dt=1.220703125E-9 iter=2 id=9792 sensor=4.9999500002499975 ref=1.899988582605029 rail=3.799996165095884 before=BROWNOUT/false after=BROWNOUT/false output=0.0->0.0
DECISION t=0.03185437255859776 dt=1.220703125E-9 iter=2 id=10048 sensor=4.99995000025 ref=1.8999885826050293 rail=3.799996165095884 before=BROWNOUT/false after=BROWNOUT/false output=0.0->0.0
SETTER t=0.03185437255859776 dt=1.220703125E-9 iter=2 element=NMosfetElm
RAIL t=0.03185437255859776 dt=1.220703125E-9 iter=3 vin=4.607489748027004 vout=3.79999621775225 enable=4.5618710376644795 target=3.8074897480270042 drop=0.007493530274754079 requested=0.007493530274754079 delivered=0.07493530274754079 g=10.0 dtarget_dvin=1.0 dtarget_den=0.0 iin=0.07593530274754079 diin_dvin=10.0 diin_dvout=-10.0 diin_den=0.0
DECISION t=0.03185437255859776 dt=1.220703125E-9 iter=3 id=9792 sensor=4.99995000024999 ref=1.8999886089330802 rail=3.79999621775225 before=BROWNOUT/false after=BROWNOUT/false output=0.0->0.0
DECISION t=0.03185437255859776 dt=1.220703125E-9 iter=3 id=10048 sensor=4.99995000025 ref=1.8999886089330804 rail=3.79999621775225 before=BROWNOUT/false after=BROWNOUT/false output=0.0->0.0
SETTER t=0.03185437255859776 dt=1.220703125E-9 iter=3 element=NMosfetElm
RAIL t=0.03185437255859776 dt=1.220703125E-9 iter=4 vin=4.607489754551471 vout=3.80001974163176 enable=4.561871044082539 target=3.8074897545514714 drop=0.0074700129197116105 requested=0.0074700129197116105 delivered=0.0747001291971161 g=10.0 dtarget_dvin=1.0 dtarget_den=0.0 iin=0.0757001291971161 diin_dvin=10.0 diin_dvout=-10.0 diin_den=0.0
SETTER t=0.03185437255859776 dt=1.220703125E-9 iter=4 element=LinearRegulatorElm
DECISION t=0.03185437255859776 dt=1.220703125E-9 iter=4 id=9792 sensor=4.999950000250003 ref=1.9000003708140258 rail=3.80001974163176 before=BROWNOUT/false after=HIGH/true output=0.0->3.65001974163176
DECISION t=0.03185437255859776 dt=1.220703125E-9 iter=4 id=10048 sensor=4.99995000025 ref=1.9000003708140263 rail=3.80001974163176 before=BROWNOUT/false after=HIGH/true output=0.0->3.65001974163176
RAIL t=0.03185437255859776 dt=1.220703125E-9 iter=5 vin=4.607489715117964 vout=3.799877564660989 enable=4.561871005046834 target=3.8074897151179643 drop=0.007612150456975275 requested=0.007612150456975275 delivered=0.07612150456975275 g=10.0 dtarget_dvin=1.0 dtarget_den=0.0 iin=0.07712150456975275 diin_dvin=10.0 diin_dvout=-10.0 diin_den=0.0
SETTER t=0.03185437255859776 dt=1.220703125E-9 iter=5 element=LinearRegulatorElm
DECISION t=0.03185437255859776 dt=1.220703125E-9 iter=5 id=9792 sensor=4.999950000250002 ref=1.8999292826840806 rail=3.799877564660989 before=HIGH/true after=BROWNOUT/false output=3.65001974163176->0.0
DECISION t=0.03185437255859776 dt=1.220703125E-9 iter=5 id=10048 sensor=4.99995000025 ref=1.8999292826840803 rail=3.799877564660989 before=HIGH/true after=BROWNOUT/false output=3.65001974163176->0.0
RAIL t=0.03185437255859776 dt=1.220703125E-9 iter=6 vin=4.607494810770991 vout=3.818249872371403 enable=4.561876050149763 target=3.807494810770991 drop=-0.010755061600411953 requested=-0.010755061600411953 delivered=-1.0755061600411952E-8 g=1.0E-6 dtarget_dvin=1.0 dtarget_den=0.0 iin=9.999892449383996E-4 diin_dvin=1.0E-6 diin_dvout=-1.0E-6 diin_den=0.0
SETTER t=0.03185437255859776 dt=1.220703125E-9 iter=6 element=LinearRegulatorElm
DECISION t=0.03185437255859776 dt=1.220703125E-9 iter=6 id=9792 sensor=4.9999500002499975 ref=1.9091153906087484 rail=3.818249872371403 before=BROWNOUT/false after=HIGH/true output=0.0->3.668249872371403
DECISION t=0.03185437255859776 dt=1.220703125E-9 iter=6 id=10048 sensor=4.99995000025 ref=1.9091153906087488 rail=3.818249872371403 before=BROWNOUT/false after=HIGH/true output=0.0->3.668249872371403
RAIL t=0.03185437255859776 dt=1.220703125E-9 iter=7 vin=4.607491826972153 vout=3.800088430090375 enable=4.5618730971063295 target=3.8074918269721536 drop=0.007403396881778601 requested=0.007403396881778601 delivered=0.07403396881778601 g=10.0 dtarget_dvin=1.0 dtarget_den=0.0 iin=0.07503396881778601 diin_dvin=10.0 diin_dvout=-10.0 diin_den=0.0
SETTER t=0.03185437255859776 dt=1.220703125E-9 iter=7 element=LinearRegulatorElm
DECISION t=0.03185437255859776 dt=1.220703125E-9 iter=7 id=9792 sensor=4.99995000025 ref=1.9000347148716135 rail=3.800088430090375 before=HIGH/true after=HIGH/true output=3.668249872371403->3.650088430090375
DECISION t=0.03185437255859776 dt=1.220703125E-9 iter=7 id=10048 sensor=4.99995000025 ref=1.9000347148716135 rail=3.800088430090375 before=HIGH/true after=HIGH/true output=3.668249872371403->3.650088430090375
RAIL t=0.03185437255859776 dt=1.220703125E-9 iter=8 vin=4.60748787506477 vout=3.793243277881198 enable=4.561869183244057 target=3.80748787506477 drop=0.014244597183572072 requested=0.014244597183572072 delivered=0.14244597183572072 g=10.0 dtarget_dvin=1.0 dtarget_den=0.0 iin=0.14344597183572072 diin_dvin=10.0 diin_dvout=-10.0 diin_den=0.0
SETTER t=0.03185437255859776 dt=1.220703125E-9 iter=8 element=LinearRegulatorElm
DECISION t=0.03185437255859776 dt=1.220703125E-9 iter=8 id=9792 sensor=4.999950000250024 ref=1.8966121558798192 rail=3.793243277881198 before=HIGH/true after=BROWNOUT/false output=3.650088430090375->0.0
DECISION t=0.03185437255859776 dt=1.220703125E-9 iter=8 id=10048 sensor=4.99995000025 ref=1.8966121558798195 rail=3.793243277881198 before=HIGH/true after=BROWNOUT/false output=3.650088430090375->0.0
RAIL t=0.03185437255859776 dt=1.220703125E-9 iter=9 vin=4.607489748087326 vout=3.799996435241138 enable=4.561871037710982 target=3.8074897480873258 drop=0.007493312846187816 requested=0.007493312846187816 delivered=0.07493312846187816 g=10.0 dtarget_dvin=1.0 dtarget_den=0.0 iin=0.07593312846187816 diin_dvin=10.0 diin_dvout=-10.0 diin_den=0.0
SETTER t=0.03185437255859776 dt=1.220703125E-9 iter=9 element=LinearRegulatorElm
DECISION t=0.03185437255859776 dt=1.220703125E-9 iter=9 id=9792 sensor=4.99995000025 ref=1.89998871767698 rail=3.799996435241138 before=BROWNOUT/false after=BROWNOUT/false output=0.0->0.0
DECISION t=0.03185437255859776 dt=1.220703125E-9 iter=9 id=10048 sensor=4.99995000025 ref=1.899988717676981 rail=3.799996435241138 before=BROWNOUT/false after=BROWNOUT/false output=0.0->0.0
RAIL t=0.03185437255859776 dt=1.220703125E-9 iter=10 vin=4.607489758439847 vout=3.8000337611150385 enable=4.56187104797554 target=3.8074897584398473 drop=0.0074559973248087275 requested=0.0074559973248087275 delivered=0.07455997324808727 g=10.0 dtarget_dvin=1.0 dtarget_den=0.0 iin=0.07555997324808728 diin_dvin=10.0 diin_dvout=-10.0 diin_den=0.0
SETTER t=0.03185437255859776 dt=1.220703125E-9 iter=10 element=LinearRegulatorElm
DECISION t=0.03185437255859776 dt=1.220703125E-9 iter=10 id=9792 sensor=4.99995000025 ref=1.9000073805206168 rail=3.8000337611150385 before=BROWNOUT/false after=HIGH/true output=0.0->3.6500337611150386
DECISION t=0.03185437255859776 dt=1.220703125E-9 iter=10 id=10048 sensor=4.99995000025 ref=1.900007380520617 rail=3.8000337611150385 before=BROWNOUT/false after=HIGH/true output=0.0->3.6500337611150386
RAIL t=0.03185437255859776 dt=1.220703125E-9 iter=11 vin=4.607489759934084 vout=3.8000391485650233 enable=4.561871049410372 target=3.807489759934084 drop=0.007450611369060667 requested=0.007450611369060667 delivered=0.07450611369060667 g=10.0 dtarget_dvin=1.0 dtarget_den=0.0 iin=0.07550611369060667 diin_dvin=10.0 diin_dvout=-10.0 diin_den=0.0
DECISION t=0.03185437255859776 dt=1.220703125E-9 iter=11 id=9792 sensor=4.99995000025 ref=1.9000100742321402 rail=3.8000391485650233 before=HIGH/true after=HIGH/true output=3.6500337611150386->3.6500391485650234
DECISION t=0.03185437255859776 dt=1.220703125E-9 iter=11 id=10048 sensor=4.99995000025 ref=1.9000100742321402 rail=3.8000391485650233 before=HIGH/true after=HIGH/true output=3.6500337611150386->3.6500391485650234
SETTER t=0.03185437255859776 dt=1.220703125E-9 iter=11 element=NMosfetElm
RAIL t=0.03185437255859776 dt=1.220703125E-9 iter=12 vin=4.60748781289711 vout=3.7930191332287095 enable=4.561869121672341 target=3.8074878128971106 drop=0.014468679668401041 requested=0.014468679668401041 delivered=0.1446867966840104 g=10.0 dtarget_dvin=1.0 dtarget_den=0.0 iin=0.1456867966840104 diin_dvin=10.0 diin_dvout=-10.0 diin_den=0.0
SETTER t=0.03185437255859776 dt=1.220703125E-9 iter=12 element=LinearRegulatorElm
DECISION t=0.03185437255859776 dt=1.220703125E-9 iter=12 id=9792 sensor=4.999950000250001 ref=1.896500084113934 rail=3.7930191332287095 before=HIGH/true after=BROWNOUT/false output=3.6500391485650234->0.0
DECISION t=0.03185437255859776 dt=1.220703125E-9 iter=12 id=10048 sensor=4.99995000025 ref=1.896500084113934 rail=3.7930191332287095 before=HIGH/true after=BROWNOUT/false output=3.6500391485650234->0.0
RAIL t=0.03185437255859776 dt=1.220703125E-9 iter=13 vin=4.607489766215768 vout=3.8000617970952466 enable=4.561871054795946 target=3.8074897662157685 drop=0.0074279691205219045 requested=0.0074279691205219045 delivered=0.07427969120521905 g=10.0 dtarget_dvin=1.0 dtarget_den=0.0 iin=0.07527969120521905 diin_dvin=10.0 diin_dvout=-10.0 diin_den=0.0
SETTER t=0.03185437255859776 dt=1.220703125E-9 iter=13 element=LinearRegulatorElm
DECISION t=0.03185437255859776 dt=1.220703125E-9 iter=13 id=9792 sensor=4.999950000250002 ref=1.9000213984406311 rail=3.8000617970952466 before=BROWNOUT/false after=HIGH/true output=0.0->3.6500617970952467
DECISION t=0.03185437255859776 dt=1.220703125E-9 iter=13 id=10048 sensor=4.99995000025 ref=1.900021398440631 rail=3.8000617970952466 before=BROWNOUT/false after=HIGH/true output=0.0->3.6500617970952467
RAIL t=0.03185437255859776 dt=1.220703125E-9 iter=14 vin=4.607489712417402 vout=3.7998678278189586 enable=4.561871002395021 target=3.807489712417402 drop=0.007621884598443263 requested=0.007621884598443263 delivered=0.07621884598443263 g=10.0 dtarget_dvin=1.0 dtarget_den=0.0 iin=0.07721884598443263 diin_dvin=10.0 diin_dvout=-10.0 diin_den=0.0
SETTER t=0.03185437255859776 dt=1.220703125E-9 iter=14 element=LinearRegulatorElm
DECISION t=0.03185437255859776 dt=1.220703125E-9 iter=14 id=9792 sensor=4.999950000249995 ref=1.8999244142874074 rail=3.7998678278189586 before=HIGH/true after=BROWNOUT/false output=3.6500617970952467->0.0
DECISION t=0.03185437255859776 dt=1.220703125E-9 iter=14 id=10048 sensor=4.99995000025 ref=1.8999244142874072 rail=3.7998678278189586 before=HIGH/true after=BROWNOUT/false output=3.6500617970952467->0.0
RAIL t=0.03185437255859776 dt=1.220703125E-9 iter=15 vin=4.607494320657187 vout=3.8164827737134956 enable=4.56187556519462 target=3.807494320657187 drop=-0.008988453056308465 requested=-0.008988453056308465 delivered=-8.988453056308465E-9 g=1.0E-6 dtarget_dvin=1.0 dtarget_den=0.0 iin=9.999910115469437E-4 diin_dvin=1.0E-6 diin_dvout=-1.0E-6 diin_den=0.0
SETTER t=0.03185437255859776 dt=1.220703125E-9 iter=15 element=LinearRegulatorElm
DECISION t=0.03185437255859776 dt=1.220703125E-9 iter=15 id=9792 sensor=4.999950000249998 ref=1.9082318456975198 rail=3.8164827737134956 before=BROWNOUT/false after=HIGH/true output=0.0->3.6664827737134957
DECISION t=0.03185437255859776 dt=1.220703125E-9 iter=15 id=10048 sensor=4.99995000025 ref=1.90823184569752 rail=3.8164827737134956 before=BROWNOUT/false after=HIGH/true output=0.0->3.6664827737134957
RAIL t=0.03185437255859776 dt=1.220703125E-9 iter=16 vin=4.607491826972146 vout=3.7998199499396104 enable=4.561873096036085 target=3.8074918269721465 drop=0.007671877032536134 requested=0.007671877032536134 delivered=0.07671877032536134 g=10.0 dtarget_dvin=1.0 dtarget_den=0.0 iin=0.07771877032536134 diin_dvin=10.0 diin_dvout=-10.0 diin_den=0.0
SETTER t=0.03185437255859776 dt=1.220703125E-9 iter=16 element=LinearRegulatorElm
DECISION t=0.03185437255859776 dt=1.220703125E-9 iter=16 id=9792 sensor=4.999950000249993 ref=1.8999004754674282 rail=3.7998199499396104 before=HIGH/true after=BROWNOUT/false output=3.6664827737134957->0.0
DECISION t=0.03185437255859776 dt=1.220703125E-9 iter=16 id=10048 sensor=4.99995000025 ref=1.8999004754674282 rail=3.7998199499396104 before=HIGH/true after=BROWNOUT/false output=3.6664827737134957->0.0
RAIL t=0.03185437255859776 dt=1.220703125E-9 iter=17 vin=4.607494370094007 vout=3.816661017499626 enable=4.561875626763177 target=3.807494370094007 drop=-0.0091666474056189 requested=-0.0091666474056189 delivered=-9.1666474056189E-9 g=1.0E-6 dtarget_dvin=1.0 dtarget_den=0.0 iin=9.999908333525945E-4 diin_dvin=1.0E-6 diin_dvout=-1.0E-6 diin_den=0.0
SETTER t=0.03185437255859776 dt=1.220703125E-9 iter=17 element=LinearRegulatorElm
DECISION t=0.03185437255859776 dt=1.220703125E-9 iter=17 id=9792 sensor=4.999950000250006 ref=1.9083209671449777 rail=3.816661017499626 before=BROWNOUT/false after=HIGH/true output=0.0->3.666661017499626
DECISION t=0.03185437255859776 dt=1.220703125E-9 iter=17 id=10048 sensor=4.99995000025 ref=1.908320967144978 rail=3.816661017499626 before=BROWNOUT/false after=HIGH/true output=0.0->3.666661017499626
timestep down to 6.103515625E-10 at 0.03185437255859776
SETTER t=0.03185437255859776 dt=6.103515625E-10 iter=0 element=LimitedDcSupplyElm
RAIL t=0.03185437255859776 dt=6.103515625E-10 iter=0 vin=4.6074937791629775 vout=3.8000001928528038 enable=4.5618750288771945 target=3.8074937791629777 drop=0.007493586310173939 requested=0.007493586310173939 delivered=0.07493586310173939 g=10.0 dtarget_dvin=1.0 dtarget_den=0.0 iin=0.07593586310173939 diin_dvin=10.0 diin_dvout=-10.0 diin_den=0.0
DECISION t=0.03185437255859776 dt=6.103515625E-10 iter=0 id=9792 sensor=4.9999500002499975 ref=1.89999059647342 rail=3.8000001928528038 before=HIGH/true after=HIGH/true output=3.6666624215979122->3.650000192852804
DECISION t=0.03185437255859776 dt=6.103515625E-10 iter=0 id=10048 sensor=4.99995000025 ref=1.8999905964734198 rail=3.8000001928528038 before=HIGH/true after=HIGH/true output=3.6666624215979122->3.650000192852804
RAIL t=0.03185437255859776 dt=6.103515625E-10 iter=1 vin=4.607493778694149 vout=3.7999968126136685 enable=4.561875033950258 target=3.807493778694149 drop=0.0074969660804806715 requested=0.0074969660804806715 delivered=0.07496966080480671 g=10.0 dtarget_dvin=1.0 dtarget_den=0.0 iin=0.07596966080480672 diin_dvin=10.0 diin_dvout=-10.0 diin_den=0.0
DECISION t=0.03185437255859776 dt=6.103515625E-10 iter=1 id=9792 sensor=4.9999500002499975 ref=1.899988906362302 rail=3.7999968126136685 before=HIGH/true after=BROWNOUT/false output=3.650000192852804->0.0
SETTER t=0.03185437255859776 dt=6.103515625E-10 iter=1 element=DecisionElement
DECISION t=0.03185437255859776 dt=6.103515625E-10 iter=1 id=10048 sensor=4.99995000025 ref=1.899988906362302 rail=3.7999968126136685 before=HIGH/true after=BROWNOUT/false output=3.650000192852804->0.0
RAIL t=0.03185437255859776 dt=6.103515625E-10 iter=2 vin=4.607498072356214 vout=3.8309539718529564 enable=4.561879280243503 target=3.807498072356214 drop=-0.023455899496742205 requested=-0.023455899496742205 delivered=-2.3455899496742203E-8 g=1.0E-6 dtarget_dvin=1.0 dtarget_den=0.0 iin=9.999765441005032E-4 diin_dvin=1.0E-6 diin_dvout=-1.0E-6 diin_den=0.0
SETTER t=0.03185437255859776 dt=6.103515625E-10 iter=2 element=LinearRegulatorElm
DECISION t=0.03185437255859776 dt=6.103515625E-10 iter=2 id=9792 sensor=4.999950000249998 ref=1.915467408589435 rail=3.8309539718529564 before=BROWNOUT/false after=HIGH/true output=0.0->3.6809539718529565
DECISION t=0.03185437255859776 dt=6.103515625E-10 iter=2 id=10048 sensor=4.99995000025 ref=1.9154674085894354 rail=3.8309539718529564 before=BROWNOUT/false after=HIGH/true output=0.0->3.6809539718529565
RAIL t=0.03185437255859776 dt=6.103515625E-10 iter=3 vin=4.607494818644248 vout=3.7999773242538377 enable=4.561876056929378 target=3.8074948186442485 drop=0.007517494390410828 requested=0.007517494390410828 delivered=0.07517494390410828 g=10.0 dtarget_dvin=1.0 dtarget_den=0.0 iin=0.07617494390410828 diin_dvin=10.0 diin_dvout=-10.0 diin_den=0.0
SETTER t=0.03185437255859776 dt=6.103515625E-10 iter=3 element=LinearRegulatorElm
DECISION t=0.03185437255859776 dt=6.103515625E-10 iter=3 id=9792 sensor=4.999950000249993 ref=1.8999791622311073 rail=3.7999773242538377 before=HIGH/true after=BROWNOUT/false output=3.6809539718529565->0.0
DECISION t=0.03185437255859776 dt=6.103515625E-10 iter=3 id=10048 sensor=4.99995000025 ref=1.8999791622311073 rail=3.7999773242538377 before=HIGH/true after=BROWNOUT/false output=3.6809539718529565->0.0
RAIL t=0.03185437255859776 dt=6.103515625E-10 iter=4 vin=4.607493779162979 vout=3.800000192857884 enable=4.561875029059135 target=3.8074937791629795 drop=0.007493586305095334 requested=0.007493586305095334 delivered=0.07493586305095334 g=10.0 dtarget_dvin=1.0 dtarget_den=0.0 iin=0.07593586305095334 diin_dvin=10.0 diin_dvout=-10.0 diin_den=0.0
SETTER t=0.03185437255859776 dt=6.103515625E-10 iter=4 element=LinearRegulatorElm
DECISION t=0.03185437255859776 dt=6.103515625E-10 iter=4 id=9792 sensor=4.999950000249991 ref=1.8999905964759598 rail=3.800000192857884 before=BROWNOUT/false after=HIGH/true output=0.0->3.6500001928578842
DECISION t=0.03185437255859776 dt=6.103515625E-10 iter=4 id=10048 sensor=4.99995000025 ref=1.8999905964759598 rail=3.800000192857884 before=BROWNOUT/false after=HIGH/true output=0.0->3.6500001928578842
RAIL t=0.03185437255859776 dt=6.103515625E-10 iter=5 vin=4.607493779162979 vout=3.800000192858223 enable=4.5618750288807774 target=3.8074937791629795 drop=0.007493586304756494 requested=0.007493586304756494 delivered=0.07493586304756494 g=10.0 dtarget_dvin=1.0 dtarget_den=0.0 iin=0.07593586304756494 diin_dvin=10.0 diin_dvout=-10.0 diin_den=0.0
DECISION t=0.03185437255859776 dt=6.103515625E-10 iter=5 id=9792 sensor=4.999950000250006 ref=1.8999905964761297 rail=3.800000192858223 before=HIGH/true after=HIGH/true output=3.6500001928578842->3.650000192858223
DECISION t=0.03185437255859776 dt=6.103515625E-10 iter=5 id=10048 sensor=4.99995000025 ref=1.8999905964761294 rail=3.800000192858223 before=HIGH/true after=HIGH/true output=3.6500001928578842->3.650000192858223
SETTER t=0.03185437255859776 dt=6.103515625E-10 iter=5 element=NMosfetElm
RAIL t=0.03185437255859776 dt=6.103515625E-10 iter=6 vin=4.607493779162963 vout=3.800000192741738 enable=4.56187502897596 target=3.8074937791629635 drop=0.007493586421225551 requested=0.007493586421225551 delivered=0.07493586421225551 g=10.0 dtarget_dvin=1.0 dtarget_den=0.0 iin=0.07593586421225551 diin_dvin=10.0 diin_dvout=-10.0 diin_den=0.0
DECISION t=0.03185437255859776 dt=6.103515625E-10 iter=6 id=9792 sensor=4.999950000249993 ref=1.8999905964178867 rail=3.800000192741738 before=HIGH/true after=HIGH/true output=3.650000192858223->3.650000192741738
DECISION t=0.03185437255859776 dt=6.103515625E-10 iter=6 id=10048 sensor=4.99995000025 ref=1.899990596417887 rail=3.800000192741738 before=HIGH/true after=HIGH/true output=3.650000192858223->3.650000192741738
SETTER t=0.03185437255859776 dt=6.103515625E-10 iter=6 element=NMosfetElm
RAIL t=0.03185437255859776 dt=6.103515625E-10 iter=7 vin=4.607493780189877 vout=3.800007596757208 enable=4.561875029973463 target=3.807493780189877 drop=0.007486183432669158 requested=0.007486183432669158 delivered=0.07486183432669158 g=10.0 dtarget_dvin=1.0 dtarget_den=0.0 iin=0.07586183432669158 diin_dvin=10.0 diin_dvout=-10.0 diin_den=0.0
DECISION t=0.03185437255859776 dt=6.103515625E-10 iter=7 id=9792 sensor=4.999950000249993 ref=1.899994298407112 rail=3.800007596757208 before=HIGH/true after=HIGH/true output=3.650000192741738->3.650007596757208
DECISION t=0.03185437255859776 dt=6.103515625E-10 iter=7 id=10048 sensor=4.99995000025 ref=1.899994298407112 rail=3.800007596757208 before=HIGH/true after=HIGH/true output=3.650000192741738->3.650007596757208
SETTER t=0.03185437255859776 dt=6.103515625E-10 iter=7 element=NMosfetElm
RAIL t=0.03185437255859776 dt=6.103515625E-10 iter=8 vin=4.607493779162979 vout=3.8000001928578993 enable=4.561875029055864 target=3.8074937791629795 drop=0.007493586305080235 requested=0.007493586305080235 delivered=0.07493586305080235 g=10.0 dtarget_dvin=1.0 dtarget_den=0.0 iin=0.07593586305080235 diin_dvin=10.0 diin_dvout=-10.0 diin_den=0.0
DECISION t=0.03185437255859776 dt=6.103515625E-10 iter=8 id=9792 sensor=4.999950000249993 ref=1.8999905964759671 rail=3.8000001928578993 before=HIGH/true after=HIGH/true output=3.650007596757208->3.6500001928578993
DECISION t=0.03185437255859776 dt=6.103515625E-10 iter=8 id=10048 sensor=4.99995000025 ref=1.8999905964759671 rail=3.8000001928578993 before=HIGH/true after=HIGH/true output=3.650007596757208->3.6500001928578993
SETTER t=0.03185437255859776 dt=6.103515625E-10 iter=8 element=NMosfetElm
RAIL t=0.03185437255859776 dt=6.103515625E-10 iter=9 vin=4.607493779162979 vout=3.800000192857979 enable=4.561875028821909 target=3.8074937791629795 drop=0.007493586305000299 requested=0.007493586305000299 delivered=0.074935863050003 g=10.0 dtarget_dvin=1.0 dtarget_den=0.0 iin=0.075935863050003 diin_dvin=10.0 diin_dvout=-10.0 diin_den=0.0
DECISION t=0.03185437255859776 dt=6.103515625E-10 iter=9 id=9792 sensor=4.999950000249993 ref=1.8999905964760067 rail=3.800000192857979 before=HIGH/true after=HIGH/true output=3.6500001928578993->3.6500001928579793
DECISION t=0.03185437255859776 dt=6.103515625E-10 iter=9 id=10048 sensor=4.99995000025 ref=1.8999905964760069 rail=3.800000192857979 before=HIGH/true after=HIGH/true output=3.6500001928578993->3.6500001928579793
SETTER t=0.03185437255859776 dt=6.103515625E-10 iter=9 element=NMosfetElm
RAIL t=0.03185437255859776 dt=6.103515625E-10 iter=10 vin=4.607493779162979 vout=3.800000192858262 enable=4.561875028851743 target=3.8074937791629795 drop=0.0074935863047174145 requested=0.0074935863047174145 delivered=0.07493586304717414 g=10.0 dtarget_dvin=1.0 dtarget_den=0.0 iin=0.07593586304717415 diin_dvin=10.0 diin_dvout=-10.0 diin_den=0.0
DECISION t=0.03185437255859776 dt=6.103515625E-10 iter=10 id=9792 sensor=4.9999500002499975 ref=1.8999905964761488 rail=3.800000192858262 before=HIGH/true after=HIGH/true output=3.6500001928579793->3.650000192858262
DECISION t=0.03185437255859776 dt=6.103515625E-10 iter=10 id=10048 sensor=4.99995000025 ref=1.8999905964761485 rail=3.800000192858262 before=HIGH/true after=HIGH/true output=3.6500001928579793->3.650000192858262
SETTER t=0.03185437255859776 dt=6.103515625E-10 iter=10 element=NMosfetElm
RAIL t=0.03185437255859776 dt=6.103515625E-10 iter=11 vin=4.607493779162979 vout=3.8000001928587204 enable=4.561875028900233 target=3.8074937791629795 drop=0.007493586304259114 requested=0.007493586304259114 delivered=0.07493586304259114 g=10.0 dtarget_dvin=1.0 dtarget_den=0.0 iin=0.07593586304259115 diin_dvin=10.0 diin_dvout=-10.0 diin_den=0.0
DECISION t=0.03185437255859776 dt=6.103515625E-10 iter=11 id=9792 sensor=4.9999500002499975 ref=1.899990596476378 rail=3.8000001928587204 before=HIGH/true after=HIGH/true output=3.650000192858262->3.6500001928587205
DECISION t=0.03185437255859776 dt=6.103515625E-10 iter=11 id=10048 sensor=4.99995000025 ref=1.899990596476378 rail=3.8000001928587204 before=HIGH/true after=HIGH/true output=3.650000192858262->3.6500001928587205
SETTER t=0.03185437255859776 dt=6.103515625E-10 iter=11 element=NMosfetElm
RAIL t=0.03185437255859776 dt=6.103515625E-10 iter=12 vin=4.607493779162979 vout=3.800000192858717 enable=4.561875028872332 target=3.8074937791629795 drop=0.007493586304262667 requested=0.007493586304262667 delivered=0.07493586304262667 g=10.0 dtarget_dvin=1.0 dtarget_den=0.0 iin=0.07593586304262667 diin_dvin=10.0 diin_dvout=-10.0 diin_den=0.0
DECISION t=0.03185437255859776 dt=6.103515625E-10 iter=12 id=9792 sensor=4.999950000250002 ref=1.8999905964763764 rail=3.800000192858717 before=HIGH/true after=HIGH/true output=3.6500001928587205->3.650000192858717
DECISION t=0.03185437255859776 dt=6.103515625E-10 iter=12 id=10048 sensor=4.99995000025 ref=1.8999905964763761 rail=3.800000192858717 before=HIGH/true after=HIGH/true output=3.6500001928587205->3.650000192858717
SETTER t=0.03185437255859776 dt=6.103515625E-10 iter=12 element=NMosfetElm
RAIL t=0.03185437255859776 dt=6.103515625E-10 iter=13 vin=4.607493779162979 vout=3.8000001928587164 enable=4.561875028862984 target=3.8074937791629795 drop=0.007493586304263111 requested=0.007493586304263111 delivered=0.07493586304263111 g=10.0 dtarget_dvin=1.0 dtarget_den=0.0 iin=0.07593586304263111 diin_dvin=10.0 diin_dvout=-10.0 diin_den=0.0
DECISION t=0.03185437255859776 dt=6.103515625E-10 iter=13 id=9792 sensor=4.999950000249989 ref=1.8999905964763764 rail=3.8000001928587164 before=HIGH/true after=HIGH/true output=3.650000192858717->3.6500001928587165
DECISION t=0.03185437255859776 dt=6.103515625E-10 iter=13 id=10048 sensor=4.99995000025 ref=1.8999905964763761 rail=3.8000001928587164 before=HIGH/true after=HIGH/true output=3.650000192858717->3.6500001928587165
converged after 13 iterations, timeStep = 6.103515625E-10
RAIL t=0.03185437316894932 dt=6.103515625E-10 iter=0 vin=4.607493779162979 vout=3.8000001928587164 enable=4.561875028862984 target=3.8074937791629795 drop=0.007493586304263111 requested=0.007493586304263111 delivered=0.07493586304263111 g=10.0 dtarget_dvin=1.0 dtarget_den=0.0 iin=0.07593586304263111 diin_dvin=10.0 diin_dvout=-10.0 diin_den=0.0
DECISION t=0.03185437316894932 dt=6.103515625E-10 iter=0 id=9792 sensor=4.999950000249989 ref=1.8999905964763764 rail=3.8000001928587164 before=HIGH/true after=HIGH/true output=3.6500001928587165->3.6500001928587165
DECISION t=0.03185437316894932 dt=6.103515625E-10 iter=0 id=10048 sensor=4.99995000025 ref=1.8999905964763761 rail=3.8000001928587164 before=HIGH/true after=HIGH/true output=3.6500001928587165->3.6500001928587165
SETTER t=0.03185437316894932 dt=6.103515625E-10 iter=1 element=LimitedDcSupplyElm
RAIL t=0.03185437316894932 dt=6.103515625E-10 iter=1 vin=4.607491763587466 vout=3.799998178994924 enable=4.561873033232787 target=3.807491763587466 drop=0.00749358459254168 requested=0.00749358459254168 delivered=0.0749358459254168 g=10.0 dtarget_dvin=1.0 dtarget_den=0.0 iin=0.0759358459254168 diin_dvin=10.0 diin_dvout=-10.0 diin_den=0.0
DECISION t=0.03185437316894932 dt=6.103515625E-10 iter=1 id=9792 sensor=4.999950000249993 ref=1.8999895895495151 rail=3.799998178994924 before=HIGH/true after=BROWNOUT/false output=3.6500001928587165->0.0
DECISION t=0.03185437316894932 dt=6.103515625E-10 iter=1 id=10048 sensor=4.99995000025 ref=1.8999895895495154 rail=3.799998178994924 before=HIGH/true after=BROWNOUT/false output=3.6500001928587165->0.0
RAIL t=0.03185437316894932 dt=6.103515625E-10 iter=2 vin=4.607491763587466 vout=3.7999981789949615 enable=4.561873033260703 target=3.807491763587466 drop=0.0074935845925043765 requested=0.0074935845925043765 delivered=0.07493584592504376 g=10.0 dtarget_dvin=1.0 dtarget_den=0.0 iin=0.07593584592504377 diin_dvin=10.0 diin_dvout=-10.0 diin_den=0.0
DECISION t=0.03185437316894932 dt=6.103515625E-10 iter=2 id=9792 sensor=4.999950000249997 ref=1.8999895895495327 rail=3.7999981789949615 before=BROWNOUT/false after=BROWNOUT/false output=0.0->0.0
DECISION t=0.03185437316894932 dt=6.103515625E-10 iter=2 id=10048 sensor=4.99995000025 ref=1.899989589549533 rail=3.7999981789949615 before=BROWNOUT/false after=BROWNOUT/false output=0.0->0.0
SETTER t=0.03185437316894932 dt=6.103515625E-10 iter=2 element=NMosfetElm
RAIL t=0.03185437316894932 dt=6.103515625E-10 iter=3 vin=4.607491763589312 vout=3.7999981923073447 enable=4.561873033284933 target=3.8074917635893124 drop=0.007493571281967704 requested=0.007493571281967704 delivered=0.07493571281967704 g=10.0 dtarget_dvin=1.0 dtarget_den=0.0 iin=0.07593571281967704 diin_dvin=10.0 diin_dvout=-10.0 diin_den=0.0
DECISION t=0.03185437316894932 dt=6.103515625E-10 iter=3 id=9792 sensor=4.9999500002499975 ref=1.8999895962056912 rail=3.7999981923073447 before=BROWNOUT/false after=BROWNOUT/false output=0.0->0.0
DECISION t=0.03185437316894932 dt=6.103515625E-10 iter=3 id=10048 sensor=4.99995000025 ref=1.8999895962056912 rail=3.7999981923073447 before=BROWNOUT/false after=BROWNOUT/false output=0.0->0.0
SETTER t=0.03185437316894932 dt=6.103515625E-10 iter=3 element=NMosfetElm
RAIL t=0.03185437316894932 dt=6.103515625E-10 iter=4 vin=4.607491765227435 vout=3.8000100031203665 enable=4.561873034891988 target=3.807491765227435 drop=0.007481762107068413 requested=0.007481762107068413 delivered=0.07481762107068413 g=10.0 dtarget_dvin=1.0 dtarget_den=0.0 iin=0.07581762107068413 diin_dvin=10.0 diin_dvout=-10.0 diin_den=0.0
SETTER t=0.03185437316894932 dt=6.103515625E-10 iter=4 element=LinearRegulatorElm
DECISION t=0.03185437316894932 dt=6.103515625E-10 iter=4 id=9792 sensor=4.999950000249996 ref=1.899995501582676 rail=3.8000100031203665 before=BROWNOUT/false after=HIGH/true output=0.0->3.6500100031203666
DECISION t=0.03185437316894932 dt=6.103515625E-10 iter=4 id=10048 sensor=4.99995000025 ref=1.899995501582676 rail=3.8000100031203665 before=BROWNOUT/false after=HIGH/true output=0.0->3.6500100031203666
RAIL t=0.03185437316894932 dt=6.103515625E-10 iter=5 vin=4.607491755551107 vout=3.7999402371156297 enable=4.561873025315152 target=3.8074917555511067 drop=0.007551518435477078 requested=0.007551518435477078 delivered=0.07551518435477078 g=10.0 dtarget_dvin=1.0 dtarget_den=0.0 iin=0.07651518435477078 diin_dvin=10.0 diin_dvout=-10.0 diin_den=0.0
SETTER t=0.03185437316894932 dt=6.103515625E-10 iter=5 element=LinearRegulatorElm
DECISION t=0.03185437316894932 dt=6.103515625E-10 iter=5 id=9792 sensor=4.999950000249989 ref=1.8999606187547209 rail=3.7999402371156297 before=HIGH/true after=BROWNOUT/false output=3.6500100031203666->0.0
DECISION t=0.03185437316894932 dt=6.103515625E-10 iter=5 id=10048 sensor=4.99995000025 ref=1.899960618754721 rail=3.7999402371156297 before=HIGH/true after=BROWNOUT/false output=3.6500100031203666->0.0
RAIL t=0.03185437316894932 dt=6.103515625E-10 iter=6 vin=4.607493659972794 vout=3.8136710535057863 enable=4.5618749108589105 target=3.8074936599727938 drop=-0.0061773935329925145 requested=-0.0061773935329925145 delivered=-6.177393532992514E-9 g=1.0E-6 dtarget_dvin=1.0 dtarget_den=0.0 iin=9.999938226064671E-4 diin_dvin=1.0E-6 diin_dvout=-1.0E-6 diin_den=0.0
SETTER t=0.03185437316894932 dt=6.103515625E-10 iter=6 element=LinearRegulatorElm
DECISION t=0.03185437316894932 dt=6.103515625E-10 iter=6 id=9792 sensor=4.9999500002499975 ref=1.9068259926229292 rail=3.8136710535057863 before=BROWNOUT/false after=HIGH/true output=0.0->3.6636710535057864
DECISION t=0.03185437316894932 dt=6.103515625E-10 iter=6 id=10048 sensor=4.99995000025 ref=1.9068259926229294 rail=3.8136710535057863 before=BROWNOUT/false after=HIGH/true output=0.0->3.6636710535057864
RAIL t=0.03185437316894932 dt=6.103515625E-10 iter=7 vin=4.607492803068498 vout=3.800044303542414 enable=4.561874062211904 target=3.807492803068498 drop=0.0074484995260837294 requested=0.0074484995260837294 delivered=0.0744849952608373 g=10.0 dtarget_dvin=1.0 dtarget_den=0.0 iin=0.0754849952608373 diin_dvin=10.0 diin_dvout=-10.0 diin_den=0.0
SETTER t=0.03185437316894932 dt=6.103515625E-10 iter=7 element=LinearRegulatorElm
DECISION t=0.03185437316894932 dt=6.103515625E-10 iter=7 id=9792 sensor=4.99995000025 ref=1.900012651707949 rail=3.800044303542414 before=HIGH/true after=HIGH/true output=3.6636710535057864->3.650044303542414
DECISION t=0.03185437316894932 dt=6.103515625E-10 iter=7 id=10048 sensor=4.99995000025 ref=1.900012651707949 rail=3.800044303542414 before=HIGH/true after=HIGH/true output=3.6636710535057864->3.650044303542414
RAIL t=0.03185437316894932 dt=6.103515625E-10 iter=8 vin=4.607491293865562 vout=3.796611499848424 enable=4.56187256827529 target=3.807491293865562 drop=0.0108797940171379 requested=0.0108797940171379 delivered=0.108797940171379 g=10.0 dtarget_dvin=1.0 dtarget_den=0.0 iin=0.109797940171379 diin_dvin=10.0 diin_dvout=-10.0 diin_den=0.0
SETTER t=0.03185437316894932 dt=6.103515625E-10 iter=8 element=LinearRegulatorElm
DECISION t=0.03185437316894932 dt=6.103515625E-10 iter=8 id=9792 sensor=4.999950000249989 ref=1.8982962584429202 rail=3.796611499848424 before=HIGH/true after=BROWNOUT/false output=3.650044303542414->0.0
DECISION t=0.03185437316894932 dt=6.103515625E-10 iter=8 id=10048 sensor=4.99995000025 ref=1.8982962584429202 rail=3.796611499848424 before=HIGH/true after=BROWNOUT/false output=3.650044303542414->0.0
RAIL t=0.03185437316894932 dt=6.103515625E-10 iter=9 vin=4.607491763606216 vout=3.799998314192498 enable=4.5618730333234545 target=3.807491763606216 drop=0.007493449413718434 requested=0.007493449413718434 delivered=0.07493449413718434 g=10.0 dtarget_dvin=1.0 dtarget_den=0.0 iin=0.07593449413718434 diin_dvin=10.0 diin_dvout=-10.0 diin_den=0.0
SETTER t=0.03185437316894932 dt=6.103515625E-10 iter=9 element=LinearRegulatorElm
DECISION t=0.03185437316894932 dt=6.103515625E-10 iter=9 id=9792 sensor=4.99995000025 ref=1.8999896571479626 rail=3.799998314192498 before=BROWNOUT/false after=BROWNOUT/false output=0.0->0.0
DECISION t=0.03185437316894932 dt=6.103515625E-10 iter=9 id=10048 sensor=4.99995000025 ref=1.8999896571479629 rail=3.799998314192498 before=BROWNOUT/false after=BROWNOUT/false output=0.0->0.0
RAIL t=0.03185437316894932 dt=6.103515625E-10 iter=10 vin=4.6074917662009245 vout=3.800017021944328 enable=4.561873035874159 target=3.8074917662009247 drop=0.007474744256596555 requested=0.007474744256596555 delivered=0.07474744256596555 g=10.0 dtarget_dvin=1.0 dtarget_den=0.0 iin=0.07574744256596555 diin_dvin=10.0 diin_dvout=-10.0 diin_den=0.0
SETTER t=0.03185437316894932 dt=6.103515625E-10 iter=10 element=LinearRegulatorElm
DECISION t=0.03185437316894932 dt=6.103515625E-10 iter=10 id=9792 sensor=4.99995000025 ref=1.8999990109771094 rail=3.800017021944328 before=BROWNOUT/false after=HIGH/true output=0.0->3.650017021944328
DECISION t=0.03185437316894932 dt=6.103515625E-10 iter=10 id=10048 sensor=4.99995000025 ref=1.8999990109771094 rail=3.800017021944328 before=BROWNOUT/false after=HIGH/true output=0.0->3.650017021944328
RAIL t=0.03185437316894932 dt=6.103515625E-10 iter=11 vin=4.607491766573365 vout=3.800019707231461 enable=4.561873036209286 target=3.8074917665733654 drop=0.0074720593419042025 requested=0.0074720593419042025 delivered=0.07472059341904203 g=10.0 dtarget_dvin=1.0 dtarget_den=0.0 iin=0.07572059341904203 diin_dvin=10.0 diin_dvout=-10.0 diin_den=0.0
DECISION t=0.03185437316894932 dt=6.103515625E-10 iter=11 id=9792 sensor=4.99995000025 ref=1.9000003536139634 rail=3.800019707231461 before=HIGH/true after=HIGH/true output=3.650017021944328->3.6500197072314613
DECISION t=0.03185437316894932 dt=6.103515625E-10 iter=11 id=10048 sensor=4.99995000025 ref=1.9000003536139631 rail=3.800019707231461 before=HIGH/true after=HIGH/true output=3.650017021944328->3.6500197072314613
SETTER t=0.03185437316894932 dt=6.103515625E-10 iter=11 element=NMosfetElm
RAIL t=0.03185437316894932 dt=6.103515625E-10 iter=12 vin=4.607491276913007 vout=3.796489272495076 enable=4.561872551448461 target=3.807491276913007 drop=0.011002004417930866 requested=0.011002004417930866 delivered=0.11002004417930866 g=10.0 dtarget_dvin=1.0 dtarget_den=0.0 iin=0.11102004417930866 diin_dvin=10.0 diin_dvout=-10.0 diin_den=0.0
SETTER t=0.03185437316894932 dt=6.103515625E-10 iter=12 element=LinearRegulatorElm
DECISION t=0.03185437316894932 dt=6.103515625E-10 iter=12 id=9792 sensor=4.999950000249998 ref=1.8982351450718127 rail=3.796489272495076 before=HIGH/true after=BROWNOUT/false output=3.6500197072314613->0.0
DECISION t=0.03185437316894932 dt=6.103515625E-10 iter=12 id=10048 sensor=4.99995000025 ref=1.8982351450718127 rail=3.796489272495076 before=HIGH/true after=BROWNOUT/false output=3.6500197072314613->0.0
RAIL t=0.03185437316894932 dt=6.103515625E-10 iter=13 vin=4.607491763591237 vout=3.7999982061927313 enable=4.561873032947666 target=3.807491763591237 drop=0.007493557398505768 requested=0.007493557398505768 delivered=0.07493557398505768 g=10.0 dtarget_dvin=1.0 dtarget_den=0.0 iin=0.07593557398505768 diin_dvin=10.0 diin_dvout=-10.0 diin_den=0.0
SETTER t=0.03185437316894932 dt=6.103515625E-10 iter=13 element=LinearRegulatorElm
DECISION t=0.03185437316894932 dt=6.103515625E-10 iter=13 id=9792 sensor=4.999950000250001 ref=1.89998960314835 rail=3.7999982061927313 before=BROWNOUT/false after=BROWNOUT/false output=0.0->0.0
DECISION t=0.03185437316894932 dt=6.103515625E-10 iter=13 id=10048 sensor=4.99995000025 ref=1.8999896031483505 rail=3.7999982061927313 before=BROWNOUT/false after=BROWNOUT/false output=0.0->0.0
RAIL t=0.03185437316894932 dt=6.103515625E-10 iter=14 vin=4.6074917697960815 vout=3.8000429429138696 enable=4.56187303932951 target=3.8074917697960817 drop=0.007448826882212156 requested=0.007448826882212156 delivered=0.07448826882212156 g=10.0 dtarget_dvin=1.0 dtarget_den=0.0 iin=0.07548826882212156 diin_dvin=10.0 diin_dvout=-10.0 diin_den=0.0
SETTER t=0.03185437316894932 dt=6.103515625E-10 iter=14 element=LinearRegulatorElm
DECISION t=0.03185437316894932 dt=6.103515625E-10 iter=14 id=9792 sensor=4.99995000025001 ref=1.9000119713970771 rail=3.8000429429138696 before=BROWNOUT/false after=HIGH/true output=0.0->3.6500429429138697
DECISION t=0.03185437316894932 dt=6.103515625E-10 iter=14 id=10048 sensor=4.99995000025 ref=1.9000119713970773 rail=3.8000429429138696 before=BROWNOUT/false after=HIGH/true output=0.0->3.6500429429138697
RAIL t=0.03185437316894932 dt=6.103515625E-10 iter=15 vin=4.607491755015846 vout=3.7999363779023385 enable=4.561873024726886 target=3.807491755015846 drop=0.007555377113507511 requested=0.007555377113507511 delivered=0.07555377113507511 g=10.0 dtarget_dvin=1.0 dtarget_den=0.0 iin=0.07655377113507511 diin_dvin=10.0 diin_dvout=-10.0 diin_den=0.0
SETTER t=0.03185437316894932 dt=6.103515625E-10 iter=15 element=LinearRegulatorElm
DECISION t=0.03185437316894932 dt=6.103515625E-10 iter=15 id=9792 sensor=4.999950000250005 ref=1.8999586891577227 rail=3.7999363779023385 before=HIGH/true after=BROWNOUT/false output=3.6500429429138697->0.0
DECISION t=0.03185437316894932 dt=6.103515625E-10 iter=15 id=10048 sensor=4.99995000025 ref=1.8999586891577227 rail=3.7999363779023385 before=HIGH/true after=BROWNOUT/false output=3.6500429429138697->0.0
RAIL t=0.03185437316894932 dt=6.103515625E-10 iter=16 vin=4.607492910302219 vout=3.8082659538505 enable=4.561874168633185 target=3.8074929103022193 drop=-7.730435482806719E-4 requested=-7.730435482806719E-4 delivered=-7.730435482806718E-10 g=1.0E-6 dtarget_dvin=1.0 dtarget_den=0.0 iin=9.999992269564518E-4 diin_dvin=1.0E-6 diin_dvout=-1.0E-6 diin_den=0.0
SETTER t=0.03185437316894932 dt=6.103515625E-10 iter=16 element=LinearRegulatorElm
DECISION t=0.03185437316894932 dt=6.103515625E-10 iter=16 id=9792 sensor=4.999950000250005 ref=1.9041234563079683 rail=3.8082659538505 before=BROWNOUT/false after=HIGH/true output=0.0->3.6582659538505
DECISION t=0.03185437316894932 dt=6.103515625E-10 iter=16 id=10048 sensor=4.99995000025 ref=1.9041234563079685 rail=3.8082659538505 before=BROWNOUT/false after=HIGH/true output=0.0->3.6582659538505
RAIL t=0.03185437316894932 dt=6.103515625E-10 iter=17 vin=4.607492803068497 vout=3.7999111391982225 enable=4.561874062482381 target=3.807492803068497 drop=0.007581663870274369 requested=0.007581663870274369 delivered=0.07581663870274369 g=10.0 dtarget_dvin=1.0 dtarget_den=0.0 iin=0.07681663870274369 diin_dvin=10.0 diin_dvout=-10.0 diin_den=0.0
SETTER t=0.03185437316894932 dt=6.103515625E-10 iter=17 element=LinearRegulatorElm
DECISION t=0.03185437316894932 dt=6.103515625E-10 iter=17 id=9792 sensor=4.9999500002499975 ref=1.8999460698687616 rail=3.7999111391982225 before=HIGH/true after=BROWNOUT/false output=3.6582659538505->0.0
DECISION t=0.03185437316894932 dt=6.103515625E-10 iter=17 id=10048 sensor=4.99995000025 ref=1.8999460698687616 rail=3.7999111391982225 before=HIGH/true after=BROWNOUT/false output=3.6582659538505->0.0
timestep down to 3.0517578125E-10 at 0.03185437316894932
SETTER t=0.03185437316894932 dt=3.0517578125E-10 iter=0 element=LimitedDcSupplyElm
RAIL t=0.03185437316894932 dt=3.0517578125E-10 iter=0 vin=4.607493779162979 vout=3.8000001928587164 enable=4.561875028862984 target=3.8074937791629795 drop=0.007493586304263111 requested=0.007493586304263111 delivered=0.07493586304263111 g=10.0 dtarget_dvin=1.0 dtarget_den=0.0 iin=0.07593586304263111 diin_dvin=10.0 diin_dvout=-10.0 diin_den=0.0
DECISION t=0.03185437316894932 dt=3.0517578125E-10 iter=0 id=9792 sensor=4.999950000249989 ref=1.8999905964763764 rail=3.8000001928587164 before=BROWNOUT/false after=HIGH/true output=0.0->3.6500001928587165
DECISION t=0.03185437316894932 dt=3.0517578125E-10 iter=0 id=10048 sensor=4.99995000025 ref=1.8999905964763761 rail=3.8000001928587164 before=BROWNOUT/false after=HIGH/true output=0.0->3.6500001928587165
RAIL t=0.03185437316894932 dt=3.0517578125E-10 iter=1 vin=4.607493779103426 vout=3.7999993341892755 enable=4.5618750910066455 target=3.8074937791034262 drop=0.007494444914150744 requested=0.007494444914150744 delivered=0.07494444914150744 g=10.0 dtarget_dvin=1.0 dtarget_den=0.0 iin=0.07594444914150744 diin_dvin=10.0 diin_dvout=-10.0 diin_den=0.0
DECISION t=0.03185437316894932 dt=3.0517578125E-10 iter=1 id=9792 sensor=4.9999500002499975 ref=1.8999901671438018 rail=3.7999993341892755 before=HIGH/true after=BROWNOUT/false output=3.6500001928587165->0.0
SETTER t=0.03185437316894932 dt=3.0517578125E-10 iter=1 element=DecisionElement
DECISION t=0.03185437316894932 dt=3.0517578125E-10 iter=1 id=10048 sensor=4.99995000025 ref=1.8999901671438018 rail=3.7999993341892755 before=HIGH/true after=BROWNOUT/false output=3.6500001928587165->0.0
RAIL t=0.03185437316894932 dt=3.0517578125E-10 iter=2 vin=4.607494854441774 vout=3.8155045586742 enable=4.561876094729191 target=3.8074948544417744 drop=-0.00800970423242564 requested=-0.00800970423242564 delivered=-8.00970423242564E-9 g=1.0E-6 dtarget_dvin=1.0 dtarget_den=0.0 iin=9.999919902957677E-4 diin_dvin=1.0E-6 diin_dvout=-1.0E-6 diin_den=0.0
SETTER t=0.03185437316894932 dt=3.0517578125E-10 iter=2 element=LinearRegulatorElm
DECISION t=0.03185437316894932 dt=3.0517578125E-10 iter=2 id=9792 sensor=4.99995000025 ref=1.9077427406233978 rail=3.8155045586742 before=BROWNOUT/false after=HIGH/true output=0.0->3.6655045586742
DECISION t=0.03185437316894932 dt=3.0517578125E-10 iter=2 id=10048 sensor=4.99995000025 ref=1.9077427406233969 rail=3.8155045586742 before=BROWNOUT/false after=HIGH/true output=0.0->3.6655045586742
RAIL t=0.03185437316894932 dt=3.0517578125E-10 iter=3 vin=4.607494298903843 vout=3.799988758557042 enable=4.561875542816629 target=3.807494298903843 drop=0.007505540346801176 requested=0.007505540346801176 delivered=0.07505540346801176 g=10.0 dtarget_dvin=1.0 dtarget_den=0.0 iin=0.07605540346801176 diin_dvin=10.0 diin_dvout=-10.0 diin_den=0.0
SETTER t=0.03185437316894932 dt=3.0517578125E-10 iter=3 element=LinearRegulatorElm
DECISION t=0.03185437316894932 dt=3.0517578125E-10 iter=3 id=9792 sensor=4.999950000250002 ref=1.8999848793541243 rail=3.799988758557042 before=HIGH/true after=BROWNOUT/false output=3.6655045586742->0.0
DECISION t=0.03185437316894932 dt=3.0517578125E-10 iter=3 id=10048 sensor=4.99995000025 ref=1.899984879354124 rail=3.799988758557042 before=HIGH/true after=BROWNOUT/false output=3.6655045586742->0.0
RAIL t=0.03185437316894932 dt=3.0517578125E-10 iter=4 vin=4.607493779162978 vout=3.8000001928599887 enable=4.561875029034235 target=3.8074937791629786 drop=0.0074935863029899075 requested=0.0074935863029899075 delivered=0.07493586302989907 g=10.0 dtarget_dvin=1.0 dtarget_den=0.0 iin=0.07593586302989908 diin_dvin=10.0 diin_dvout=-10.0 diin_den=0.0
SETTER t=0.03185437316894932 dt=3.0517578125E-10 iter=4 element=LinearRegulatorElm
DECISION t=0.03185437316894932 dt=3.0517578125E-10 iter=4 id=9792 sensor=4.99995000025 ref=1.8999905964770114 rail=3.8000001928599887 before=BROWNOUT/false after=HIGH/true output=0.0->3.650000192859989
DECISION t=0.03185437316894932 dt=3.0517578125E-10 iter=4 id=10048 sensor=4.99995000025 ref=1.899990596477011 rail=3.8000001928599887 before=BROWNOUT/false after=HIGH/true output=0.0->3.650000192859989
RAIL t=0.03185437316894932 dt=3.0517578125E-10 iter=5 vin=4.607493779162978 vout=3.800000192860004 enable=4.561875029047526 target=3.8074937791629786 drop=0.007493586302974808 requested=0.007493586302974808 delivered=0.07493586302974808 g=10.0 dtarget_dvin=1.0 dtarget_den=0.0 iin=0.07593586302974809 diin_dvin=10.0 diin_dvout=-10.0 diin_den=0.0
DECISION t=0.03185437316894932 dt=3.0517578125E-10 iter=5 id=9792 sensor=4.9999500002499975 ref=1.8999905964770194 rail=3.800000192860004 before=HIGH/true after=HIGH/true output=3.650000192859989->3.650000192860004
DECISION t=0.03185437316894932 dt=3.0517578125E-10 iter=5 id=10048 sensor=4.99995000025 ref=1.8999905964770192 rail=3.800000192860004 before=HIGH/true after=HIGH/true output=3.650000192859989->3.650000192860004
SETTER t=0.03185437316894932 dt=3.0517578125E-10 iter=5 element=NMosfetElm
RAIL t=0.03185437316894932 dt=3.0517578125E-10 iter=6 vin=4.607493779162978 vout=3.8000001928599425 enable=4.561875028789525 target=3.8074937791629786 drop=0.007493586303036093 requested=0.007493586303036093 delivered=0.07493586303036093 g=10.0 dtarget_dvin=1.0 dtarget_den=0.0 iin=0.07593586303036093 diin_dvin=10.0 diin_dvout=-10.0 diin_den=0.0
DECISION t=0.03185437316894932 dt=3.0517578125E-10 iter=6 id=9792 sensor=4.999950000250002 ref=1.8999905964769883 rail=3.8000001928599425 before=HIGH/true after=HIGH/true output=3.650000192860004->3.6500001928599426
DECISION t=0.03185437316894932 dt=3.0517578125E-10 iter=6 id=10048 sensor=4.99995000025 ref=1.8999905964769883 rail=3.8000001928599425 before=HIGH/true after=HIGH/true output=3.650000192860004->3.6500001928599426
SETTER t=0.03185437316894932 dt=3.0517578125E-10 iter=6 element=NMosfetElm
RAIL t=0.03185437316894932 dt=3.0517578125E-10 iter=7 vin=4.607493779162978 vout=3.800000192859993 enable=4.561875028856939 target=3.8074937791629786 drop=0.007493586302985467 requested=0.007493586302985467 delivered=0.07493586302985467 g=10.0 dtarget_dvin=1.0 dtarget_den=0.0 iin=0.07593586302985467 diin_dvin=10.0 diin_dvout=-10.0 diin_den=0.0
DECISION t=0.03185437316894932 dt=3.0517578125E-10 iter=7 id=9792 sensor=4.999950000250006 ref=1.8999905964770143 rail=3.800000192859993 before=HIGH/true after=HIGH/true output=3.6500001928599426->3.650000192859993
DECISION t=0.03185437316894932 dt=3.0517578125E-10 iter=7 id=10048 sensor=4.99995000025 ref=1.8999905964770143 rail=3.800000192859993 before=HIGH/true after=HIGH/true output=3.6500001928599426->3.650000192859993
SETTER t=0.03185437316894932 dt=3.0517578125E-10 iter=7 element=NMosfetElm
RAIL t=0.03185437316894932 dt=3.0517578125E-10 iter=8 vin=4.607493779162978 vout=3.8000001928600122 enable=4.561875029021191 target=3.8074937791629786 drop=0.007493586302966371 requested=0.007493586302966371 delivered=0.07493586302966371 g=10.0 dtarget_dvin=1.0 dtarget_den=0.0 iin=0.07593586302966371 diin_dvin=10.0 diin_dvout=-10.0 diin_den=0.0
DECISION t=0.03185437316894932 dt=3.0517578125E-10 iter=8 id=9792 sensor=4.999950000250006 ref=1.899990596477024 rail=3.8000001928600122 before=HIGH/true after=HIGH/true output=3.650000192859993->3.6500001928600123
DECISION t=0.03185437316894932 dt=3.0517578125E-10 iter=8 id=10048 sensor=4.99995000025 ref=1.899990596477024 rail=3.8000001928600122 before=HIGH/true after=HIGH/true output=3.650000192859993->3.6500001928600123
SETTER t=0.03185437316894932 dt=3.0517578125E-10 iter=8 element=NMosfetElm
RAIL t=0.03185437316894932 dt=3.0517578125E-10 iter=9 vin=4.607493779162978 vout=3.8000001928600864 enable=4.561875028886429 target=3.8074937791629786 drop=0.007493586302892208 requested=0.007493586302892208 delivered=0.07493586302892208 g=10.0 dtarget_dvin=1.0 dtarget_den=0.0 iin=0.07593586302892208 diin_dvin=10.0 diin_dvout=-10.0 diin_den=0.0
DECISION t=0.03185437316894932 dt=3.0517578125E-10 iter=9 id=9792 sensor=4.999950000249993 ref=1.8999905964770611 rail=3.8000001928600864 before=HIGH/true after=HIGH/true output=3.6500001928600123->3.6500001928600865
DECISION t=0.03185437316894932 dt=3.0517578125E-10 iter=9 id=10048 sensor=4.99995000025 ref=1.899990596477061 rail=3.8000001928600864 before=HIGH/true after=HIGH/true output=3.6500001928600123->3.6500001928600865
SETTER t=0.03185437316894932 dt=3.0517578125E-10 iter=9 element=NMosfetElm
RAIL t=0.03185437316894932 dt=3.0517578125E-10 iter=10 vin=4.607493779162978 vout=3.8000001928601987 enable=4.561875028902617 target=3.8074937791629786 drop=0.007493586302779853 requested=0.007493586302779853 delivered=0.07493586302779853 g=10.0 dtarget_dvin=1.0 dtarget_den=0.0 iin=0.07593586302779853 diin_dvin=10.0 diin_dvout=-10.0 diin_den=0.0
DECISION t=0.03185437316894932 dt=3.0517578125E-10 iter=10 id=9792 sensor=4.999950000250002 ref=1.899990596477117 rail=3.8000001928601987 before=HIGH/true after=HIGH/true output=3.6500001928600865->3.650000192860199
DECISION t=0.03185437316894932 dt=3.0517578125E-10 iter=10 id=10048 sensor=4.99995000025 ref=1.8999905964771169 rail=3.8000001928601987 before=HIGH/true after=HIGH/true output=3.6500001928600865->3.650000192860199
SETTER t=0.03185437316894932 dt=3.0517578125E-10 iter=10 element=NMosfetElm
RAIL t=0.03185437316894932 dt=3.0517578125E-10 iter=11 vin=4.607493779162978 vout=3.800000192860196 enable=4.56187502888602 target=3.8074937791629786 drop=0.007493586302782518 requested=0.007493586302782518 delivered=0.07493586302782518 g=10.0 dtarget_dvin=1.0 dtarget_den=0.0 iin=0.07593586302782518 diin_dvin=10.0 diin_dvout=-10.0 diin_den=0.0
DECISION t=0.03185437316894932 dt=3.0517578125E-10 iter=11 id=9792 sensor=4.999950000249989 ref=1.899990596477116 rail=3.800000192860196 before=HIGH/true after=HIGH/true output=3.650000192860199->3.650000192860196
DECISION t=0.03185437316894932 dt=3.0517578125E-10 iter=11 id=10048 sensor=4.99995000025 ref=1.899990596477116 rail=3.800000192860196 before=HIGH/true after=HIGH/true output=3.650000192860199->3.650000192860196
SETTER t=0.03185437316894932 dt=3.0517578125E-10 iter=11 element=NMosfetElm
RAIL t=0.03185437316894932 dt=3.0517578125E-10 iter=12 vin=4.607493779162978 vout=3.800000192860196 enable=4.561875028876579 target=3.8074937791629786 drop=0.007493586302782518 requested=0.007493586302782518 delivered=0.07493586302782518 g=10.0 dtarget_dvin=1.0 dtarget_den=0.0 iin=0.07593586302782518 diin_dvin=10.0 diin_dvout=-10.0 diin_den=0.0
DECISION t=0.03185437316894932 dt=3.0517578125E-10 iter=12 id=9792 sensor=4.999950000250002 ref=1.8999905964771158 rail=3.800000192860196 before=HIGH/true after=HIGH/true output=3.650000192860196->3.650000192860196
DECISION t=0.03185437316894932 dt=3.0517578125E-10 iter=12 id=10048 sensor=4.99995000025 ref=1.8999905964771158 rail=3.800000192860196 before=HIGH/true after=HIGH/true output=3.650000192860196->3.650000192860196
converged after 12 iterations, timeStep = 3.0517578125E-10
RAIL t=0.0318543734741251 dt=3.0517578125E-10 iter=0 vin=4.607493779162978 vout=3.800000192860196 enable=4.561875028876579 target=3.8074937791629786 drop=0.007493586302782518 requested=0.007493586302782518 delivered=0.07493586302782518 g=10.0 dtarget_dvin=1.0 dtarget_den=0.0 iin=0.07593586302782518 diin_dvin=10.0 diin_dvout=-10.0 diin_den=0.0
DECISION t=0.0318543734741251 dt=3.0517578125E-10 iter=0 id=9792 sensor=4.999950000250002 ref=1.8999905964771158 rail=3.800000192860196 before=HIGH/true after=HIGH/true output=3.650000192860196->3.650000192860196
DECISION t=0.0318543734741251 dt=3.0517578125E-10 iter=0 id=10048 sensor=4.99995000025 ref=1.8999905964771158 rail=3.800000192860196 before=HIGH/true after=HIGH/true output=3.650000192860196->3.650000192860196
SETTER t=0.0318543734741251 dt=3.0517578125E-10 iter=1 element=LimitedDcSupplyElm
RAIL t=0.0318543734741251 dt=3.0517578125E-10 iter=1 vin=4.6074927713751626 vout=3.7999991859320064 enable=4.56187403103395 target=3.8074927713751627 drop=0.00749358544315637 requested=0.00749358544315637 delivered=0.0749358544315637 g=10.0 dtarget_dvin=1.0 dtarget_den=0.0 iin=0.0759358544315637 diin_dvin=10.0 diin_dvout=-10.0 diin_den=0.0
DECISION t=0.0318543734741251 dt=3.0517578125E-10 iter=1 id=9792 sensor=4.999950000249993 ref=1.8999900930155382 rail=3.7999991859320064 before=HIGH/true after=BROWNOUT/false output=3.650000192860196->0.0
DECISION t=0.0318543734741251 dt=3.0517578125E-10 iter=1 id=10048 sensor=4.99995000025 ref=1.899990093015538 rail=3.7999991859320064 before=HIGH/true after=BROWNOUT/false output=3.650000192860196->0.0
RAIL t=0.0318543734741251 dt=3.0517578125E-10 iter=2 vin=4.6074927713751626 vout=3.7999991859320152 enable=4.561874031051694 target=3.8074927713751627 drop=0.007493585443147488 requested=0.007493585443147488 delivered=0.07493585443147488 g=10.0 dtarget_dvin=1.0 dtarget_den=0.0 iin=0.07593585443147488 diin_dvin=10.0 diin_dvout=-10.0 diin_den=0.0
DECISION t=0.0318543734741251 dt=3.0517578125E-10 iter=2 id=9792 sensor=4.999950000249998 ref=1.899990093015543 rail=3.7999991859320152 before=BROWNOUT/false after=BROWNOUT/false output=0.0->0.0
DECISION t=0.0318543734741251 dt=3.0517578125E-10 iter=2 id=10048 sensor=4.99995000025 ref=1.8999900930155427 rail=3.7999991859320152 before=BROWNOUT/false after=BROWNOUT/false output=0.0->0.0
SETTER t=0.0318543734741251 dt=3.0517578125E-10 iter=2 element=NMosfetElm
RAIL t=0.0318543734741251 dt=3.0517578125E-10 iter=3 vin=4.607492771375397 vout=3.7999991893139233 enable=4.5618740310543 target=3.807492771375397 drop=0.00749358206147388 requested=0.00749358206147388 delivered=0.0749358206147388 g=10.0 dtarget_dvin=1.0 dtarget_den=0.0 iin=0.0759358206147388 diin_dvin=10.0 diin_dvout=-10.0 diin_den=0.0
DECISION t=0.0318543734741251 dt=3.0517578125E-10 iter=3 id=9792 sensor=4.999950000249997 ref=1.8999900947064887 rail=3.7999991893139233 before=BROWNOUT/false after=BROWNOUT/false output=0.0->0.0
DECISION t=0.0318543734741251 dt=3.0517578125E-10 iter=3 id=10048 sensor=4.99995000025 ref=1.8999900947064885 rail=3.7999991893139233 before=BROWNOUT/false after=BROWNOUT/false output=0.0->0.0
SETTER t=0.0318543734741251 dt=3.0517578125E-10 iter=3 element=NMosfetElm
RAIL t=0.0318543734741251 dt=3.0517578125E-10 iter=4 vin=4.607492771785808 vout=3.8000051070019216 enable=4.561874031442757 target=3.8074927717858085 drop=0.007487664783886849 requested=0.007487664783886849 delivered=0.0748766478388685 g=10.0 dtarget_dvin=1.0 dtarget_den=0.0 iin=0.0758766478388685 diin_dvin=10.0 diin_dvout=-10.0 diin_den=0.0
DECISION t=0.0318543734741251 dt=3.0517578125E-10 iter=4 id=9792 sensor=4.999950000250006 ref=1.8999930535356937 rail=3.8000051070019216 before=BROWNOUT/false after=HIGH/true output=0.0->3.6500051070019217
SETTER t=0.0318543734741251 dt=3.0517578125E-10 iter=4 element=DecisionElement
DECISION t=0.0318543734741251 dt=3.0517578125E-10 iter=4 id=10048 sensor=4.99995000025 ref=1.899993053535693 rail=3.8000051070019216 before=BROWNOUT/false after=HIGH/true output=0.0->3.6500051070019217
RAIL t=0.0318543734741251 dt=3.0517578125E-10 iter=5 vin=4.6074927694611025 vout=3.7999715872407434 enable=4.5618740291882265 target=3.8074927694611027 drop=0.007521182220359357 requested=0.007521182220359357 delivered=0.07521182220359357 g=10.0 dtarget_dvin=1.0 dtarget_den=0.0 iin=0.07621182220359357 diin_dvin=10.0 diin_dvout=-10.0 diin_den=0.0
SETTER t=0.0318543734741251 dt=3.0517578125E-10 iter=5 element=LinearRegulatorElm
DECISION t=0.0318543734741251 dt=3.0517578125E-10 iter=5 id=9792 sensor=4.9999500002499975 ref=1.8999762937389029 rail=3.7999715872407434 before=HIGH/true after=BROWNOUT/false output=3.6500051070019217->0.0
DECISION t=0.0318543734741251 dt=3.0517578125E-10 iter=5 id=10048 sensor=4.99995000025 ref=1.8999762937389029 rail=3.7999715872407434 before=HIGH/true after=BROWNOUT/false output=3.6500051070019217->0.0
RAIL t=0.0318543734741251 dt=3.0517578125E-10 iter=6 vin=4.607493405086193 vout=3.809136618639223 enable=4.561874658569339 target=3.807493405086193 drop=-0.0016432135530299874 requested=-0.0016432135530299874 delivered=-1.6432135530299872E-9 g=1.0E-6 dtarget_dvin=1.0 dtarget_den=0.0 iin=9.99998356786447E-4 diin_dvin=1.0E-6 diin_dvout=-1.0E-6 diin_den=0.0
SETTER t=0.0318543734741251 dt=3.0517578125E-10 iter=6 element=LinearRegulatorElm
DECISION t=0.0318543734741251 dt=3.0517578125E-10 iter=6 id=9792 sensor=4.9999500002499975 ref=1.9045587865256792 rail=3.809136618639223 before=BROWNOUT/false after=HIGH/true output=0.0->3.659136618639223
DECISION t=0.0318543734741251 dt=3.0517578125E-10 iter=6 id=10048 sensor=4.99995000025 ref=1.9045587865256794 rail=3.809136618639223 before=BROWNOUT/false after=HIGH/true output=0.0->3.659136618639223
RAIL t=0.0318543734741251 dt=3.0517578125E-10 iter=7 vin=4.607493291115969 vout=3.8000222448330114 enable=4.561874544281186 target=3.8074932911159696 drop=0.007471046282958138 requested=0.007471046282958138 delivered=0.07471046282958138 g=10.0 dtarget_dvin=1.0 dtarget_den=0.0 iin=0.07571046282958138 diin_dvin=10.0 diin_dvout=-10.0 diin_den=0.0
SETTER t=0.0318543734741251 dt=3.0517578125E-10 iter=7 element=LinearRegulatorElm
DECISION t=0.0318543734741251 dt=3.0517578125E-10 iter=7 id=9792 sensor=4.99995000025 ref=1.9000016224083935 rail=3.8000222448330114 before=HIGH/true after=HIGH/true output=3.659136618639223->3.6500222448330115
DECISION t=0.0318543734741251 dt=3.0517578125E-10 iter=7 id=10048 sensor=4.99995000025 ref=1.9000016224083935 rail=3.8000222448330114 before=HIGH/true after=HIGH/true output=3.659136618639223->3.6500222448330115
RAIL t=0.0318543734741251 dt=3.0517578125E-10 iter=8 vin=4.6074926537573875 vout=3.798303263895204 enable=4.5618739144789595 target=3.8074926537573877 drop=0.009189389862183539 requested=0.009189389862183539 delivered=0.09189389862183539 g=10.0 dtarget_dvin=1.0 dtarget_den=0.0 iin=0.09289389862183539 diin_dvin=10.0 diin_dvout=-10.0 diin_den=0.0
SETTER t=0.0318543734741251 dt=3.0517578125E-10 iter=8 element=LinearRegulatorElm
DECISION t=0.0318543734741251 dt=3.0517578125E-10 iter=8 id=9792 sensor=4.999950000249989 ref=1.8991421362369212 rail=3.798303263895204 before=HIGH/true after=BROWNOUT/false output=3.6500222448330115->0.0
DECISION t=0.0318543734741251 dt=3.0517578125E-10 iter=8 id=10048 sensor=4.99995000025 ref=1.8991421362369207 rail=3.798303263895204 before=HIGH/true after=BROWNOUT/false output=3.6500222448330115->0.0
RAIL t=0.0318543734741251 dt=3.0517578125E-10 iter=9 vin=4.607492771379851 vout=3.7999992535406157 enable=4.561874031006404 target=3.8074927713798514 drop=0.007493517839235686 requested=0.007493517839235686 delivered=0.07493517839235686 g=10.0 dtarget_dvin=1.0 dtarget_den=0.0 iin=0.07593517839235686 diin_dvin=10.0 diin_dvout=-10.0 diin_den=0.0
SETTER t=0.0318543734741251 dt=3.0517578125E-10 iter=9 element=LinearRegulatorElm
DECISION t=0.0318543734741251 dt=3.0517578125E-10 iter=9 id=9792 sensor=4.99995000025 ref=1.8999901268196735 rail=3.7999992535406157 before=BROWNOUT/false after=BROWNOUT/false output=0.0->0.0
DECISION t=0.0318543734741251 dt=3.0517578125E-10 iter=9 id=10048 sensor=4.99995000025 ref=1.8999901268196733 rail=3.7999992535406157 before=BROWNOUT/false after=BROWNOUT/false output=0.0->0.0
RAIL t=0.0318543734741251 dt=3.0517578125E-10 iter=10 vin=4.607492772029304 vout=3.8000086179457764 enable=4.561874031696302 target=3.8074927720293044 drop=0.007484154083527983 requested=0.007484154083527983 delivered=0.07484154083527983 g=10.0 dtarget_dvin=1.0 dtarget_den=0.0 iin=0.07584154083527983 diin_dvin=10.0 diin_dvout=-10.0 diin_den=0.0
DECISION t=0.0318543734741251 dt=3.0517578125E-10 iter=10 id=9792 sensor=4.99995000025 ref=1.8999948089988434 rail=3.8000086179457764 before=BROWNOUT/false after=HIGH/true output=0.0->3.6500086179457765
SETTER t=0.0318543734741251 dt=3.0517578125E-10 iter=10 element=DecisionElement
DECISION t=0.0318543734741251 dt=3.0517578125E-10 iter=10 id=10048 sensor=4.99995000025 ref=1.8999948089988434 rail=3.8000086179457764 before=BROWNOUT/false after=HIGH/true output=0.0->3.6500086179457765
RAIL t=0.0318543734741251 dt=3.0517578125E-10 iter=11 vin=4.607492772122311 vout=3.8000099590095657 enable=4.561874031798872 target=3.807492772122311 drop=0.007482813112745124 requested=0.007482813112745124 delivered=0.07482813112745124 g=10.0 dtarget_dvin=1.0 dtarget_den=0.0 iin=0.07582813112745124 diin_dvin=10.0 diin_dvout=-10.0 diin_den=0.0
DECISION t=0.0318543734741251 dt=3.0517578125E-10 iter=11 id=9792 sensor=4.99995000025 ref=1.8999954795273855 rail=3.8000099590095657 before=HIGH/true after=HIGH/true output=3.6500086179457765->3.650009959009566
DECISION t=0.0318543734741251 dt=3.0517578125E-10 iter=11 id=10048 sensor=4.99995000025 ref=1.8999954795273855 rail=3.8000099590095657 before=HIGH/true after=HIGH/true output=3.6500086179457765->3.650009959009566
SETTER t=0.0318543734741251 dt=3.0517578125E-10 iter=11 element=NMosfetElm
RAIL t=0.0318543734741251 dt=3.0517578125E-10 iter=12 vin=4.607492649417963 vout=3.7982406940399818 enable=4.561873910288953 target=3.807492649417963 drop=0.00925195537798107 requested=0.00925195537798107 delivered=0.09251955377981069 g=10.0 dtarget_dvin=1.0 dtarget_den=0.0 iin=0.0935195537798107 diin_dvin=10.0 diin_dvout=-10.0 diin_den=0.0
SETTER t=0.0318543734741251 dt=3.0517578125E-10 iter=12 element=LinearRegulatorElm
DECISION t=0.0318543734741251 dt=3.0517578125E-10 iter=12 id=9792 sensor=4.999950000250005 ref=1.8991108514657336 rail=3.7982406940399818 before=HIGH/true after=BROWNOUT/false output=3.650009959009566->0.0
DECISION t=0.0318543734741251 dt=3.0517578125E-10 iter=12 id=10048 sensor=4.99995000025 ref=1.8991108514657333 rail=3.7982406940399818 before=HIGH/true after=BROWNOUT/false output=3.650009959009566->0.0
RAIL t=0.0318543734741251 dt=3.0517578125E-10 iter=13 vin=4.6074927713755365 vout=3.7999991913193294 enable=4.561874030465747 target=3.8074927713755367 drop=0.007493580056207261 requested=0.007493580056207261 delivered=0.07493580056207261 g=10.0 dtarget_dvin=1.0 dtarget_den=0.0 iin=0.07593580056207261 diin_dvin=10.0 diin_dvout=-10.0 diin_den=0.0
SETTER t=0.0318543734741251 dt=3.0517578125E-10 iter=13 element=LinearRegulatorElm
DECISION t=0.0318543734741251 dt=3.0517578125E-10 iter=13 id=9792 sensor=4.999950000249997 ref=1.899990095709186 rail=3.7999991913193294 before=BROWNOUT/false after=BROWNOUT/false output=0.0->0.0
DECISION t=0.0318543734741251 dt=3.0517578125E-10 iter=13 id=10048 sensor=4.99995000025 ref=1.899990095709186 rail=3.7999991913193294 before=BROWNOUT/false after=BROWNOUT/false output=0.0->0.0
RAIL t=0.0318543734741251 dt=3.0517578125E-10 iter=14 vin=4.607492772857817 vout=3.8000205642273177 enable=4.561874032521751 target=3.8074927728578176 drop=0.00747220863049991 requested=0.00747220863049991 delivered=0.0747220863049991 g=10.0 dtarget_dvin=1.0 dtarget_den=0.0 iin=0.0757220863049991 diin_dvin=10.0 diin_dvout=-10.0 diin_den=0.0
SETTER t=0.0318543734741251 dt=3.0517578125E-10 iter=14 element=LinearRegulatorElm
DECISION t=0.0318543734741251 dt=3.0517578125E-10 iter=14 id=9792 sensor=4.9999500002500055 ref=1.900000782109748 rail=3.8000205642273177 before=BROWNOUT/false after=HIGH/true output=0.0->3.650020564227318
DECISION t=0.0318543734741251 dt=3.0517578125E-10 iter=14 id=10048 sensor=4.99995000025 ref=1.9000007821097478 rail=3.8000205642273177 before=BROWNOUT/false after=HIGH/true output=0.0->3.650020564227318
RAIL t=0.0318543734741251 dt=3.0517578125E-10 iter=15 vin=4.607492769219732 vout=3.7999681069406024 enable=4.561874028952017 target=3.8074927692197322 drop=0.007524662279129846 requested=0.007524662279129846 delivered=0.07524662279129846 g=10.0 dtarget_dvin=1.0 dtarget_den=0.0 iin=0.07624662279129846 diin_dvin=10.0 diin_dvout=-10.0 diin_den=0.0
SETTER t=0.0318543734741251 dt=3.0517578125E-10 iter=15 element=LinearRegulatorElm
DECISION t=0.0318543734741251 dt=3.0517578125E-10 iter=15 id=9792 sensor=4.9999500002500055 ref=1.8999745535975334 rail=3.7999681069406024 before=HIGH/true after=BROWNOUT/false output=3.650020564227318->0.0
DECISION t=0.0318543734741251 dt=3.0517578125E-10 iter=15 id=10048 sensor=4.99995000025 ref=1.8999745535975332 rail=3.7999681069406024 before=HIGH/true after=BROWNOUT/false output=3.650020564227318->0.0
RAIL t=0.0318543734741251 dt=3.0517578125E-10 iter=16 vin=4.607493058506463 vout=3.8041393110183273 enable=4.561874315586327 target=3.807493058506463 drop=0.00335374748813555 requested=0.00335374748813555 delivered=0.0335374748813555 g=10.0 dtarget_dvin=1.0 dtarget_den=0.0 iin=0.0345374748813555 diin_dvin=10.0 diin_dvout=-10.0 diin_den=0.0
SETTER t=0.0318543734741251 dt=3.0517578125E-10 iter=16 element=LinearRegulatorElm
DECISION t=0.0318543734741251 dt=3.0517578125E-10 iter=16 id=9792 sensor=4.999950000250012 ref=1.9020601452084382 rail=3.8041393110183273 before=BROWNOUT/false after=HIGH/true output=0.0->3.6541393110183273
DECISION t=0.0318543734741251 dt=3.0517578125E-10 iter=16 id=10048 sensor=4.99995000025 ref=1.902060145208438 rail=3.8041393110183273 before=BROWNOUT/false after=HIGH/true output=0.0->3.6541393110183273
RAIL t=0.0318543734741251 dt=3.0517578125E-10 iter=17 vin=4.607492769157268 vout=3.7999672062833927 enable=4.561874028841605 target=3.8074927691572684 drop=0.007525562873875735 requested=0.007525562873875735 delivered=0.07525562873875735 g=10.0 dtarget_dvin=1.0 dtarget_den=0.0 iin=0.07625562873875735 diin_dvin=10.0 diin_dvout=-10.0 diin_den=0.0
SETTER t=0.0318543734741251 dt=3.0517578125E-10 iter=17 element=LinearRegulatorElm
DECISION t=0.0318543734741251 dt=3.0517578125E-10 iter=17 id=9792 sensor=4.999950000250001 ref=1.8999741032711808 rail=3.7999672062833927 before=HIGH/true after=BROWNOUT/false output=3.6541393110183273->0.0
DECISION t=0.0318543734741251 dt=3.0517578125E-10 iter=17 id=10048 sensor=4.99995000025 ref=1.8999741032711805 rail=3.7999672062833927 before=HIGH/true after=BROWNOUT/false output=3.6541393110183273->0.0
timestep down to 1.52587890625E-10 at 0.0318543734741251
SETTER t=0.0318543734741251 dt=1.52587890625E-10 iter=0 element=LimitedDcSupplyElm
RAIL t=0.0318543734741251 dt=1.52587890625E-10 iter=0 vin=4.607493779162978 vout=3.800000192860196 enable=4.561875028876579 target=3.8074937791629786 drop=0.007493586302782518 requested=0.007493586302782518 delivered=0.07493586302782518 g=10.0 dtarget_dvin=1.0 dtarget_den=0.0 iin=0.07593586302782518 diin_dvin=10.0 diin_dvout=-10.0 diin_den=0.0
DECISION t=0.0318543734741251 dt=1.52587890625E-10 iter=0 id=9792 sensor=4.999950000250002 ref=1.8999905964771158 rail=3.800000192860196 before=BROWNOUT/false after=HIGH/true output=0.0->3.650000192860196
DECISION t=0.0318543734741251 dt=1.52587890625E-10 iter=0 id=10048 sensor=4.99995000025 ref=1.8999905964771158 rail=3.800000192860196 before=BROWNOUT/false after=HIGH/true output=0.0->3.650000192860196
RAIL t=0.0318543734741251 dt=1.52587890625E-10 iter=1 vin=4.60749377915532 vout=3.79999997201747 enable=4.561875074752538 target=3.80749377915532 drop=0.00749380713784964 requested=0.00749380713784964 delivered=0.0749380713784964 g=10.0 dtarget_dvin=1.0 dtarget_den=0.0 iin=0.0759380713784964 diin_dvin=10.0 diin_dvout=-10.0 diin_den=0.0
DECISION t=0.0318543734741251 dt=1.52587890625E-10 iter=1 id=9792 sensor=4.999950000249989 ref=1.8999904860563048 rail=3.79999997201747 before=HIGH/true after=BROWNOUT/false output=3.650000192860196->0.0
SETTER t=0.0318543734741251 dt=1.52587890625E-10 iter=1 element=DecisionElement
DECISION t=0.0318543734741251 dt=1.52587890625E-10 iter=1 id=10048 sensor=4.99995000025 ref=1.8999904860563048 rail=3.79999997201747 before=HIGH/true after=BROWNOUT/false output=3.650000192860196->0.0
RAIL t=0.0318543734741251 dt=1.52587890625E-10 iter=2 vin=4.607494048230911 vout=3.8077592634833968 enable=4.561875295609971 target=3.807494048230911 drop=-2.6521525248579536E-4 requested=-2.6521525248579536E-4 delivered=-2.6521525248579533E-10 g=1.0E-6 dtarget_dvin=1.0 dtarget_den=0.0 iin=9.999997347847475E-4 diin_dvin=1.0E-6 diin_dvout=-1.0E-6 diin_den=0.0
SETTER t=0.0318543734741251 dt=1.52587890625E-10 iter=2 element=LinearRegulatorElm
DECISION t=0.0318543734741251 dt=1.52587890625E-10 iter=2 id=9792 sensor=4.999950000249996 ref=1.9038701123911361 rail=3.8077592634833968 before=BROWNOUT/false after=HIGH/true output=0.0->3.657759263483397
DECISION t=0.0318543734741251 dt=1.52587890625E-10 iter=2 id=10048 sensor=4.99995000025 ref=1.9038701123911361 rail=3.8077592634833968 before=BROWNOUT/false after=HIGH/true output=0.0->3.657759263483397
RAIL t=0.0318543734741251 dt=1.52587890625E-10 iter=3 vin=4.607494039033469 vout=3.7999944757088464 enable=4.5618752846400445 target=3.807494039033469 drop=0.007499563324622649 requested=0.007499563324622649 delivered=0.07499563324622649 g=10.0 dtarget_dvin=1.0 dtarget_den=0.0 iin=0.07599563324622649 diin_dvin=10.0 diin_dvout=-10.0 diin_den=0.0
SETTER t=0.0318543734741251 dt=1.52587890625E-10 iter=3 element=LinearRegulatorElm
DECISION t=0.0318543734741251 dt=1.52587890625E-10 iter=3 id=9792 sensor=4.9999500002499975 ref=1.899987737915734 rail=3.7999944757088464 before=HIGH/true after=BROWNOUT/false output=3.657759263483397->0.0
DECISION t=0.0318543734741251 dt=1.52587890625E-10 iter=3 id=10048 sensor=4.99995000025 ref=1.8999877379157335 rail=3.7999944757088464 before=HIGH/true after=BROWNOUT/false output=3.657759263483397->0.0
RAIL t=0.0318543734741251 dt=1.52587890625E-10 iter=4 vin=4.607493779162978 vout=3.8000001928605163 enable=4.5618750294747485 target=3.8074937791629786 drop=0.0074935863024623295 requested=0.0074935863024623295 delivered=0.0749358630246233 g=10.0 dtarget_dvin=1.0 dtarget_den=0.0 iin=0.0759358630246233 diin_dvin=10.0 diin_dvout=-10.0 diin_den=0.0
DECISION t=0.0318543734741251 dt=1.52587890625E-10 iter=4 id=9792 sensor=4.999950000249997 ref=1.8999905964772759 rail=3.8000001928605163 before=BROWNOUT/false after=HIGH/true output=0.0->3.6500001928605164
SETTER t=0.0318543734741251 dt=1.52587890625E-10 iter=4 element=DecisionElement
DECISION t=0.0318543734741251 dt=1.52587890625E-10 iter=4 id=10048 sensor=4.99995000025 ref=1.8999905964772756 rail=3.8000001928605163 before=BROWNOUT/false after=HIGH/true output=0.0->3.6500001928605164
RAIL t=0.0318543734741251 dt=1.52587890625E-10 iter=5 vin=4.607493779162978 vout=3.8000001928605207 enable=4.561875028970885 target=3.8074937791629786 drop=0.007493586302457889 requested=0.007493586302457889 delivered=0.07493586302457889 g=10.0 dtarget_dvin=1.0 dtarget_den=0.0 iin=0.07593586302457889 diin_dvin=10.0 diin_dvout=-10.0 diin_den=0.0
DECISION t=0.0318543734741251 dt=1.52587890625E-10 iter=5 id=9792 sensor=4.9999500002499975 ref=1.899990596477278 rail=3.8000001928605207 before=HIGH/true after=HIGH/true output=3.6500001928605164->3.650000192860521
DECISION t=0.0318543734741251 dt=1.52587890625E-10 iter=5 id=10048 sensor=4.99995000025 ref=1.8999905964772774 rail=3.8000001928605207 before=HIGH/true after=HIGH/true output=3.6500001928605164->3.650000192860521
SETTER t=0.0318543734741251 dt=1.52587890625E-10 iter=5 element=NMosfetElm
RAIL t=0.0318543734741251 dt=1.52587890625E-10 iter=6 vin=4.607493779162978 vout=3.8000001928605047 enable=4.561875028855753 target=3.8074937791629786 drop=0.007493586302473876 requested=0.007493586302473876 delivered=0.07493586302473876 g=10.0 dtarget_dvin=1.0 dtarget_den=0.0 iin=0.07593586302473876 diin_dvin=10.0 diin_dvout=-10.0 diin_den=0.0
DECISION t=0.0318543734741251 dt=1.52587890625E-10 iter=6 id=9792 sensor=4.999950000249993 ref=1.8999905964772692 rail=3.8000001928605047 before=HIGH/true after=HIGH/true output=3.650000192860521->3.650000192860505
DECISION t=0.0318543734741251 dt=1.52587890625E-10 iter=6 id=10048 sensor=4.99995000025 ref=1.8999905964772692 rail=3.8000001928605047 before=HIGH/true after=HIGH/true output=3.650000192860521->3.650000192860505
SETTER t=0.0318543734741251 dt=1.52587890625E-10 iter=6 element=NMosfetElm
RAIL t=0.0318543734741251 dt=1.52587890625E-10 iter=7 vin=4.607493779162978 vout=3.8000001928605176 enable=4.561875028880344 target=3.8074937791629786 drop=0.007493586302460997 requested=0.007493586302460997 delivered=0.07493586302460997 g=10.0 dtarget_dvin=1.0 dtarget_den=0.0 iin=0.07593586302460997 diin_dvin=10.0 diin_dvout=-10.0 diin_den=0.0
DECISION t=0.0318543734741251 dt=1.52587890625E-10 iter=7 id=9792 sensor=4.999950000250002 ref=1.8999905964772763 rail=3.8000001928605176 before=HIGH/true after=HIGH/true output=3.650000192860505->3.6500001928605177
DECISION t=0.0318543734741251 dt=1.52587890625E-10 iter=7 id=10048 sensor=4.99995000025 ref=1.899990596477276 rail=3.8000001928605176 before=HIGH/true after=HIGH/true output=3.650000192860505->3.6500001928605177
SETTER t=0.0318543734741251 dt=1.52587890625E-10 iter=7 element=NMosfetElm
RAIL t=0.0318543734741251 dt=1.52587890625E-10 iter=8 vin=4.607493779162978 vout=3.8000001928605225 enable=4.5618750290609915 target=3.8074937791629786 drop=0.007493586302456112 requested=0.007493586302456112 delivered=0.07493586302456112 g=10.0 dtarget_dvin=1.0 dtarget_den=0.0 iin=0.07593586302456112 diin_dvin=10.0 diin_dvout=-10.0 diin_den=0.0
DECISION t=0.0318543734741251 dt=1.52587890625E-10 iter=8 id=9792 sensor=4.999950000249993 ref=1.8999905964772783 rail=3.8000001928605225 before=HIGH/true after=HIGH/true output=3.6500001928605177->3.6500001928605226
DECISION t=0.0318543734741251 dt=1.52587890625E-10 iter=8 id=10048 sensor=4.99995000025 ref=1.8999905964772783 rail=3.8000001928605225 before=HIGH/true after=HIGH/true output=3.6500001928605177->3.6500001928605226
SETTER t=0.0318543734741251 dt=1.52587890625E-10 iter=8 element=NMosfetElm
RAIL t=0.0318543734741251 dt=1.52587890625E-10 iter=9 vin=4.607493779162978 vout=3.800000192860541 enable=4.561875028890087 target=3.8074937791629786 drop=0.0074935863024374605 requested=0.0074935863024374605 delivered=0.0749358630243746 g=10.0 dtarget_dvin=1.0 dtarget_den=0.0 iin=0.0759358630243746 diin_dvin=10.0 diin_dvout=-10.0 diin_den=0.0
DECISION t=0.0318543734741251 dt=1.52587890625E-10 iter=9 id=9792 sensor=4.999950000249993 ref=1.899990596477288 rail=3.800000192860541 before=HIGH/true after=HIGH/true output=3.6500001928605226->3.6500001928605412
DECISION t=0.0318543734741251 dt=1.52587890625E-10 iter=9 id=10048 sensor=4.99995000025 ref=1.8999905964772883 rail=3.800000192860541 before=HIGH/true after=HIGH/true output=3.6500001928605226->3.6500001928605412
SETTER t=0.0318543734741251 dt=1.52587890625E-10 iter=9 element=NMosfetElm
RAIL t=0.0318543734741251 dt=1.52587890625E-10 iter=10 vin=4.607493779162978 vout=3.8000001928605696 enable=4.561875028879529 target=3.8074937791629786 drop=0.007493586302409039 requested=0.007493586302409039 delivered=0.07493586302409039 g=10.0 dtarget_dvin=1.0 dtarget_den=0.0 iin=0.07593586302409039 diin_dvin=10.0 diin_dvout=-10.0 diin_den=0.0
DECISION t=0.0318543734741251 dt=1.52587890625E-10 iter=10 id=9792 sensor=4.9999500002499975 ref=1.899990596477302 rail=3.8000001928605696 before=HIGH/true after=HIGH/true output=3.6500001928605412->3.6500001928605696
DECISION t=0.0318543734741251 dt=1.52587890625E-10 iter=10 id=10048 sensor=4.99995000025 ref=1.899990596477302 rail=3.8000001928605696 before=HIGH/true after=HIGH/true output=3.6500001928605412->3.6500001928605696
SETTER t=0.0318543734741251 dt=1.52587890625E-10 iter=10 element=NMosfetElm
RAIL t=0.0318543734741251 dt=1.52587890625E-10 iter=11 vin=4.607493779162978 vout=3.800000192860568 enable=4.561875028866875 target=3.8074937791629786 drop=0.007493586302410815 requested=0.007493586302410815 delivered=0.07493586302410815 g=10.0 dtarget_dvin=1.0 dtarget_den=0.0 iin=0.07593586302410815 diin_dvin=10.0 diin_dvout=-10.0 diin_den=0.0
DECISION t=0.0318543734741251 dt=1.52587890625E-10 iter=11 id=9792 sensor=4.999950000250002 ref=1.8999905964773014 rail=3.800000192860568 before=HIGH/true after=HIGH/true output=3.6500001928605696->3.650000192860568
DECISION t=0.0318543734741251 dt=1.52587890625E-10 iter=11 id=10048 sensor=4.99995000025 ref=1.8999905964773014 rail=3.800000192860568 before=HIGH/true after=HIGH/true output=3.6500001928605696->3.650000192860568
SETTER t=0.0318543734741251 dt=1.52587890625E-10 iter=11 element=NMosfetElm
RAIL t=0.0318543734741251 dt=1.52587890625E-10 iter=12 vin=4.607493779162978 vout=3.800000192860568 enable=4.561875028860258 target=3.8074937791629786 drop=0.007493586302410815 requested=0.007493586302410815 delivered=0.07493586302410815 g=10.0 dtarget_dvin=1.0 dtarget_den=0.0 iin=0.07593586302410815 diin_dvin=10.0 diin_dvout=-10.0 diin_den=0.0
DECISION t=0.0318543734741251 dt=1.52587890625E-10 iter=12 id=9792 sensor=4.9999500002499975 ref=1.8999905964773014 rail=3.800000192860568 before=HIGH/true after=HIGH/true output=3.650000192860568->3.650000192860568
DECISION t=0.0318543734741251 dt=1.52587890625E-10 iter=12 id=10048 sensor=4.99995000025 ref=1.8999905964773014 rail=3.800000192860568 before=HIGH/true after=HIGH/true output=3.650000192860568->3.650000192860568
converged after 12 iterations, timeStep = 1.52587890625E-10
RAIL t=0.03185437362671299 dt=1.52587890625E-10 iter=0 vin=4.607493779162978 vout=3.800000192860568 enable=4.561875028860258 target=3.8074937791629786 drop=0.007493586302410815 requested=0.007493586302410815 delivered=0.07493586302410815 g=10.0 dtarget_dvin=1.0 dtarget_den=0.0 iin=0.07593586302410815 diin_dvin=10.0 diin_dvout=-10.0 diin_den=0.0
DECISION t=0.03185437362671299 dt=1.52587890625E-10 iter=0 id=9792 sensor=4.9999500002499975 ref=1.8999905964773014 rail=3.800000192860568 before=HIGH/true after=HIGH/true output=3.650000192860568->3.650000192860568
DECISION t=0.03185437362671299 dt=1.52587890625E-10 iter=0 id=10048 sensor=4.99995000025 ref=1.8999905964773014 rail=3.800000192860568 before=HIGH/true after=HIGH/true output=3.650000192860568->3.650000192860568
SETTER t=0.03185437362671299 dt=1.52587890625E-10 iter=1 element=LimitedDcSupplyElm
RAIL t=0.03185437362671299 dt=1.52587890625E-10 iter=1 vin=4.607493275269056 vout=3.799999689397404 enable=4.561874529949658 target=3.8074932752690565 drop=0.007493585871652275 requested=0.007493585871652275 delivered=0.07493585871652275 g=10.0 dtarget_dvin=1.0 dtarget_den=0.0 iin=0.07593585871652275 diin_dvin=10.0 diin_dvout=-10.0 diin_den=0.0
DECISION t=0.03185437362671299 dt=1.52587890625E-10 iter=1 id=9792 sensor=4.999950000250002 ref=1.8999903447469784 rail=3.799999689397404 before=HIGH/true after=BROWNOUT/false output=3.650000192860568->0.0
DECISION t=0.03185437362671299 dt=1.52587890625E-10 iter=1 id=10048 sensor=4.99995000025 ref=1.8999903447469788 rail=3.799999689397404 before=HIGH/true after=BROWNOUT/false output=3.650000192860568->0.0
RAIL t=0.03185437362671299 dt=1.52587890625E-10 iter=2 vin=4.607493275269056 vout=3.799999689397407 enable=4.56187452995457 target=3.8074932752690565 drop=0.007493585871649611 requested=0.007493585871649611 delivered=0.0749358587164961 g=10.0 dtarget_dvin=1.0 dtarget_den=0.0 iin=0.07593585871649611 diin_dvin=10.0 diin_dvout=-10.0 diin_den=0.0
DECISION t=0.03185437362671299 dt=1.52587890625E-10 iter=2 id=9792 sensor=4.999950000250001 ref=1.8999903447469797 rail=3.799999689397407 before=BROWNOUT/false after=BROWNOUT/false output=0.0->0.0
DECISION t=0.03185437362671299 dt=1.52587890625E-10 iter=2 id=10048 sensor=4.99995000025 ref=1.89999034474698 rail=3.799999689397407 before=BROWNOUT/false after=BROWNOUT/false output=0.0->0.0
SETTER t=0.03185437362671299 dt=1.52587890625E-10 iter=2 element=NMosfetElm
RAIL t=0.03185437362671299 dt=1.52587890625E-10 iter=3 vin=4.6074932752690865 vout=3.7999996902672333 enable=4.561874529939284 target=3.8074932752690867 drop=0.007493585001853376 requested=0.007493585001853376 delivered=0.07493585001853376 g=10.0 dtarget_dvin=1.0 dtarget_den=0.0 iin=0.07593585001853376 diin_dvin=10.0 diin_dvout=-10.0 diin_den=0.0
DECISION t=0.03185437362671299 dt=1.52587890625E-10 iter=3 id=9792 sensor=4.999950000250001 ref=1.8999903451818907 rail=3.7999996902672333 before=BROWNOUT/false after=BROWNOUT/false output=0.0->0.0
DECISION t=0.03185437362671299 dt=1.52587890625E-10 iter=3 id=10048 sensor=4.99995000025 ref=1.8999903451818911 rail=3.7999996902672333 before=BROWNOUT/false after=BROWNOUT/false output=0.0->0.0
SETTER t=0.03185437362671299 dt=1.52587890625E-10 iter=3 element=NMosfetElm
RAIL t=0.03185437362671299 dt=1.52587890625E-10 iter=4 vin=4.6074932753718 vout=3.8000026521895465 enable=4.561874530064748 target=3.8074932753718 drop=0.007490623182253575 requested=0.007490623182253575 delivered=0.07490623182253575 g=10.0 dtarget_dvin=1.0 dtarget_den=0.0 iin=0.07590623182253575 diin_dvin=10.0 diin_dvout=-10.0 diin_den=0.0
DECISION t=0.03185437362671299 dt=1.52587890625E-10 iter=4 id=9792 sensor=4.999950000250001 ref=1.8999918261356423 rail=3.8000026521895465 before=BROWNOUT/false after=HIGH/true output=0.0->3.6500026521895466
SETTER t=0.03185437362671299 dt=1.52587890625E-10 iter=4 element=DecisionElement
DECISION t=0.03185437362671299 dt=1.52587890625E-10 iter=4 id=10048 sensor=4.99995000025 ref=1.8999918261356425 rail=3.8000026521895465 before=BROWNOUT/false after=HIGH/true output=0.0->3.6500026521895466
RAIL t=0.03185437362671299 dt=1.52587890625E-10 iter=5 vin=4.607493274832144 vout=3.7999870902329285 enable=4.561874529507684 target=3.8074932748321446 drop=0.007506184599216148 requested=0.007506184599216148 delivered=0.07506184599216148 g=10.0 dtarget_dvin=1.0 dtarget_den=0.0 iin=0.07606184599216148 diin_dvin=10.0 diin_dvout=-10.0 diin_den=0.0
SETTER t=0.03185437362671299 dt=1.52587890625E-10 iter=5 element=LinearRegulatorElm
DECISION t=0.03185437362671299 dt=1.52587890625E-10 iter=5 id=9792 sensor=4.9999500002499975 ref=1.899984045196238 rail=3.7999870902329285 before=HIGH/true after=BROWNOUT/false output=3.6500026521895466->0.0
DECISION t=0.03185437362671299 dt=1.52587890625E-10 iter=5 id=10048 sensor=4.99995000025 ref=1.8999840451962382 rail=3.7999870902329285 before=HIGH/true after=BROWNOUT/false output=3.6500026521895466->0.0
RAIL t=0.03185437362671299 dt=1.52587890625E-10 iter=6 vin=4.60749346523409 vout=3.8054776818886165 enable=4.561874718071695 target=3.8074934652340904 drop=0.0020157833454739205 requested=0.0020157833454739205 delivered=0.020157833454739205 g=10.0 dtarget_dvin=1.0 dtarget_den=0.0 iin=0.021157833454739206 diin_dvin=10.0 diin_dvout=-10.0 diin_den=0.0
SETTER t=0.03185437362671299 dt=1.52587890625E-10 iter=6 element=LinearRegulatorElm
DECISION t=0.03185437362671299 dt=1.52587890625E-10 iter=6 id=9792 sensor=4.999950000249989 ref=1.9027293272976713 rail=3.8054776818886165 before=BROWNOUT/false after=HIGH/true output=0.0->3.6554776818886165
DECISION t=0.03185437362671299 dt=1.52587890625E-10 iter=6 id=10048 sensor=4.99995000025 ref=1.9027293272976709 rail=3.8054776818886165 before=BROWNOUT/false after=HIGH/true output=0.0->3.6554776818886165
RAIL t=0.03185437362671299 dt=1.52587890625E-10 iter=7 vin=4.607493275866633 vout=3.800016921649154 enable=4.56187452966144 target=3.8074932758666336 drop=0.007476354217479386 requested=0.007476354217479386 delivered=0.07476354217479386 g=10.0 dtarget_dvin=1.0 dtarget_den=0.0 iin=0.07576354217479386 diin_dvin=10.0 diin_dvout=-10.0 diin_den=0.0
SETTER t=0.03185437362671299 dt=1.52587890625E-10 iter=7 element=LinearRegulatorElm
DECISION t=0.03185437362671299 dt=1.52587890625E-10 iter=7 id=9792 sensor=4.99995000025 ref=1.899998960829773 rail=3.800016921649154 before=HIGH/true after=HIGH/true output=3.6554776818886165->3.6500169216491543
DECISION t=0.03185437362671299 dt=1.52587890625E-10 iter=7 id=10048 sensor=4.99995000025 ref=1.8999989608297732 rail=3.800016921649154 before=HIGH/true after=HIGH/true output=3.6554776818886165->3.6500169216491543
RAIL t=0.03185437362671299 dt=1.52587890625E-10 iter=8 vin=4.607493245840975 vout=3.799151076320163 enable=4.561874500444715 target=3.807493245840975 drop=0.008342169520812348 requested=0.008342169520812348 delivered=0.08342169520812348 g=10.0 dtarget_dvin=1.0 dtarget_den=0.0 iin=0.08442169520812348 diin_dvin=10.0 diin_dvout=-10.0 diin_den=0.0
SETTER t=0.03185437362671299 dt=1.52587890625E-10 iter=8 element=LinearRegulatorElm
DECISION t=0.03185437362671299 dt=1.52587890625E-10 iter=8 id=9792 sensor=4.999950000249954 ref=1.899566040329879 rail=3.799151076320163 before=HIGH/true after=BROWNOUT/false output=3.6500169216491543->0.0
DECISION t=0.03185437362671299 dt=1.52587890625E-10 iter=8 id=10048 sensor=4.99995000025 ref=1.899566040329879 rail=3.799151076320163 before=HIGH/true after=BROWNOUT/false output=3.6500169216491543->0.0
RAIL t=0.03185437362671299 dt=1.52587890625E-10 iter=9 vin=4.607493275270229 vout=3.7999997231997895 enable=4.5618745299059 target=3.807493275270229 drop=0.0074935520704393355 requested=0.0074935520704393355 delivered=0.07493552070439335 g=10.0 dtarget_dvin=1.0 dtarget_den=0.0 iin=0.07593552070439336 diin_dvin=10.0 diin_dvout=-10.0 diin_den=0.0
SETTER t=0.03185437362671299 dt=1.52587890625E-10 iter=9 element=LinearRegulatorElm
DECISION t=0.03185437362671299 dt=1.52587890625E-10 iter=9 id=9792 sensor=4.99995000025 ref=1.899990361648086 rail=3.7999997231997895 before=BROWNOUT/false after=BROWNOUT/false output=0.0->0.0
DECISION t=0.03185437362671299 dt=1.52587890625E-10 iter=9 id=10048 sensor=4.99995000025 ref=1.899990361648086 rail=3.7999997231997895 before=BROWNOUT/false after=BROWNOUT/false output=0.0->0.0
RAIL t=0.03185437362671299 dt=1.52587890625E-10 iter=10 vin=4.607493275432684 vout=3.800004407895237 enable=4.561874530110623 target=3.807493275432684 drop=0.007488867537446708 requested=0.007488867537446708 delivered=0.07488867537446708 g=10.0 dtarget_dvin=1.0 dtarget_den=0.0 iin=0.07588867537446708 diin_dvin=10.0 diin_dvout=-10.0 diin_den=0.0
DECISION t=0.03185437362671299 dt=1.52587890625E-10 iter=10 id=9792 sensor=4.99995000025 ref=1.899992703984098 rail=3.800004407895237 before=BROWNOUT/false after=HIGH/true output=0.0->3.650004407895237
SETTER t=0.03185437362671299 dt=1.52587890625E-10 iter=10 element=DecisionElement
DECISION t=0.03185437362671299 dt=1.52587890625E-10 iter=10 id=10048 sensor=4.99995000025 ref=1.8999927039840987 rail=3.800004407895237 before=BROWNOUT/false after=HIGH/true output=0.0->3.650004407895237
RAIL t=0.03185437362671299 dt=1.52587890625E-10 iter=11 vin=4.607493275455924 vout=3.800005078054923 enable=4.561874530110931 target=3.807493275455924 drop=0.007488197401000818 requested=0.007488197401000818 delivered=0.07488197401000818 g=10.0 dtarget_dvin=1.0 dtarget_den=0.0 iin=0.07588197401000818 diin_dvin=10.0 diin_dvout=-10.0 diin_den=0.0
DECISION t=0.03185437362671299 dt=1.52587890625E-10 iter=11 id=9792 sensor=4.99995000025 ref=1.8999930390622664 rail=3.800005078054923 before=HIGH/true after=HIGH/true output=3.650004407895237->3.650005078054923
DECISION t=0.03185437362671299 dt=1.52587890625E-10 iter=11 id=10048 sensor=4.99995000025 ref=1.8999930390622664 rail=3.800005078054923 before=HIGH/true after=HIGH/true output=3.650004407895237->3.650005078054923
SETTER t=0.03185437362671299 dt=1.52587890625E-10 iter=11 element=NMosfetElm
RAIL t=0.03185437362671299 dt=1.52587890625E-10 iter=12 vin=4.607493244745682 vout=3.7991194915192565 enable=4.5618744999386545 target=3.8074932447456824 drop=0.008373753226425862 requested=0.008373753226425862 delivered=0.08373753226425862 g=10.0 dtarget_dvin=1.0 dtarget_den=0.0 iin=0.08473753226425862 diin_dvin=10.0 diin_dvout=-10.0 diin_den=0.0
SETTER t=0.03185437362671299 dt=1.52587890625E-10 iter=12 element=LinearRegulatorElm
DECISION t=0.03185437362671299 dt=1.52587890625E-10 iter=12 id=9792 sensor=4.999950000249998 ref=1.8995502480083881 rail=3.7991194915192565 before=HIGH/true after=BROWNOUT/false output=3.650005078054923->0.0
DECISION t=0.03185437362671299 dt=1.52587890625E-10 iter=12 id=10048 sensor=4.99995000025 ref=1.8995502480083877 rail=3.7991194915192565 before=HIGH/true after=BROWNOUT/false output=3.650005078054923->0.0
RAIL t=0.03185437362671299 dt=1.52587890625E-10 iter=13 vin=4.607493275269099 vout=3.799999690627599 enable=4.561874529603722 target=3.807493275269099 drop=0.007493584641500295 requested=0.007493584641500295 delivered=0.07493584641500295 g=10.0 dtarget_dvin=1.0 dtarget_den=0.0 iin=0.07593584641500295 diin_dvin=10.0 diin_dvout=-10.0 diin_den=0.0
SETTER t=0.03185437362671299 dt=1.52587890625E-10 iter=13 element=LinearRegulatorElm
DECISION t=0.03185437362671299 dt=1.52587890625E-10 iter=13 id=9792 sensor=4.999950000249998 ref=1.8999903453620726 rail=3.799999690627599 before=BROWNOUT/false after=BROWNOUT/false output=0.0->0.0
DECISION t=0.03185437362671299 dt=1.52587890625E-10 iter=13 id=10048 sensor=4.99995000025 ref=1.8999903453620728 rail=3.799999690627599 before=BROWNOUT/false after=BROWNOUT/false output=0.0->0.0
RAIL t=0.03185437362671299 dt=1.52587890625E-10 iter=14 vin=4.607493275371853 vout=3.8000026537356244 enable=4.561874530024566 target=3.8074932753718533 drop=0.0074906216362289335 requested=0.0074906216362289335 delivered=0.07490621636228934 g=10.0 dtarget_dvin=1.0 dtarget_den=0.0 iin=0.07590621636228934 diin_dvin=10.0 diin_dvout=-10.0 diin_den=0.0
DECISION t=0.03185437362671299 dt=1.52587890625E-10 iter=14 id=9792 sensor=4.999950000250001 ref=1.8999918269086769 rail=3.8000026537356244 before=BROWNOUT/false after=HIGH/true output=0.0->3.6500026537356245
SETTER t=0.03185437362671299 dt=1.52587890625E-10 iter=14 element=DecisionElement
DECISION t=0.03185437362671299 dt=1.52587890625E-10 iter=14 id=10048 sensor=4.99995000025 ref=1.899991826908677 rail=3.8000026537356244 before=BROWNOUT/false after=HIGH/true output=0.0->3.6500026537356245
RAIL t=0.03185437362671299 dt=1.52587890625E-10 iter=15 vin=4.607493274715313 vout=3.799983721176475 enable=4.561874529428008 target=3.8074932747153127 drop=0.007509553538837643 requested=0.007509553538837643 delivered=0.07509553538837643 g=10.0 dtarget_dvin=1.0 dtarget_den=0.0 iin=0.07609553538837643 diin_dvin=10.0 diin_dvout=-10.0 diin_den=0.0
SETTER t=0.03185437362671299 dt=1.52587890625E-10 iter=15 element=LinearRegulatorElm
DECISION t=0.03185437362671299 dt=1.52587890625E-10 iter=15 id=9792 sensor=4.999950000250001 ref=1.8999823606764337 rail=3.799983721176475 before=HIGH/true after=BROWNOUT/false output=3.6500026537356245->0.0
DECISION t=0.03185437362671299 dt=1.52587890625E-10 iter=15 id=10048 sensor=4.99995000025 ref=1.8999823606764337 rail=3.799983721176475 before=HIGH/true after=BROWNOUT/false output=3.6500026537356245->0.0
RAIL t=0.03185437362671299 dt=1.52587890625E-10 iter=16 vin=4.607493347101 vout=3.802071096139017 enable=4.561874601120248 target=3.8074933471010004 drop=0.005422250961983455 requested=0.005422250961983455 delivered=0.05422250961983455 g=10.0 dtarget_dvin=1.0 dtarget_den=0.0 iin=0.05522250961983455 diin_dvin=10.0 diin_dvout=-10.0 diin_den=0.0
SETTER t=0.03185437362671299 dt=1.52587890625E-10 iter=16 element=LinearRegulatorElm
DECISION t=0.03185437362671299 dt=1.52587890625E-10 iter=16 id=9792 sensor=4.999950000249998 ref=1.9010260429392936 rail=3.802071096139017 before=BROWNOUT/false after=HIGH/true output=0.0->3.652071096139017
DECISION t=0.03185437362671299 dt=1.52587890625E-10 iter=16 id=10048 sensor=4.99995000025 ref=1.9010260429392936 rail=3.802071096139017 before=BROWNOUT/false after=HIGH/true output=0.0->3.652071096139017
RAIL t=0.03185437362671299 dt=1.52587890625E-10 iter=17 vin=4.607493274714105 vout=3.7999836863581007 enable=4.561874529395127 target=3.807493274714105 drop=0.0075095883560041266 requested=0.0075095883560041266 delivered=0.07509588356004127 g=10.0 dtarget_dvin=1.0 dtarget_den=0.0 iin=0.07609588356004127 diin_dvin=10.0 diin_dvout=-10.0 diin_den=0.0
SETTER t=0.03185437362671299 dt=1.52587890625E-10 iter=17 element=LinearRegulatorElm
DECISION t=0.03185437362671299 dt=1.52587890625E-10 iter=17 id=9792 sensor=4.999950000249997 ref=1.8999823432673344 rail=3.7999836863581007 before=HIGH/true after=BROWNOUT/false output=3.652071096139017->0.0
DECISION t=0.03185437362671299 dt=1.52587890625E-10 iter=17 id=10048 sensor=4.99995000025 ref=1.8999823432673342 rail=3.7999836863581007 before=HIGH/true after=BROWNOUT/false output=3.652071096139017->0.0
timestep down to 7.62939453125E-11 at 0.03185437362671299
SETTER t=0.03185437362671299 dt=7.62939453125E-11 iter=0 element=LimitedDcSupplyElm
RAIL t=0.03185437362671299 dt=7.62939453125E-11 iter=0 vin=4.607493779162978 vout=3.800000192860568 enable=4.561875028860258 target=3.8074937791629786 drop=0.007493586302410815 requested=0.007493586302410815 delivered=0.07493586302410815 g=10.0 dtarget_dvin=1.0 dtarget_den=0.0 iin=0.07593586302410815 diin_dvin=10.0 diin_dvout=-10.0 diin_den=0.0
DECISION t=0.03185437362671299 dt=7.62939453125E-11 iter=0 id=9792 sensor=4.9999500002499975 ref=1.8999905964773014 rail=3.800000192860568 before=BROWNOUT/false after=HIGH/true output=0.0->3.650000192860568
DECISION t=0.03185437362671299 dt=7.62939453125E-11 iter=0 id=10048 sensor=4.99995000025 ref=1.8999905964773014 rail=3.800000192860568 before=BROWNOUT/false after=HIGH/true output=0.0->3.650000192860568
RAIL t=0.03185437362671299 dt=7.62939453125E-11 iter=1 vin=4.607493779161969 vout=3.8000001346411194 enable=4.561875096700403 target=3.8074937791619687 drop=0.00749364452084933 requested=0.00749364452084933 delivered=0.0749364452084933 g=10.0 dtarget_dvin=1.0 dtarget_den=0.0 iin=0.0759364452084933 diin_dvin=10.0 diin_dvout=-10.0 diin_den=0.0
DECISION t=0.03185437362671299 dt=7.62939453125E-11 iter=1 id=9792 sensor=4.999950000250002 ref=1.8999905673677229 rail=3.8000001346411194 before=HIGH/true after=HIGH/true output=3.650000192860568->3.6500001346411195
DECISION t=0.03185437362671299 dt=7.62939453125E-11 iter=1 id=10048 sensor=4.99995000025 ref=1.8999905673677229 rail=3.8000001346411194 before=HIGH/true after=HIGH/true output=3.650000192860568->3.6500001346411195
SETTER t=0.03185437362671299 dt=7.62939453125E-11 iter=1 element=NMosfetElm
RAIL t=0.03185437362671299 dt=7.62939453125E-11 iter=2 vin=4.607493846302684 vout=3.803872320046449 enable=4.561875095698866 target=3.807493846302684 drop=0.003621526256234908 requested=0.003621526256234908 delivered=0.03621526256234908 g=10.0 dtarget_dvin=1.0 dtarget_den=0.0 iin=0.03721526256234908 diin_dvin=10.0 diin_dvout=-10.0 diin_den=0.0
SETTER t=0.03185437362671299 dt=7.62939453125E-11 iter=2 element=LinearRegulatorElm
DECISION t=0.03185437362671299 dt=7.62939453125E-11 iter=2 id=9792 sensor=4.999950000250002 ref=1.9019266503899726 rail=3.803872320046449 before=HIGH/true after=HIGH/true output=3.6500001346411195->3.653872320046449
DECISION t=0.03185437362671299 dt=7.62939453125E-11 iter=2 id=10048 sensor=4.99995000025 ref=1.9019266503899726 rail=3.803872320046449 before=HIGH/true after=HIGH/true output=3.6500001346411195->3.653872320046449
RAIL t=0.03185437362671299 dt=7.62939453125E-11 iter=3 vin=4.607493779162978 vout=3.800000192860757 enable=4.5618750346968335 target=3.8074937791629786 drop=0.007493586302221633 requested=0.007493586302221633 delivered=0.07493586302221633 g=10.0 dtarget_dvin=1.0 dtarget_den=0.0 iin=0.07593586302221633 diin_dvin=10.0 diin_dvout=-10.0 diin_den=0.0
SETTER t=0.03185437362671299 dt=7.62939453125E-11 iter=3 element=LinearRegulatorElm
DECISION t=0.03185437362671299 dt=7.62939453125E-11 iter=3 id=9792 sensor=4.999950000250006 ref=1.8999905964773964 rail=3.800000192860757 before=HIGH/true after=HIGH/true output=3.653872320046449->3.650000192860757
DECISION t=0.03185437362671299 dt=7.62939453125E-11 iter=3 id=10048 sensor=4.99995000025 ref=1.899990596477396 rail=3.800000192860757 before=HIGH/true after=HIGH/true output=3.653872320046449->3.650000192860757
RAIL t=0.03185437362671299 dt=7.62939453125E-11 iter=4 vin=4.607493779162978 vout=3.8000001928606464 enable=4.561875027368292 target=3.8074937791629786 drop=0.007493586302332211 requested=0.007493586302332211 delivered=0.07493586302332211 g=10.0 dtarget_dvin=1.0 dtarget_den=0.0 iin=0.07593586302332211 diin_dvin=10.0 diin_dvout=-10.0 diin_den=0.0
DECISION t=0.03185437362671299 dt=7.62939453125E-11 iter=4 id=9792 sensor=4.999950000250002 ref=1.8999905964773411 rail=3.8000001928606464 before=HIGH/true after=HIGH/true output=3.650000192860757->3.6500001928606465
DECISION t=0.03185437362671299 dt=7.62939453125E-11 iter=4 id=10048 sensor=4.99995000025 ref=1.8999905964773411 rail=3.8000001928606464 before=HIGH/true after=HIGH/true output=3.650000192860757->3.6500001928606465
SETTER t=0.03185437362671299 dt=7.62939453125E-11 iter=4 element=NMosfetElm
RAIL t=0.03185437362671299 dt=7.62939453125E-11 iter=5 vin=4.607493779162978 vout=3.800000192860647 enable=4.561875027971482 target=3.8074937791629786 drop=0.007493586302331767 requested=0.007493586302331767 delivered=0.07493586302331767 g=10.0 dtarget_dvin=1.0 dtarget_den=0.0 iin=0.07593586302331767 diin_dvin=10.0 diin_dvout=-10.0 diin_den=0.0
DECISION t=0.03185437362671299 dt=7.62939453125E-11 iter=5 id=9792 sensor=4.9999500002499975 ref=1.8999905964773414 rail=3.800000192860647 before=HIGH/true after=HIGH/true output=3.6500001928606465->3.650000192860647
DECISION t=0.03185437362671299 dt=7.62939453125E-11 iter=5 id=10048 sensor=4.99995000025 ref=1.8999905964773414 rail=3.800000192860647 before=HIGH/true after=HIGH/true output=3.6500001928606465->3.650000192860647
SETTER t=0.03185437362671299 dt=7.62939453125E-11 iter=5 element=NMosfetElm
RAIL t=0.03185437362671299 dt=7.62939453125E-11 iter=6 vin=4.607493779162978 vout=3.800000192860647 enable=4.56187502871646 target=3.8074937791629786 drop=0.007493586302331767 requested=0.007493586302331767 delivered=0.07493586302331767 g=10.0 dtarget_dvin=1.0 dtarget_den=0.0 iin=0.07593586302331767 diin_dvin=10.0 diin_dvout=-10.0 diin_den=0.0
DECISION t=0.03185437362671299 dt=7.62939453125E-11 iter=6 id=9792 sensor=4.9999500002499975 ref=1.8999905964773418 rail=3.800000192860647 before=HIGH/true after=HIGH/true output=3.650000192860647->3.650000192860647
DECISION t=0.03185437362671299 dt=7.62939453125E-11 iter=6 id=10048 sensor=4.99995000025 ref=1.8999905964773416 rail=3.800000192860647 before=HIGH/true after=HIGH/true output=3.650000192860647->3.650000192860647
SETTER t=0.03185437362671299 dt=7.62939453125E-11 iter=6 element=NMosfetElm
RAIL t=0.03185437362671299 dt=7.62939453125E-11 iter=7 vin=4.607493779162978 vout=3.8000001928606477 enable=4.561875029091285 target=3.8074937791629786 drop=0.007493586302330879 requested=0.007493586302330879 delivered=0.07493586302330879 g=10.0 dtarget_dvin=1.0 dtarget_den=0.0 iin=0.07593586302330879 diin_dvin=10.0 diin_dvout=-10.0 diin_den=0.0
DECISION t=0.03185437362671299 dt=7.62939453125E-11 iter=7 id=9792 sensor=4.999950000249993 ref=1.8999905964773418 rail=3.8000001928606477 before=HIGH/true after=HIGH/true output=3.650000192860647->3.650000192860648
DECISION t=0.03185437362671299 dt=7.62939453125E-11 iter=7 id=10048 sensor=4.99995000025 ref=1.899990596477342 rail=3.8000001928606477 before=HIGH/true after=HIGH/true output=3.650000192860647->3.650000192860648
SETTER t=0.03185437362671299 dt=7.62939453125E-11 iter=7 element=NMosfetElm
RAIL t=0.03185437362671299 dt=7.62939453125E-11 iter=8 vin=4.607493779162978 vout=3.8000001928606486 enable=4.56187502893187 target=3.8074937791629786 drop=0.007493586302329991 requested=0.007493586302329991 delivered=0.07493586302329991 g=10.0 dtarget_dvin=1.0 dtarget_den=0.0 iin=0.07593586302329991 diin_dvin=10.0 diin_dvout=-10.0 diin_den=0.0
DECISION t=0.03185437362671299 dt=7.62939453125E-11 iter=8 id=9792 sensor=4.999950000250002 ref=1.8999905964773425 rail=3.8000001928606486 before=HIGH/true after=HIGH/true output=3.650000192860648->3.6500001928606487
DECISION t=0.03185437362671299 dt=7.62939453125E-11 iter=8 id=10048 sensor=4.99995000025 ref=1.8999905964773425 rail=3.8000001928606486 before=HIGH/true after=HIGH/true output=3.650000192860648->3.6500001928606487
SETTER t=0.03185437362671299 dt=7.62939453125E-11 iter=8 element=NMosfetElm
RAIL t=0.03185437362671299 dt=7.62939453125E-11 iter=9 vin=4.607493779162978 vout=3.8000001928606535 enable=4.5618750288914525 target=3.8074937791629786 drop=0.007493586302325106 requested=0.007493586302325106 delivered=0.07493586302325106 g=10.0 dtarget_dvin=1.0 dtarget_den=0.0 iin=0.07593586302325106 diin_dvin=10.0 diin_dvout=-10.0 diin_den=0.0
DECISION t=0.03185437362671299 dt=7.62939453125E-11 iter=9 id=9792 sensor=4.999950000250002 ref=1.899990596477345 rail=3.8000001928606535 before=HIGH/true after=HIGH/true output=3.6500001928606487->3.6500001928606536
DECISION t=0.03185437362671299 dt=7.62939453125E-11 iter=9 id=10048 sensor=4.99995000025 ref=1.899990596477345 rail=3.8000001928606535 before=HIGH/true after=HIGH/true output=3.6500001928606487->3.6500001928606536
SETTER t=0.03185437362671299 dt=7.62939453125E-11 iter=9 element=NMosfetElm
RAIL t=0.03185437362671299 dt=7.62939453125E-11 iter=10 vin=4.607493779162978 vout=3.8000001928606615 enable=4.561875028836671 target=3.8074937791629786 drop=0.007493586302317112 requested=0.007493586302317112 delivered=0.07493586302317112 g=10.0 dtarget_dvin=1.0 dtarget_den=0.0 iin=0.07593586302317112 diin_dvin=10.0 diin_dvout=-10.0 diin_den=0.0
DECISION t=0.03185437362671299 dt=7.62939453125E-11 iter=10 id=9792 sensor=4.999950000250002 ref=1.8999905964773482 rail=3.8000001928606615 before=HIGH/true after=HIGH/true output=3.6500001928606536->3.6500001928606616
DECISION t=0.03185437362671299 dt=7.62939453125E-11 iter=10 id=10048 sensor=4.99995000025 ref=1.8999905964773482 rail=3.8000001928606615 before=HIGH/true after=HIGH/true output=3.6500001928606536->3.6500001928606616
SETTER t=0.03185437362671299 dt=7.62939453125E-11 iter=10 element=NMosfetElm
RAIL t=0.03185437362671299 dt=7.62939453125E-11 iter=11 vin=4.607493779162978 vout=3.80000019286066 enable=4.561875028876278 target=3.8074937791629786 drop=0.007493586302318445 requested=0.007493586302318445 delivered=0.07493586302318445 g=10.0 dtarget_dvin=1.0 dtarget_den=0.0 iin=0.07593586302318445 diin_dvin=10.0 diin_dvout=-10.0 diin_den=0.0
DECISION t=0.03185437362671299 dt=7.62939453125E-11 iter=11 id=9792 sensor=4.999950000250006 ref=1.899990596477348 rail=3.80000019286066 before=HIGH/true after=HIGH/true output=3.6500001928606616->3.6500001928606602
DECISION t=0.03185437362671299 dt=7.62939453125E-11 iter=11 id=10048 sensor=4.99995000025 ref=1.899990596477348 rail=3.80000019286066 before=HIGH/true after=HIGH/true output=3.6500001928606616->3.6500001928606602
SETTER t=0.03185437362671299 dt=7.62939453125E-11 iter=11 element=NMosfetElm
RAIL t=0.03185437362671299 dt=7.62939453125E-11 iter=12 vin=4.607493779162978 vout=3.80000019286066 enable=4.561875028870579 target=3.8074937791629786 drop=0.007493586302318445 requested=0.007493586302318445 delivered=0.07493586302318445 g=10.0 dtarget_dvin=1.0 dtarget_den=0.0 iin=0.07593586302318445 diin_dvin=10.0 diin_dvout=-10.0 diin_den=0.0
DECISION t=0.03185437362671299 dt=7.62939453125E-11 iter=12 id=9792 sensor=4.999950000249993 ref=1.899990596477348 rail=3.80000019286066 before=HIGH/true after=HIGH/true output=3.6500001928606602->3.6500001928606602
DECISION t=0.03185437362671299 dt=7.62939453125E-11 iter=12 id=10048 sensor=4.99995000025 ref=1.899990596477348 rail=3.80000019286066 before=HIGH/true after=HIGH/true output=3.6500001928606602->3.6500001928606602
converged after 12 iterations, timeStep = 7.62939453125E-11
RAIL t=0.031854373703006936 dt=7.62939453125E-11 iter=0 vin=4.607493779162978 vout=3.80000019286066 enable=4.561875028870579 target=3.8074937791629786 drop=0.007493586302318445 requested=0.007493586302318445 delivered=0.07493586302318445 g=10.0 dtarget_dvin=1.0 dtarget_den=0.0 iin=0.07593586302318445 diin_dvin=10.0 diin_dvout=-10.0 diin_den=0.0
DECISION t=0.031854373703006936 dt=7.62939453125E-11 iter=0 id=9792 sensor=4.999950000249993 ref=1.899990596477348 rail=3.80000019286066 before=HIGH/true after=HIGH/true output=3.6500001928606602->3.6500001928606602
DECISION t=0.031854373703006936 dt=7.62939453125E-11 iter=0 id=10048 sensor=4.99995000025 ref=1.899990596477348 rail=3.80000019286066 before=HIGH/true after=HIGH/true output=3.6500001928606602->3.6500001928606602
SETTER t=0.031854373703006936 dt=7.62939453125E-11 iter=1 element=LimitedDcSupplyElm
RAIL t=0.031854373703006936 dt=7.62939453125E-11 iter=1 vin=4.607493527216015 vout=3.799999941129311 enable=4.56187477941497 target=3.807493527216015 drop=0.007493586086703807 requested=0.007493586086703807 delivered=0.07493586086703807 g=10.0 dtarget_dvin=1.0 dtarget_den=0.0 iin=0.07593586086703807 diin_dvin=10.0 diin_dvout=-10.0 diin_den=0.0
DECISION t=0.031854373703006936 dt=7.62939453125E-11 iter=1 id=9792 sensor=4.999950000249993 ref=1.8999904706123028 rail=3.799999941129311 before=HIGH/true after=BROWNOUT/false output=3.6500001928606602->0.0
DECISION t=0.031854373703006936 dt=7.62939453125E-11 iter=1 id=10048 sensor=4.99995000025 ref=1.8999904706123028 rail=3.799999941129311 before=HIGH/true after=BROWNOUT/false output=3.6500001928606602->0.0
RAIL t=0.031854373703006936 dt=7.62939453125E-11 iter=2 vin=4.607493527216015 vout=3.799999941129312 enable=4.561874779398606 target=3.807493527216015 drop=0.007493586086702919 requested=0.007493586086702919 delivered=0.07493586086702919 g=10.0 dtarget_dvin=1.0 dtarget_den=0.0 iin=0.07593586086702919 diin_dvin=10.0 diin_dvout=-10.0 diin_den=0.0
DECISION t=0.031854373703006936 dt=7.62939453125E-11 iter=2 id=9792 sensor=4.999950000250001 ref=1.8999904706123032 rail=3.799999941129312 before=BROWNOUT/false after=BROWNOUT/false output=0.0->0.0
DECISION t=0.031854373703006936 dt=7.62939453125E-11 iter=2 id=10048 sensor=4.99995000025 ref=1.8999904706123032 rail=3.799999941129312 before=BROWNOUT/false after=BROWNOUT/false output=0.0->0.0
SETTER t=0.031854373703006936 dt=7.62939453125E-11 iter=2 element=NMosfetElm
RAIL t=0.031854373703006936 dt=7.62939453125E-11 iter=3 vin=4.607493527216018 vout=3.7999999413586223 enable=4.56187477939326 target=3.8074935272160184 drop=0.007493585857396123 requested=0.007493585857396123 delivered=0.07493585857396123 g=10.0 dtarget_dvin=1.0 dtarget_den=0.0 iin=0.07593585857396123 diin_dvin=10.0 diin_dvout=-10.0 diin_den=0.0
DECISION t=0.031854373703006936 dt=7.62939453125E-11 iter=3 id=9792 sensor=4.999950000249998 ref=1.8999904707269575 rail=3.7999999413586223 before=BROWNOUT/false after=BROWNOUT/false output=0.0->0.0
DECISION t=0.031854373703006936 dt=7.62939453125E-11 iter=3 id=10048 sensor=4.99995000025 ref=1.8999904707269575 rail=3.7999999413586223 before=BROWNOUT/false after=BROWNOUT/false output=0.0->0.0
SETTER t=0.031854373703006936 dt=7.62939453125E-11 iter=3 element=NMosfetElm
RAIL t=0.031854373703006936 dt=7.62939453125E-11 iter=4 vin=4.607493527241711 vout=3.8000014230903525 enable=4.5618747794227605 target=3.8074935272417108 drop=0.007492104151358259 requested=0.007492104151358259 delivered=0.07492104151358259 g=10.0 dtarget_dvin=1.0 dtarget_den=0.0 iin=0.07592104151358259 diin_dvin=10.0 diin_dvout=-10.0 diin_den=0.0
DECISION t=0.031854373703006936 dt=7.62939453125E-11 iter=4 id=9792 sensor=4.9999500002500055 ref=1.8999912115891187 rail=3.8000014230903525 before=BROWNOUT/false after=HIGH/true output=0.0->3.6500014230903526
SETTER t=0.031854373703006936 dt=7.62939453125E-11 iter=4 element=DecisionElement
DECISION t=0.031854373703006936 dt=7.62939453125E-11 iter=4 id=10048 sensor=4.99995000025 ref=1.8999912115891189 rail=3.8000014230903525 before=BROWNOUT/false after=HIGH/true output=0.0->3.6500014230903526
RAIL t=0.031854373703006936 dt=7.62939453125E-11 iter=5 vin=4.607493527122616 vout=3.7999945545440523 enable=4.56187477931181 target=3.807493527122616 drop=0.0074989725785634676 requested=0.0074989725785634676 delivered=0.07498972578563468 g=10.0 dtarget_dvin=1.0 dtarget_den=0.0 iin=0.07598972578563468 diin_dvin=10.0 diin_dvout=-10.0 diin_den=0.0
DECISION t=0.031854373703006936 dt=7.62939453125E-11 iter=5 id=9792 sensor=4.999950000250002 ref=1.899987777333139 rail=3.7999945545440523 before=HIGH/true after=BROWNOUT/false output=3.6500014230903526->0.0
SETTER t=0.031854373703006936 dt=7.62939453125E-11 iter=5 element=DecisionElement
DECISION t=0.031854373703006936 dt=7.62939453125E-11 iter=5 id=10048 sensor=4.99995000025 ref=1.899987777333139 rail=3.7999945545440523 before=HIGH/true after=BROWNOUT/false output=3.6500014230903526->0.0
RAIL t=0.031854373703006936 dt=7.62939453125E-11 iter=6 vin=4.607493579524331 vout=3.8030167022157086 enable=4.561874831270186 target=3.8074935795243308 drop=0.004476877308622118 requested=0.004476877308622118 delivered=0.04476877308622118 g=10.0 dtarget_dvin=1.0 dtarget_den=0.0 iin=0.04576877308622118 diin_dvin=10.0 diin_dvout=-10.0 diin_den=0.0
SETTER t=0.031854373703006936 dt=7.62939453125E-11 iter=6 element=LinearRegulatorElm
DECISION t=0.031854373703006936 dt=7.62939453125E-11 iter=6 id=9792 sensor=4.999950000250006 ref=1.901498843613636 rail=3.8030167022157086 before=BROWNOUT/false after=HIGH/true output=0.0->3.6530167022157087
DECISION t=0.031854373703006936 dt=7.62939453125E-11 iter=6 id=10048 sensor=4.99995000025 ref=1.901498843613636 rail=3.8030167022157086 before=BROWNOUT/false after=HIGH/true output=0.0->3.6530167022157087
RAIL t=0.031854373703006936 dt=7.62939453125E-11 iter=7 vin=4.607493527365461 vout=3.8000085601779072 enable=4.561874779772891 target=3.8074935273654615 drop=0.0074849671875543144 requested=0.0074849671875543144 delivered=0.07484967187554314 g=10.0 dtarget_dvin=1.0 dtarget_den=0.0 iin=0.07584967187554315 diin_dvin=10.0 diin_dvout=-10.0 diin_den=0.0
SETTER t=0.031854373703006936 dt=7.62939453125E-11 iter=7 element=LinearRegulatorElm
DECISION t=0.031854373703006936 dt=7.62939453125E-11 iter=7 id=9792 sensor=4.99995000025 ref=1.899994780115053 rail=3.8000085601779072 before=HIGH/true after=HIGH/true output=3.6530167022157087->3.6500085601779073
DECISION t=0.031854373703006936 dt=7.62939453125E-11 iter=7 id=10048 sensor=4.99995000025 ref=1.899994780115053 rail=3.8000085601779072 before=HIGH/true after=HIGH/true output=3.6530167022157087->3.6500085601779073
RAIL t=0.031854373703006936 dt=7.62939453125E-11 iter=8 vin=4.607493519856084 vout=3.7995754742056485 enable=4.561874771659428 target=3.8074935198560844 drop=0.007918045650435968 requested=0.007918045650435968 delivered=0.07918045650435968 g=10.0 dtarget_dvin=1.0 dtarget_den=0.0 iin=0.08018045650435968 diin_dvin=10.0 diin_dvout=-10.0 diin_den=0.0
SETTER t=0.031854373703006936 dt=7.62939453125E-11 iter=8 element=LinearRegulatorElm
DECISION t=0.031854373703006936 dt=7.62939453125E-11 iter=8 id=9792 sensor=4.99995000025 ref=1.8997782382116326 rail=3.7995754742056485 before=HIGH/true after=BROWNOUT/false output=3.6500085601779073->0.0
DECISION t=0.031854373703006936 dt=7.62939453125E-11 iter=8 id=10048 sensor=4.99995000025 ref=1.8997782382116326 rail=3.7995754742056485 before=HIGH/true after=BROWNOUT/false output=3.6500085601779073->0.0
RAIL t=0.031854373703006936 dt=7.62939453125E-11 iter=9 vin=4.607493527216308 vout=3.799999958029628 enable=4.561874779436964 target=3.807493527216308 drop=0.0074935691866797605 requested=0.0074935691866797605 delivered=0.0749356918667976 g=10.0 dtarget_dvin=1.0 dtarget_den=0.0 iin=0.0759356918667976 diin_dvin=10.0 diin_dvout=-10.0 diin_den=0.0
SETTER t=0.031854373703006936 dt=7.62939453125E-11 iter=9 element=LinearRegulatorElm
DECISION t=0.031854373703006936 dt=7.62939453125E-11 iter=9 id=9792 sensor=4.99995000025 ref=1.8999904790624191 rail=3.799999958029628 before=BROWNOUT/false after=BROWNOUT/false output=0.0->0.0
DECISION t=0.031854373703006936 dt=7.62939453125E-11 iter=9 id=10048 sensor=4.99995000025 ref=1.8999904790624191 rail=3.799999958029628 before=BROWNOUT/false after=BROWNOUT/false output=0.0->0.0
RAIL t=0.031854373703006936 dt=7.62939453125E-11 iter=10 vin=4.607493527256932 vout=3.800002300993174 enable=4.561874779476742 target=3.8074935272569324 drop=0.0074912262637583105 requested=0.0074912262637583105 delivered=0.0749122626375831 g=10.0 dtarget_dvin=1.0 dtarget_den=0.0 iin=0.0759122626375831 diin_dvin=10.0 diin_dvout=-10.0 diin_den=0.0
DECISION t=0.031854373703006936 dt=7.62939453125E-11 iter=10 id=9792 sensor=4.99995000025 ref=1.8999916505383352 rail=3.800002300993174 before=BROWNOUT/false after=HIGH/true output=0.0->3.650002300993174
SETTER t=0.031854373703006936 dt=7.62939453125E-11 iter=10 element=DecisionElement
DECISION t=0.031854373703006936 dt=7.62939453125E-11 iter=10 id=10048 sensor=4.99995000025 ref=1.8999916505383352 rail=3.800002300993174 before=BROWNOUT/false after=HIGH/true output=0.0->3.650002300993174
RAIL t=0.031854373703006936 dt=7.62939453125E-11 iter=11 vin=4.607493527262741 vout=3.800002635991607 enable=4.56187477941687 target=3.807493527262741 drop=0.007490891271134004 requested=0.007490891271134004 delivered=0.07490891271134004 g=10.0 dtarget_dvin=1.0 dtarget_den=0.0 iin=0.07590891271134004 diin_dvin=10.0 diin_dvout=-10.0 diin_den=0.0
DECISION t=0.031854373703006936 dt=7.62939453125E-11 iter=11 id=9792 sensor=4.99995000025 ref=1.8999918180367135 rail=3.800002635991607 before=HIGH/true after=HIGH/true output=3.650002300993174->3.650002635991607
DECISION t=0.031854373703006936 dt=7.62939453125E-11 iter=11 id=10048 sensor=4.99995000025 ref=1.8999918180367135 rail=3.800002635991607 before=HIGH/true after=HIGH/true output=3.650002300993174->3.650002635991607
SETTER t=0.031854373703006936 dt=7.62939453125E-11 iter=11 element=NMosfetElm
RAIL t=0.031854373703006936 dt=7.62939453125E-11 iter=12 vin=4.607493519581043 vout=3.799559611849015 enable=4.56187477193134 target=3.807493519581043 drop=0.007933907732028178 requested=0.007933907732028178 delivered=0.07933907732028178 g=10.0 dtarget_dvin=1.0 dtarget_den=0.0 iin=0.08033907732028178 diin_dvin=10.0 diin_dvout=-10.0 diin_den=0.0
SETTER t=0.031854373703006936 dt=7.62939453125E-11 iter=12 element=LinearRegulatorElm
DECISION t=0.031854373703006936 dt=7.62939453125E-11 iter=12 id=9792 sensor=4.99995000025 ref=1.8997703070729728 rail=3.799559611849015 before=HIGH/true after=BROWNOUT/false output=3.650002635991607->0.0
DECISION t=0.031854373703006936 dt=7.62939453125E-11 iter=12 id=10048 sensor=4.99995000025 ref=1.8997703070729726 rail=3.799559611849015 before=HIGH/true after=BROWNOUT/false output=3.650002635991607->0.0
RAIL t=0.031854373703006936 dt=7.62939453125E-11 iter=13 vin=4.607493527216018 vout=3.7999999413833363 enable=4.561874779002014 target=3.8074935272160184 drop=0.007493585832682115 requested=0.007493585832682115 delivered=0.07493585832682115 g=10.0 dtarget_dvin=1.0 dtarget_den=0.0 iin=0.07593585832682115 diin_dvin=10.0 diin_dvout=-10.0 diin_den=0.0
SETTER t=0.031854373703006936 dt=7.62939453125E-11 iter=13 element=LinearRegulatorElm
DECISION t=0.031854373703006936 dt=7.62939453125E-11 iter=13 id=9792 sensor=4.999950000250007 ref=1.8999904707393145 rail=3.7999999413833363 before=BROWNOUT/false after=BROWNOUT/false output=0.0->0.0
DECISION t=0.031854373703006936 dt=7.62939453125E-11 iter=13 id=10048 sensor=4.99995000025 ref=1.8999904707393145 rail=3.7999999413833363 before=BROWNOUT/false after=BROWNOUT/false output=0.0->0.0
RAIL t=0.031854373703006936 dt=7.62939453125E-11 iter=14 vin=4.607493527241723 vout=3.800001423812387 enable=4.561874779438895 target=3.807493527241723 drop=0.007492103429336261 requested=0.007492103429336261 delivered=0.07492103429336261 g=10.0 dtarget_dvin=1.0 dtarget_den=0.0 iin=0.07592103429336261 diin_dvin=10.0 diin_dvout=-10.0 diin_den=0.0
DECISION t=0.031854373703006936 dt=7.62939453125E-11 iter=14 id=9792 sensor=4.999950000250002 ref=1.8999912119501339 rail=3.800001423812387 before=BROWNOUT/false after=HIGH/true output=0.0->3.650001423812387
SETTER t=0.031854373703006936 dt=7.62939453125E-11 iter=14 element=DecisionElement
DECISION t=0.031854373703006936 dt=7.62939453125E-11 iter=14 id=10048 sensor=4.99995000025 ref=1.8999912119501339 rail=3.800001423812387 before=BROWNOUT/false after=HIGH/true output=0.0->3.650001423812387
RAIL t=0.031854373703006936 dt=7.62939453125E-11 iter=15 vin=4.607493527077512 vout=3.7999919533190476 enable=4.561874779290229 target=3.8074935270775123 drop=0.007501573758464719 requested=0.007501573758464719 delivered=0.07501573758464719 g=10.0 dtarget_dvin=1.0 dtarget_den=0.0 iin=0.07601573758464719 diin_dvin=10.0 diin_dvout=-10.0 diin_den=0.0
DECISION t=0.031854373703006936 dt=7.62939453125E-11 iter=15 id=9792 sensor=4.999950000250006 ref=1.8999864767271402 rail=3.7999919533190476 before=HIGH/true after=BROWNOUT/false output=3.650001423812387->0.0
SETTER t=0.031854373703006936 dt=7.62939453125E-11 iter=15 element=DecisionElement
DECISION t=0.031854373703006936 dt=7.62939453125E-11 iter=15 id=10048 sensor=4.99995000025 ref=1.8999864767271402 rail=3.7999919533190476 before=HIGH/true after=BROWNOUT/false output=3.650001423812387->0.0
RAIL t=0.031854373703006936 dt=7.62939453125E-11 iter=16 vin=4.607493545184579 vout=3.8010362365306585 enable=4.5618747974200575 target=3.8074935451845793 drop=0.006457308653920801 requested=0.006457308653920801 delivered=0.06457308653920801 g=10.0 dtarget_dvin=1.0 dtarget_den=0.0 iin=0.06557308653920801 diin_dvin=10.0 diin_dvout=-10.0 diin_den=0.0
SETTER t=0.031854373703006936 dt=7.62939453125E-11 iter=16 element=LinearRegulatorElm
DECISION t=0.031854373703006936 dt=7.62939453125E-11 iter=16 id=9792 sensor=4.999950000250001 ref=1.90050861572225 rail=3.8010362365306585 before=BROWNOUT/false after=HIGH/true output=0.0->3.6510362365306586
DECISION t=0.031854373703006936 dt=7.62939453125E-11 iter=16 id=10048 sensor=4.99995000025 ref=1.90050861572225 rail=3.8010362365306585 before=BROWNOUT/false after=HIGH/true output=0.0->3.6510362365306586
RAIL t=0.031854373703006936 dt=7.62939453125E-11 iter=17 vin=4.607493527241695 vout=3.800001422169548 enable=4.561874779358292 target=3.8074935272416948 drop=0.007492105072146593 requested=0.007492105072146593 delivered=0.07492105072146593 g=10.0 dtarget_dvin=1.0 dtarget_den=0.0 iin=0.07592105072146593 diin_dvin=10.0 diin_dvout=-10.0 diin_den=0.0
SETTER t=0.031854373703006936 dt=7.62939453125E-11 iter=17 element=LinearRegulatorElm
DECISION t=0.031854373703006936 dt=7.62939453125E-11 iter=17 id=9792 sensor=4.9999500002499975 ref=1.8999912111287187 rail=3.800001422169548 before=HIGH/true after=HIGH/true output=3.6510362365306586->3.6500014221695483
DECISION t=0.031854373703006936 dt=7.62939453125E-11 iter=17 id=10048 sensor=4.99995000025 ref=1.8999912111287192 rail=3.800001422169548 before=HIGH/true after=HIGH/true output=3.6510362365306586->3.6500014221695483
RAIL t=0.031854373703006936 dt=7.62939453125E-11 iter=500 vin=4.6074935272416955 vout=3.800001422232487 enable=4.561874779423758 target=3.8074935272416957 drop=0.007492105009208494 requested=0.007492105009208494 delivered=0.07492105009208494 g=10.0 dtarget_dvin=1.0 dtarget_den=0.0 iin=0.07592105009208494 diin_dvin=10.0 diin_dvout=-10.0 diin_den=0.0
SETTER t=0.031854373703006936 dt=7.62939453125E-11 iter=500 element=LinearRegulatorElm
DECISION t=0.031854373703006936 dt=7.62939453125E-11 iter=500 id=9792 sensor=4.99995000025 ref=1.8999912111601884 rail=3.800001422232487 before=HIGH/true after=HIGH/true output=3.651031592433698->3.6500014222324872
DECISION t=0.031854373703006936 dt=7.62939453125E-11 iter=500 id=10048 sensor=4.99995000025 ref=1.8999912111601887 rail=3.800001422232487 before=HIGH/true after=HIGH/true output=3.651031592433698->3.6500014222324872
RAIL t=0.031854373703006936 dt=7.62939453125E-11 iter=1000 vin=4.607493545104015 vout=3.801031590217431 enable=4.561874797096539 target=3.8074935451040153 drop=0.006461954886584298 requested=0.006461954886584298 delivered=0.06461954886584298 g=10.0 dtarget_dvin=1.0 dtarget_den=0.0 iin=0.06561954886584298 diin_dvin=10.0 diin_dvout=-10.0 diin_den=0.0
SETTER t=0.031854373703006936 dt=7.62939453125E-11 iter=1000 element=LinearRegulatorElm
DECISION t=0.031854373703006936 dt=7.62939453125E-11 iter=1000 id=9792 sensor=4.9999500002499975 ref=1.9005062925772531 rail=3.801031590217431 before=BROWNOUT/false after=HIGH/true output=0.0->3.651031590217431
DECISION t=0.031854373703006936 dt=7.62939453125E-11 iter=1000 id=10048 sensor=4.99995000025 ref=1.9005062925772531 rail=3.801031590217431 before=BROWNOUT/false after=HIGH/true output=0.0->3.651031590217431
RAIL t=0.031854373703006936 dt=7.62939453125E-11 iter=1500 vin=4.607493519855702 vout=3.799575452161622 enable=4.561874773574885 target=3.8074935198557025 drop=0.007918067694080655 requested=0.007918067694080655 delivered=0.07918067694080655 g=10.0 dtarget_dvin=1.0 dtarget_den=0.0 iin=0.08018067694080655 diin_dvin=10.0 diin_dvout=-10.0 diin_den=0.0
SETTER t=0.031854373703006936 dt=7.62939453125E-11 iter=1500 element=LinearRegulatorElm
DECISION t=0.031854373703006936 dt=7.62939453125E-11 iter=1500 id=9792 sensor=4.9999500002499975 ref=1.8997782271896748 rail=3.799575452161622 before=HIGH/true after=BROWNOUT/false output=3.6500014880654112->0.0
DECISION t=0.031854373703006936 dt=7.62939453125E-11 iter=1500 id=10048 sensor=4.99995000025 ref=1.8997782271896748 rail=3.799575452161622 before=HIGH/true after=BROWNOUT/false output=3.6500014880654112->0.0
RAIL t=0.031854373703006936 dt=7.62939453125E-11 iter=2000 vin=4.607493527277944 vout=3.8000035127728253 enable=4.561874779460665 target=3.807493527277944 drop=0.007490014505118658 requested=0.007490014505118658 delivered=0.07490014505118658 g=10.0 dtarget_dvin=1.0 dtarget_den=0.0 iin=0.07590014505118658 diin_dvin=10.0 diin_dvout=-10.0 diin_den=0.0
SETTER t=0.031854373703006936 dt=7.62939453125E-11 iter=2000 element=LinearRegulatorElm
DECISION t=0.031854373703006936 dt=7.62939453125E-11 iter=2000 id=9792 sensor=4.99995000025 ref=1.8999922564251313 rail=3.8000035127728253 before=HIGH/true after=HIGH/true output=3.6510293267331875->3.6500035127728254
DECISION t=0.031854373703006936 dt=7.62939453125E-11 iter=2000 id=10048 sensor=4.99995000025 ref=1.8999922564251315 rail=3.8000035127728253 before=HIGH/true after=HIGH/true output=3.6510293267331875->3.6500035127728254
RAIL t=0.031854373703006936 dt=7.62939453125E-11 iter=2500 vin=4.6074935439554485 vout=3.8009653493333952 enable=4.561874796085882 target=3.8074935439554487 drop=0.0065281946220534515 requested=0.0065281946220534515 delivered=0.06528194622053451 g=10.0 dtarget_dvin=1.0 dtarget_den=0.0 iin=0.06628194622053452 diin_dvin=10.0 diin_dvout=-10.0 diin_den=0.0
SETTER t=0.031854373703006936 dt=7.62939453125E-11 iter=2500 element=LinearRegulatorElm
DECISION t=0.031854373703006936 dt=7.62939453125E-11 iter=2500 id=9792 sensor=4.99995000025 ref=1.9004731723008361 rail=3.8009653493333952 before=BROWNOUT/false after=HIGH/true output=0.0->3.6509653493333953
DECISION t=0.031854373703006936 dt=7.62939453125E-11 iter=2500 id=10048 sensor=4.99995000025 ref=1.9004731723008361 rail=3.8009653493333952 before=BROWNOUT/false after=HIGH/true output=0.0->3.6509653493333953
RAIL t=0.031854373703006936 dt=7.62939453125E-11 iter=3000 vin=4.607493520467201 vout=3.7996107188048733 enable=4.561874772595375 target=3.807493520467201 drop=0.007882801662327577 requested=0.007882801662327577 delivered=0.07882801662327577 g=10.0 dtarget_dvin=1.0 dtarget_den=0.0 iin=0.07982801662327577 diin_dvin=10.0 diin_dvout=-10.0 diin_den=0.0
SETTER t=0.031854373703006936 dt=7.62939453125E-11 iter=3000 element=LinearRegulatorElm
DECISION t=0.031854373703006936 dt=7.62939453125E-11 iter=3000 id=9792 sensor=4.999950000249993 ref=1.8997958604231342 rail=3.7996107188048733 before=HIGH/true after=BROWNOUT/false output=3.6501512760620076->0.0
DECISION t=0.031854373703006936 dt=7.62939453125E-11 iter=3000 id=10048 sensor=4.99995000025 ref=1.8997958604231344 rail=3.7996107188048733 before=HIGH/true after=BROWNOUT/false output=3.6501512760620076->0.0
RAIL t=0.031854373703006936 dt=7.62939453125E-11 iter=3500 vin=4.607493529840047 vout=3.8001512760620075 enable=4.561874782020022 target=3.8074935298400474 drop=0.0073422537780398756 requested=0.0073422537780398756 delivered=0.07342253778039876 g=10.0 dtarget_dvin=1.0 dtarget_den=0.0 iin=0.07442253778039876 diin_dvin=10.0 diin_dvout=-10.0 diin_den=0.0
SETTER t=0.031854373703006936 dt=7.62939453125E-11 iter=3500 element=LinearRegulatorElm
DECISION t=0.031854373703006936 dt=7.62939453125E-11 iter=3500 id=9792 sensor=4.99995000025 ref=1.9000661377003152 rail=3.8001512760620075 before=HIGH/true after=HIGH/true output=3.650852973646357->3.6501512760620076
DECISION t=0.031854373703006936 dt=7.62939453125E-11 iter=3500 id=10048 sensor=4.99995000025 ref=1.9000661377003152 rail=3.8001512760620075 before=HIGH/true after=HIGH/true output=3.650852973646357->3.6501512760620076
RAIL t=0.031854373703006936 dt=7.62939453125E-11 iter=4000 vin=4.607493542006939 vout=3.8008529736463568 enable=4.5618747940966164 target=3.807493542006939 drop=0.006640568360582133 requested=0.006640568360582133 delivered=0.06640568360582133 g=10.0 dtarget_dvin=1.0 dtarget_den=0.0 iin=0.06740568360582133 diin_dvin=10.0 diin_dvout=-10.0 diin_den=0.0
SETTER t=0.031854373703006936 dt=7.62939453125E-11 iter=4000 element=LinearRegulatorElm
DECISION t=0.031854373703006936 dt=7.62939453125E-11 iter=4000 id=9792 sensor=4.99995000025 ref=1.9004169847382546 rail=3.8008529736463568 before=BROWNOUT/false after=HIGH/true output=0.0->3.650852973646357
DECISION t=0.031854373703006936 dt=7.62939453125E-11 iter=4000 id=10048 sensor=4.99995000025 ref=1.9004169847382546 rail=3.8008529736463568 before=BROWNOUT/false after=HIGH/true output=0.0->3.650852973646357
RAIL t=0.031854373703006936 dt=7.62939453125E-11 iter=4500 vin=4.607493520467201 vout=3.7996107188048733 enable=4.561874772595375 target=3.807493520467201 drop=0.007882801662327577 requested=0.007882801662327577 delivered=0.07882801662327577 g=10.0 dtarget_dvin=1.0 dtarget_den=0.0 iin=0.07982801662327577 diin_dvin=10.0 diin_dvout=-10.0 diin_den=0.0
SETTER t=0.031854373703006936 dt=7.62939453125E-11 iter=4500 element=LinearRegulatorElm
DECISION t=0.031854373703006936 dt=7.62939453125E-11 iter=4500 id=9792 sensor=4.999950000249993 ref=1.8997958604231342 rail=3.7996107188048733 before=HIGH/true after=BROWNOUT/false output=3.6501512760620076->0.0
DECISION t=0.031854373703006936 dt=7.62939453125E-11 iter=4500 id=10048 sensor=4.99995000025 ref=1.8997958604231344 rail=3.7996107188048733 before=HIGH/true after=BROWNOUT/false output=3.6501512760620076->0.0
timestep down to 3.814697265625E-11 at 0.031854373703006936
convergence failed after 5000 iterations
Q30_WHOLE_FAILURE warm-main-4v time=0.031854373703006936 input=4.607493529840047 rail=3.8001512760620075 reason=null
Exception in thread "main" java.lang.NullPointerException
	at com.lushprojects.circuitjs1.client.CirSim.LS(CirSim.java:8467)
	at com.lushprojects.circuitjs1.client.CirSim.stop(CirSim.java:3083)
	at com.lushprojects.circuitjs1.client.CirSim.runCircuitOwned(CirSim.java:3395)
	at com.lushprojects.circuitjs1.client.CircuitSolverExecutor.advanceFor(CircuitSolverExecutor.java:144)
	at com.lushprojects.circuitjs1.client.CircuitSolverExecutor.advanceFor(CircuitSolverExecutor.java:135)
	at com.lushprojects.circuitjs1.client.Q30WholeBoardElectricalPilot.observeWarmBrownout(Q30WholeBoardElectricalPilot.java:203)
	at com.lushprojects.circuitjs1.client.Q30WholeBoardElectricalPilot.main(Q30WholeBoardElectricalPilot.java:42)
